transaction_id,transaction_date,product_id,product_name,quantity_sold,unit_selling_price,opening_stock,closing_stock,recorded_damage,recorded_returns
TXN-20260517-SKU-ATTA-5K,2026-05-17,SKU-ATTA-5K,Aashirvaad Atta 5 kg,10,257,84,74,0,0
TXN-20260517-SKU-BESAN-500,2026-05-17,SKU-BESAN-500,Besan 500 g,4,58,36,32,0,0
TXN-20260517-SKU-BREAD-400,2026-05-17,SKU-BREAD-400,Brown Bread 400 g,3,45,48,45,0,0
TXN-20260517-SKU-CHANA-1K,2026-05-17,SKU-CHANA-1K,Kabuli Chana 1 kg,3,154,24,21,0,0
TXN-20260517-SKU-COKE-750,2026-05-17,SKU-COKE-750,Coca-Cola 750 ml,4,44,84,80,0,0
TXN-20260517-SKU-DALIA-500,2026-05-17,SKU-DALIA-500,Dalia 500 g,1,30,12,11,0,0
TXN-20260517-SKU-FROOTI-600,2026-05-17,SKU-FROOTI-600,Frooti 600 ml,5,31,60,55,0,0
TXN-20260517-SKU-GHEE-1L,2026-05-17,SKU-GHEE-1L,Amul Ghee 1 L,0,641,12,12,0,0
TXN-20260517-SKU-HALDI-100,2026-05-17,SKU-HALDI-100,Turmeric Powder 100 g,3,28,24,21,0,0
TXN-20260517-SKU-HARPIC-500,2026-05-17,SKU-HARPIC-500,Harpic 500 ml,1,109,12,11,0,0
TXN-20260517-SKU-LIFEBUOY-4,2026-05-17,SKU-LIFEBUOY-4,Lifebuoy Soap 4 x 100 g,1,133,12,11,0,0
TXN-20260517-SKU-MAIDA-1K,2026-05-17,SKU-MAIDA-1K,Maida 1 kg,4,39,36,32,0,0
TXN-20260517-SKU-MIRCH-100,2026-05-17,SKU-MIRCH-100,Red Chilli Powder 100 g,3,30,24,21,0,0
TXN-20260517-SKU-MOONG-1K,2026-05-17,SKU-MOONG-1K,Moong Dal 1 kg,2,127,36,34,0,0
TXN-20260517-SKU-MUST-1L,2026-05-17,SKU-MUST-1L,Fortune Mustard Oil 1 L,4,163,48,44,0,0
TXN-20260517-SKU-OIL-1L,2026-05-17,SKU-OIL-1L,Sunpure Cooking Oil 1 L,11,158,120,109,0,0
TXN-20260517-SKU-POHA-500,2026-05-17,SKU-POHA-500,Poha 500 g,3,31,36,33,0,0
TXN-20260517-SKU-RAJMA-1K,2026-05-17,SKU-RAJMA-1K,Rajma 1 kg,2,158,24,22,0,0
TXN-20260517-SKU-SALT-1K,2026-05-17,SKU-SALT-1K,Tata Salt 1 kg,8,27,84,76,0,0
TXN-20260517-SKU-SPRITE-750,2026-05-17,SKU-SPRITE-750,Sprite 750 ml,1,42,48,47,0,0
TXN-20260517-SKU-SUG-1K,2026-05-17,SKU-SUG-1K,Sugar 1 kg,10,49,120,110,0,0
TXN-20260517-SKU-SUJI-500,2026-05-17,SKU-SUJI-500,Suji 500 g,1,27,24,23,0,0
TXN-20260517-SKU-SURF-1K,2026-05-17,SKU-SURF-1K,Surf Excel 1 kg,2,129,24,22,0,0
TXN-20260517-SKU-TEA-250,2026-05-17,SKU-TEA-250,Tata Tea Gold 250 g,6,171,48,42,0,0
TXN-20260517-SKU-TOOR-1K,2026-05-17,SKU-TOOR-1K,Toor Dal 1 kg,4,159,48,44,0,0
TXN-20260517-SKU-VIM-500,2026-05-17,SKU-VIM-500,Vim Bar 500 g,3,42,48,45,0,0
TXN-20260517-SKU-WATER-1L,2026-05-17,SKU-WATER-1L,Bisleri Water 1 L,17,19,132,115,0,0
TXN-20260518-SKU-ATTA-5K,2026-05-18,SKU-ATTA-5K,Aashirvaad Atta 5 kg,8,257,74,66,0,0
TXN-20260518-SKU-BESAN-500,2026-05-18,SKU-BESAN-500,Besan 500 g,4,58,32,28,0,0
TXN-20260518-SKU-BREAD-400,2026-05-18,SKU-BREAD-400,Brown Bread 400 g,3,45,45,42,0,0
TXN-20260518-SKU-CHANA-1K,2026-05-18,SKU-CHANA-1K,Kabuli Chana 1 kg,2,154,21,19,0,0
TXN-20260518-SKU-COKE-750,2026-05-18,SKU-COKE-750,Coca-Cola 750 ml,7,44,80,73,0,0
TXN-20260518-SKU-DALIA-500,2026-05-18,SKU-DALIA-500,Dalia 500 g,0,30,11,11,0,0
TXN-20260518-SKU-FROOTI-600,2026-05-18,SKU-FROOTI-600,Frooti 600 ml,5,31,55,50,0,0
TXN-20260518-SKU-GHEE-1L,2026-05-18,SKU-GHEE-1L,Amul Ghee 1 L,0,641,12,12,0,0
TXN-20260518-SKU-HALDI-100,2026-05-18,SKU-HALDI-100,Turmeric Powder 100 g,2,28,21,19,0,0
TXN-20260518-SKU-HARPIC-500,2026-05-18,SKU-HARPIC-500,Harpic 500 ml,1,109,11,10,0,0
TXN-20260518-SKU-LIFEBUOY-4,2026-05-18,SKU-LIFEBUOY-4,Lifebuoy Soap 4 x 100 g,1,133,11,10,0,0
TXN-20260518-SKU-MAIDA-1K,2026-05-18,SKU-MAIDA-1K,Maida 1 kg,3,39,32,29,0,0
TXN-20260518-SKU-MIRCH-100,2026-05-18,SKU-MIRCH-100,Red Chilli Powder 100 g,3,30,21,18,0,0
TXN-20260518-SKU-MOONG-1K,2026-05-18,SKU-MOONG-1K,Moong Dal 1 kg,2,127,34,32,0,0
TXN-20260518-SKU-MUST-1L,2026-05-18,SKU-MUST-1L,Fortune Mustard Oil 1 L,4,163,44,40,0,0
TXN-20260518-SKU-OIL-1L,2026-05-18,SKU-OIL-1L,Sunpure Cooking Oil 1 L,8,158,109,101,0,0
TXN-20260518-SKU-POHA-500,2026-05-18,SKU-POHA-500,Poha 500 g,3,31,33,30,0,0
TXN-20260518-SKU-RAJMA-1K,2026-05-18,SKU-RAJMA-1K,Rajma 1 kg,3,158,22,19,0,0
TXN-20260518-SKU-SALT-1K,2026-05-18,SKU-SALT-1K,Tata Salt 1 kg,5,27,76,71,0,0
TXN-20260518-SKU-SPRITE-750,2026-05-18,SKU-SPRITE-750,Sprite 750 ml,4,42,47,43,0,0
TXN-20260518-SKU-SUG-1K,2026-05-18,SKU-SUG-1K,Sugar 1 kg,9,49,110,101,0,0
TXN-20260518-SKU-SUJI-500,2026-05-18,SKU-SUJI-500,Suji 500 g,3,27,23,20,0,0
TXN-20260518-SKU-SURF-1K,2026-05-18,SKU-SURF-1K,Surf Excel 1 kg,3,129,22,19,0,0
TXN-20260518-SKU-TEA-250,2026-05-18,SKU-TEA-250,Tata Tea Gold 250 g,2,171,42,40,0,0
TXN-20260518-SKU-TOOR-1K,2026-05-18,SKU-TOOR-1K,Toor Dal 1 kg,4,159,44,40,0,0
TXN-20260518-SKU-VIM-500,2026-05-18,SKU-VIM-500,Vim Bar 500 g,5,42,45,40,0,0
TXN-20260518-SKU-WATER-1L,2026-05-18,SKU-WATER-1L,Bisleri Water 1 L,12,19,115,103,0,0
TXN-20260519-SKU-ATTA-5K,2026-05-19,SKU-ATTA-5K,Aashirvaad Atta 5 kg,8,257,66,368,0,0
TXN-20260519-SKU-BESAN-500,2026-05-19,SKU-BESAN-500,Besan 500 g,4,58,28,24,0,0
TXN-20260519-SKU-BREAD-400,2026-05-19,SKU-BREAD-400,Brown Bread 400 g,3,45,42,209,0,0
TXN-20260519-SKU-CHANA-1K,2026-05-19,SKU-CHANA-1K,Kabuli Chana 1 kg,1,154,19,118,0,0
TXN-20260519-SKU-COKE-750,2026-05-19,SKU-COKE-750,Coca-Cola 750 ml,5,44,73,358,0,0
TXN-20260519-SKU-DALIA-500,2026-05-19,SKU-DALIA-500,Dalia 500 g,1,30,11,60,0,0
TXN-20260519-SKU-FROOTI-600,2026-05-19,SKU-FROOTI-600,Frooti 600 ml,3,31,50,237,0,0
TXN-20260519-SKU-GHEE-1L,2026-05-19,SKU-GHEE-1L,Amul Ghee 1 L,1,641,12,11,0,0
TXN-20260519-SKU-HALDI-100,2026-05-19,SKU-HALDI-100,Turmeric Powder 100 g,2,28,19,17,0,0
TXN-20260519-SKU-HARPIC-500,2026-05-19,SKU-HARPIC-500,Harpic 500 ml,2,109,10,48,0,0
TXN-20260519-SKU-LIFEBUOY-4,2026-05-19,SKU-LIFEBUOY-4,Lifebuoy Soap 4 x 100 g,0,133,10,60,0,0
TXN-20260519-SKU-MAIDA-1K,2026-05-19,SKU-MAIDA-1K,Maida 1 kg,2,39,29,157,0,0
TXN-20260519-SKU-MIRCH-100,2026-05-19,SKU-MIRCH-100,Red Chilli Powder 100 g,2,30,18,16,0,0
TXN-20260519-SKU-MOONG-1K,2026-05-19,SKU-MOONG-1K,Moong Dal 1 kg,4,127,32,28,0,0
TXN-20260519-SKU-MUST-1L,2026-05-19,SKU-MUST-1L,Fortune Mustard Oil 1 L,7,163,40,33,0,0
TXN-20260519-SKU-OIL-1L,2026-05-19,SKU-OIL-1L,Sunpure Cooking Oil 1 L,12,158,101,89,0,0
TXN-20260519-SKU-POHA-500,2026-05-19,SKU-POHA-500,Poha 500 g,1,31,30,29,0,0
TXN-20260519-SKU-RAJMA-1K,2026-05-19,SKU-RAJMA-1K,Rajma 1 kg,2,158,19,107,0,0
TXN-20260519-SKU-SALT-1K,2026-05-19,SKU-SALT-1K,Tata Salt 1 kg,8,27,71,63,0,0
TXN-20260519-SKU-SPRITE-750,2026-05-19,SKU-SPRITE-750,Sprite 750 ml,0,42,43,203,0,0
TXN-20260519-SKU-SUG-1K,2026-05-19,SKU-SUG-1K,Sugar 1 kg,11,49,101,90,0,0
TXN-20260519-SKU-SUJI-500,2026-05-19,SKU-SUJI-500,Suji 500 g,2,27,20,108,0,0
TXN-20260519-SKU-SURF-1K,2026-05-19,SKU-SURF-1K,Surf Excel 1 kg,2,129,19,97,0,0
TXN-20260519-SKU-TEA-250,2026-05-19,SKU-TEA-250,Tata Tea Gold 250 g,5,171,40,35,0,0
TXN-20260519-SKU-TOOR-1K,2026-05-19,SKU-TOOR-1K,Toor Dal 1 kg,4,159,40,36,0,0
TXN-20260519-SKU-VIM-500,2026-05-19,SKU-VIM-500,Vim Bar 500 g,3,42,40,187,0,0
TXN-20260519-SKU-WATER-1L,2026-05-19,SKU-WATER-1L,Bisleri Water 1 L,11,19,103,552,0,0
TXN-20260520-SKU-ATTA-5K,2026-05-20,SKU-ATTA-5K,Aashirvaad Atta 5 kg,8,257,368,360,0,0
TXN-20260520-SKU-BESAN-500,2026-05-20,SKU-BESAN-500,Besan 500 g,5,58,24,139,0,0
TXN-20260520-SKU-BREAD-400,2026-05-20,SKU-BREAD-400,Brown Bread 400 g,4,45,209,205,0,0
TXN-20260520-SKU-CHANA-1K,2026-05-20,SKU-CHANA-1K,Kabuli Chana 1 kg,3,154,118,115,0,0
TXN-20260520-SKU-COKE-750,2026-05-20,SKU-COKE-750,Coca-Cola 750 ml,7,44,358,351,0,0
TXN-20260520-SKU-DALIA-500,2026-05-20,SKU-DALIA-500,Dalia 500 g,0,30,60,60,0,0
TXN-20260520-SKU-FROOTI-600,2026-05-20,SKU-FROOTI-600,Frooti 600 ml,5,31,237,232,0,0
TXN-20260520-SKU-GHEE-1L,2026-05-20,SKU-GHEE-1L,Amul Ghee 1 L,1,641,11,60,0,0
TXN-20260520-SKU-HALDI-100,2026-05-20,SKU-HALDI-100,Turmeric Powder 100 g,1,28,17,106,0,0
TXN-20260520-SKU-HARPIC-500,2026-05-20,SKU-HARPIC-500,Harpic 500 ml,1,109,48,47,0,0
TXN-20260520-SKU-LIFEBUOY-4,2026-05-20,SKU-LIFEBUOY-4,Lifebuoy Soap 4 x 100 g,1,133,60,59,0,0
TXN-20260520-SKU-MAIDA-1K,2026-05-20,SKU-MAIDA-1K,Maida 1 kg,3,39,157,154,0,0
TXN-20260520-SKU-MIRCH-100,2026-05-20,SKU-MIRCH-100,Red Chilli Powder 100 g,2,30,16,104,0,0
TXN-20260520-SKU-MOONG-1K,2026-05-20,SKU-MOONG-1K,Moong Dal 1 kg,4,127,28,154,0,0
TXN-20260520-SKU-MUST-1L,2026-05-20,SKU-MUST-1L,Fortune Mustard Oil 1 L,4,163,33,199,0,0
TXN-20260520-SKU-OIL-1L,2026-05-20,SKU-OIL-1L,Sunpure Cooking Oil 1 L,12,158,89,517,0,0
TXN-20260520-SKU-POHA-500,2026-05-20,SKU-POHA-500,Poha 500 g,2,31,29,147,0,0
TXN-20260520-SKU-RAJMA-1K,2026-05-20,SKU-RAJMA-1K,Rajma 1 kg,2,158,107,105,0,0
TXN-20260520-SKU-SALT-1K,2026-05-20,SKU-SALT-1K,Tata Salt 1 kg,5,27,63,338,0,0
TXN-20260520-SKU-SPRITE-750,2026-05-20,SKU-SPRITE-750,Sprite 750 ml,3,42,203,200,0,0
TXN-20260520-SKU-SUG-1K,2026-05-20,SKU-SUG-1K,Sugar 1 kg,6,49,90,494,0,0
TXN-20260520-SKU-SUJI-500,2026-05-20,SKU-SUJI-500,Suji 500 g,1,27,108,107,0,0
TXN-20260520-SKU-SURF-1K,2026-05-20,SKU-SURF-1K,Surf Excel 1 kg,2,129,97,95,0,0
TXN-20260520-SKU-TEA-250,2026-05-20,SKU-TEA-250,Tata Tea Gold 250 g,4,171,35,201,0,0
TXN-20260520-SKU-TOOR-1K,2026-05-20,SKU-TOOR-1K,Toor Dal 1 kg,4,159,36,202,0,0
TXN-20260520-SKU-VIM-500,2026-05-20,SKU-VIM-500,Vim Bar 500 g,5,42,187,182,0,0
TXN-20260520-SKU-WATER-1L,2026-05-20,SKU-WATER-1L,Bisleri Water 1 L,13,19,552,539,0,0
TXN-20260521-SKU-ATTA-5K,2026-05-21,SKU-ATTA-5K,Aashirvaad Atta 5 kg,12,257,360,348,0,0
TXN-20260521-SKU-BESAN-500,2026-05-21,SKU-BESAN-500,Besan 500 g,4,58,139,135,0,0
TXN-20260521-SKU-BREAD-400,2026-05-21,SKU-BREAD-400,Brown Bread 400 g,4,45,205,201,0,0
TXN-20260521-SKU-CHANA-1K,2026-05-21,SKU-CHANA-1K,Kabuli Chana 1 kg,3,154,115,112,0,0
TXN-20260521-SKU-COKE-750,2026-05-21,SKU-COKE-750,Coca-Cola 750 ml,9,44,351,342,0,0
TXN-20260521-SKU-DALIA-500,2026-05-21,SKU-DALIA-500,Dalia 500 g,0,30,60,60,0,0
TXN-20260521-SKU-FROOTI-600,2026-05-21,SKU-FROOTI-600,Frooti 600 ml,5,31,232,227,0,0
TXN-20260521-SKU-GHEE-1L,2026-05-21,SKU-GHEE-1L,Amul Ghee 1 L,1,641,60,59,0,0
TXN-20260521-SKU-HALDI-100,2026-05-21,SKU-HALDI-100,Turmeric Powder 100 g,3,28,106,103,0,0
TXN-20260521-SKU-HARPIC-500,2026-05-21,SKU-HARPIC-500,Harpic 500 ml,1,109,47,46,0,0
TXN-20260521-SKU-LIFEBUOY-4,2026-05-21,SKU-LIFEBUOY-4,Lifebuoy Soap 4 x 100 g,0,133,59,59,0,0
TXN-20260521-SKU-MAIDA-1K,2026-05-21,SKU-MAIDA-1K,Maida 1 kg,2,39,154,152,0,0
TXN-20260521-SKU-MIRCH-100,2026-05-21,SKU-MIRCH-100,Red Chilli Powder 100 g,1,30,104,103,0,0
TXN-20260521-SKU-MOONG-1K,2026-05-21,SKU-MOONG-1K,Moong Dal 1 kg,3,127,154,151,0,0
TXN-20260521-SKU-MUST-1L,2026-05-21,SKU-MUST-1L,Fortune Mustard Oil 1 L,2,163,199,197,0,0
TXN-20260521-SKU-OIL-1L,2026-05-21,SKU-OIL-1L,Sunpure Cooking Oil 1 L,9,158,517,508,0,0
TXN-20260521-SKU-POHA-500,2026-05-21,SKU-POHA-500,Poha 500 g,3,31,147,144,0,0
TXN-20260521-SKU-RAJMA-1K,2026-05-21,SKU-RAJMA-1K,Rajma 1 kg,2,158,105,103,0,0
TXN-20260521-SKU-SALT-1K,2026-05-21,SKU-SALT-1K,Tata Salt 1 kg,7,27,338,331,0,0
TXN-20260521-SKU-SPRITE-750,2026-05-21,SKU-SPRITE-750,Sprite 750 ml,5,42,200,195,0,0
TXN-20260521-SKU-SUG-1K,2026-05-21,SKU-SUG-1K,Sugar 1 kg,15,49,494,479,0,0
TXN-20260521-SKU-SUJI-500,2026-05-21,SKU-SUJI-500,Suji 500 g,2,27,107,105,0,0
TXN-20260521-SKU-SURF-1K,2026-05-21,SKU-SURF-1K,Surf Excel 1 kg,2,129,95,93,0,0
TXN-20260521-SKU-TEA-250,2026-05-21,SKU-TEA-250,Tata Tea Gold 250 g,4,171,201,197,0,0
TXN-20260521-SKU-TOOR-1K,2026-05-21,SKU-TOOR-1K,Toor Dal 1 kg,4,159,202,198,0,0
TXN-20260521-SKU-VIM-500,2026-05-21,SKU-VIM-500,Vim Bar 500 g,3,42,182,179,0,0
TXN-20260521-SKU-WATER-1L,2026-05-21,SKU-WATER-1L,Bisleri Water 1 L,13,19,539,526,0,0
TXN-20260522-SKU-ATTA-5K,2026-05-22,SKU-ATTA-5K,Aashirvaad Atta 5 kg,9,257,348,339,0,0
TXN-20260522-SKU-BESAN-500,2026-05-22,SKU-BESAN-500,Besan 500 g,2,58,135,133,0,0
TXN-20260522-SKU-BREAD-400,2026-05-22,SKU-BREAD-400,Brown Bread 400 g,5,45,201,196,0,0
TXN-20260522-SKU-CHANA-1K,2026-05-22,SKU-CHANA-1K,Kabuli Chana 1 kg,2,154,112,110,0,0
TXN-20260522-SKU-COKE-750,2026-05-22,SKU-COKE-750,Coca-Cola 750 ml,6,44,342,336,0,0
TXN-20260522-SKU-DALIA-500,2026-05-22,SKU-DALIA-500,Dalia 500 g,0,30,60,60,0,0
TXN-20260522-SKU-FROOTI-600,2026-05-22,SKU-FROOTI-600,Frooti 600 ml,6,31,227,221,0,0
TXN-20260522-SKU-GHEE-1L,2026-05-22,SKU-GHEE-1L,Amul Ghee 1 L,0,641,59,59,0,0
TXN-20260522-SKU-HALDI-100,2026-05-22,SKU-HALDI-100,Turmeric Powder 100 g,1,28,103,102,0,0
TXN-20260522-SKU-HARPIC-500,2026-05-22,SKU-HARPIC-500,Harpic 500 ml,1,109,46,45,0,0
TXN-20260522-SKU-LIFEBUOY-4,2026-05-22,SKU-LIFEBUOY-4,Lifebuoy Soap 4 x 100 g,0,133,59,59,0,0
TXN-20260522-SKU-MAIDA-1K,2026-05-22,SKU-MAIDA-1K,Maida 1 kg,2,39,152,150,0,0
TXN-20260522-SKU-MIRCH-100,2026-05-22,SKU-MIRCH-100,Red Chilli Powder 100 g,2,30,103,101,0,0
TXN-20260522-SKU-MOONG-1K,2026-05-22,SKU-MOONG-1K,Moong Dal 1 kg,3,127,151,148,0,0
TXN-20260522-SKU-MUST-1L,2026-05-22,SKU-MUST-1L,Fortune Mustard Oil 1 L,6,163,197,191,0,0
TXN-20260522-SKU-OIL-1L,2026-05-22,SKU-OIL-1L,Sunpure Cooking Oil 1 L,14,158,508,494,0,0
TXN-20260522-SKU-POHA-500,2026-05-22,SKU-POHA-500,Poha 500 g,3,31,144,141,0,0
TXN-20260522-SKU-RAJMA-1K,2026-05-22,SKU-RAJMA-1K,Rajma 1 kg,2,158,103,101,0,0
TXN-20260522-SKU-SALT-1K,2026-05-22,SKU-SALT-1K,Tata Salt 1 kg,10,27,331,321,0,0
TXN-20260522-SKU-SPRITE-750,2026-05-22,SKU-SPRITE-750,Sprite 750 ml,5,42,195,190,0,0
TXN-20260522-SKU-SUG-1K,2026-05-22,SKU-SUG-1K,Sugar 1 kg,6,49,479,473,0,0
TXN-20260522-SKU-SUJI-500,2026-05-22,SKU-SUJI-500,Suji 500 g,1,27,105,104,0,0
TXN-20260522-SKU-SURF-1K,2026-05-22,SKU-SURF-1K,Surf Excel 1 kg,3,129,93,90,0,0
TXN-20260522-SKU-TEA-250,2026-05-22,SKU-TEA-250,Tata Tea Gold 250 g,5,171,197,192,0,0
TXN-20260522-SKU-TOOR-1K,2026-05-22,SKU-TOOR-1K,Toor Dal 1 kg,4,159,198,194,0,0
TXN-20260522-SKU-VIM-500,2026-05-22,SKU-VIM-500,Vim Bar 500 g,3,42,179,176,0,0
TXN-20260522-SKU-WATER-1L,2026-05-22,SKU-WATER-1L,Bisleri Water 1 L,15,19,526,511,0,0
TXN-20260523-SKU-ATTA-5K,2026-05-23,SKU-ATTA-5K,Aashirvaad Atta 5 kg,5,257,339,334,0,0
TXN-20260523-SKU-BESAN-500,2026-05-23,SKU-BESAN-500,Besan 500 g,2,58,133,131,0,0
TXN-20260523-SKU-BREAD-400,2026-05-23,SKU-BREAD-400,Brown Bread 400 g,3,45,196,193,0,0
TXN-20260523-SKU-CHANA-1K,2026-05-23,SKU-CHANA-1K,Kabuli Chana 1 kg,2,154,110,108,0,0
TXN-20260523-SKU-COKE-750,2026-05-23,SKU-COKE-750,Coca-Cola 750 ml,6,44,336,330,0,0
TXN-20260523-SKU-DALIA-500,2026-05-23,SKU-DALIA-500,Dalia 500 g,1,30,60,59,0,0
TXN-20260523-SKU-FROOTI-600,2026-05-23,SKU-FROOTI-600,Frooti 600 ml,5,31,221,216,0,0
TXN-20260523-SKU-GHEE-1L,2026-05-23,SKU-GHEE-1L,Amul Ghee 1 L,1,641,59,58,0,0
TXN-20260523-SKU-HALDI-100,2026-05-23,SKU-HALDI-100,Turmeric Powder 100 g,2,28,102,100,0,0
TXN-20260523-SKU-HARPIC-500,2026-05-23,SKU-HARPIC-500,Harpic 500 ml,0,109,45,45,0,0
TXN-20260523-SKU-LIFEBUOY-4,2026-05-23,SKU-LIFEBUOY-4,Lifebuoy Soap 4 x 100 g,2,133,59,57,0,0
TXN-20260523-SKU-MAIDA-1K,2026-05-23,SKU-MAIDA-1K,Maida 1 kg,2,39,150,148,0,0
TXN-20260523-SKU-MIRCH-100,2026-05-23,SKU-MIRCH-100,Red Chilli Powder 100 g,2,30,101,99,0,0
TXN-20260523-SKU-MOONG-1K,2026-05-23,SKU-MOONG-1K,Moong Dal 1 kg,3,127,148,145,0,0
TXN-20260523-SKU-MUST-1L,2026-05-23,SKU-MUST-1L,Fortune Mustard Oil 1 L,2,163,191,189,0,0
TXN-20260523-SKU-OIL-1L,2026-05-23,SKU-OIL-1L,Sunpure Cooking Oil 1 L,5,158,494,489,0,0
TXN-20260523-SKU-POHA-500,2026-05-23,SKU-POHA-500,Poha 500 g,2,31,141,139,0,0
TXN-20260523-SKU-RAJMA-1K,2026-05-23,SKU-RAJMA-1K,Rajma 1 kg,2,158,101,99,0,0
TXN-20260523-SKU-SALT-1K,2026-05-23,SKU-SALT-1K,Tata Salt 1 kg,7,27,321,314,0,0
TXN-20260523-SKU-SPRITE-750,2026-05-23,SKU-SPRITE-750,Sprite 750 ml,3,42,190,187,0,0
TXN-20260523-SKU-SUG-1K,2026-05-23,SKU-SUG-1K,Sugar 1 kg,13,49,473,460,0,0
TXN-20260523-SKU-SUJI-500,2026-05-23,SKU-SUJI-500,Suji 500 g,3,27,104,101,0,0
TXN-20260523-SKU-SURF-1K,2026-05-23,SKU-SURF-1K,Surf Excel 1 kg,1,129,90,89,0,0
TXN-20260523-SKU-TEA-250,2026-05-23,SKU-TEA-250,Tata Tea Gold 250 g,4,171,192,188,0,0
TXN-20260523-SKU-TOOR-1K,2026-05-23,SKU-TOOR-1K,Toor Dal 1 kg,4,159,194,190,0,0
TXN-20260523-SKU-VIM-500,2026-05-23,SKU-VIM-500,Vim Bar 500 g,5,42,176,171,0,0
TXN-20260523-SKU-WATER-1L,2026-05-23,SKU-WATER-1L,Bisleri Water 1 L,12,19,511,499,0,0
TXN-20260524-SKU-ATTA-5K,2026-05-24,SKU-ATTA-5K,Aashirvaad Atta 5 kg,10,257,334,324,0,0
TXN-20260524-SKU-BESAN-500,2026-05-24,SKU-BESAN-500,Besan 500 g,2,58,131,129,0,0
TXN-20260524-SKU-BREAD-400,2026-05-24,SKU-BREAD-400,Brown Bread 400 g,3,45,193,190,0,0
TXN-20260524-SKU-CHANA-1K,2026-05-24,SKU-CHANA-1K,Kabuli Chana 1 kg,2,154,108,106,0,0
TXN-20260524-SKU-COKE-750,2026-05-24,SKU-COKE-750,Coca-Cola 750 ml,5,44,330,325,0,0
TXN-20260524-SKU-DALIA-500,2026-05-24,SKU-DALIA-500,Dalia 500 g,1,30,59,58,0,0
TXN-20260524-SKU-FROOTI-600,2026-05-24,SKU-FROOTI-600,Frooti 600 ml,4,31,216,212,0,0
TXN-20260524-SKU-GHEE-1L,2026-05-24,SKU-GHEE-1L,Amul Ghee 1 L,1,641,58,57,0,0
TXN-20260524-SKU-HALDI-100,2026-05-24,SKU-HALDI-100,Turmeric Powder 100 g,2,28,100,98,0,0
TXN-20260524-SKU-HARPIC-500,2026-05-24,SKU-HARPIC-500,Harpic 500 ml,1,109,45,44,0,0
TXN-20260524-SKU-LIFEBUOY-4,2026-05-24,SKU-LIFEBUOY-4,Lifebuoy Soap 4 x 100 g,1,133,57,56,0,0
TXN-20260524-SKU-MAIDA-1K,2026-05-24,SKU-MAIDA-1K,Maida 1 kg,3,39,148,145,0,0
TXN-20260524-SKU-MIRCH-100,2026-05-24,SKU-MIRCH-100,Red Chilli Powder 100 g,2,30,99,97,0,0
TXN-20260524-SKU-MOONG-1K,2026-05-24,SKU-MOONG-1K,Moong Dal 1 kg,4,127,145,141,0,0
TXN-20260524-SKU-MUST-1L,2026-05-24,SKU-MUST-1L,Fortune Mustard Oil 1 L,2,163,189,187,0,0
TXN-20260524-SKU-OIL-1L,2026-05-24,SKU-OIL-1L,Sunpure Cooking Oil 1 L,9,158,489,480,0,0
TXN-20260524-SKU-POHA-500,2026-05-24,SKU-POHA-500,Poha 500 g,1,31,139,138,0,0
TXN-20260524-SKU-RAJMA-1K,2026-05-24,SKU-RAJMA-1K,Rajma 1 kg,3,158,99,96,0,0
TXN-20260524-SKU-SALT-1K,2026-05-24,SKU-SALT-1K,Tata Salt 1 kg,6,27,314,308,0,0
TXN-20260524-SKU-SPRITE-750,2026-05-24,SKU-SPRITE-750,Sprite 750 ml,4,42,187,183,0,0
TXN-20260524-SKU-SUG-1K,2026-05-24,SKU-SUG-1K,Sugar 1 kg,12,49,460,448,0,0
TXN-20260524-SKU-SUJI-500,2026-05-24,SKU-SUJI-500,Suji 500 g,2,27,101,99,0,0
TXN-20260524-SKU-SURF-1K,2026-05-24,SKU-SURF-1K,Surf Excel 1 kg,2,129,89,87,0,0
TXN-20260524-SKU-TEA-250,2026-05-24,SKU-TEA-250,Tata Tea Gold 250 g,6,171,188,182,0,0
TXN-20260524-SKU-TOOR-1K,2026-05-24,SKU-TOOR-1K,Toor Dal 1 kg,5,159,190,185,0,0
TXN-20260524-SKU-VIM-500,2026-05-24,SKU-VIM-500,Vim Bar 500 g,4,42,171,167,0,0
TXN-20260524-SKU-WATER-1L,2026-05-24,SKU-WATER-1L,Bisleri Water 1 L,15,19,499,484,0,0
TXN-20260525-SKU-ATTA-5K,2026-05-25,SKU-ATTA-5K,Aashirvaad Atta 5 kg,6,257,324,318,0,0
TXN-20260525-SKU-BESAN-500,2026-05-25,SKU-BESAN-500,Besan 500 g,4,58,129,125,0,0
TXN-20260525-SKU-BREAD-400,2026-05-25,SKU-BREAD-400,Brown Bread 400 g,4,45,190,186,0,0
TXN-20260525-SKU-CHANA-1K,2026-05-25,SKU-CHANA-1K,Kabuli Chana 1 kg,2,154,106,104,0,0
TXN-20260525-SKU-COKE-750,2026-05-25,SKU-COKE-750,Coca-Cola 750 ml,10,44,325,315,0,0
TXN-20260525-SKU-DALIA-500,2026-05-25,SKU-DALIA-500,Dalia 500 g,1,30,58,57,0,0
TXN-20260525-SKU-FROOTI-600,2026-05-25,SKU-FROOTI-600,Frooti 600 ml,6,31,212,206,0,0
TXN-20260525-SKU-GHEE-1L,2026-05-25,SKU-GHEE-1L,Amul Ghee 1 L,0,641,57,57,0,0
TXN-20260525-SKU-HALDI-100,2026-05-25,SKU-HALDI-100,Turmeric Powder 100 g,2,28,98,96,0,0
TXN-20260525-SKU-HARPIC-500,2026-05-25,SKU-HARPIC-500,Harpic 500 ml,2,109,44,42,0,0
TXN-20260525-SKU-LIFEBUOY-4,2026-05-25,SKU-LIFEBUOY-4,Lifebuoy Soap 4 x 100 g,1,133,56,55,0,0
TXN-20260525-SKU-MAIDA-1K,2026-05-25,SKU-MAIDA-1K,Maida 1 kg,4,39,145,141,0,0
TXN-20260525-SKU-MIRCH-100,2026-05-25,SKU-MIRCH-100,Red Chilli Powder 100 g,3,30,97,94,0,0
TXN-20260525-SKU-MOONG-1K,2026-05-25,SKU-MOONG-1K,Moong Dal 1 kg,3,127,141,138,0,0
TXN-20260525-SKU-MUST-1L,2026-05-25,SKU-MUST-1L,Fortune Mustard Oil 1 L,4,163,187,183,0,0
TXN-20260525-SKU-OIL-1L,2026-05-25,SKU-OIL-1L,Sunpure Cooking Oil 1 L,14,158,480,466,0,0
TXN-20260525-SKU-POHA-500,2026-05-25,SKU-POHA-500,Poha 500 g,3,31,138,135,0,0
TXN-20260525-SKU-RAJMA-1K,2026-05-25,SKU-RAJMA-1K,Rajma 1 kg,1,158,96,95,0,0
TXN-20260525-SKU-SALT-1K,2026-05-25,SKU-SALT-1K,Tata Salt 1 kg,9,27,308,299,0,0
TXN-20260525-SKU-SPRITE-750,2026-05-25,SKU-SPRITE-750,Sprite 750 ml,3,42,183,180,0,0
TXN-20260525-SKU-SUG-1K,2026-05-25,SKU-SUG-1K,Sugar 1 kg,12,47,448,436,0,0
TXN-20260525-SKU-SUJI-500,2026-05-25,SKU-SUJI-500,Suji 500 g,2,27,99,97,0,0
TXN-20260525-SKU-SURF-1K,2026-05-25,SKU-SURF-1K,Surf Excel 1 kg,2,129,87,85,0,0
TXN-20260525-SKU-TEA-250,2026-05-25,SKU-TEA-250,Tata Tea Gold 250 g,3,171,182,179,0,0
TXN-20260525-SKU-TOOR-1K,2026-05-25,SKU-TOOR-1K,Toor Dal 1 kg,4,159,185,181,0,0
TXN-20260525-SKU-VIM-500,2026-05-25,SKU-VIM-500,Vim Bar 500 g,4,42,167,163,0,0
TXN-20260525-SKU-WATER-1L,2026-05-25,SKU-WATER-1L,Bisleri Water 1 L,12,19,484,472,0,0
TXN-20260526-SKU-ATTA-5K,2026-05-26,SKU-ATTA-5K,Aashirvaad Atta 5 kg,5,257,318,313,0,0
TXN-20260526-SKU-BESAN-500,2026-05-26,SKU-BESAN-500,Besan 500 g,3,58,125,122,0,0
TXN-20260526-SKU-BREAD-400,2026-05-26,SKU-BREAD-400,Brown Bread 400 g,5,45,186,181,0,0
TXN-20260526-SKU-CHANA-1K,2026-05-26,SKU-CHANA-1K,Kabuli Chana 1 kg,2,154,104,102,0,0
TXN-20260526-SKU-COKE-750,2026-05-26,SKU-COKE-750,Coca-Cola 750 ml,5,44,315,310,0,0
TXN-20260526-SKU-DALIA-500,2026-05-26,SKU-DALIA-500,Dalia 500 g,2,30,57,55,0,0
TXN-20260526-SKU-FROOTI-600,2026-05-26,SKU-FROOTI-600,Frooti 600 ml,5,31,206,201,0,0
TXN-20260526-SKU-GHEE-1L,2026-05-26,SKU-GHEE-1L,Amul Ghee 1 L,1,641,57,56,0,0
TXN-20260526-SKU-HALDI-100,2026-05-26,SKU-HALDI-100,Turmeric Powder 100 g,2,28,96,94,0,0
TXN-20260526-SKU-HARPIC-500,2026-05-26,SKU-HARPIC-500,Harpic 500 ml,1,109,42,41,0,0
TXN-20260526-SKU-LIFEBUOY-4,2026-05-26,SKU-LIFEBUOY-4,Lifebuoy Soap 4 x 100 g,1,133,55,54,0,0
TXN-20260526-SKU-MAIDA-1K,2026-05-26,SKU-MAIDA-1K,Maida 1 kg,3,39,141,138,0,0
TXN-20260526-SKU-MIRCH-100,2026-05-26,SKU-MIRCH-100,Red Chilli Powder 100 g,3,30,94,91,0,0
TXN-20260526-SKU-MOONG-1K,2026-05-26,SKU-MOONG-1K,Moong Dal 1 kg,1,127,138,137,0,0
TXN-20260526-SKU-MUST-1L,2026-05-26,SKU-MUST-1L,Fortune Mustard Oil 1 L,5,163,183,178,0,0
TXN-20260526-SKU-OIL-1L,2026-05-26,SKU-OIL-1L,Sunpure Cooking Oil 1 L,11,158,466,455,0,0
TXN-20260526-SKU-POHA-500,2026-05-26,SKU-POHA-500,Poha 500 g,3,31,135,132,0,0
TXN-20260526-SKU-RAJMA-1K,2026-05-26,SKU-RAJMA-1K,Rajma 1 kg,2,158,95,93,0,0
TXN-20260526-SKU-SALT-1K,2026-05-26,SKU-SALT-1K,Tata Salt 1 kg,10,27,299,289,0,0
TXN-20260526-SKU-SPRITE-750,2026-05-26,SKU-SPRITE-750,Sprite 750 ml,5,42,180,175,0,0
TXN-20260526-SKU-SUG-1K,2026-05-26,SKU-SUG-1K,Sugar 1 kg,13,47,436,423,0,0
TXN-20260526-SKU-SUJI-500,2026-05-26,SKU-SUJI-500,Suji 500 g,3,27,97,94,0,0
TXN-20260526-SKU-SURF-1K,2026-05-26,SKU-SURF-1K,Surf Excel 1 kg,3,129,85,82,0,0
TXN-20260526-SKU-TEA-250,2026-05-26,SKU-TEA-250,Tata Tea Gold 250 g,5,171,179,174,0,0
TXN-20260526-SKU-TOOR-1K,2026-05-26,SKU-TOOR-1K,Toor Dal 1 kg,4,159,181,177,0,0
TXN-20260526-SKU-VIM-500,2026-05-26,SKU-VIM-500,Vim Bar 500 g,5,42,163,158,0,0
TXN-20260526-SKU-WATER-1L,2026-05-26,SKU-WATER-1L,Bisleri Water 1 L,13,19,472,459,0,0
TXN-20260527-SKU-ATTA-5K,2026-05-27,SKU-ATTA-5K,Aashirvaad Atta 5 kg,7,257,313,306,0,0
TXN-20260527-SKU-BESAN-500,2026-05-27,SKU-BESAN-500,Besan 500 g,2,58,122,120,0,0
TXN-20260527-SKU-BREAD-400,2026-05-27,SKU-BREAD-400,Brown Bread 400 g,4,45,181,177,0,0
TXN-20260527-SKU-CHANA-1K,2026-05-27,SKU-CHANA-1K,Kabuli Chana 1 kg,2,154,102,100,0,0
TXN-20260527-SKU-COKE-750,2026-05-27,SKU-COKE-750,Coca-Cola 750 ml,10,44,310,300,0,0
TXN-20260527-SKU-DALIA-500,2026-05-27,SKU-DALIA-500,Dalia 500 g,1,30,55,54,0,0
TXN-20260527-SKU-FROOTI-600,2026-05-27,SKU-FROOTI-600,Frooti 600 ml,4,31,201,197,0,0
TXN-20260527-SKU-GHEE-1L,2026-05-27,SKU-GHEE-1L,Amul Ghee 1 L,1,641,56,55,0,0
TXN-20260527-SKU-HALDI-100,2026-05-27,SKU-HALDI-100,Turmeric Powder 100 g,3,28,94,91,0,0
TXN-20260527-SKU-HARPIC-500,2026-05-27,SKU-HARPIC-500,Harpic 500 ml,1,109,41,40,0,0
TXN-20260527-SKU-LIFEBUOY-4,2026-05-27,SKU-LIFEBUOY-4,Lifebuoy Soap 4 x 100 g,2,133,54,52,0,0
TXN-20260527-SKU-MAIDA-1K,2026-05-27,SKU-MAIDA-1K,Maida 1 kg,2,39,138,136,0,0
TXN-20260527-SKU-MIRCH-100,2026-05-27,SKU-MIRCH-100,Red Chilli Powder 100 g,2,30,91,89,0,0
TXN-20260527-SKU-MOONG-1K,2026-05-27,SKU-MOONG-1K,Moong Dal 1 kg,3,127,137,134,0,0
TXN-20260527-SKU-MUST-1L,2026-05-27,SKU-MUST-1L,Fortune Mustard Oil 1 L,3,163,178,175,0,0
TXN-20260527-SKU-OIL-1L,2026-05-27,SKU-OIL-1L,Sunpure Cooking Oil 1 L,17,158,455,438,0,0
TXN-20260527-SKU-POHA-500,2026-05-27,SKU-POHA-500,Poha 500 g,3,31,132,129,0,0
TXN-20260527-SKU-RAJMA-1K,2026-05-27,SKU-RAJMA-1K,Rajma 1 kg,3,158,93,90,0,0
TXN-20260527-SKU-SALT-1K,2026-05-27,SKU-SALT-1K,Tata Salt 1 kg,6,27,289,283,0,0
TXN-20260527-SKU-SPRITE-750,2026-05-27,SKU-SPRITE-750,Sprite 750 ml,3,42,175,172,0,0
TXN-20260527-SKU-SUG-1K,2026-05-27,SKU-SUG-1K,Sugar 1 kg,11,47,423,412,0,0
TXN-20260527-SKU-SUJI-500,2026-05-27,SKU-SUJI-500,Suji 500 g,2,27,94,92,0,0
TXN-20260527-SKU-SURF-1K,2026-05-27,SKU-SURF-1K,Surf Excel 1 kg,1,129,82,81,0,0
TXN-20260527-SKU-TEA-250,2026-05-27,SKU-TEA-250,Tata Tea Gold 250 g,2,171,174,172,0,0
TXN-20260527-SKU-TOOR-1K,2026-05-27,SKU-TOOR-1K,Toor Dal 1 kg,5,159,177,172,0,0
TXN-20260527-SKU-VIM-500,2026-05-27,SKU-VIM-500,Vim Bar 500 g,3,42,158,155,0,0
TXN-20260527-SKU-WATER-1L,2026-05-27,SKU-WATER-1L,Bisleri Water 1 L,15,19,459,444,0,0
TXN-20260528-SKU-ATTA-5K,2026-05-28,SKU-ATTA-5K,Aashirvaad Atta 5 kg,5,257,306,301,0,0
TXN-20260528-SKU-BESAN-500,2026-05-28,SKU-BESAN-500,Besan 500 g,1,58,120,119,0,0
TXN-20260528-SKU-BREAD-400,2026-05-28,SKU-BREAD-400,Brown Bread 400 g,6,45,177,171,0,0
TXN-20260528-SKU-CHANA-1K,2026-05-28,SKU-CHANA-1K,Kabuli Chana 1 kg,3,154,100,97,0,0
TXN-20260528-SKU-COKE-750,2026-05-28,SKU-COKE-750,Coca-Cola 750 ml,7,44,300,293,0,0
TXN-20260528-SKU-DALIA-500,2026-05-28,SKU-DALIA-500,Dalia 500 g,1,30,54,53,0,0
TXN-20260528-SKU-FROOTI-600,2026-05-28,SKU-FROOTI-600,Frooti 600 ml,5,31,197,192,0,0
TXN-20260528-SKU-GHEE-1L,2026-05-28,SKU-GHEE-1L,Amul Ghee 1 L,1,641,55,54,0,0
TXN-20260528-SKU-HALDI-100,2026-05-28,SKU-HALDI-100,Turmeric Powder 100 g,2,28,91,89,0,0
TXN-20260528-SKU-HARPIC-500,2026-05-28,SKU-HARPIC-500,Harpic 500 ml,0,109,40,40,0,0
TXN-20260528-SKU-LIFEBUOY-4,2026-05-28,SKU-LIFEBUOY-4,Lifebuoy Soap 4 x 100 g,2,133,52,50,0,0
TXN-20260528-SKU-MAIDA-1K,2026-05-28,SKU-MAIDA-1K,Maida 1 kg,3,39,136,133,0,0
TXN-20260528-SKU-MIRCH-100,2026-05-28,SKU-MIRCH-100,Red Chilli Powder 100 g,2,30,89,87,0,0
TXN-20260528-SKU-MOONG-1K,2026-05-28,SKU-MOONG-1K,Moong Dal 1 kg,4,127,134,130,0,0
TXN-20260528-SKU-MUST-1L,2026-05-28,SKU-MUST-1L,Fortune Mustard Oil 1 L,4,163,175,171,0,0
TXN-20260528-SKU-OIL-1L,2026-05-28,SKU-OIL-1L,Sunpure Cooking Oil 1 L,7,158,438,431,0,0
TXN-20260528-SKU-POHA-500,2026-05-28,SKU-POHA-500,Poha 500 g,3,31,129,126,0,0
TXN-20260528-SKU-RAJMA-1K,2026-05-28,SKU-RAJMA-1K,Rajma 1 kg,2,158,90,88,0,0
TXN-20260528-SKU-SALT-1K,2026-05-28,SKU-SALT-1K,Tata Salt 1 kg,7,27,283,276,0,0
TXN-20260528-SKU-SPRITE-750,2026-05-28,SKU-SPRITE-750,Sprite 750 ml,3,42,172,169,0,0
TXN-20260528-SKU-SUG-1K,2026-05-28,SKU-SUG-1K,Sugar 1 kg,10,47,412,402,0,0
TXN-20260528-SKU-SUJI-500,2026-05-28,SKU-SUJI-500,Suji 500 g,2,27,92,90,0,0
TXN-20260528-SKU-SURF-1K,2026-05-28,SKU-SURF-1K,Surf Excel 1 kg,2,129,81,79,0,0
TXN-20260528-SKU-TEA-250,2026-05-28,SKU-TEA-250,Tata Tea Gold 250 g,6,171,172,166,0,0
TXN-20260528-SKU-TOOR-1K,2026-05-28,SKU-TOOR-1K,Toor Dal 1 kg,4,159,172,168,0,0
TXN-20260528-SKU-VIM-500,2026-05-28,SKU-VIM-500,Vim Bar 500 g,5,42,155,150,0,0
TXN-20260528-SKU-WATER-1L,2026-05-28,SKU-WATER-1L,Bisleri Water 1 L,12,19,444,432,0,0
TXN-20260529-SKU-ATTA-5K,2026-05-29,SKU-ATTA-5K,Aashirvaad Atta 5 kg,3,257,301,298,0,0
TXN-20260529-SKU-BESAN-500,2026-05-29,SKU-BESAN-500,Besan 500 g,3,58,119,116,0,0
TXN-20260529-SKU-BREAD-400,2026-05-29,SKU-BREAD-400,Brown Bread 400 g,3,45,171,168,0,0
TXN-20260529-SKU-CHANA-1K,2026-05-29,SKU-CHANA-1K,Kabuli Chana 1 kg,2,154,97,95,0,0
TXN-20260529-SKU-COKE-750,2026-05-29,SKU-COKE-750,Coca-Cola 750 ml,7,44,293,286,0,0
TXN-20260529-SKU-DALIA-500,2026-05-29,SKU-DALIA-500,Dalia 500 g,0,30,53,53,0,0
TXN-20260529-SKU-FROOTI-600,2026-05-29,SKU-FROOTI-600,Frooti 600 ml,5,31,192,187,0,0
TXN-20260529-SKU-GHEE-1L,2026-05-29,SKU-GHEE-1L,Amul Ghee 1 L,1,641,54,53,0,0
TXN-20260529-SKU-HALDI-100,2026-05-29,SKU-HALDI-100,Turmeric Powder 100 g,1,28,89,88,0,0
TXN-20260529-SKU-HARPIC-500,2026-05-29,SKU-HARPIC-500,Harpic 500 ml,2,109,40,38,0,0
TXN-20260529-SKU-LIFEBUOY-4,2026-05-29,SKU-LIFEBUOY-4,Lifebuoy Soap 4 x 100 g,1,133,50,49,0,0
TXN-20260529-SKU-MAIDA-1K,2026-05-29,SKU-MAIDA-1K,Maida 1 kg,4,39,133,129,0,0
TXN-20260529-SKU-MIRCH-100,2026-05-29,SKU-MIRCH-100,Red Chilli Powder 100 g,2,30,87,85,0,0
TXN-20260529-SKU-MOONG-1K,2026-05-29,SKU-MOONG-1K,Moong Dal 1 kg,3,127,130,127,0,0
TXN-20260529-SKU-MUST-1L,2026-05-29,SKU-MUST-1L,Fortune Mustard Oil 1 L,5,163,171,166,0,0
TXN-20260529-SKU-OIL-1L,2026-05-29,SKU-OIL-1L,Sunpure Cooking Oil 1 L,11,158,431,420,0,0
TXN-20260529-SKU-POHA-500,2026-05-29,SKU-POHA-500,Poha 500 g,2,31,126,124,0,0
TXN-20260529-SKU-RAJMA-1K,2026-05-29,SKU-RAJMA-1K,Rajma 1 kg,2,158,88,86,0,0
TXN-20260529-SKU-SALT-1K,2026-05-29,SKU-SALT-1K,Tata Salt 1 kg,7,27,276,269,0,0
TXN-20260529-SKU-SPRITE-750,2026-05-29,SKU-SPRITE-750,Sprite 750 ml,5,42,169,164,0,0
TXN-20260529-SKU-SUG-1K,2026-05-29,SKU-SUG-1K,Sugar 1 kg,14,47,402,388,0,0
TXN-20260529-SKU-SUJI-500,2026-05-29,SKU-SUJI-500,Suji 500 g,3,27,90,87,0,0
TXN-20260529-SKU-SURF-1K,2026-05-29,SKU-SURF-1K,Surf Excel 1 kg,2,129,79,77,0,0
TXN-20260529-SKU-TEA-250,2026-05-29,SKU-TEA-250,Tata Tea Gold 250 g,4,171,166,162,0,0
TXN-20260529-SKU-TOOR-1K,2026-05-29,SKU-TOOR-1K,Toor Dal 1 kg,4,159,168,164,0,0
TXN-20260529-SKU-VIM-500,2026-05-29,SKU-VIM-500,Vim Bar 500 g,3,42,150,147,0,0
TXN-20260529-SKU-WATER-1L,2026-05-29,SKU-WATER-1L,Bisleri Water 1 L,8,19,432,424,0,0
TXN-20260530-SKU-ATTA-5K,2026-05-30,SKU-ATTA-5K,Aashirvaad Atta 5 kg,9,257,298,289,0,0
TXN-20260530-SKU-BESAN-500,2026-05-30,SKU-BESAN-500,Besan 500 g,2,58,116,114,0,0
TXN-20260530-SKU-BREAD-400,2026-05-30,SKU-BREAD-400,Brown Bread 400 g,4,45,168,164,0,0
TXN-20260530-SKU-CHANA-1K,2026-05-30,SKU-CHANA-1K,Kabuli Chana 1 kg,3,154,95,92,0,0
TXN-20260530-SKU-COKE-750,2026-05-30,SKU-COKE-750,Coca-Cola 750 ml,7,44,286,279,0,0
TXN-20260530-SKU-DALIA-500,2026-05-30,SKU-DALIA-500,Dalia 500 g,2,30,53,51,0,0
TXN-20260530-SKU-FROOTI-600,2026-05-30,SKU-FROOTI-600,Frooti 600 ml,5,31,187,182,0,0
TXN-20260530-SKU-GHEE-1L,2026-05-30,SKU-GHEE-1L,Amul Ghee 1 L,0,641,53,53,0,0
TXN-20260530-SKU-HALDI-100,2026-05-30,SKU-HALDI-100,Turmeric Powder 100 g,2,28,88,86,0,0
TXN-20260530-SKU-HARPIC-500,2026-05-30,SKU-HARPIC-500,Harpic 500 ml,0,109,38,38,0,0
TXN-20260530-SKU-LIFEBUOY-4,2026-05-30,SKU-LIFEBUOY-4,Lifebuoy Soap 4 x 100 g,1,133,49,48,0,0
TXN-20260530-SKU-MAIDA-1K,2026-05-30,SKU-MAIDA-1K,Maida 1 kg,4,39,129,125,0,0
TXN-20260530-SKU-MIRCH-100,2026-05-30,SKU-MIRCH-100,Red Chilli Powder 100 g,2,30,85,83,0,0
TXN-20260530-SKU-MOONG-1K,2026-05-30,SKU-MOONG-1K,Moong Dal 1 kg,4,127,127,123,0,0
TXN-20260530-SKU-MUST-1L,2026-05-30,SKU-MUST-1L,Fortune Mustard Oil 1 L,5,163,166,161,0,0
TXN-20260530-SKU-OIL-1L,2026-05-30,SKU-OIL-1L,Sunpure Cooking Oil 1 L,11,158,420,409,0,0
TXN-20260530-SKU-POHA-500,2026-05-30,SKU-POHA-500,Poha 500 g,4,31,124,120,0,0
TXN-20260530-SKU-RAJMA-1K,2026-05-30,SKU-RAJMA-1K,Rajma 1 kg,2,158,86,84,0,0
TXN-20260530-SKU-SALT-1K,2026-05-30,SKU-SALT-1K,Tata Salt 1 kg,7,27,269,262,0,0
TXN-20260530-SKU-SPRITE-750,2026-05-30,SKU-SPRITE-750,Sprite 750 ml,3,42,164,161,0,0
TXN-20260530-SKU-SUG-1K,2026-05-30,SKU-SUG-1K,Sugar 1 kg,12,49,388,376,0,0
TXN-20260530-SKU-SUJI-500,2026-05-30,SKU-SUJI-500,Suji 500 g,2,27,87,85,0,0
TXN-20260530-SKU-SURF-1K,2026-05-30,SKU-SURF-1K,Surf Excel 1 kg,1,129,77,76,0,0
TXN-20260530-SKU-TEA-250,2026-05-30,SKU-TEA-250,Tata Tea Gold 250 g,3,171,162,159,0,0
TXN-20260530-SKU-TOOR-1K,2026-05-30,SKU-TOOR-1K,Toor Dal 1 kg,4,159,164,160,0,0
TXN-20260530-SKU-VIM-500,2026-05-30,SKU-VIM-500,Vim Bar 500 g,2,42,147,145,0,0
TXN-20260530-SKU-WATER-1L,2026-05-30,SKU-WATER-1L,Bisleri Water 1 L,10,19,424,414,0,0
TXN-20260531-SKU-ATTA-5K,2026-05-31,SKU-ATTA-5K,Aashirvaad Atta 5 kg,6,257,289,283,0,0
TXN-20260531-SKU-BESAN-500,2026-05-31,SKU-BESAN-500,Besan 500 g,3,58,114,111,0,0
TXN-20260531-SKU-BREAD-400,2026-05-31,SKU-BREAD-400,Brown Bread 400 g,5,45,164,159,0,0
TXN-20260531-SKU-CHANA-1K,2026-05-31,SKU-CHANA-1K,Kabuli Chana 1 kg,1,154,92,91,0,0
TXN-20260531-SKU-COKE-750,2026-05-31,SKU-COKE-750,Coca-Cola 750 ml,12,44,279,267,0,0
TXN-20260531-SKU-DALIA-500,2026-05-31,SKU-DALIA-500,Dalia 500 g,1,30,51,50,0,0
TXN-20260531-SKU-FROOTI-600,2026-05-31,SKU-FROOTI-600,Frooti 600 ml,5,31,182,177,0,0
TXN-20260531-SKU-GHEE-1L,2026-05-31,SKU-GHEE-1L,Amul Ghee 1 L,2,641,53,51,0,0
TXN-20260531-SKU-HALDI-100,2026-05-31,SKU-HALDI-100,Turmeric Powder 100 g,2,28,86,84,0,0
TXN-20260531-SKU-HARPIC-500,2026-05-31,SKU-HARPIC-500,Harpic 500 ml,2,109,38,36,0,0
TXN-20260531-SKU-LIFEBUOY-4,2026-05-31,SKU-LIFEBUOY-4,Lifebuoy Soap 4 x 100 g,1,133,48,47,0,0
TXN-20260531-SKU-MAIDA-1K,2026-05-31,SKU-MAIDA-1K,Maida 1 kg,3,39,125,122,0,0
TXN-20260531-SKU-MIRCH-100,2026-05-31,SKU-MIRCH-100,Red Chilli Powder 100 g,2,30,83,81,0,0
TXN-20260531-SKU-MOONG-1K,2026-05-31,SKU-MOONG-1K,Moong Dal 1 kg,2,127,123,121,0,0
TXN-20260531-SKU-MUST-1L,2026-05-31,SKU-MUST-1L,Fortune Mustard Oil 1 L,3,163,161,158,0,0
TXN-20260531-SKU-OIL-1L,2026-05-31,SKU-OIL-1L,Sunpure Cooking Oil 1 L,11,158,409,398,0,0
TXN-20260531-SKU-POHA-500,2026-05-31,SKU-POHA-500,Poha 500 g,2,31,120,118,0,0
TXN-20260531-SKU-RAJMA-1K,2026-05-31,SKU-RAJMA-1K,Rajma 1 kg,2,158,84,82,0,0
TXN-20260531-SKU-SALT-1K,2026-05-31,SKU-SALT-1K,Tata Salt 1 kg,10,27,262,252,0,0
TXN-20260531-SKU-SPRITE-750,2026-05-31,SKU-SPRITE-750,Sprite 750 ml,2,42,161,159,0,0
TXN-20260531-SKU-SUG-1K,2026-05-31,SKU-SUG-1K,Sugar 1 kg,9,49,376,367,0,0
TXN-20260531-SKU-SUJI-500,2026-05-31,SKU-SUJI-500,Suji 500 g,2,27,85,83,0,0
TXN-20260531-SKU-SURF-1K,2026-05-31,SKU-SURF-1K,Surf Excel 1 kg,1,129,76,75,0,0
TXN-20260531-SKU-TEA-250,2026-05-31,SKU-TEA-250,Tata Tea Gold 250 g,0,171,159,159,0,0
TXN-20260531-SKU-TOOR-1K,2026-05-31,SKU-TOOR-1K,Toor Dal 1 kg,4,159,160,156,0,0
TXN-20260531-SKU-VIM-500,2026-05-31,SKU-VIM-500,Vim Bar 500 g,2,42,145,143,0,0
TXN-20260531-SKU-WATER-1L,2026-05-31,SKU-WATER-1L,Bisleri Water 1 L,10,19,414,404,0,0
TXN-20260601-SKU-ATTA-5K,2026-06-01,SKU-ATTA-5K,Aashirvaad Atta 5 kg,8,257,283,275,0,0
TXN-20260601-SKU-BESAN-500,2026-06-01,SKU-BESAN-500,Besan 500 g,3,58,111,108,0,0
TXN-20260601-SKU-BREAD-400,2026-06-01,SKU-BREAD-400,Brown Bread 400 g,5,45,159,154,0,0
TXN-20260601-SKU-CHANA-1K,2026-06-01,SKU-CHANA-1K,Kabuli Chana 1 kg,2,154,91,89,0,0
TXN-20260601-SKU-COKE-750,2026-06-01,SKU-COKE-750,Coca-Cola 750 ml,7,44,267,260,0,0
TXN-20260601-SKU-DALIA-500,2026-06-01,SKU-DALIA-500,Dalia 500 g,1,30,50,49,0,0
TXN-20260601-SKU-FROOTI-600,2026-06-01,SKU-FROOTI-600,Frooti 600 ml,4,31,177,173,0,0
TXN-20260601-SKU-GHEE-1L,2026-06-01,SKU-GHEE-1L,Amul Ghee 1 L,2,641,51,49,0,0
TXN-20260601-SKU-HALDI-100,2026-06-01,SKU-HALDI-100,Turmeric Powder 100 g,1,28,84,83,0,0
TXN-20260601-SKU-HARPIC-500,2026-06-01,SKU-HARPIC-500,Harpic 500 ml,1,109,36,35,0,0
TXN-20260601-SKU-LIFEBUOY-4,2026-06-01,SKU-LIFEBUOY-4,Lifebuoy Soap 4 x 100 g,1,133,47,46,0,0
TXN-20260601-SKU-MAIDA-1K,2026-06-01,SKU-MAIDA-1K,Maida 1 kg,4,39,122,118,0,0
TXN-20260601-SKU-MIRCH-100,2026-06-01,SKU-MIRCH-100,Red Chilli Powder 100 g,2,30,81,79,0,0
TXN-20260601-SKU-MOONG-1K,2026-06-01,SKU-MOONG-1K,Moong Dal 1 kg,3,127,121,118,0,0
TXN-20260601-SKU-MUST-1L,2026-06-01,SKU-MUST-1L,Fortune Mustard Oil 1 L,5,163,158,153,0,0
TXN-20260601-SKU-OIL-1L,2026-06-01,SKU-OIL-1L,Sunpure Cooking Oil 1 L,11,158,398,387,0,0
TXN-20260601-SKU-POHA-500,2026-06-01,SKU-POHA-500,Poha 500 g,2,31,118,116,0,0
TXN-20260601-SKU-RAJMA-1K,2026-06-01,SKU-RAJMA-1K,Rajma 1 kg,3,158,82,79,0,0
TXN-20260601-SKU-SALT-1K,2026-06-01,SKU-SALT-1K,Tata Salt 1 kg,6,27,252,246,0,0
TXN-20260601-SKU-SPRITE-750,2026-06-01,SKU-SPRITE-750,Sprite 750 ml,5,42,159,154,0,0
TXN-20260601-SKU-SUG-1K,2026-06-01,SKU-SUG-1K,Sugar 1 kg,7,49,367,360,0,0
TXN-20260601-SKU-SUJI-500,2026-06-01,SKU-SUJI-500,Suji 500 g,2,27,83,81,0,0
TXN-20260601-SKU-SURF-1K,2026-06-01,SKU-SURF-1K,Surf Excel 1 kg,2,129,75,73,0,0
TXN-20260601-SKU-TEA-250,2026-06-01,SKU-TEA-250,Tata Tea Gold 250 g,4,171,159,155,0,0
TXN-20260601-SKU-TOOR-1K,2026-06-01,SKU-TOOR-1K,Toor Dal 1 kg,4,159,156,152,0,0
TXN-20260601-SKU-VIM-500,2026-06-01,SKU-VIM-500,Vim Bar 500 g,7,42,143,136,0,0
TXN-20260601-SKU-WATER-1L,2026-06-01,SKU-WATER-1L,Bisleri Water 1 L,15,19,404,389,0,0
TXN-20260602-SKU-ATTA-5K,2026-06-02,SKU-ATTA-5K,Aashirvaad Atta 5 kg,4,257,275,271,0,0
TXN-20260602-SKU-BESAN-500,2026-06-02,SKU-BESAN-500,Besan 500 g,3,58,108,105,0,0
TXN-20260602-SKU-BREAD-400,2026-06-02,SKU-BREAD-400,Brown Bread 400 g,4,45,154,150,0,0
TXN-20260602-SKU-CHANA-1K,2026-06-02,SKU-CHANA-1K,Kabuli Chana 1 kg,1,154,89,88,0,0
TXN-20260602-SKU-COKE-750,2026-06-02,SKU-COKE-750,Coca-Cola 750 ml,8,44,260,252,0,0
TXN-20260602-SKU-DALIA-500,2026-06-02,SKU-DALIA-500,Dalia 500 g,1,30,49,48,0,0
TXN-20260602-SKU-FROOTI-600,2026-06-02,SKU-FROOTI-600,Frooti 600 ml,4,31,173,169,0,0
TXN-20260602-SKU-GHEE-1L,2026-06-02,SKU-GHEE-1L,Amul Ghee 1 L,0,641,49,49,0,0
TXN-20260602-SKU-HALDI-100,2026-06-02,SKU-HALDI-100,Turmeric Powder 100 g,2,28,83,81,0,0
TXN-20260602-SKU-HARPIC-500,2026-06-02,SKU-HARPIC-500,Harpic 500 ml,1,109,35,34,0,0
TXN-20260602-SKU-LIFEBUOY-4,2026-06-02,SKU-LIFEBUOY-4,Lifebuoy Soap 4 x 100 g,1,133,46,45,0,0
TXN-20260602-SKU-MAIDA-1K,2026-06-02,SKU-MAIDA-1K,Maida 1 kg,3,39,118,115,0,0
TXN-20260602-SKU-MIRCH-100,2026-06-02,SKU-MIRCH-100,Red Chilli Powder 100 g,2,30,79,77,0,0
TXN-20260602-SKU-MOONG-1K,2026-06-02,SKU-MOONG-1K,Moong Dal 1 kg,3,127,118,115,0,0
TXN-20260602-SKU-MUST-1L,2026-06-02,SKU-MUST-1L,Fortune Mustard Oil 1 L,5,163,153,148,0,0
TXN-20260602-SKU-OIL-1L,2026-06-02,SKU-OIL-1L,Sunpure Cooking Oil 1 L,13,158,387,374,0,0
TXN-20260602-SKU-POHA-500,2026-06-02,SKU-POHA-500,Poha 500 g,3,31,116,113,0,0
TXN-20260602-SKU-RAJMA-1K,2026-06-02,SKU-RAJMA-1K,Rajma 1 kg,2,158,79,77,0,0
TXN-20260602-SKU-SALT-1K,2026-06-02,SKU-SALT-1K,Tata Salt 1 kg,7,27,246,239,0,0
TXN-20260602-SKU-SPRITE-750,2026-06-02,SKU-SPRITE-750,Sprite 750 ml,6,42,154,148,0,0
TXN-20260602-SKU-SUG-1K,2026-06-02,SKU-SUG-1K,Sugar 1 kg,15,49,360,345,0,0
TXN-20260602-SKU-SUJI-500,2026-06-02,SKU-SUJI-500,Suji 500 g,2,27,81,79,0,0
TXN-20260602-SKU-SURF-1K,2026-06-02,SKU-SURF-1K,Surf Excel 1 kg,3,129,73,70,0,0
TXN-20260602-SKU-TEA-250,2026-06-02,SKU-TEA-250,Tata Tea Gold 250 g,5,171,155,150,0,0
TXN-20260602-SKU-TOOR-1K,2026-06-02,SKU-TOOR-1K,Toor Dal 1 kg,5,159,152,147,0,0
TXN-20260602-SKU-VIM-500,2026-06-02,SKU-VIM-500,Vim Bar 500 g,3,42,136,133,0,0
TXN-20260602-SKU-WATER-1L,2026-06-02,SKU-WATER-1L,Bisleri Water 1 L,17,19,389,372,0,0
TXN-20260603-SKU-ATTA-5K,2026-06-03,SKU-ATTA-5K,Aashirvaad Atta 5 kg,9,257,271,262,0,0
TXN-20260603-SKU-BESAN-500,2026-06-03,SKU-BESAN-500,Besan 500 g,4,58,105,101,0,0
TXN-20260603-SKU-BREAD-400,2026-06-03,SKU-BREAD-400,Brown Bread 400 g,4,45,150,146,0,0
TXN-20260603-SKU-CHANA-1K,2026-06-03,SKU-CHANA-1K,Kabuli Chana 1 kg,2,154,88,86,0,0
TXN-20260603-SKU-COKE-750,2026-06-03,SKU-COKE-750,Coca-Cola 750 ml,10,44,252,242,0,0
TXN-20260603-SKU-DALIA-500,2026-06-03,SKU-DALIA-500,Dalia 500 g,1,30,48,47,0,0
TXN-20260603-SKU-FROOTI-600,2026-06-03,SKU-FROOTI-600,Frooti 600 ml,4,31,169,165,0,0
TXN-20260603-SKU-GHEE-1L,2026-06-03,SKU-GHEE-1L,Amul Ghee 1 L,1,641,49,48,0,0
TXN-20260603-SKU-HALDI-100,2026-06-03,SKU-HALDI-100,Turmeric Powder 100 g,2,28,81,79,0,0
TXN-20260603-SKU-HARPIC-500,2026-06-03,SKU-HARPIC-500,Harpic 500 ml,1,109,34,33,0,0
TXN-20260603-SKU-LIFEBUOY-4,2026-06-03,SKU-LIFEBUOY-4,Lifebuoy Soap 4 x 100 g,0,133,45,45,0,0
TXN-20260603-SKU-MAIDA-1K,2026-06-03,SKU-MAIDA-1K,Maida 1 kg,4,39,115,111,0,0
TXN-20260603-SKU-MIRCH-100,2026-06-03,SKU-MIRCH-100,Red Chilli Powder 100 g,1,30,77,76,0,0
TXN-20260603-SKU-MOONG-1K,2026-06-03,SKU-MOONG-1K,Moong Dal 1 kg,3,127,115,112,0,0
TXN-20260603-SKU-MUST-1L,2026-06-03,SKU-MUST-1L,Fortune Mustard Oil 1 L,4,163,148,144,0,0
TXN-20260603-SKU-OIL-1L,2026-06-03,SKU-OIL-1L,Sunpure Cooking Oil 1 L,12,158,374,362,0,0
TXN-20260603-SKU-POHA-500,2026-06-03,SKU-POHA-500,Poha 500 g,2,31,113,111,0,0
TXN-20260603-SKU-RAJMA-1K,2026-06-03,SKU-RAJMA-1K,Rajma 1 kg,3,158,77,74,0,0
TXN-20260603-SKU-SALT-1K,2026-06-03,SKU-SALT-1K,Tata Salt 1 kg,7,27,239,232,0,0
TXN-20260603-SKU-SPRITE-750,2026-06-03,SKU-SPRITE-750,Sprite 750 ml,4,42,148,144,0,0
TXN-20260603-SKU-SUG-1K,2026-06-03,SKU-SUG-1K,Sugar 1 kg,15,49,345,330,0,0
TXN-20260603-SKU-SUJI-500,2026-06-03,SKU-SUJI-500,Suji 500 g,2,27,79,77,0,0
TXN-20260603-SKU-SURF-1K,2026-06-03,SKU-SURF-1K,Surf Excel 1 kg,2,129,70,68,0,0
TXN-20260603-SKU-TEA-250,2026-06-03,SKU-TEA-250,Tata Tea Gold 250 g,5,171,150,145,0,0
TXN-20260603-SKU-TOOR-1K,2026-06-03,SKU-TOOR-1K,Toor Dal 1 kg,4,159,147,143,0,0
TXN-20260603-SKU-VIM-500,2026-06-03,SKU-VIM-500,Vim Bar 500 g,5,42,133,128,0,0
TXN-20260603-SKU-WATER-1L,2026-06-03,SKU-WATER-1L,Bisleri Water 1 L,11,19,372,361,0,0
TXN-20260604-SKU-ATTA-5K,2026-06-04,SKU-ATTA-5K,Aashirvaad Atta 5 kg,5,257,262,257,0,0
TXN-20260604-SKU-BESAN-500,2026-06-04,SKU-BESAN-500,Besan 500 g,4,58,101,97,0,0
TXN-20260604-SKU-BREAD-400,2026-06-04,SKU-BREAD-400,Brown Bread 400 g,7,45,146,139,0,0
TXN-20260604-SKU-CHANA-1K,2026-06-04,SKU-CHANA-1K,Kabuli Chana 1 kg,3,154,86,83,0,0
TXN-20260604-SKU-COKE-750,2026-06-04,SKU-COKE-750,Coca-Cola 750 ml,9,44,242,233,0,0
TXN-20260604-SKU-DALIA-500,2026-06-04,SKU-DALIA-500,Dalia 500 g,1,30,47,46,0,0
TXN-20260604-SKU-FROOTI-600,2026-06-04,SKU-FROOTI-600,Frooti 600 ml,4,31,165,161,0,0
TXN-20260604-SKU-GHEE-1L,2026-06-04,SKU-GHEE-1L,Amul Ghee 1 L,2,641,48,46,0,0
TXN-20260604-SKU-HALDI-100,2026-06-04,SKU-HALDI-100,Turmeric Powder 100 g,4,28,79,75,0,0
TXN-20260604-SKU-HARPIC-500,2026-06-04,SKU-HARPIC-500,Harpic 500 ml,1,109,33,32,0,0
TXN-20260604-SKU-LIFEBUOY-4,2026-06-04,SKU-LIFEBUOY-4,Lifebuoy Soap 4 x 100 g,2,133,45,43,0,0
TXN-20260604-SKU-MAIDA-1K,2026-06-04,SKU-MAIDA-1K,Maida 1 kg,2,39,111,109,0,0
TXN-20260604-SKU-MIRCH-100,2026-06-04,SKU-MIRCH-100,Red Chilli Powder 100 g,2,30,76,74,0,0
TXN-20260604-SKU-MOONG-1K,2026-06-04,SKU-MOONG-1K,Moong Dal 1 kg,4,127,112,108,0,0
TXN-20260604-SKU-MUST-1L,2026-06-04,SKU-MUST-1L,Fortune Mustard Oil 1 L,5,163,144,139,0,0
TXN-20260604-SKU-OIL-1L,2026-06-04,SKU-OIL-1L,Sunpure Cooking Oil 1 L,7,158,362,355,0,0
TXN-20260604-SKU-POHA-500,2026-06-04,SKU-POHA-500,Poha 500 g,3,31,111,108,0,0
TXN-20260604-SKU-RAJMA-1K,2026-06-04,SKU-RAJMA-1K,Rajma 1 kg,3,158,74,71,0,0
TXN-20260604-SKU-SALT-1K,2026-06-04,SKU-SALT-1K,Tata Salt 1 kg,4,27,232,228,0,0
TXN-20260604-SKU-SPRITE-750,2026-06-04,SKU-SPRITE-750,Sprite 750 ml,3,42,144,141,0,0
TXN-20260604-SKU-SUG-1K,2026-06-04,SKU-SUG-1K,Sugar 1 kg,11,49,330,319,0,0
TXN-20260604-SKU-SUJI-500,2026-06-04,SKU-SUJI-500,Suji 500 g,1,27,77,76,0,0
TXN-20260604-SKU-SURF-1K,2026-06-04,SKU-SURF-1K,Surf Excel 1 kg,2,129,68,66,0,0
TXN-20260604-SKU-TEA-250,2026-06-04,SKU-TEA-250,Tata Tea Gold 250 g,5,171,145,140,0,0
TXN-20260604-SKU-TOOR-1K,2026-06-04,SKU-TOOR-1K,Toor Dal 1 kg,4,159,143,139,0,0
TXN-20260604-SKU-VIM-500,2026-06-04,SKU-VIM-500,Vim Bar 500 g,3,42,128,125,0,0
TXN-20260604-SKU-WATER-1L,2026-06-04,SKU-WATER-1L,Bisleri Water 1 L,14,19,361,347,0,0
TXN-20260605-SKU-ATTA-5K,2026-06-05,SKU-ATTA-5K,Aashirvaad Atta 5 kg,7,257,257,250,0,0
TXN-20260605-SKU-BESAN-500,2026-06-05,SKU-BESAN-500,Besan 500 g,3,58,97,94,0,0
TXN-20260605-SKU-BREAD-400,2026-06-05,SKU-BREAD-400,Brown Bread 400 g,3,45,139,136,0,0
TXN-20260605-SKU-CHANA-1K,2026-06-05,SKU-CHANA-1K,Kabuli Chana 1 kg,2,154,83,81,0,0
TXN-20260605-SKU-COKE-750,2026-06-05,SKU-COKE-750,Coca-Cola 750 ml,7,44,233,226,0,0
TXN-20260605-SKU-DALIA-500,2026-06-05,SKU-DALIA-500,Dalia 500 g,2,30,46,44,0,0
TXN-20260605-SKU-FROOTI-600,2026-06-05,SKU-FROOTI-600,Frooti 600 ml,4,31,161,157,0,0
TXN-20260605-SKU-GHEE-1L,2026-06-05,SKU-GHEE-1L,Amul Ghee 1 L,2,641,46,44,0,0
TXN-20260605-SKU-HALDI-100,2026-06-05,SKU-HALDI-100,Turmeric Powder 100 g,1,28,75,74,0,0
TXN-20260605-SKU-HARPIC-500,2026-06-05,SKU-HARPIC-500,Harpic 500 ml,1,109,32,31,0,0
TXN-20260605-SKU-LIFEBUOY-4,2026-06-05,SKU-LIFEBUOY-4,Lifebuoy Soap 4 x 100 g,0,133,43,43,0,0
TXN-20260605-SKU-MAIDA-1K,2026-06-05,SKU-MAIDA-1K,Maida 1 kg,3,39,109,106,0,0
TXN-20260605-SKU-MIRCH-100,2026-06-05,SKU-MIRCH-100,Red Chilli Powder 100 g,2,30,74,72,0,0
TXN-20260605-SKU-MOONG-1K,2026-06-05,SKU-MOONG-1K,Moong Dal 1 kg,4,127,108,104,0,0
TXN-20260605-SKU-MUST-1L,2026-06-05,SKU-MUST-1L,Fortune Mustard Oil 1 L,4,163,139,135,0,0
TXN-20260605-SKU-OIL-1L,2026-06-05,SKU-OIL-1L,Sunpure Cooking Oil 1 L,16,158,355,339,0,0
TXN-20260605-SKU-POHA-500,2026-06-05,SKU-POHA-500,Poha 500 g,3,31,108,105,0,0
TXN-20260605-SKU-RAJMA-1K,2026-06-05,SKU-RAJMA-1K,Rajma 1 kg,1,158,71,70,0,0
TXN-20260605-SKU-SALT-1K,2026-06-05,SKU-SALT-1K,Tata Salt 1 kg,6,27,228,222,0,0
TXN-20260605-SKU-SPRITE-750,2026-06-05,SKU-SPRITE-750,Sprite 750 ml,5,42,141,136,0,0
TXN-20260605-SKU-SUG-1K,2026-06-05,SKU-SUG-1K,Sugar 1 kg,10,49,319,309,0,0
TXN-20260605-SKU-SUJI-500,2026-06-05,SKU-SUJI-500,Suji 500 g,2,27,76,74,0,0
TXN-20260605-SKU-SURF-1K,2026-06-05,SKU-SURF-1K,Surf Excel 1 kg,1,129,66,65,0,0
TXN-20260605-SKU-TEA-250,2026-06-05,SKU-TEA-250,Tata Tea Gold 250 g,6,171,140,134,0,0
TXN-20260605-SKU-TOOR-1K,2026-06-05,SKU-TOOR-1K,Toor Dal 1 kg,3,159,139,136,0,0
TXN-20260605-SKU-VIM-500,2026-06-05,SKU-VIM-500,Vim Bar 500 g,4,42,125,121,0,0
TXN-20260605-SKU-WATER-1L,2026-06-05,SKU-WATER-1L,Bisleri Water 1 L,10,19,347,337,0,0
TXN-20260606-SKU-ATTA-5K,2026-06-06,SKU-ATTA-5K,Aashirvaad Atta 5 kg,7,257,250,243,0,0
TXN-20260606-SKU-BESAN-500,2026-06-06,SKU-BESAN-500,Besan 500 g,1,58,94,93,0,0
TXN-20260606-SKU-BREAD-400,2026-06-06,SKU-BREAD-400,Brown Bread 400 g,3,45,136,133,0,0
TXN-20260606-SKU-CHANA-1K,2026-06-06,SKU-CHANA-1K,Kabuli Chana 1 kg,1,154,81,80,0,0
TXN-20260606-SKU-COKE-750,2026-06-06,SKU-COKE-750,Coca-Cola 750 ml,8,44,226,218,0,0
TXN-20260606-SKU-DALIA-500,2026-06-06,SKU-DALIA-500,Dalia 500 g,0,30,44,44,0,0
TXN-20260606-SKU-FROOTI-600,2026-06-06,SKU-FROOTI-600,Frooti 600 ml,6,31,157,151,0,0
TXN-20260606-SKU-GHEE-1L,2026-06-06,SKU-GHEE-1L,Amul Ghee 1 L,1,641,44,43,0,0
TXN-20260606-SKU-HALDI-100,2026-06-06,SKU-HALDI-100,Turmeric Powder 100 g,2,28,74,72,0,0
TXN-20260606-SKU-HARPIC-500,2026-06-06,SKU-HARPIC-500,Harpic 500 ml,2,109,31,29,0,0
TXN-20260606-SKU-LIFEBUOY-4,2026-06-06,SKU-LIFEBUOY-4,Lifebuoy Soap 4 x 100 g,0,133,43,43,0,0
TXN-20260606-SKU-MAIDA-1K,2026-06-06,SKU-MAIDA-1K,Maida 1 kg,4,39,106,102,0,0
TXN-20260606-SKU-MIRCH-100,2026-06-06,SKU-MIRCH-100,Red Chilli Powder 100 g,2,30,72,70,0,0
TXN-20260606-SKU-MOONG-1K,2026-06-06,SKU-MOONG-1K,Moong Dal 1 kg,3,127,104,101,0,0
TXN-20260606-SKU-MUST-1L,2026-06-06,SKU-MUST-1L,Fortune Mustard Oil 1 L,6,163,135,129,0,0
TXN-20260606-SKU-OIL-1L,2026-06-06,SKU-OIL-1L,Sunpure Cooking Oil 1 L,15,158,339,324,0,0
TXN-20260606-SKU-POHA-500,2026-06-06,SKU-POHA-500,Poha 500 g,3,31,105,102,0,0
TXN-20260606-SKU-RAJMA-1K,2026-06-06,SKU-RAJMA-1K,Rajma 1 kg,2,158,70,68,0,0
TXN-20260606-SKU-SALT-1K,2026-06-06,SKU-SALT-1K,Tata Salt 1 kg,8,27,222,214,0,0
TXN-20260606-SKU-SPRITE-750,2026-06-06,SKU-SPRITE-750,Sprite 750 ml,5,42,136,131,0,0
TXN-20260606-SKU-SUG-1K,2026-06-06,SKU-SUG-1K,Sugar 1 kg,12,49,309,297,0,0
TXN-20260606-SKU-SUJI-500,2026-06-06,SKU-SUJI-500,Suji 500 g,3,27,74,71,0,0
TXN-20260606-SKU-SURF-1K,2026-06-06,SKU-SURF-1K,Surf Excel 1 kg,2,129,65,63,0,0
TXN-20260606-SKU-TEA-250,2026-06-06,SKU-TEA-250,Tata Tea Gold 250 g,4,171,134,130,0,0
TXN-20260606-SKU-TOOR-1K,2026-06-06,SKU-TOOR-1K,Toor Dal 1 kg,4,159,136,132,0,0
TXN-20260606-SKU-VIM-500,2026-06-06,SKU-VIM-500,Vim Bar 500 g,4,42,121,117,0,0
TXN-20260606-SKU-WATER-1L,2026-06-06,SKU-WATER-1L,Bisleri Water 1 L,4,19,337,333,0,0
TXN-20260607-SKU-ATTA-5K,2026-06-07,SKU-ATTA-5K,Aashirvaad Atta 5 kg,6,257,243,237,0,0
TXN-20260607-SKU-BESAN-500,2026-06-07,SKU-BESAN-500,Besan 500 g,3,58,93,90,0,0
TXN-20260607-SKU-BREAD-400,2026-06-07,SKU-BREAD-400,Brown Bread 400 g,5,45,133,128,0,0
TXN-20260607-SKU-CHANA-1K,2026-06-07,SKU-CHANA-1K,Kabuli Chana 1 kg,1,154,80,79,0,0
TXN-20260607-SKU-COKE-750,2026-06-07,SKU-COKE-750,Coca-Cola 750 ml,4,44,218,214,0,0
TXN-20260607-SKU-DALIA-500,2026-06-07,SKU-DALIA-500,Dalia 500 g,2,30,44,42,0,0
TXN-20260607-SKU-FROOTI-600,2026-06-07,SKU-FROOTI-600,Frooti 600 ml,5,31,151,146,0,0
TXN-20260607-SKU-GHEE-1L,2026-06-07,SKU-GHEE-1L,Amul Ghee 1 L,1,641,43,42,0,0
TXN-20260607-SKU-HALDI-100,2026-06-07,SKU-HALDI-100,Turmeric Powder 100 g,3,28,72,69,0,0
TXN-20260607-SKU-HARPIC-500,2026-06-07,SKU-HARPIC-500,Harpic 500 ml,0,109,29,29,0,0
TXN-20260607-SKU-LIFEBUOY-4,2026-06-07,SKU-LIFEBUOY-4,Lifebuoy Soap 4 x 100 g,2,133,43,41,0,0
TXN-20260607-SKU-MAIDA-1K,2026-06-07,SKU-MAIDA-1K,Maida 1 kg,4,39,102,98,0,0
TXN-20260607-SKU-MIRCH-100,2026-06-07,SKU-MIRCH-100,Red Chilli Powder 100 g,1,30,70,69,0,0
TXN-20260607-SKU-MOONG-1K,2026-06-07,SKU-MOONG-1K,Moong Dal 1 kg,3,127,101,98,0,0
TXN-20260607-SKU-MUST-1L,2026-06-07,SKU-MUST-1L,Fortune Mustard Oil 1 L,5,163,129,124,0,0
TXN-20260607-SKU-OIL-1L,2026-06-07,SKU-OIL-1L,Sunpure Cooking Oil 1 L,11,158,324,313,0,0
TXN-20260607-SKU-POHA-500,2026-06-07,SKU-POHA-500,Poha 500 g,2,31,102,100,0,0
TXN-20260607-SKU-RAJMA-1K,2026-06-07,SKU-RAJMA-1K,Rajma 1 kg,2,158,68,66,0,0
TXN-20260607-SKU-SALT-1K,2026-06-07,SKU-SALT-1K,Tata Salt 1 kg,4,27,214,210,0,0
TXN-20260607-SKU-SPRITE-750,2026-06-07,SKU-SPRITE-750,Sprite 750 ml,4,42,131,127,0,0
TXN-20260607-SKU-SUG-1K,2026-06-07,SKU-SUG-1K,Sugar 1 kg,16,49,297,281,0,0
TXN-20260607-SKU-SUJI-500,2026-06-07,SKU-SUJI-500,Suji 500 g,2,27,71,69,0,0
TXN-20260607-SKU-SURF-1K,2026-06-07,SKU-SURF-1K,Surf Excel 1 kg,2,129,63,61,0,0
TXN-20260607-SKU-TEA-250,2026-06-07,SKU-TEA-250,Tata Tea Gold 250 g,3,171,130,127,0,0
TXN-20260607-SKU-TOOR-1K,2026-06-07,SKU-TOOR-1K,Toor Dal 1 kg,3,159,132,129,0,0
TXN-20260607-SKU-VIM-500,2026-06-07,SKU-VIM-500,Vim Bar 500 g,3,42,117,114,0,0
TXN-20260607-SKU-WATER-1L,2026-06-07,SKU-WATER-1L,Bisleri Water 1 L,14,19,333,319,0,0
TXN-20260608-SKU-ATTA-5K,2026-06-08,SKU-ATTA-5K,Aashirvaad Atta 5 kg,10,257,237,227,0,0
TXN-20260608-SKU-BESAN-500,2026-06-08,SKU-BESAN-500,Besan 500 g,4,58,90,86,0,0
TXN-20260608-SKU-BREAD-400,2026-06-08,SKU-BREAD-400,Brown Bread 400 g,6,45,128,122,0,0
TXN-20260608-SKU-CHANA-1K,2026-06-08,SKU-CHANA-1K,Kabuli Chana 1 kg,3,154,79,76,0,0
TXN-20260608-SKU-COKE-750,2026-06-08,SKU-COKE-750,Coca-Cola 750 ml,7,44,214,207,0,0
TXN-20260608-SKU-DALIA-500,2026-06-08,SKU-DALIA-500,Dalia 500 g,1,30,42,41,0,0
TXN-20260608-SKU-FROOTI-600,2026-06-08,SKU-FROOTI-600,Frooti 600 ml,5,31,146,141,0,0
TXN-20260608-SKU-GHEE-1L,2026-06-08,SKU-GHEE-1L,Amul Ghee 1 L,1,641,42,41,0,0
TXN-20260608-SKU-HALDI-100,2026-06-08,SKU-HALDI-100,Turmeric Powder 100 g,2,28,69,67,0,0
TXN-20260608-SKU-HARPIC-500,2026-06-08,SKU-HARPIC-500,Harpic 500 ml,1,109,29,28,0,0
TXN-20260608-SKU-LIFEBUOY-4,2026-06-08,SKU-LIFEBUOY-4,Lifebuoy Soap 4 x 100 g,1,133,41,40,0,0
TXN-20260608-SKU-MAIDA-1K,2026-06-08,SKU-MAIDA-1K,Maida 1 kg,3,39,98,95,0,0
TXN-20260608-SKU-MIRCH-100,2026-06-08,SKU-MIRCH-100,Red Chilli Powder 100 g,2,30,69,67,0,0
TXN-20260608-SKU-MOONG-1K,2026-06-08,SKU-MOONG-1K,Moong Dal 1 kg,4,127,98,94,0,0
TXN-20260608-SKU-MUST-1L,2026-06-08,SKU-MUST-1L,Fortune Mustard Oil 1 L,3,163,124,121,0,0
TXN-20260608-SKU-OIL-1L,2026-06-08,SKU-OIL-1L,Sunpure Cooking Oil 1 L,4,158,313,309,0,0
TXN-20260608-SKU-POHA-500,2026-06-08,SKU-POHA-500,Poha 500 g,4,31,100,96,0,0
TXN-20260608-SKU-RAJMA-1K,2026-06-08,SKU-RAJMA-1K,Rajma 1 kg,2,158,66,64,0,0
TXN-20260608-SKU-SALT-1K,2026-06-08,SKU-SALT-1K,Tata Salt 1 kg,6,27,210,204,0,0
TXN-20260608-SKU-SPRITE-750,2026-06-08,SKU-SPRITE-750,Sprite 750 ml,5,42,127,122,0,0
TXN-20260608-SKU-SUG-1K,2026-06-08,SKU-SUG-1K,Sugar 1 kg,5,49,281,276,0,0
TXN-20260608-SKU-SUJI-500,2026-06-08,SKU-SUJI-500,Suji 500 g,2,27,69,67,0,0
TXN-20260608-SKU-SURF-1K,2026-06-08,SKU-SURF-1K,Surf Excel 1 kg,2,129,61,59,0,0
TXN-20260608-SKU-TEA-250,2026-06-08,SKU-TEA-250,Tata Tea Gold 250 g,4,171,127,123,0,0
TXN-20260608-SKU-TOOR-1K,2026-06-08,SKU-TOOR-1K,Toor Dal 1 kg,5,159,129,124,0,0
TXN-20260608-SKU-VIM-500,2026-06-08,SKU-VIM-500,Vim Bar 500 g,5,42,114,109,0,0
TXN-20260608-SKU-WATER-1L,2026-06-08,SKU-WATER-1L,Bisleri Water 1 L,3,19,319,316,0,0
TXN-20260609-SKU-ATTA-5K,2026-06-09,SKU-ATTA-5K,Aashirvaad Atta 5 kg,10,257,227,217,0,0
TXN-20260609-SKU-BESAN-500,2026-06-09,SKU-BESAN-500,Besan 500 g,3,58,86,83,0,0
TXN-20260609-SKU-BREAD-400,2026-06-09,SKU-BREAD-400,Brown Bread 400 g,4,45,122,118,0,0
TXN-20260609-SKU-CHANA-1K,2026-06-09,SKU-CHANA-1K,Kabuli Chana 1 kg,2,154,76,74,0,0
TXN-20260609-SKU-COKE-750,2026-06-09,SKU-COKE-750,Coca-Cola 750 ml,3,44,207,204,0,0
TXN-20260609-SKU-DALIA-500,2026-06-09,SKU-DALIA-500,Dalia 500 g,1,30,41,40,0,0
TXN-20260609-SKU-FROOTI-600,2026-06-09,SKU-FROOTI-600,Frooti 600 ml,5,31,141,136,0,0
TXN-20260609-SKU-GHEE-1L,2026-06-09,SKU-GHEE-1L,Amul Ghee 1 L,1,641,41,40,0,0
TXN-20260609-SKU-HALDI-100,2026-06-09,SKU-HALDI-100,Turmeric Powder 100 g,2,28,67,65,0,0
TXN-20260609-SKU-HARPIC-500,2026-06-09,SKU-HARPIC-500,Harpic 500 ml,0,109,28,28,0,0
TXN-20260609-SKU-LIFEBUOY-4,2026-06-09,SKU-LIFEBUOY-4,Lifebuoy Soap 4 x 100 g,1,133,40,39,0,0
TXN-20260609-SKU-MAIDA-1K,2026-06-09,SKU-MAIDA-1K,Maida 1 kg,3,39,95,92,0,0
TXN-20260609-SKU-MIRCH-100,2026-06-09,SKU-MIRCH-100,Red Chilli Powder 100 g,3,30,67,64,0,0
TXN-20260609-SKU-MOONG-1K,2026-06-09,SKU-MOONG-1K,Moong Dal 1 kg,3,127,94,91,0,0
TXN-20260609-SKU-MUST-1L,2026-06-09,SKU-MUST-1L,Fortune Mustard Oil 1 L,5,163,121,116,0,0
TXN-20260609-SKU-OIL-1L,2026-06-09,SKU-OIL-1L,Sunpure Cooking Oil 1 L,15,158,309,294,0,0
TXN-20260609-SKU-POHA-500,2026-06-09,SKU-POHA-500,Poha 500 g,4,31,96,92,0,0
TXN-20260609-SKU-RAJMA-1K,2026-06-09,SKU-RAJMA-1K,Rajma 1 kg,2,158,64,62,0,0
TXN-20260609-SKU-SALT-1K,2026-06-09,SKU-SALT-1K,Tata Salt 1 kg,7,27,204,197,0,0
TXN-20260609-SKU-SPRITE-750,2026-06-09,SKU-SPRITE-750,Sprite 750 ml,5,42,122,117,0,0
TXN-20260609-SKU-SUG-1K,2026-06-09,SKU-SUG-1K,Sugar 1 kg,12,49,276,264,0,0
TXN-20260609-SKU-SUJI-500,2026-06-09,SKU-SUJI-500,Suji 500 g,2,27,67,65,0,0
TXN-20260609-SKU-SURF-1K,2026-06-09,SKU-SURF-1K,Surf Excel 1 kg,2,129,59,57,0,0
TXN-20260609-SKU-TEA-250,2026-06-09,SKU-TEA-250,Tata Tea Gold 250 g,5,171,123,118,0,0
TXN-20260609-SKU-TOOR-1K,2026-06-09,SKU-TOOR-1K,Toor Dal 1 kg,5,159,124,119,0,0
TXN-20260609-SKU-VIM-500,2026-06-09,SKU-VIM-500,Vim Bar 500 g,5,42,109,104,0,0
TXN-20260609-SKU-WATER-1L,2026-06-09,SKU-WATER-1L,Bisleri Water 1 L,12,19,316,304,0,0
TXN-20260610-SKU-ATTA-5K,2026-06-10,SKU-ATTA-5K,Aashirvaad Atta 5 kg,7,257,217,210,0,0
TXN-20260610-SKU-BESAN-500,2026-06-10,SKU-BESAN-500,Besan 500 g,5,58,83,78,0,0
TXN-20260610-SKU-BREAD-400,2026-06-10,SKU-BREAD-400,Brown Bread 400 g,4,45,118,114,0,0
TXN-20260610-SKU-CHANA-1K,2026-06-10,SKU-CHANA-1K,Kabuli Chana 1 kg,2,154,74,72,0,0
TXN-20260610-SKU-COKE-750,2026-06-10,SKU-COKE-750,Coca-Cola 750 ml,6,44,204,198,0,0
TXN-20260610-SKU-DALIA-500,2026-06-10,SKU-DALIA-500,Dalia 500 g,0,30,40,40,0,0
TXN-20260610-SKU-FROOTI-600,2026-06-10,SKU-FROOTI-600,Frooti 600 ml,6,31,136,130,0,0
TXN-20260610-SKU-GHEE-1L,2026-06-10,SKU-GHEE-1L,Amul Ghee 1 L,1,641,40,39,0,0
TXN-20260610-SKU-HALDI-100,2026-06-10,SKU-HALDI-100,Turmeric Powder 100 g,1,28,65,64,0,0
TXN-20260610-SKU-HARPIC-500,2026-06-10,SKU-HARPIC-500,Harpic 500 ml,1,109,28,27,0,0
TXN-20260610-SKU-LIFEBUOY-4,2026-06-10,SKU-LIFEBUOY-4,Lifebuoy Soap 4 x 100 g,2,133,39,37,0,0
TXN-20260610-SKU-MAIDA-1K,2026-06-10,SKU-MAIDA-1K,Maida 1 kg,3,39,92,89,0,0
TXN-20260610-SKU-MIRCH-100,2026-06-10,SKU-MIRCH-100,Red Chilli Powder 100 g,2,30,64,62,0,0
TXN-20260610-SKU-MOONG-1K,2026-06-10,SKU-MOONG-1K,Moong Dal 1 kg,3,127,91,88,0,0
TXN-20260610-SKU-MUST-1L,2026-06-10,SKU-MUST-1L,Fortune Mustard Oil 1 L,5,163,116,111,0,0
TXN-20260610-SKU-OIL-1L,2026-06-10,SKU-OIL-1L,Sunpure Cooking Oil 1 L,8,158,294,286,0,0
TXN-20260610-SKU-POHA-500,2026-06-10,SKU-POHA-500,Poha 500 g,3,31,92,89,0,0
TXN-20260610-SKU-RAJMA-1K,2026-06-10,SKU-RAJMA-1K,Rajma 1 kg,2,158,62,60,0,0
TXN-20260610-SKU-SALT-1K,2026-06-10,SKU-SALT-1K,Tata Salt 1 kg,6,27,197,191,0,0
TXN-20260610-SKU-SPRITE-750,2026-06-10,SKU-SPRITE-750,Sprite 750 ml,5,42,117,112,0,0
TXN-20260610-SKU-SUG-1K,2026-06-10,SKU-SUG-1K,Sugar 1 kg,5,49,264,259,0,0
TXN-20260610-SKU-SUJI-500,2026-06-10,SKU-SUJI-500,Suji 500 g,2,27,65,63,0,0
TXN-20260610-SKU-SURF-1K,2026-06-10,SKU-SURF-1K,Surf Excel 1 kg,2,129,57,55,0,0
TXN-20260610-SKU-TEA-250,2026-06-10,SKU-TEA-250,Tata Tea Gold 250 g,4,171,118,114,0,0
TXN-20260610-SKU-TOOR-1K,2026-06-10,SKU-TOOR-1K,Toor Dal 1 kg,5,159,119,114,0,0
TXN-20260610-SKU-VIM-500,2026-06-10,SKU-VIM-500,Vim Bar 500 g,4,42,104,100,0,0
TXN-20260610-SKU-WATER-1L,2026-06-10,SKU-WATER-1L,Bisleri Water 1 L,9,19,304,295,0,0
TXN-20260611-SKU-ATTA-5K,2026-06-11,SKU-ATTA-5K,Aashirvaad Atta 5 kg,3,257,210,207,0,0
TXN-20260611-SKU-BESAN-500,2026-06-11,SKU-BESAN-500,Besan 500 g,3,58,78,75,0,0
TXN-20260611-SKU-BREAD-400,2026-06-11,SKU-BREAD-400,Brown Bread 400 g,5,45,114,109,0,0
TXN-20260611-SKU-CHANA-1K,2026-06-11,SKU-CHANA-1K,Kabuli Chana 1 kg,2,154,72,70,0,0
TXN-20260611-SKU-COKE-750,2026-06-11,SKU-COKE-750,Coca-Cola 750 ml,10,44,198,188,0,0
TXN-20260611-SKU-DALIA-500,2026-06-11,SKU-DALIA-500,Dalia 500 g,1,30,40,39,0,0
TXN-20260611-SKU-FROOTI-600,2026-06-11,SKU-FROOTI-600,Frooti 600 ml,4,31,130,126,0,0
TXN-20260611-SKU-GHEE-1L,2026-06-11,SKU-GHEE-1L,Amul Ghee 1 L,1,641,39,38,0,0
TXN-20260611-SKU-HALDI-100,2026-06-11,SKU-HALDI-100,Turmeric Powder 100 g,3,28,64,61,0,0
TXN-20260611-SKU-HARPIC-500,2026-06-11,SKU-HARPIC-500,Harpic 500 ml,1,109,27,26,0,0
TXN-20260611-SKU-LIFEBUOY-4,2026-06-11,SKU-LIFEBUOY-4,Lifebuoy Soap 4 x 100 g,1,133,37,36,0,0
TXN-20260611-SKU-MAIDA-1K,2026-06-11,SKU-MAIDA-1K,Maida 1 kg,3,39,89,86,0,0
TXN-20260611-SKU-MIRCH-100,2026-06-11,SKU-MIRCH-100,Red Chilli Powder 100 g,2,30,62,60,0,0
TXN-20260611-SKU-MOONG-1K,2026-06-11,SKU-MOONG-1K,Moong Dal 1 kg,2,127,88,86,0,0
TXN-20260611-SKU-MUST-1L,2026-06-11,SKU-MUST-1L,Fortune Mustard Oil 1 L,3,163,111,108,0,0
TXN-20260611-SKU-OIL-1L,2026-06-11,SKU-OIL-1L,Sunpure Cooking Oil 1 L,11,158,286,275,0,0
TXN-20260611-SKU-POHA-500,2026-06-11,SKU-POHA-500,Poha 500 g,3,31,89,86,0,0
TXN-20260611-SKU-RAJMA-1K,2026-06-11,SKU-RAJMA-1K,Rajma 1 kg,2,158,60,58,0,0
TXN-20260611-SKU-SALT-1K,2026-06-11,SKU-SALT-1K,Tata Salt 1 kg,7,27,191,184,0,0
TXN-20260611-SKU-SPRITE-750,2026-06-11,SKU-SPRITE-750,Sprite 750 ml,8,42,112,104,0,0
TXN-20260611-SKU-SUG-1K,2026-06-11,SKU-SUG-1K,Sugar 1 kg,9,49,259,250,0,0
TXN-20260611-SKU-SUJI-500,2026-06-11,SKU-SUJI-500,Suji 500 g,2,27,63,61,0,0
TXN-20260611-SKU-SURF-1K,2026-06-11,SKU-SURF-1K,Surf Excel 1 kg,2,129,55,53,0,0
TXN-20260611-SKU-TEA-250,2026-06-11,SKU-TEA-250,Tata Tea Gold 250 g,4,171,114,110,0,0
TXN-20260611-SKU-TOOR-1K,2026-06-11,SKU-TOOR-1K,Toor Dal 1 kg,4,159,114,110,0,0
TXN-20260611-SKU-VIM-500,2026-06-11,SKU-VIM-500,Vim Bar 500 g,3,42,100,97,0,0
TXN-20260611-SKU-WATER-1L,2026-06-11,SKU-WATER-1L,Bisleri Water 1 L,6,19,295,289,0,0
TXN-20260612-SKU-ATTA-5K,2026-06-12,SKU-ATTA-5K,Aashirvaad Atta 5 kg,10,257,207,197,0,0
TXN-20260612-SKU-BESAN-500,2026-06-12,SKU-BESAN-500,Besan 500 g,1,58,75,74,0,0
TXN-20260612-SKU-BREAD-400,2026-06-12,SKU-BREAD-400,Brown Bread 400 g,3,45,109,106,0,0
TXN-20260612-SKU-CHANA-1K,2026-06-12,SKU-CHANA-1K,Kabuli Chana 1 kg,2,154,70,68,0,0
TXN-20260612-SKU-COKE-750,2026-06-12,SKU-COKE-750,Coca-Cola 750 ml,6,44,188,182,0,0
TXN-20260612-SKU-DALIA-500,2026-06-12,SKU-DALIA-500,Dalia 500 g,1,30,39,38,0,0
TXN-20260612-SKU-FROOTI-600,2026-06-12,SKU-FROOTI-600,Frooti 600 ml,3,31,126,123,0,0
TXN-20260612-SKU-GHEE-1L,2026-06-12,SKU-GHEE-1L,Amul Ghee 1 L,1,641,38,37,0,0
TXN-20260612-SKU-HALDI-100,2026-06-12,SKU-HALDI-100,Turmeric Powder 100 g,2,28,61,59,0,0
TXN-20260612-SKU-HARPIC-500,2026-06-12,SKU-HARPIC-500,Harpic 500 ml,0,109,26,26,0,0
TXN-20260612-SKU-LIFEBUOY-4,2026-06-12,SKU-LIFEBUOY-4,Lifebuoy Soap 4 x 100 g,1,133,36,35,0,0
TXN-20260612-SKU-MAIDA-1K,2026-06-12,SKU-MAIDA-1K,Maida 1 kg,0,39,86,86,0,0
TXN-20260612-SKU-MIRCH-100,2026-06-12,SKU-MIRCH-100,Red Chilli Powder 100 g,3,30,60,57,0,0
TXN-20260612-SKU-MOONG-1K,2026-06-12,SKU-MOONG-1K,Moong Dal 1 kg,1,127,86,85,0,0
TXN-20260612-SKU-MUST-1L,2026-06-12,SKU-MUST-1L,Fortune Mustard Oil 1 L,5,163,108,103,0,0
TXN-20260612-SKU-OIL-1L,2026-06-12,SKU-OIL-1L,Sunpure Cooking Oil 1 L,10,158,275,265,0,0
TXN-20260612-SKU-POHA-500,2026-06-12,SKU-POHA-500,Poha 500 g,3,31,86,83,0,0
TXN-20260612-SKU-RAJMA-1K,2026-06-12,SKU-RAJMA-1K,Rajma 1 kg,3,158,58,55,0,0
TXN-20260612-SKU-SALT-1K,2026-06-12,SKU-SALT-1K,Tata Salt 1 kg,6,27,184,178,0,0
TXN-20260612-SKU-SPRITE-750,2026-06-12,SKU-SPRITE-750,Sprite 750 ml,3,42,104,101,0,0
TXN-20260612-SKU-SUG-1K,2026-06-12,SKU-SUG-1K,Sugar 1 kg,2,49,250,248,0,0
TXN-20260612-SKU-SUJI-500,2026-06-12,SKU-SUJI-500,Suji 500 g,1,27,61,60,0,0
TXN-20260612-SKU-SURF-1K,2026-06-12,SKU-SURF-1K,Surf Excel 1 kg,2,129,53,51,0,0
TXN-20260612-SKU-TEA-250,2026-06-12,SKU-TEA-250,Tata Tea Gold 250 g,4,171,110,106,0,0
TXN-20260612-SKU-TOOR-1K,2026-06-12,SKU-TOOR-1K,Toor Dal 1 kg,5,159,110,105,0,0
TXN-20260612-SKU-VIM-500,2026-06-12,SKU-VIM-500,Vim Bar 500 g,2,42,97,95,0,0
TXN-20260612-SKU-WATER-1L,2026-06-12,SKU-WATER-1L,Bisleri Water 1 L,14,19,289,275,0,0
TXN-20260613-SKU-ATTA-5K,2026-06-13,SKU-ATTA-5K,Aashirvaad Atta 5 kg,6,257,197,191,0,0
TXN-20260613-SKU-BESAN-500,2026-06-13,SKU-BESAN-500,Besan 500 g,1,58,74,73,0,0
TXN-20260613-SKU-BREAD-400,2026-06-13,SKU-BREAD-400,Brown Bread 400 g,4,45,106,102,0,0
TXN-20260613-SKU-CHANA-1K,2026-06-13,SKU-CHANA-1K,Kabuli Chana 1 kg,2,154,68,66,0,0
TXN-20260613-SKU-COKE-750,2026-06-13,SKU-COKE-750,Coca-Cola 750 ml,9,44,182,173,0,0
TXN-20260613-SKU-DALIA-500,2026-06-13,SKU-DALIA-500,Dalia 500 g,0,30,38,38,0,0
TXN-20260613-SKU-FROOTI-600,2026-06-13,SKU-FROOTI-600,Frooti 600 ml,6,31,123,117,0,0
TXN-20260613-SKU-GHEE-1L,2026-06-13,SKU-GHEE-1L,Amul Ghee 1 L,1,641,37,36,0,0
TXN-20260613-SKU-HALDI-100,2026-06-13,SKU-HALDI-100,Turmeric Powder 100 g,2,28,59,57,0,0
TXN-20260613-SKU-HARPIC-500,2026-06-13,SKU-HARPIC-500,Harpic 500 ml,0,109,26,26,0,0
TXN-20260613-SKU-LIFEBUOY-4,2026-06-13,SKU-LIFEBUOY-4,Lifebuoy Soap 4 x 100 g,1,133,35,34,0,0
TXN-20260613-SKU-MAIDA-1K,2026-06-13,SKU-MAIDA-1K,Maida 1 kg,4,39,86,82,0,0
TXN-20260613-SKU-MIRCH-100,2026-06-13,SKU-MIRCH-100,Red Chilli Powder 100 g,2,30,57,55,0,0
TXN-20260613-SKU-MOONG-1K,2026-06-13,SKU-MOONG-1K,Moong Dal 1 kg,3,127,85,82,0,0
TXN-20260613-SKU-MUST-1L,2026-06-13,SKU-MUST-1L,Fortune Mustard Oil 1 L,4,163,103,99,0,0
TXN-20260613-SKU-OIL-1L,2026-06-13,SKU-OIL-1L,Sunpure Cooking Oil 1 L,9,158,265,256,0,0
TXN-20260613-SKU-POHA-500,2026-06-13,SKU-POHA-500,Poha 500 g,3,31,83,80,0,0
TXN-20260613-SKU-RAJMA-1K,2026-06-13,SKU-RAJMA-1K,Rajma 1 kg,3,158,55,52,0,0
TXN-20260613-SKU-SALT-1K,2026-06-13,SKU-SALT-1K,Tata Salt 1 kg,6,27,178,172,0,0
TXN-20260613-SKU-SPRITE-750,2026-06-13,SKU-SPRITE-750,Sprite 750 ml,4,42,101,97,0,0
TXN-20260613-SKU-SUG-1K,2026-06-13,SKU-SUG-1K,Sugar 1 kg,8,49,248,240,0,0
TXN-20260613-SKU-SUJI-500,2026-06-13,SKU-SUJI-500,Suji 500 g,2,27,60,58,0,0
TXN-20260613-SKU-SURF-1K,2026-06-13,SKU-SURF-1K,Surf Excel 1 kg,2,129,51,49,0,0
TXN-20260613-SKU-TEA-250,2026-06-13,SKU-TEA-250,Tata Tea Gold 250 g,3,171,106,103,0,0
TXN-20260613-SKU-TOOR-1K,2026-06-13,SKU-TOOR-1K,Toor Dal 1 kg,5,159,105,100,0,0
TXN-20260613-SKU-VIM-500,2026-06-13,SKU-VIM-500,Vim Bar 500 g,3,42,95,92,0,0
TXN-20260613-SKU-WATER-1L,2026-06-13,SKU-WATER-1L,Bisleri Water 1 L,12,19,275,263,0,0
TXN-20260614-SKU-ATTA-5K,2026-06-14,SKU-ATTA-5K,Aashirvaad Atta 5 kg,6,257,191,185,0,0
TXN-20260614-SKU-BESAN-500,2026-06-14,SKU-BESAN-500,Besan 500 g,3,58,73,70,0,0
TXN-20260614-SKU-BREAD-400,2026-06-14,SKU-BREAD-400,Brown Bread 400 g,5,45,102,97,0,0
TXN-20260614-SKU-CHANA-1K,2026-06-14,SKU-CHANA-1K,Kabuli Chana 1 kg,3,154,66,63,0,0
TXN-20260614-SKU-COKE-750,2026-06-14,SKU-COKE-750,Coca-Cola 750 ml,7,44,173,166,0,0
TXN-20260614-SKU-DALIA-500,2026-06-14,SKU-DALIA-500,Dalia 500 g,1,30,38,37,0,0
TXN-20260614-SKU-FROOTI-600,2026-06-14,SKU-FROOTI-600,Frooti 600 ml,4,31,117,113,0,0
TXN-20260614-SKU-GHEE-1L,2026-06-14,SKU-GHEE-1L,Amul Ghee 1 L,1,641,36,35,0,0
TXN-20260614-SKU-HALDI-100,2026-06-14,SKU-HALDI-100,Turmeric Powder 100 g,2,28,57,55,0,0
TXN-20260614-SKU-HARPIC-500,2026-06-14,SKU-HARPIC-500,Harpic 500 ml,0,109,26,26,0,0
TXN-20260614-SKU-LIFEBUOY-4,2026-06-14,SKU-LIFEBUOY-4,Lifebuoy Soap 4 x 100 g,1,133,34,33,0,0
TXN-20260614-SKU-MAIDA-1K,2026-06-14,SKU-MAIDA-1K,Maida 1 kg,3,39,82,79,0,0
TXN-20260614-SKU-MIRCH-100,2026-06-14,SKU-MIRCH-100,Red Chilli Powder 100 g,2,30,55,53,0,0
TXN-20260614-SKU-MOONG-1K,2026-06-14,SKU-MOONG-1K,Moong Dal 1 kg,3,127,82,79,0,0
TXN-20260614-SKU-MUST-1L,2026-06-14,SKU-MUST-1L,Fortune Mustard Oil 1 L,4,163,99,95,0,0
TXN-20260614-SKU-OIL-1L,2026-06-14,SKU-OIL-1L,Sunpure Cooking Oil 1 L,8,158,256,248,0,0
TXN-20260614-SKU-POHA-500,2026-06-14,SKU-POHA-500,Poha 500 g,4,31,80,76,0,0
TXN-20260614-SKU-RAJMA-1K,2026-06-14,SKU-RAJMA-1K,Rajma 1 kg,2,158,52,50,0,0
TXN-20260614-SKU-SALT-1K,2026-06-14,SKU-SALT-1K,Tata Salt 1 kg,4,27,172,168,0,0
TXN-20260614-SKU-SPRITE-750,2026-06-14,SKU-SPRITE-750,Sprite 750 ml,6,42,97,91,0,0
TXN-20260614-SKU-SUG-1K,2026-06-14,SKU-SUG-1K,Sugar 1 kg,4,49,240,236,0,0
TXN-20260614-SKU-SUJI-500,2026-06-14,SKU-SUJI-500,Suji 500 g,2,27,58,56,0,0
TXN-20260614-SKU-SURF-1K,2026-06-14,SKU-SURF-1K,Surf Excel 1 kg,3,129,49,46,0,0
TXN-20260614-SKU-TEA-250,2026-06-14,SKU-TEA-250,Tata Tea Gold 250 g,4,171,103,99,0,0
TXN-20260614-SKU-TOOR-1K,2026-06-14,SKU-TOOR-1K,Toor Dal 1 kg,3,159,100,97,0,0
TXN-20260614-SKU-VIM-500,2026-06-14,SKU-VIM-500,Vim Bar 500 g,1,42,92,91,0,0
TXN-20260614-SKU-WATER-1L,2026-06-14,SKU-WATER-1L,Bisleri Water 1 L,14,19,263,249,0,0
TXN-20260615-SKU-ATTA-5K,2026-06-15,SKU-ATTA-5K,Aashirvaad Atta 5 kg,4,257,185,181,0,0
TXN-20260615-SKU-BESAN-500,2026-06-15,SKU-BESAN-500,Besan 500 g,3,58,70,67,0,0
TXN-20260615-SKU-BREAD-400,2026-06-15,SKU-BREAD-400,Brown Bread 400 g,5,45,97,92,0,0
TXN-20260615-SKU-CHANA-1K,2026-06-15,SKU-CHANA-1K,Kabuli Chana 1 kg,3,154,63,60,0,0
TXN-20260615-SKU-COKE-750,2026-06-15,SKU-COKE-750,Coca-Cola 750 ml,9,44,166,157,0,0
TXN-20260615-SKU-DALIA-500,2026-06-15,SKU-DALIA-500,Dalia 500 g,1,30,37,36,0,0
TXN-20260615-SKU-FROOTI-600,2026-06-15,SKU-FROOTI-600,Frooti 600 ml,4,31,113,109,0,0
TXN-20260615-SKU-GHEE-1L,2026-06-15,SKU-GHEE-1L,Amul Ghee 1 L,1,641,35,34,0,0
TXN-20260615-SKU-HALDI-100,2026-06-15,SKU-HALDI-100,Turmeric Powder 100 g,3,28,55,52,0,0
TXN-20260615-SKU-HARPIC-500,2026-06-15,SKU-HARPIC-500,Harpic 500 ml,1,109,26,25,0,0
TXN-20260615-SKU-LIFEBUOY-4,2026-06-15,SKU-LIFEBUOY-4,Lifebuoy Soap 4 x 100 g,1,133,33,32,0,0
TXN-20260615-SKU-MAIDA-1K,2026-06-15,SKU-MAIDA-1K,Maida 1 kg,3,39,79,76,0,0
TXN-20260615-SKU-MIRCH-100,2026-06-15,SKU-MIRCH-100,Red Chilli Powder 100 g,2,30,53,51,0,0
TXN-20260615-SKU-MOONG-1K,2026-06-15,SKU-MOONG-1K,Moong Dal 1 kg,1,127,79,78,0,0
TXN-20260615-SKU-MUST-1L,2026-06-15,SKU-MUST-1L,Fortune Mustard Oil 1 L,5,163,95,90,0,0
TXN-20260615-SKU-OIL-1L,2026-06-15,SKU-OIL-1L,Sunpure Cooking Oil 1 L,10,158,248,238,0,0
TXN-20260615-SKU-POHA-500,2026-06-15,SKU-POHA-500,Poha 500 g,3,31,76,73,0,0
TXN-20260615-SKU-RAJMA-1K,2026-06-15,SKU-RAJMA-1K,Rajma 1 kg,2,158,50,48,0,0
TXN-20260615-SKU-SALT-1K,2026-06-15,SKU-SALT-1K,Tata Salt 1 kg,8,27,168,160,0,0
TXN-20260615-SKU-SPRITE-750,2026-06-15,SKU-SPRITE-750,Sprite 750 ml,1,42,91,90,0,0
TXN-20260615-SKU-SUG-1K,2026-06-15,SKU-SUG-1K,Sugar 1 kg,11,49,236,225,0,0
TXN-20260615-SKU-SUJI-500,2026-06-15,SKU-SUJI-500,Suji 500 g,2,27,56,54,0,0
TXN-20260615-SKU-SURF-1K,2026-06-15,SKU-SURF-1K,Surf Excel 1 kg,3,129,46,43,0,0
TXN-20260615-SKU-TEA-250,2026-06-15,SKU-TEA-250,Tata Tea Gold 250 g,5,171,99,94,0,0
TXN-20260615-SKU-TOOR-1K,2026-06-15,SKU-TOOR-1K,Toor Dal 1 kg,4,159,97,93,0,0
TXN-20260615-SKU-VIM-500,2026-06-15,SKU-VIM-500,Vim Bar 500 g,5,42,91,86,0,0
TXN-20260615-SKU-WATER-1L,2026-06-15,SKU-WATER-1L,Bisleri Water 1 L,7,19,249,242,0,0
TXN-20260616-SKU-ATTA-5K,2026-06-16,SKU-ATTA-5K,Aashirvaad Atta 5 kg,9,257,181,172,0,0
TXN-20260616-SKU-BESAN-500,2026-06-16,SKU-BESAN-500,Besan 500 g,3,58,67,64,0,0
TXN-20260616-SKU-BREAD-400,2026-06-16,SKU-BREAD-400,Brown Bread 400 g,3,45,92,89,0,0
TXN-20260616-SKU-CHANA-1K,2026-06-16,SKU-CHANA-1K,Kabuli Chana 1 kg,3,154,60,57,0,0
TXN-20260616-SKU-COKE-750,2026-06-16,SKU-COKE-750,Coca-Cola 750 ml,7,44,157,150,0,0
TXN-20260616-SKU-DALIA-500,2026-06-16,SKU-DALIA-500,Dalia 500 g,1,30,36,35,0,0
TXN-20260616-SKU-FROOTI-600,2026-06-16,SKU-FROOTI-600,Frooti 600 ml,5,31,109,104,0,0
TXN-20260616-SKU-GHEE-1L,2026-06-16,SKU-GHEE-1L,Amul Ghee 1 L,2,641,34,32,0,0
TXN-20260616-SKU-HALDI-100,2026-06-16,SKU-HALDI-100,Turmeric Powder 100 g,1,28,52,51,0,0
TXN-20260616-SKU-HARPIC-500,2026-06-16,SKU-HARPIC-500,Harpic 500 ml,1,109,25,24,0,0
TXN-20260616-SKU-LIFEBUOY-4,2026-06-16,SKU-LIFEBUOY-4,Lifebuoy Soap 4 x 100 g,1,133,32,31,0,0
TXN-20260616-SKU-MAIDA-1K,2026-06-16,SKU-MAIDA-1K,Maida 1 kg,3,39,76,73,0,0
TXN-20260616-SKU-MIRCH-100,2026-06-16,SKU-MIRCH-100,Red Chilli Powder 100 g,2,30,51,49,0,0
TXN-20260616-SKU-MOONG-1K,2026-06-16,SKU-MOONG-1K,Moong Dal 1 kg,4,127,78,74,0,0
TXN-20260616-SKU-MUST-1L,2026-06-16,SKU-MUST-1L,Fortune Mustard Oil 1 L,4,163,90,86,0,0
TXN-20260616-SKU-OIL-1L,2026-06-16,SKU-OIL-1L,Sunpure Cooking Oil 1 L,11,158,238,227,0,0
TXN-20260616-SKU-POHA-500,2026-06-16,SKU-POHA-500,Poha 500 g,3,31,73,70,0,0
TXN-20260616-SKU-RAJMA-1K,2026-06-16,SKU-RAJMA-1K,Rajma 1 kg,2,158,48,46,0,0
TXN-20260616-SKU-SALT-1K,2026-06-16,SKU-SALT-1K,Tata Salt 1 kg,6,27,160,154,0,0
TXN-20260616-SKU-SPRITE-750,2026-06-16,SKU-SPRITE-750,Sprite 750 ml,5,42,90,85,0,0
TXN-20260616-SKU-SUG-1K,2026-06-16,SKU-SUG-1K,Sugar 1 kg,8,49,225,217,0,0
TXN-20260616-SKU-SUJI-500,2026-06-16,SKU-SUJI-500,Suji 500 g,3,27,54,51,0,0
TXN-20260616-SKU-SURF-1K,2026-06-16,SKU-SURF-1K,Surf Excel 1 kg,3,129,43,40,0,0
TXN-20260616-SKU-TEA-250,2026-06-16,SKU-TEA-250,Tata Tea Gold 250 g,4,171,94,90,0,0
TXN-20260616-SKU-TOOR-1K,2026-06-16,SKU-TOOR-1K,Toor Dal 1 kg,4,159,93,89,0,0
TXN-20260616-SKU-VIM-500,2026-06-16,SKU-VIM-500,Vim Bar 500 g,4,42,86,82,0,0
TXN-20260616-SKU-WATER-1L,2026-06-16,SKU-WATER-1L,Bisleri Water 1 L,15,19,242,227,0,0
TXN-20260617-SKU-ATTA-5K,2026-06-17,SKU-ATTA-5K,Aashirvaad Atta 5 kg,11,257,172,161,0,0
TXN-20260617-SKU-BESAN-500,2026-06-17,SKU-BESAN-500,Besan 500 g,3,58,64,61,0,0
TXN-20260617-SKU-BREAD-400,2026-06-17,SKU-BREAD-400,Brown Bread 400 g,4,45,89,85,0,0
TXN-20260617-SKU-CHANA-1K,2026-06-17,SKU-CHANA-1K,Kabuli Chana 1 kg,3,154,57,54,0,0
TXN-20260617-SKU-COKE-750,2026-06-17,SKU-COKE-750,Coca-Cola 750 ml,10,44,150,140,0,0
TXN-20260617-SKU-DALIA-500,2026-06-17,SKU-DALIA-500,Dalia 500 g,1,30,35,34,0,0
TXN-20260617-SKU-FROOTI-600,2026-06-17,SKU-FROOTI-600,Frooti 600 ml,4,31,104,100,0,0
TXN-20260617-SKU-GHEE-1L,2026-06-17,SKU-GHEE-1L,Amul Ghee 1 L,1,641,32,31,0,0
TXN-20260617-SKU-HALDI-100,2026-06-17,SKU-HALDI-100,Turmeric Powder 100 g,2,28,51,49,0,0
TXN-20260617-SKU-HARPIC-500,2026-06-17,SKU-HARPIC-500,Harpic 500 ml,1,109,24,23,0,0
TXN-20260617-SKU-LIFEBUOY-4,2026-06-17,SKU-LIFEBUOY-4,Lifebuoy Soap 4 x 100 g,1,133,31,30,0,0
TXN-20260617-SKU-MAIDA-1K,2026-06-17,SKU-MAIDA-1K,Maida 1 kg,2,39,73,71,0,0
TXN-20260617-SKU-MIRCH-100,2026-06-17,SKU-MIRCH-100,Red Chilli Powder 100 g,1,30,49,48,0,0
TXN-20260617-SKU-MOONG-1K,2026-06-17,SKU-MOONG-1K,Moong Dal 1 kg,4,127,74,70,0,0
TXN-20260617-SKU-MUST-1L,2026-06-17,SKU-MUST-1L,Fortune Mustard Oil 1 L,7,163,86,79,0,0
TXN-20260617-SKU-OIL-1L,2026-06-17,SKU-OIL-1L,Sunpure Cooking Oil 1 L,12,158,227,215,0,0
TXN-20260617-SKU-POHA-500,2026-06-17,SKU-POHA-500,Poha 500 g,1,31,70,69,0,0
TXN-20260617-SKU-RAJMA-1K,2026-06-17,SKU-RAJMA-1K,Rajma 1 kg,1,158,46,45,0,0
TXN-20260617-SKU-SALT-1K,2026-06-17,SKU-SALT-1K,Tata Salt 1 kg,9,27,154,145,0,0
TXN-20260617-SKU-SPRITE-750,2026-06-17,SKU-SPRITE-750,Sprite 750 ml,2,42,85,83,0,0
TXN-20260617-SKU-SUG-1K,2026-06-17,SKU-SUG-1K,Sugar 1 kg,12,49,217,205,0,0
TXN-20260617-SKU-SUJI-500,2026-06-17,SKU-SUJI-500,Suji 500 g,2,27,51,49,0,0
TXN-20260617-SKU-SURF-1K,2026-06-17,SKU-SURF-1K,Surf Excel 1 kg,2,129,40,38,0,0
TXN-20260617-SKU-TEA-250,2026-06-17,SKU-TEA-250,Tata Tea Gold 250 g,4,171,90,86,0,0
TXN-20260617-SKU-TOOR-1K,2026-06-17,SKU-TOOR-1K,Toor Dal 1 kg,4,159,89,85,0,0
TXN-20260617-SKU-VIM-500,2026-06-17,SKU-VIM-500,Vim Bar 500 g,5,42,82,77,0,0
TXN-20260617-SKU-WATER-1L,2026-06-17,SKU-WATER-1L,Bisleri Water 1 L,17,19,227,210,0,0
TXN-20260618-SKU-ATTA-5K,2026-06-18,SKU-ATTA-5K,Aashirvaad Atta 5 kg,8,257,161,153,0,0
TXN-20260618-SKU-BESAN-500,2026-06-18,SKU-BESAN-500,Besan 500 g,4,58,61,57,0,0
TXN-20260618-SKU-BREAD-400,2026-06-18,SKU-BREAD-400,Brown Bread 400 g,4,45,85,81,0,0
TXN-20260618-SKU-CHANA-1K,2026-06-18,SKU-CHANA-1K,Kabuli Chana 1 kg,2,154,54,52,0,0
TXN-20260618-SKU-COKE-750,2026-06-18,SKU-COKE-750,Coca-Cola 750 ml,6,44,140,134,0,0
TXN-20260618-SKU-DALIA-500,2026-06-18,SKU-DALIA-500,Dalia 500 g,1,30,34,33,0,0
TXN-20260618-SKU-FROOTI-600,2026-06-18,SKU-FROOTI-600,Frooti 600 ml,6,31,100,94,0,0
TXN-20260618-SKU-GHEE-1L,2026-06-18,SKU-GHEE-1L,Amul Ghee 1 L,2,641,31,29,0,0
TXN-20260618-SKU-HALDI-100,2026-06-18,SKU-HALDI-100,Turmeric Powder 100 g,2,28,49,47,0,0
TXN-20260618-SKU-HARPIC-500,2026-06-18,SKU-HARPIC-500,Harpic 500 ml,1,109,23,22,0,0
TXN-20260618-SKU-LIFEBUOY-4,2026-06-18,SKU-LIFEBUOY-4,Lifebuoy Soap 4 x 100 g,2,133,30,28,0,0
TXN-20260618-SKU-MAIDA-1K,2026-06-18,SKU-MAIDA-1K,Maida 1 kg,2,39,71,69,0,0
TXN-20260618-SKU-MIRCH-100,2026-06-18,SKU-MIRCH-100,Red Chilli Powder 100 g,2,30,48,46,0,0
TXN-20260618-SKU-MOONG-1K,2026-06-18,SKU-MOONG-1K,Moong Dal 1 kg,4,127,70,66,0,0
TXN-20260618-SKU-MUST-1L,2026-06-18,SKU-MUST-1L,Fortune Mustard Oil 1 L,4,163,79,75,0,0
TXN-20260618-SKU-OIL-1L,2026-06-18,SKU-OIL-1L,Sunpure Cooking Oil 1 L,2,158,215,213,0,0
TXN-20260618-SKU-POHA-500,2026-06-18,SKU-POHA-500,Poha 500 g,3,31,69,66,0,0
TXN-20260618-SKU-RAJMA-1K,2026-06-18,SKU-RAJMA-1K,Rajma 1 kg,2,158,45,43,0,0
TXN-20260618-SKU-SALT-1K,2026-06-18,SKU-SALT-1K,Tata Salt 1 kg,8,27,145,137,0,0
TXN-20260618-SKU-SPRITE-750,2026-06-18,SKU-SPRITE-750,Sprite 750 ml,4,42,83,79,0,0
TXN-20260618-SKU-SUG-1K,2026-06-18,SKU-SUG-1K,Sugar 1 kg,5,49,205,200,0,0
TXN-20260618-SKU-SUJI-500,2026-06-18,SKU-SUJI-500,Suji 500 g,2,27,49,47,0,0
TXN-20260618-SKU-SURF-1K,2026-06-18,SKU-SURF-1K,Surf Excel 1 kg,2,129,38,36,0,0
TXN-20260618-SKU-TEA-250,2026-06-18,SKU-TEA-250,Tata Tea Gold 250 g,3,171,86,83,0,0
TXN-20260618-SKU-TOOR-1K,2026-06-18,SKU-TOOR-1K,Toor Dal 1 kg,4,159,85,81,0,0
TXN-20260618-SKU-VIM-500,2026-06-18,SKU-VIM-500,Vim Bar 500 g,5,42,77,72,0,0
TXN-20260618-SKU-WATER-1L,2026-06-18,SKU-WATER-1L,Bisleri Water 1 L,10,19,210,200,0,0
TXN-20260619-SKU-ATTA-5K,2026-06-19,SKU-ATTA-5K,Aashirvaad Atta 5 kg,8,257,153,145,0,0
TXN-20260619-SKU-BESAN-500,2026-06-19,SKU-BESAN-500,Besan 500 g,4,58,57,53,0,0
TXN-20260619-SKU-BREAD-400,2026-06-19,SKU-BREAD-400,Brown Bread 400 g,4,45,81,77,0,0
TXN-20260619-SKU-CHANA-1K,2026-06-19,SKU-CHANA-1K,Kabuli Chana 1 kg,2,154,52,50,0,0
TXN-20260619-SKU-COKE-750,2026-06-19,SKU-COKE-750,Coca-Cola 750 ml,6,44,134,128,0,0
TXN-20260619-SKU-DALIA-500,2026-06-19,SKU-DALIA-500,Dalia 500 g,1,30,33,32,0,0
TXN-20260619-SKU-FROOTI-600,2026-06-19,SKU-FROOTI-600,Frooti 600 ml,4,31,94,90,0,0
TXN-20260619-SKU-GHEE-1L,2026-06-19,SKU-GHEE-1L,Amul Ghee 1 L,1,641,29,28,0,0
TXN-20260619-SKU-HALDI-100,2026-06-19,SKU-HALDI-100,Turmeric Powder 100 g,2,28,47,45,0,0
TXN-20260619-SKU-HARPIC-500,2026-06-19,SKU-HARPIC-500,Harpic 500 ml,1,109,22,21,0,0
TXN-20260619-SKU-LIFEBUOY-4,2026-06-19,SKU-LIFEBUOY-4,Lifebuoy Soap 4 x 100 g,1,133,28,27,0,0
TXN-20260619-SKU-MAIDA-1K,2026-06-19,SKU-MAIDA-1K,Maida 1 kg,4,39,69,65,0,0
TXN-20260619-SKU-MIRCH-100,2026-06-19,SKU-MIRCH-100,Red Chilli Powder 100 g,2,30,46,44,0,0
TXN-20260619-SKU-MOONG-1K,2026-06-19,SKU-MOONG-1K,Moong Dal 1 kg,3,127,66,63,0,0
TXN-20260619-SKU-MUST-1L,2026-06-19,SKU-MUST-1L,Fortune Mustard Oil 1 L,3,163,75,72,0,0
TXN-20260619-SKU-OIL-1L,2026-06-19,SKU-OIL-1L,Sunpure Cooking Oil 1 L,6,158,213,207,0,0
TXN-20260619-SKU-POHA-500,2026-06-19,SKU-POHA-500,Poha 500 g,4,31,66,62,0,0
TXN-20260619-SKU-RAJMA-1K,2026-06-19,SKU-RAJMA-1K,Rajma 1 kg,2,158,43,41,0,0
TXN-20260619-SKU-SALT-1K,2026-06-19,SKU-SALT-1K,Tata Salt 1 kg,6,27,137,131,0,0
TXN-20260619-SKU-SPRITE-750,2026-06-19,SKU-SPRITE-750,Sprite 750 ml,6,42,79,73,0,0
TXN-20260619-SKU-SUG-1K,2026-06-19,SKU-SUG-1K,Sugar 1 kg,18,49,200,182,0,0
TXN-20260619-SKU-SUJI-500,2026-06-19,SKU-SUJI-500,Suji 500 g,3,27,47,44,0,0
TXN-20260619-SKU-SURF-1K,2026-06-19,SKU-SURF-1K,Surf Excel 1 kg,2,129,36,34,0,0
TXN-20260619-SKU-TEA-250,2026-06-19,SKU-TEA-250,Tata Tea Gold 250 g,6,171,83,77,0,0
TXN-20260619-SKU-TOOR-1K,2026-06-19,SKU-TOOR-1K,Toor Dal 1 kg,4,159,81,77,0,0
TXN-20260619-SKU-VIM-500,2026-06-19,SKU-VIM-500,Vim Bar 500 g,3,42,72,69,0,0
TXN-20260619-SKU-WATER-1L,2026-06-19,SKU-WATER-1L,Bisleri Water 1 L,15,19,200,185,0,0
TXN-20260620-SKU-ATTA-5K,2026-06-20,SKU-ATTA-5K,Aashirvaad Atta 5 kg,7,257,145,138,0,0
TXN-20260620-SKU-BESAN-500,2026-06-20,SKU-BESAN-500,Besan 500 g,2,58,53,51,0,0
TXN-20260620-SKU-BREAD-400,2026-06-20,SKU-BREAD-400,Brown Bread 400 g,5,45,77,72,0,0
TXN-20260620-SKU-CHANA-1K,2026-06-20,SKU-CHANA-1K,Kabuli Chana 1 kg,3,154,50,47,0,0
TXN-20260620-SKU-COKE-750,2026-06-20,SKU-COKE-750,Coca-Cola 750 ml,9,44,128,119,0,0
TXN-20260620-SKU-DALIA-500,2026-06-20,SKU-DALIA-500,Dalia 500 g,0,30,32,32,0,0
TXN-20260620-SKU-FROOTI-600,2026-06-20,SKU-FROOTI-600,Frooti 600 ml,5,31,90,85,0,0
TXN-20260620-SKU-GHEE-1L,2026-06-20,SKU-GHEE-1L,Amul Ghee 1 L,1,641,28,27,0,0
TXN-20260620-SKU-HALDI-100,2026-06-20,SKU-HALDI-100,Turmeric Powder 100 g,2,28,45,43,0,0
TXN-20260620-SKU-HARPIC-500,2026-06-20,SKU-HARPIC-500,Harpic 500 ml,1,109,21,20,0,0
TXN-20260620-SKU-LIFEBUOY-4,2026-06-20,SKU-LIFEBUOY-4,Lifebuoy Soap 4 x 100 g,2,133,27,25,0,0
TXN-20260620-SKU-MAIDA-1K,2026-06-20,SKU-MAIDA-1K,Maida 1 kg,4,39,65,61,0,0
TXN-20260620-SKU-MIRCH-100,2026-06-20,SKU-MIRCH-100,Red Chilli Powder 100 g,2,30,44,42,0,0
TXN-20260620-SKU-MOONG-1K,2026-06-20,SKU-MOONG-1K,Moong Dal 1 kg,2,127,63,61,0,0
TXN-20260620-SKU-MUST-1L,2026-06-20,SKU-MUST-1L,Fortune Mustard Oil 1 L,3,163,72,69,0,0
TXN-20260620-SKU-OIL-1L,2026-06-20,SKU-OIL-1L,Sunpure Cooking Oil 1 L,19,158,207,188,0,0
TXN-20260620-SKU-POHA-500,2026-06-20,SKU-POHA-500,Poha 500 g,3,31,62,59,0,0
TXN-20260620-SKU-RAJMA-1K,2026-06-20,SKU-RAJMA-1K,Rajma 1 kg,1,158,41,40,0,0
TXN-20260620-SKU-SALT-1K,2026-06-20,SKU-SALT-1K,Tata Salt 1 kg,9,27,131,122,0,0
TXN-20260620-SKU-SPRITE-750,2026-06-20,SKU-SPRITE-750,Sprite 750 ml,3,42,73,70,0,0
TXN-20260620-SKU-SUG-1K,2026-06-20,SKU-SUG-1K,Sugar 1 kg,10,49,182,172,0,0
TXN-20260620-SKU-SUJI-500,2026-06-20,SKU-SUJI-500,Suji 500 g,1,27,44,43,0,0
TXN-20260620-SKU-SURF-1K,2026-06-20,SKU-SURF-1K,Surf Excel 1 kg,2,129,34,32,0,0
TXN-20260620-SKU-TEA-250,2026-06-20,SKU-TEA-250,Tata Tea Gold 250 g,4,171,77,73,0,0
TXN-20260620-SKU-TOOR-1K,2026-06-20,SKU-TOOR-1K,Toor Dal 1 kg,4,159,77,73,0,0
TXN-20260620-SKU-VIM-500,2026-06-20,SKU-VIM-500,Vim Bar 500 g,5,42,69,64,0,0
TXN-20260620-SKU-WATER-1L,2026-06-20,SKU-WATER-1L,Bisleri Water 1 L,13,19,185,172,0,0
TXN-20260621-SKU-ATTA-5K,2026-06-21,SKU-ATTA-5K,Aashirvaad Atta 5 kg,7,257,138,131,0,0
TXN-20260621-SKU-BESAN-500,2026-06-21,SKU-BESAN-500,Besan 500 g,2,58,51,49,0,0
TXN-20260621-SKU-BREAD-400,2026-06-21,SKU-BREAD-400,Brown Bread 400 g,4,45,72,68,0,0
TXN-20260621-SKU-CHANA-1K,2026-06-21,SKU-CHANA-1K,Kabuli Chana 1 kg,2,154,47,45,0,0
TXN-20260621-SKU-COKE-750,2026-06-21,SKU-COKE-750,Coca-Cola 750 ml,7,44,119,112,0,0
TXN-20260621-SKU-DALIA-500,2026-06-21,SKU-DALIA-500,Dalia 500 g,2,30,32,30,0,0
TXN-20260621-SKU-FROOTI-600,2026-06-21,SKU-FROOTI-600,Frooti 600 ml,4,31,85,81,0,0
TXN-20260621-SKU-GHEE-1L,2026-06-21,SKU-GHEE-1L,Amul Ghee 1 L,1,641,27,26,0,0
TXN-20260621-SKU-HALDI-100,2026-06-21,SKU-HALDI-100,Turmeric Powder 100 g,2,28,43,41,0,0
TXN-20260621-SKU-HARPIC-500,2026-06-21,SKU-HARPIC-500,Harpic 500 ml,2,109,20,18,0,0
TXN-20260621-SKU-LIFEBUOY-4,2026-06-21,SKU-LIFEBUOY-4,Lifebuoy Soap 4 x 100 g,1,133,25,24,0,0
TXN-20260621-SKU-MAIDA-1K,2026-06-21,SKU-MAIDA-1K,Maida 1 kg,3,39,61,58,0,0
TXN-20260621-SKU-MIRCH-100,2026-06-21,SKU-MIRCH-100,Red Chilli Powder 100 g,2,30,42,40,0,0
TXN-20260621-SKU-MOONG-1K,2026-06-21,SKU-MOONG-1K,Moong Dal 1 kg,2,127,61,59,0,0
TXN-20260621-SKU-MUST-1L,2026-06-21,SKU-MUST-1L,Fortune Mustard Oil 1 L,4,163,69,65,0,0
TXN-20260621-SKU-OIL-1L,2026-06-21,SKU-OIL-1L,Sunpure Cooking Oil 1 L,10,158,188,178,0,0
TXN-20260621-SKU-POHA-500,2026-06-21,SKU-POHA-500,Poha 500 g,3,31,59,56,0,0
TXN-20260621-SKU-RAJMA-1K,2026-06-21,SKU-RAJMA-1K,Rajma 1 kg,3,158,40,37,0,0
TXN-20260621-SKU-SALT-1K,2026-06-21,SKU-SALT-1K,Tata Salt 1 kg,7,27,122,115,0,0
TXN-20260621-SKU-SPRITE-750,2026-06-21,SKU-SPRITE-750,Sprite 750 ml,4,42,70,66,0,0
TXN-20260621-SKU-SUG-1K,2026-06-21,SKU-SUG-1K,Sugar 1 kg,10,49,172,162,0,0
TXN-20260621-SKU-SUJI-500,2026-06-21,SKU-SUJI-500,Suji 500 g,2,27,43,41,0,0
TXN-20260621-SKU-SURF-1K,2026-06-21,SKU-SURF-1K,Surf Excel 1 kg,2,129,32,30,0,0
TXN-20260621-SKU-TEA-250,2026-06-21,SKU-TEA-250,Tata Tea Gold 250 g,3,171,73,70,0,0
TXN-20260621-SKU-TOOR-1K,2026-06-21,SKU-TOOR-1K,Toor Dal 1 kg,4,159,73,69,0,0
TXN-20260621-SKU-VIM-500,2026-06-21,SKU-VIM-500,Vim Bar 500 g,4,42,64,60,0,0
TXN-20260621-SKU-WATER-1L,2026-06-21,SKU-WATER-1L,Bisleri Water 1 L,10,19,172,162,0,0
TXN-20260622-SKU-ATTA-5K,2026-06-22,SKU-ATTA-5K,Aashirvaad Atta 5 kg,7,257,131,124,0,0
TXN-20260622-SKU-BESAN-500,2026-06-22,SKU-BESAN-500,Besan 500 g,2,58,49,47,0,0
TXN-20260622-SKU-BREAD-400,2026-06-22,SKU-BREAD-400,Brown Bread 400 g,6,45,68,362,0,0
TXN-20260622-SKU-CHANA-1K,2026-06-22,SKU-CHANA-1K,Kabuli Chana 1 kg,1,154,45,44,0,0
TXN-20260622-SKU-COKE-750,2026-06-22,SKU-COKE-750,Coca-Cola 750 ml,5,44,112,787,0,0
TXN-20260622-SKU-DALIA-500,2026-06-22,SKU-DALIA-500,Dalia 500 g,2,30,30,28,0,0
TXN-20260622-SKU-FROOTI-600,2026-06-22,SKU-FROOTI-600,Frooti 600 ml,6,31,81,555,0,0
TXN-20260622-SKU-GHEE-1L,2026-06-22,SKU-GHEE-1L,Amul Ghee 1 L,1,641,26,25,0,0
TXN-20260622-SKU-HALDI-100,2026-06-22,SKU-HALDI-100,Turmeric Powder 100 g,2,28,41,39,0,0
TXN-20260622-SKU-HARPIC-500,2026-06-22,SKU-HARPIC-500,Harpic 500 ml,1,109,18,97,0,0
TXN-20260622-SKU-LIFEBUOY-4,2026-06-22,SKU-LIFEBUOY-4,Lifebuoy Soap 4 x 100 g,0,133,24,104,0,0
TXN-20260622-SKU-MAIDA-1K,2026-06-22,SKU-MAIDA-1K,Maida 1 kg,3,39,58,55,0,0
TXN-20260622-SKU-MIRCH-100,2026-06-22,SKU-MIRCH-100,Red Chilli Powder 100 g,2,30,40,38,0,0
TXN-20260622-SKU-MOONG-1K,2026-06-22,SKU-MOONG-1K,Moong Dal 1 kg,4,127,59,55,0,0
TXN-20260622-SKU-MUST-1L,2026-06-22,SKU-MUST-1L,Fortune Mustard Oil 1 L,2,163,65,63,0,0
TXN-20260622-SKU-OIL-1L,2026-06-22,SKU-OIL-1L,Sunpure Cooking Oil 1 L,10,158,178,168,0,0
TXN-20260622-SKU-POHA-500,2026-06-22,SKU-POHA-500,Poha 500 g,3,31,56,53,0,0
TXN-20260622-SKU-RAJMA-1K,2026-06-22,SKU-RAJMA-1K,Rajma 1 kg,2,158,37,35,0,0
TXN-20260622-SKU-SALT-1K,2026-06-22,SKU-SALT-1K,Tata Salt 1 kg,5,27,115,110,0,0
TXN-20260622-SKU-SPRITE-750,2026-06-22,SKU-SPRITE-750,Sprite 750 ml,6,42,66,430,0,0
TXN-20260622-SKU-SUG-1K,2026-06-22,SKU-SUG-1K,Sugar 1 kg,6,49,162,156,0,0
TXN-20260622-SKU-SUJI-500,2026-06-22,SKU-SUJI-500,Suji 500 g,2,27,41,39,0,0
TXN-20260622-SKU-SURF-1K,2026-06-22,SKU-SURF-1K,Surf Excel 1 kg,1,129,30,179,0,0
TXN-20260622-SKU-TEA-250,2026-06-22,SKU-TEA-250,Tata Tea Gold 250 g,7,171,70,63,0,0
TXN-20260622-SKU-TOOR-1K,2026-06-22,SKU-TOOR-1K,Toor Dal 1 kg,3,159,69,66,0,0
TXN-20260622-SKU-VIM-500,2026-06-22,SKU-VIM-500,Vim Bar 500 g,2,42,60,348,0,0
TXN-20260622-SKU-WATER-1L,2026-06-22,SKU-WATER-1L,Bisleri Water 1 L,16,19,162,1206,0,0
TXN-20260623-SKU-ATTA-5K,2026-06-23,SKU-ATTA-5K,Aashirvaad Atta 5 kg,6,257,124,118,0,0
TXN-20260623-SKU-BESAN-500,2026-06-23,SKU-BESAN-500,Besan 500 g,3,58,47,44,0,0
TXN-20260623-SKU-BREAD-400,2026-06-23,SKU-BREAD-400,Brown Bread 400 g,3,45,362,359,0,0
TXN-20260623-SKU-CHANA-1K,2026-06-23,SKU-CHANA-1K,Kabuli Chana 1 kg,2,154,44,42,0,0
TXN-20260623-SKU-COKE-750,2026-06-23,SKU-COKE-750,Coca-Cola 750 ml,4,44,787,783,0,0
TXN-20260623-SKU-DALIA-500,2026-06-23,SKU-DALIA-500,Dalia 500 g,1,30,28,27,0,0
TXN-20260623-SKU-FROOTI-600,2026-06-23,SKU-FROOTI-600,Frooti 600 ml,4,31,555,551,0,0
TXN-20260623-SKU-GHEE-1L,2026-06-23,SKU-GHEE-1L,Amul Ghee 1 L,0,641,25,25,0,0
TXN-20260623-SKU-HALDI-100,2026-06-23,SKU-HALDI-100,Turmeric Powder 100 g,2,28,39,37,0,0
TXN-20260623-SKU-HARPIC-500,2026-06-23,SKU-HARPIC-500,Harpic 500 ml,1,109,97,96,0,0
TXN-20260623-SKU-LIFEBUOY-4,2026-06-23,SKU-LIFEBUOY-4,Lifebuoy Soap 4 x 100 g,1,133,104,103,0,0
TXN-20260623-SKU-MAIDA-1K,2026-06-23,SKU-MAIDA-1K,Maida 1 kg,3,39,55,52,0,0
TXN-20260623-SKU-MIRCH-100,2026-06-23,SKU-MIRCH-100,Red Chilli Powder 100 g,2,30,38,36,0,0
TXN-20260623-SKU-MOONG-1K,2026-06-23,SKU-MOONG-1K,Moong Dal 1 kg,2,127,55,53,0,0
TXN-20260623-SKU-MUST-1L,2026-06-23,SKU-MUST-1L,Fortune Mustard Oil 1 L,4,163,63,59,0,0
TXN-20260623-SKU-OIL-1L,2026-06-23,SKU-OIL-1L,Sunpure Cooking Oil 1 L,18,158,168,150,0,0
TXN-20260623-SKU-POHA-500,2026-06-23,SKU-POHA-500,Poha 500 g,3,31,53,50,0,0
TXN-20260623-SKU-RAJMA-1K,2026-06-23,SKU-RAJMA-1K,Rajma 1 kg,2,158,35,33,0,0
TXN-20260623-SKU-SALT-1K,2026-06-23,SKU-SALT-1K,Tata Salt 1 kg,6,27,110,104,0,0
TXN-20260623-SKU-SPRITE-750,2026-06-23,SKU-SPRITE-750,Sprite 750 ml,6,42,430,424,0,0
TXN-20260623-SKU-SUG-1K,2026-06-23,SKU-SUG-1K,Sugar 1 kg,12,49,156,144,0,0
TXN-20260623-SKU-SUJI-500,2026-06-23,SKU-SUJI-500,Suji 500 g,2,27,39,37,0,0
TXN-20260623-SKU-SURF-1K,2026-06-23,SKU-SURF-1K,Surf Excel 1 kg,2,129,179,177,0,0
TXN-20260623-SKU-TEA-250,2026-06-23,SKU-TEA-250,Tata Tea Gold 250 g,4,171,63,59,0,0
TXN-20260623-SKU-TOOR-1K,2026-06-23,SKU-TOOR-1K,Toor Dal 1 kg,4,159,66,62,0,0
TXN-20260623-SKU-VIM-500,2026-06-23,SKU-VIM-500,Vim Bar 500 g,5,42,348,343,0,0
TXN-20260623-SKU-WATER-1L,2026-06-23,SKU-WATER-1L,Bisleri Water 1 L,13,19,1206,1193,0,0
TXN-20260624-SKU-ATTA-5K,2026-06-24,SKU-ATTA-5K,Aashirvaad Atta 5 kg,5,257,118,113,0,0
TXN-20260624-SKU-BESAN-500,2026-06-24,SKU-BESAN-500,Besan 500 g,3,58,44,41,0,0
TXN-20260624-SKU-BREAD-400,2026-06-24,SKU-BREAD-400,Brown Bread 400 g,2,45,359,357,0,0
TXN-20260624-SKU-CHANA-1K,2026-06-24,SKU-CHANA-1K,Kabuli Chana 1 kg,3,154,42,39,0,0
TXN-20260624-SKU-COKE-750,2026-06-24,SKU-COKE-750,Coca-Cola 750 ml,5,44,783,778,0,0
TXN-20260624-SKU-DALIA-500,2026-06-24,SKU-DALIA-500,Dalia 500 g,0,30,27,27,0,0
TXN-20260624-SKU-FROOTI-600,2026-06-24,SKU-FROOTI-600,Frooti 600 ml,4,31,551,547,0,0
TXN-20260624-SKU-GHEE-1L,2026-06-24,SKU-GHEE-1L,Amul Ghee 1 L,1,641,25,24,0,0
TXN-20260624-SKU-HALDI-100,2026-06-24,SKU-HALDI-100,Turmeric Powder 100 g,2,28,37,35,0,0
TXN-20260624-SKU-HARPIC-500,2026-06-24,SKU-HARPIC-500,Harpic 500 ml,2,109,96,94,0,0
TXN-20260624-SKU-LIFEBUOY-4,2026-06-24,SKU-LIFEBUOY-4,Lifebuoy Soap 4 x 100 g,0,133,103,103,0,0
TXN-20260624-SKU-MAIDA-1K,2026-06-24,SKU-MAIDA-1K,Maida 1 kg,4,39,52,48,0,0
TXN-20260624-SKU-MIRCH-100,2026-06-24,SKU-MIRCH-100,Red Chilli Powder 100 g,1,30,36,35,0,0
TXN-20260624-SKU-MOONG-1K,2026-06-24,SKU-MOONG-1K,Moong Dal 1 kg,4,127,53,49,0,0
TXN-20260624-SKU-MUST-1L,2026-06-24,SKU-MUST-1L,Fortune Mustard Oil 1 L,3,163,59,56,0,0
TXN-20260624-SKU-OIL-1L,2026-06-24,SKU-OIL-1L,Sunpure Cooking Oil 1 L,8,158,150,142,0,0
TXN-20260624-SKU-POHA-500,2026-06-24,SKU-POHA-500,Poha 500 g,2,31,50,48,0,0
TXN-20260624-SKU-RAJMA-1K,2026-06-24,SKU-RAJMA-1K,Rajma 1 kg,2,158,33,31,0,0
TXN-20260624-SKU-SALT-1K,2026-06-24,SKU-SALT-1K,Tata Salt 1 kg,5,27,104,99,0,0
TXN-20260624-SKU-SPRITE-750,2026-06-24,SKU-SPRITE-750,Sprite 750 ml,4,42,424,420,0,0
TXN-20260624-SKU-SUG-1K,2026-06-24,SKU-SUG-1K,Sugar 1 kg,2,49,144,142,0,0
TXN-20260624-SKU-SUJI-500,2026-06-24,SKU-SUJI-500,Suji 500 g,2,27,37,35,0,0
TXN-20260624-SKU-SURF-1K,2026-06-24,SKU-SURF-1K,Surf Excel 1 kg,4,129,177,173,0,0
TXN-20260624-SKU-TEA-250,2026-06-24,SKU-TEA-250,Tata Tea Gold 250 g,4,171,59,55,0,0
TXN-20260624-SKU-TOOR-1K,2026-06-24,SKU-TOOR-1K,Toor Dal 1 kg,4,159,62,58,0,0
TXN-20260624-SKU-VIM-500,2026-06-24,SKU-VIM-500,Vim Bar 500 g,5,42,343,338,0,0
TXN-20260624-SKU-WATER-1L,2026-06-24,SKU-WATER-1L,Bisleri Water 1 L,14,19,1193,1179,0,0
TXN-20260625-SKU-ATTA-5K,2026-06-25,SKU-ATTA-5K,Aashirvaad Atta 5 kg,7,257,113,106,0,0
TXN-20260625-SKU-BESAN-500,2026-06-25,SKU-BESAN-500,Besan 500 g,4,58,41,247,0,0
TXN-20260625-SKU-BREAD-400,2026-06-25,SKU-BREAD-400,Brown Bread 400 g,5,45,357,352,0,0
TXN-20260625-SKU-CHANA-1K,2026-06-25,SKU-CHANA-1K,Kabuli Chana 1 kg,2,154,39,37,0,0
TXN-20260625-SKU-COKE-750,2026-06-25,SKU-COKE-750,Coca-Cola 750 ml,6,44,778,772,0,0
TXN-20260625-SKU-DALIA-500,2026-06-25,SKU-DALIA-500,Dalia 500 g,2,30,27,25,0,0
TXN-20260625-SKU-FROOTI-600,2026-06-25,SKU-FROOTI-600,Frooti 600 ml,7,31,547,540,0,0
TXN-20260625-SKU-GHEE-1L,2026-06-25,SKU-GHEE-1L,Amul Ghee 1 L,1,641,24,103,0,0
TXN-20260625-SKU-HALDI-100,2026-06-25,SKU-HALDI-100,Turmeric Powder 100 g,1,28,35,174,0,0
TXN-20260625-SKU-HARPIC-500,2026-06-25,SKU-HARPIC-500,Harpic 500 ml,2,109,94,92,0,0
TXN-20260625-SKU-LIFEBUOY-4,2026-06-25,SKU-LIFEBUOY-4,Lifebuoy Soap 4 x 100 g,1,133,103,102,0,0
TXN-20260625-SKU-MAIDA-1K,2026-06-25,SKU-MAIDA-1K,Maida 1 kg,3,39,48,45,0,0
TXN-20260625-SKU-MIRCH-100,2026-06-25,SKU-MIRCH-100,Red Chilli Powder 100 g,4,30,35,181,0,0
TXN-20260625-SKU-MOONG-1K,2026-06-25,SKU-MOONG-1K,Moong Dal 1 kg,2,127,49,257,0,0
TXN-20260625-SKU-MUST-1L,2026-06-25,SKU-MUST-1L,Fortune Mustard Oil 1 L,3,163,56,333,0,0
TXN-20260625-SKU-OIL-1L,2026-06-25,SKU-OIL-1L,Sunpure Cooking Oil 1 L,12,158,142,840,0,0
TXN-20260625-SKU-POHA-500,2026-06-25,SKU-POHA-500,Poha 500 g,3,31,48,255,0,0
TXN-20260625-SKU-RAJMA-1K,2026-06-25,SKU-RAJMA-1K,Rajma 1 kg,2,158,31,29,0,0
TXN-20260625-SKU-SALT-1K,2026-06-25,SKU-SALT-1K,Tata Salt 1 kg,10,27,99,569,0,0
TXN-20260625-SKU-SPRITE-750,2026-06-25,SKU-SPRITE-750,Sprite 750 ml,5,42,420,415,0,0
TXN-20260625-SKU-SUG-1K,2026-06-25,SKU-SUG-1K,Sugar 1 kg,9,49,142,843,0,0
TXN-20260625-SKU-SUJI-500,2026-06-25,SKU-SUJI-500,Suji 500 g,3,27,35,32,0,0
TXN-20260625-SKU-SURF-1K,2026-06-25,SKU-SURF-1K,Surf Excel 1 kg,2,129,173,171,0,0
TXN-20260625-SKU-TEA-250,2026-06-25,SKU-TEA-250,Tata Tea Gold 250 g,3,171,55,322,0,0
TXN-20260625-SKU-TOOR-1K,2026-06-25,SKU-TOOR-1K,Toor Dal 1 kg,3,159,58,335,0,0
TXN-20260625-SKU-VIM-500,2026-06-25,SKU-VIM-500,Vim Bar 500 g,4,42,338,334,0,0
TXN-20260625-SKU-WATER-1L,2026-06-25,SKU-WATER-1L,Bisleri Water 1 L,10,19,1179,1169,0,0
TXN-20260626-SKU-ATTA-5K,2026-06-26,SKU-ATTA-5K,Aashirvaad Atta 5 kg,8,257,106,618,0,0
TXN-20260626-SKU-BESAN-500,2026-06-26,SKU-BESAN-500,Besan 500 g,2,58,247,245,0,0
TXN-20260626-SKU-BREAD-400,2026-06-26,SKU-BREAD-400,Brown Bread 400 g,3,45,352,349,0,0
TXN-20260626-SKU-CHANA-1K,2026-06-26,SKU-CHANA-1K,Kabuli Chana 1 kg,1,154,37,196,0,0
TXN-20260626-SKU-COKE-750,2026-06-26,SKU-COKE-750,Coca-Cola 750 ml,11,44,772,761,0,0
TXN-20260626-SKU-DALIA-500,2026-06-26,SKU-DALIA-500,Dalia 500 g,1,30,25,104,0,0
TXN-20260626-SKU-FROOTI-600,2026-06-26,SKU-FROOTI-600,Frooti 600 ml,6,31,540,534,0,0
TXN-20260626-SKU-GHEE-1L,2026-06-26,SKU-GHEE-1L,Amul Ghee 1 L,1,641,103,102,0,0
TXN-20260626-SKU-HALDI-100,2026-06-26,SKU-HALDI-100,Turmeric Powder 100 g,0,28,174,174,0,0
TXN-20260626-SKU-HARPIC-500,2026-06-26,SKU-HARPIC-500,Harpic 500 ml,1,109,92,91,0,0
TXN-20260626-SKU-LIFEBUOY-4,2026-06-26,SKU-LIFEBUOY-4,Lifebuoy Soap 4 x 100 g,1,133,102,101,0,0
TXN-20260626-SKU-MAIDA-1K,2026-06-26,SKU-MAIDA-1K,Maida 1 kg,5,39,45,270,0,0
TXN-20260626-SKU-MIRCH-100,2026-06-26,SKU-MIRCH-100,Red Chilli Powder 100 g,2,30,181,179,0,0
TXN-20260626-SKU-MOONG-1K,2026-06-26,SKU-MOONG-1K,Moong Dal 1 kg,2,127,257,255,0,0
TXN-20260626-SKU-MUST-1L,2026-06-26,SKU-MUST-1L,Fortune Mustard Oil 1 L,5,163,333,328,0,0
TXN-20260626-SKU-OIL-1L,2026-06-26,SKU-OIL-1L,Sunpure Cooking Oil 1 L,12,158,840,828,0,0
TXN-20260626-SKU-POHA-500,2026-06-26,SKU-POHA-500,Poha 500 g,3,31,255,252,0,0
TXN-20260626-SKU-RAJMA-1K,2026-06-26,SKU-RAJMA-1K,Rajma 1 kg,2,158,29,177,0,0
TXN-20260626-SKU-SALT-1K,2026-06-26,SKU-SALT-1K,Tata Salt 1 kg,10,27,569,559,0,0
TXN-20260626-SKU-SPRITE-750,2026-06-26,SKU-SPRITE-750,Sprite 750 ml,3,42,415,412,0,0
TXN-20260626-SKU-SUG-1K,2026-06-26,SKU-SUG-1K,Sugar 1 kg,7,49,843,836,0,0
TXN-20260626-SKU-SUJI-500,2026-06-26,SKU-SUJI-500,Suji 500 g,2,27,32,190,0,0
TXN-20260626-SKU-SURF-1K,2026-06-26,SKU-SURF-1K,Surf Excel 1 kg,1,129,171,170,0,0
TXN-20260626-SKU-TEA-250,2026-06-26,SKU-TEA-250,Tata Tea Gold 250 g,1,171,322,321,0,0
TXN-20260626-SKU-TOOR-1K,2026-06-26,SKU-TOOR-1K,Toor Dal 1 kg,4,159,335,331,0,0
TXN-20260626-SKU-VIM-500,2026-06-26,SKU-VIM-500,Vim Bar 500 g,5,42,334,329,0,0
TXN-20260626-SKU-WATER-1L,2026-06-26,SKU-WATER-1L,Bisleri Water 1 L,12,19,1169,1157,0,0
TXN-20260627-SKU-ATTA-5K,2026-06-27,SKU-ATTA-5K,Aashirvaad Atta 5 kg,5,257,618,613,0,0
TXN-20260627-SKU-BESAN-500,2026-06-27,SKU-BESAN-500,Besan 500 g,4,58,245,241,0,0
TXN-20260627-SKU-BREAD-400,2026-06-27,SKU-BREAD-400,Brown Bread 400 g,5,45,349,344,0,0
TXN-20260627-SKU-CHANA-1K,2026-06-27,SKU-CHANA-1K,Kabuli Chana 1 kg,3,154,196,193,0,0
TXN-20260627-SKU-COKE-750,2026-06-27,SKU-COKE-750,Coca-Cola 750 ml,7,44,761,754,0,0
TXN-20260627-SKU-DALIA-500,2026-06-27,SKU-DALIA-500,Dalia 500 g,1,30,104,103,0,0
TXN-20260627-SKU-FROOTI-600,2026-06-27,SKU-FROOTI-600,Frooti 600 ml,4,31,534,530,0,0
TXN-20260627-SKU-GHEE-1L,2026-06-27,SKU-GHEE-1L,Amul Ghee 1 L,2,641,102,100,0,0
TXN-20260627-SKU-HALDI-100,2026-06-27,SKU-HALDI-100,Turmeric Powder 100 g,1,28,174,173,0,0
TXN-20260627-SKU-HARPIC-500,2026-06-27,SKU-HARPIC-500,Harpic 500 ml,1,109,91,90,0,0
TXN-20260627-SKU-LIFEBUOY-4,2026-06-27,SKU-LIFEBUOY-4,Lifebuoy Soap 4 x 100 g,2,133,101,99,0,0
TXN-20260627-SKU-MAIDA-1K,2026-06-27,SKU-MAIDA-1K,Maida 1 kg,3,39,270,267,0,0
TXN-20260627-SKU-MIRCH-100,2026-06-27,SKU-MIRCH-100,Red Chilli Powder 100 g,2,30,179,177,0,0
TXN-20260627-SKU-MOONG-1K,2026-06-27,SKU-MOONG-1K,Moong Dal 1 kg,3,127,255,252,0,0
TXN-20260627-SKU-MUST-1L,2026-06-27,SKU-MUST-1L,Fortune Mustard Oil 1 L,4,163,328,324,0,0
TXN-20260627-SKU-OIL-1L,2026-06-27,SKU-OIL-1L,Sunpure Cooking Oil 1 L,11,158,828,817,0,0
TXN-20260627-SKU-POHA-500,2026-06-27,SKU-POHA-500,Poha 500 g,3,31,252,249,0,0
TXN-20260627-SKU-RAJMA-1K,2026-06-27,SKU-RAJMA-1K,Rajma 1 kg,2,158,177,175,0,0
TXN-20260627-SKU-SALT-1K,2026-06-27,SKU-SALT-1K,Tata Salt 1 kg,6,27,559,553,0,0
TXN-20260627-SKU-SPRITE-750,2026-06-27,SKU-SPRITE-750,Sprite 750 ml,3,42,412,409,0,0
TXN-20260627-SKU-SUG-1K,2026-06-27,SKU-SUG-1K,Sugar 1 kg,10,49,836,826,0,0
TXN-20260627-SKU-SUJI-500,2026-06-27,SKU-SUJI-500,Suji 500 g,2,27,190,188,0,0
TXN-20260627-SKU-SURF-1K,2026-06-27,SKU-SURF-1K,Surf Excel 1 kg,3,129,170,167,0,0
TXN-20260627-SKU-TEA-250,2026-06-27,SKU-TEA-250,Tata Tea Gold 250 g,6,171,321,315,0,0
TXN-20260627-SKU-TOOR-1K,2026-06-27,SKU-TOOR-1K,Toor Dal 1 kg,5,159,331,326,0,0
TXN-20260627-SKU-VIM-500,2026-06-27,SKU-VIM-500,Vim Bar 500 g,3,42,329,326,0,0
TXN-20260627-SKU-WATER-1L,2026-06-27,SKU-WATER-1L,Bisleri Water 1 L,9,19,1157,1148,0,0
TXN-20260628-SKU-ATTA-5K,2026-06-28,SKU-ATTA-5K,Aashirvaad Atta 5 kg,7,257,613,606,0,0
TXN-20260628-SKU-BESAN-500,2026-06-28,SKU-BESAN-500,Besan 500 g,3,58,241,238,0,0
TXN-20260628-SKU-BREAD-400,2026-06-28,SKU-BREAD-400,Brown Bread 400 g,2,45,344,342,0,0
TXN-20260628-SKU-CHANA-1K,2026-06-28,SKU-CHANA-1K,Kabuli Chana 1 kg,4,154,193,189,0,0
TXN-20260628-SKU-COKE-750,2026-06-28,SKU-COKE-750,Coca-Cola 750 ml,10,44,754,744,0,0
TXN-20260628-SKU-DALIA-500,2026-06-28,SKU-DALIA-500,Dalia 500 g,1,30,103,102,0,0
TXN-20260628-SKU-FROOTI-600,2026-06-28,SKU-FROOTI-600,Frooti 600 ml,5,31,530,525,0,0
TXN-20260628-SKU-GHEE-1L,2026-06-28,SKU-GHEE-1L,Amul Ghee 1 L,1,641,100,99,0,0
TXN-20260628-SKU-HALDI-100,2026-06-28,SKU-HALDI-100,Turmeric Powder 100 g,3,28,173,170,0,0
TXN-20260628-SKU-HARPIC-500,2026-06-28,SKU-HARPIC-500,Harpic 500 ml,1,109,90,89,0,0
TXN-20260628-SKU-LIFEBUOY-4,2026-06-28,SKU-LIFEBUOY-4,Lifebuoy Soap 4 x 100 g,1,133,99,98,0,0
TXN-20260628-SKU-MAIDA-1K,2026-06-28,SKU-MAIDA-1K,Maida 1 kg,3,39,267,264,0,0
TXN-20260628-SKU-MIRCH-100,2026-06-28,SKU-MIRCH-100,Red Chilli Powder 100 g,2,30,177,175,0,0
TXN-20260628-SKU-MOONG-1K,2026-06-28,SKU-MOONG-1K,Moong Dal 1 kg,4,127,252,248,0,0
TXN-20260628-SKU-MUST-1L,2026-06-28,SKU-MUST-1L,Fortune Mustard Oil 1 L,3,163,324,321,0,0
TXN-20260628-SKU-OIL-1L,2026-06-28,SKU-OIL-1L,Sunpure Cooking Oil 1 L,11,158,817,806,0,0
TXN-20260628-SKU-POHA-500,2026-06-28,SKU-POHA-500,Poha 500 g,4,31,249,245,0,0
TXN-20260628-SKU-RAJMA-1K,2026-06-28,SKU-RAJMA-1K,Rajma 1 kg,2,158,175,173,0,0
TXN-20260628-SKU-SALT-1K,2026-06-28,SKU-SALT-1K,Tata Salt 1 kg,9,27,553,544,0,0
TXN-20260628-SKU-SPRITE-750,2026-06-28,SKU-SPRITE-750,Sprite 750 ml,5,42,409,404,0,0
TXN-20260628-SKU-SUG-1K,2026-06-28,SKU-SUG-1K,Sugar 1 kg,7,49,826,819,0,0
TXN-20260628-SKU-SUJI-500,2026-06-28,SKU-SUJI-500,Suji 500 g,1,27,188,187,0,0
TXN-20260628-SKU-SURF-1K,2026-06-28,SKU-SURF-1K,Surf Excel 1 kg,2,129,167,165,0,0
TXN-20260628-SKU-TEA-250,2026-06-28,SKU-TEA-250,Tata Tea Gold 250 g,4,171,315,311,0,0
TXN-20260628-SKU-TOOR-1K,2026-06-28,SKU-TOOR-1K,Toor Dal 1 kg,4,159,326,322,0,0
TXN-20260628-SKU-VIM-500,2026-06-28,SKU-VIM-500,Vim Bar 500 g,4,42,326,322,0,0
TXN-20260628-SKU-WATER-1L,2026-06-28,SKU-WATER-1L,Bisleri Water 1 L,12,19,1148,1136,0,0
TXN-20260629-SKU-ATTA-5K,2026-06-29,SKU-ATTA-5K,Aashirvaad Atta 5 kg,6,257,606,600,0,0
TXN-20260629-SKU-BESAN-500,2026-06-29,SKU-BESAN-500,Besan 500 g,3,58,238,235,0,0
TXN-20260629-SKU-BREAD-400,2026-06-29,SKU-BREAD-400,Brown Bread 400 g,2,45,342,340,0,0
TXN-20260629-SKU-CHANA-1K,2026-06-29,SKU-CHANA-1K,Kabuli Chana 1 kg,2,154,189,187,0,0
TXN-20260629-SKU-COKE-750,2026-06-29,SKU-COKE-750,Coca-Cola 750 ml,6,44,744,738,0,0
TXN-20260629-SKU-DALIA-500,2026-06-29,SKU-DALIA-500,Dalia 500 g,1,30,102,101,0,0
TXN-20260629-SKU-FROOTI-600,2026-06-29,SKU-FROOTI-600,Frooti 600 ml,6,31,525,519,0,0
TXN-20260629-SKU-GHEE-1L,2026-06-29,SKU-GHEE-1L,Amul Ghee 1 L,1,641,99,98,0,0
TXN-20260629-SKU-HALDI-100,2026-06-29,SKU-HALDI-100,Turmeric Powder 100 g,3,28,170,167,0,0
TXN-20260629-SKU-HARPIC-500,2026-06-29,SKU-HARPIC-500,Harpic 500 ml,1,109,89,88,0,0
TXN-20260629-SKU-LIFEBUOY-4,2026-06-29,SKU-LIFEBUOY-4,Lifebuoy Soap 4 x 100 g,1,133,98,97,0,0
TXN-20260629-SKU-MAIDA-1K,2026-06-29,SKU-MAIDA-1K,Maida 1 kg,4,39,264,260,0,0
TXN-20260629-SKU-MIRCH-100,2026-06-29,SKU-MIRCH-100,Red Chilli Powder 100 g,2,30,175,173,0,0
TXN-20260629-SKU-MOONG-1K,2026-06-29,SKU-MOONG-1K,Moong Dal 1 kg,3,127,248,245,0,0
TXN-20260629-SKU-MUST-1L,2026-06-29,SKU-MUST-1L,Fortune Mustard Oil 1 L,7,163,321,314,0,0
TXN-20260629-SKU-OIL-1L,2026-06-29,SKU-OIL-1L,Sunpure Cooking Oil 1 L,14,158,806,792,0,0
TXN-20260629-SKU-POHA-500,2026-06-29,SKU-POHA-500,Poha 500 g,3,31,245,242,0,0
TXN-20260629-SKU-RAJMA-1K,2026-06-29,SKU-RAJMA-1K,Rajma 1 kg,2,158,173,171,0,0
TXN-20260629-SKU-SALT-1K,2026-06-29,SKU-SALT-1K,Tata Salt 1 kg,8,27,544,536,0,0
TXN-20260629-SKU-SPRITE-750,2026-06-29,SKU-SPRITE-750,Sprite 750 ml,6,42,404,398,0,0
TXN-20260629-SKU-SUG-1K,2026-06-29,SKU-SUG-1K,Sugar 1 kg,9,49,819,810,0,0
TXN-20260629-SKU-SUJI-500,2026-06-29,SKU-SUJI-500,Suji 500 g,3,27,187,184,0,0
TXN-20260629-SKU-SURF-1K,2026-06-29,SKU-SURF-1K,Surf Excel 1 kg,2,129,165,163,0,0
TXN-20260629-SKU-TEA-250,2026-06-29,SKU-TEA-250,Tata Tea Gold 250 g,4,171,311,307,0,0
TXN-20260629-SKU-TOOR-1K,2026-06-29,SKU-TOOR-1K,Toor Dal 1 kg,4,159,322,318,0,0
TXN-20260629-SKU-VIM-500,2026-06-29,SKU-VIM-500,Vim Bar 500 g,5,42,322,317,0,0
TXN-20260629-SKU-WATER-1L,2026-06-29,SKU-WATER-1L,Bisleri Water 1 L,11,19,1136,1125,0,0
TXN-20260630-SKU-ATTA-5K,2026-06-30,SKU-ATTA-5K,Aashirvaad Atta 5 kg,11,257,600,589,0,0
TXN-20260630-SKU-BESAN-500,2026-06-30,SKU-BESAN-500,Besan 500 g,3,58,235,232,0,0
TXN-20260630-SKU-BREAD-400,2026-06-30,SKU-BREAD-400,Brown Bread 400 g,4,45,340,336,0,0
TXN-20260630-SKU-CHANA-1K,2026-06-30,SKU-CHANA-1K,Kabuli Chana 1 kg,2,154,187,185,0,0
TXN-20260630-SKU-COKE-750,2026-06-30,SKU-COKE-750,Coca-Cola 750 ml,3,44,738,735,0,0
TXN-20260630-SKU-DALIA-500,2026-06-30,SKU-DALIA-500,Dalia 500 g,1,30,101,100,0,0
TXN-20260630-SKU-FROOTI-600,2026-06-30,SKU-FROOTI-600,Frooti 600 ml,4,31,519,515,0,0
TXN-20260630-SKU-GHEE-1L,2026-06-30,SKU-GHEE-1L,Amul Ghee 1 L,1,641,98,97,0,0
TXN-20260630-SKU-HALDI-100,2026-06-30,SKU-HALDI-100,Turmeric Powder 100 g,2,28,167,165,0,0
TXN-20260630-SKU-HARPIC-500,2026-06-30,SKU-HARPIC-500,Harpic 500 ml,0,109,88,88,0,0
TXN-20260630-SKU-LIFEBUOY-4,2026-06-30,SKU-LIFEBUOY-4,Lifebuoy Soap 4 x 100 g,1,133,97,96,0,0
TXN-20260630-SKU-MAIDA-1K,2026-06-30,SKU-MAIDA-1K,Maida 1 kg,4,39,260,256,0,0
TXN-20260630-SKU-MIRCH-100,2026-06-30,SKU-MIRCH-100,Red Chilli Powder 100 g,2,30,173,171,0,0
TXN-20260630-SKU-MOONG-1K,2026-06-30,SKU-MOONG-1K,Moong Dal 1 kg,3,127,245,242,0,0
TXN-20260630-SKU-MUST-1L,2026-06-30,SKU-MUST-1L,Fortune Mustard Oil 1 L,3,163,314,311,0,0
TXN-20260630-SKU-OIL-1L,2026-06-30,SKU-OIL-1L,Sunpure Cooking Oil 1 L,8,158,792,784,0,0
TXN-20260630-SKU-POHA-500,2026-06-30,SKU-POHA-500,Poha 500 g,2,31,242,240,0,0
TXN-20260630-SKU-RAJMA-1K,2026-06-30,SKU-RAJMA-1K,Rajma 1 kg,2,158,171,169,0,0
TXN-20260630-SKU-SALT-1K,2026-06-30,SKU-SALT-1K,Tata Salt 1 kg,7,27,536,529,0,0
TXN-20260630-SKU-SPRITE-750,2026-06-30,SKU-SPRITE-750,Sprite 750 ml,5,42,398,393,0,0
TXN-20260630-SKU-SUG-1K,2026-06-30,SKU-SUG-1K,Sugar 1 kg,6,49,810,804,0,0
TXN-20260630-SKU-SUJI-500,2026-06-30,SKU-SUJI-500,Suji 500 g,2,27,184,182,0,0
TXN-20260630-SKU-SURF-1K,2026-06-30,SKU-SURF-1K,Surf Excel 1 kg,3,129,163,160,0,0
TXN-20260630-SKU-TEA-250,2026-06-30,SKU-TEA-250,Tata Tea Gold 250 g,3,171,307,304,0,0
TXN-20260630-SKU-TOOR-1K,2026-06-30,SKU-TOOR-1K,Toor Dal 1 kg,3,159,318,315,0,0
TXN-20260630-SKU-VIM-500,2026-06-30,SKU-VIM-500,Vim Bar 500 g,4,42,317,313,0,0
TXN-20260630-SKU-WATER-1L,2026-06-30,SKU-WATER-1L,Bisleri Water 1 L,14,19,1125,1111,0,0
TXN-20260701-SKU-ATTA-5K,2026-07-01,SKU-ATTA-5K,Aashirvaad Atta 5 kg,11,257,589,578,0,0
TXN-20260701-SKU-BESAN-500,2026-07-01,SKU-BESAN-500,Besan 500 g,2,58,232,230,0,0
TXN-20260701-SKU-BREAD-400,2026-07-01,SKU-BREAD-400,Brown Bread 400 g,2,45,336,334,0,0
TXN-20260701-SKU-CHANA-1K,2026-07-01,SKU-CHANA-1K,Kabuli Chana 1 kg,2,154,185,183,0,0
TXN-20260701-SKU-COKE-750,2026-07-01,SKU-COKE-750,Coca-Cola 750 ml,5,44,735,730,0,0
TXN-20260701-SKU-DALIA-500,2026-07-01,SKU-DALIA-500,Dalia 500 g,1,30,100,99,0,0
TXN-20260701-SKU-FROOTI-600,2026-07-01,SKU-FROOTI-600,Frooti 600 ml,4,31,515,511,0,0
TXN-20260701-SKU-GHEE-1L,2026-07-01,SKU-GHEE-1L,Amul Ghee 1 L,2,641,97,95,0,0
TXN-20260701-SKU-HALDI-100,2026-07-01,SKU-HALDI-100,Turmeric Powder 100 g,1,28,165,164,0,0
TXN-20260701-SKU-HARPIC-500,2026-07-01,SKU-HARPIC-500,Harpic 500 ml,1,109,88,87,0,0
TXN-20260701-SKU-LIFEBUOY-4,2026-07-01,SKU-LIFEBUOY-4,Lifebuoy Soap 4 x 100 g,1,133,96,95,0,0
TXN-20260701-SKU-MAIDA-1K,2026-07-01,SKU-MAIDA-1K,Maida 1 kg,1,39,256,255,0,0
TXN-20260701-SKU-MIRCH-100,2026-07-01,SKU-MIRCH-100,Red Chilli Powder 100 g,3,30,171,168,0,0
TXN-20260701-SKU-MOONG-1K,2026-07-01,SKU-MOONG-1K,Moong Dal 1 kg,2,127,242,240,0,0
TXN-20260701-SKU-MUST-1L,2026-07-01,SKU-MUST-1L,Fortune Mustard Oil 1 L,7,163,311,304,0,0
TXN-20260701-SKU-OIL-1L,2026-07-01,SKU-OIL-1L,Sunpure Cooking Oil 1 L,9,158,784,775,0,0
TXN-20260701-SKU-POHA-500,2026-07-01,SKU-POHA-500,Poha 500 g,4,31,240,236,0,0
TXN-20260701-SKU-RAJMA-1K,2026-07-01,SKU-RAJMA-1K,Rajma 1 kg,2,158,169,167,0,0
TXN-20260701-SKU-SALT-1K,2026-07-01,SKU-SALT-1K,Tata Salt 1 kg,6,27,529,523,0,0
TXN-20260701-SKU-SPRITE-750,2026-07-01,SKU-SPRITE-750,Sprite 750 ml,5,42,393,388,0,0
TXN-20260701-SKU-SUG-1K,2026-07-01,SKU-SUG-1K,Sugar 1 kg,7,49,804,797,0,0
TXN-20260701-SKU-SUJI-500,2026-07-01,SKU-SUJI-500,Suji 500 g,3,27,182,179,0,0
TXN-20260701-SKU-SURF-1K,2026-07-01,SKU-SURF-1K,Surf Excel 1 kg,2,129,160,158,0,0
TXN-20260701-SKU-TEA-250,2026-07-01,SKU-TEA-250,Tata Tea Gold 250 g,4,171,304,300,0,0
TXN-20260701-SKU-TOOR-1K,2026-07-01,SKU-TOOR-1K,Toor Dal 1 kg,3,159,315,312,0,0
TXN-20260701-SKU-VIM-500,2026-07-01,SKU-VIM-500,Vim Bar 500 g,4,42,313,309,0,0
TXN-20260701-SKU-WATER-1L,2026-07-01,SKU-WATER-1L,Bisleri Water 1 L,16,19,1111,1095,0,0
TXN-20260702-SKU-ATTA-5K,2026-07-02,SKU-ATTA-5K,Aashirvaad Atta 5 kg,7,257,578,571,0,0
TXN-20260702-SKU-BESAN-500,2026-07-02,SKU-BESAN-500,Besan 500 g,4,58,230,226,0,0
TXN-20260702-SKU-BREAD-400,2026-07-02,SKU-BREAD-400,Brown Bread 400 g,5,45,334,329,0,0
TXN-20260702-SKU-CHANA-1K,2026-07-02,SKU-CHANA-1K,Kabuli Chana 1 kg,3,154,183,180,0,0
TXN-20260702-SKU-COKE-750,2026-07-02,SKU-COKE-750,Coca-Cola 750 ml,8,44,730,722,0,0
TXN-20260702-SKU-DALIA-500,2026-07-02,SKU-DALIA-500,Dalia 500 g,0,30,99,99,0,0
TXN-20260702-SKU-FROOTI-600,2026-07-02,SKU-FROOTI-600,Frooti 600 ml,4,31,511,507,0,0
TXN-20260702-SKU-GHEE-1L,2026-07-02,SKU-GHEE-1L,Amul Ghee 1 L,1,641,95,94,0,0
TXN-20260702-SKU-HALDI-100,2026-07-02,SKU-HALDI-100,Turmeric Powder 100 g,2,28,164,162,0,0
TXN-20260702-SKU-HARPIC-500,2026-07-02,SKU-HARPIC-500,Harpic 500 ml,1,109,87,86,0,0
TXN-20260702-SKU-LIFEBUOY-4,2026-07-02,SKU-LIFEBUOY-4,Lifebuoy Soap 4 x 100 g,2,133,95,93,0,0
TXN-20260702-SKU-MAIDA-1K,2026-07-02,SKU-MAIDA-1K,Maida 1 kg,3,39,255,252,0,0
TXN-20260702-SKU-MIRCH-100,2026-07-02,SKU-MIRCH-100,Red Chilli Powder 100 g,1,30,168,167,0,0
TXN-20260702-SKU-MOONG-1K,2026-07-02,SKU-MOONG-1K,Moong Dal 1 kg,3,127,240,237,0,0
TXN-20260702-SKU-MUST-1L,2026-07-02,SKU-MUST-1L,Fortune Mustard Oil 1 L,4,163,304,300,0,0
TXN-20260702-SKU-OIL-1L,2026-07-02,SKU-OIL-1L,Sunpure Cooking Oil 1 L,8,158,775,767,0,0
TXN-20260702-SKU-POHA-500,2026-07-02,SKU-POHA-500,Poha 500 g,3,31,236,233,0,0
TXN-20260702-SKU-RAJMA-1K,2026-07-02,SKU-RAJMA-1K,Rajma 1 kg,2,158,167,165,0,0
TXN-20260702-SKU-SALT-1K,2026-07-02,SKU-SALT-1K,Tata Salt 1 kg,7,27,523,516,0,0
TXN-20260702-SKU-SPRITE-750,2026-07-02,SKU-SPRITE-750,Sprite 750 ml,1,42,388,387,0,0
TXN-20260702-SKU-SUG-1K,2026-07-02,SKU-SUG-1K,Sugar 1 kg,12,49,797,785,0,0
TXN-20260702-SKU-SUJI-500,2026-07-02,SKU-SUJI-500,Suji 500 g,2,27,179,177,0,0
TXN-20260702-SKU-SURF-1K,2026-07-02,SKU-SURF-1K,Surf Excel 1 kg,2,129,158,156,0,0
TXN-20260702-SKU-TEA-250,2026-07-02,SKU-TEA-250,Tata Tea Gold 250 g,4,171,300,296,0,0
TXN-20260702-SKU-TOOR-1K,2026-07-02,SKU-TOOR-1K,Toor Dal 1 kg,4,159,312,308,0,0
TXN-20260702-SKU-VIM-500,2026-07-02,SKU-VIM-500,Vim Bar 500 g,4,42,309,305,0,0
TXN-20260702-SKU-WATER-1L,2026-07-02,SKU-WATER-1L,Bisleri Water 1 L,11,19,1095,1084,0,0
TXN-20260703-SKU-ATTA-5K,2026-07-03,SKU-ATTA-5K,Aashirvaad Atta 5 kg,4,257,571,567,0,0
TXN-20260703-SKU-BESAN-500,2026-07-03,SKU-BESAN-500,Besan 500 g,5,58,226,221,0,0
TXN-20260703-SKU-BREAD-400,2026-07-03,SKU-BREAD-400,Brown Bread 400 g,3,45,329,326,0,0
TXN-20260703-SKU-CHANA-1K,2026-07-03,SKU-CHANA-1K,Kabuli Chana 1 kg,3,154,180,177,0,0
TXN-20260703-SKU-COKE-750,2026-07-03,SKU-COKE-750,Coca-Cola 750 ml,4,44,722,718,0,0
TXN-20260703-SKU-DALIA-500,2026-07-03,SKU-DALIA-500,Dalia 500 g,0,30,99,99,0,0
TXN-20260703-SKU-FROOTI-600,2026-07-03,SKU-FROOTI-600,Frooti 600 ml,5,31,507,502,0,0
TXN-20260703-SKU-GHEE-1L,2026-07-03,SKU-GHEE-1L,Amul Ghee 1 L,2,641,94,92,0,0
TXN-20260703-SKU-HALDI-100,2026-07-03,SKU-HALDI-100,Turmeric Powder 100 g,3,28,162,159,0,0
TXN-20260703-SKU-HARPIC-500,2026-07-03,SKU-HARPIC-500,Harpic 500 ml,1,109,86,125,0,0
TXN-20260703-SKU-LIFEBUOY-4,2026-07-03,SKU-LIFEBUOY-4,Lifebuoy Soap 4 x 100 g,1,133,93,92,0,0
TXN-20260703-SKU-MAIDA-1K,2026-07-03,SKU-MAIDA-1K,Maida 1 kg,3,39,252,249,0,0
TXN-20260703-SKU-MIRCH-100,2026-07-03,SKU-MIRCH-100,Red Chilli Powder 100 g,2,30,167,165,0,0
TXN-20260703-SKU-MOONG-1K,2026-07-03,SKU-MOONG-1K,Moong Dal 1 kg,4,127,237,233,0,0
TXN-20260703-SKU-MUST-1L,2026-07-03,SKU-MUST-1L,Fortune Mustard Oil 1 L,5,163,300,295,0,0
TXN-20260703-SKU-OIL-1L,2026-07-03,SKU-OIL-1L,Sunpure Cooking Oil 1 L,13,158,767,754,0,0
TXN-20260703-SKU-POHA-500,2026-07-03,SKU-POHA-500,Poha 500 g,4,31,233,229,0,0
TXN-20260703-SKU-RAJMA-1K,2026-07-03,SKU-RAJMA-1K,Rajma 1 kg,1,158,165,164,0,0
TXN-20260703-SKU-SALT-1K,2026-07-03,SKU-SALT-1K,Tata Salt 1 kg,10,27,516,506,0,0
TXN-20260703-SKU-SPRITE-750,2026-07-03,SKU-SPRITE-750,Sprite 750 ml,2,42,387,385,0,0
TXN-20260703-SKU-SUG-1K,2026-07-03,SKU-SUG-1K,Sugar 1 kg,13,49,785,772,0,0
TXN-20260703-SKU-SUJI-500,2026-07-03,SKU-SUJI-500,Suji 500 g,2,27,177,175,0,0
TXN-20260703-SKU-SURF-1K,2026-07-03,SKU-SURF-1K,Surf Excel 1 kg,2,129,156,154,0,0
TXN-20260703-SKU-TEA-250,2026-07-03,SKU-TEA-250,Tata Tea Gold 250 g,5,171,296,291,0,0
TXN-20260703-SKU-TOOR-1K,2026-07-03,SKU-TOOR-1K,Toor Dal 1 kg,4,159,308,304,0,0
TXN-20260703-SKU-VIM-500,2026-07-03,SKU-VIM-500,Vim Bar 500 g,4,42,305,301,0,0
TXN-20260703-SKU-WATER-1L,2026-07-03,SKU-WATER-1L,Bisleri Water 1 L,8,19,1084,1076,0,0
TXN-20260704-SKU-ATTA-5K,2026-07-04,SKU-ATTA-5K,Aashirvaad Atta 5 kg,8,257,567,559,0,0
TXN-20260704-SKU-BESAN-500,2026-07-04,SKU-BESAN-500,Besan 500 g,3,58,221,218,0,0
TXN-20260704-SKU-BREAD-400,2026-07-04,SKU-BREAD-400,Brown Bread 400 g,4,45,326,322,0,0
TXN-20260704-SKU-CHANA-1K,2026-07-04,SKU-CHANA-1K,Kabuli Chana 1 kg,3,154,177,174,0,0
TXN-20260704-SKU-COKE-750,2026-07-04,SKU-COKE-750,Coca-Cola 750 ml,8,44,718,710,0,0
TXN-20260704-SKU-DALIA-500,2026-07-04,SKU-DALIA-500,Dalia 500 g,2,30,99,97,0,0
TXN-20260704-SKU-FROOTI-600,2026-07-04,SKU-FROOTI-600,Frooti 600 ml,6,31,502,496,0,0
TXN-20260704-SKU-GHEE-1L,2026-07-04,SKU-GHEE-1L,Amul Ghee 1 L,1,641,92,91,0,0
TXN-20260704-SKU-HALDI-100,2026-07-04,SKU-HALDI-100,Turmeric Powder 100 g,1,28,159,158,0,0
TXN-20260704-SKU-HARPIC-500,2026-07-04,SKU-HARPIC-500,Harpic 500 ml,1,109,125,124,0,0
TXN-20260704-SKU-LIFEBUOY-4,2026-07-04,SKU-LIFEBUOY-4,Lifebuoy Soap 4 x 100 g,2,133,92,90,0,0
TXN-20260704-SKU-MAIDA-1K,2026-07-04,SKU-MAIDA-1K,Maida 1 kg,3,39,249,246,0,0
TXN-20260704-SKU-MIRCH-100,2026-07-04,SKU-MIRCH-100,Red Chilli Powder 100 g,2,30,165,163,0,0
TXN-20260704-SKU-MOONG-1K,2026-07-04,SKU-MOONG-1K,Moong Dal 1 kg,4,127,233,229,0,0
TXN-20260704-SKU-MUST-1L,2026-07-04,SKU-MUST-1L,Fortune Mustard Oil 1 L,4,163,295,291,0,0
TXN-20260704-SKU-OIL-1L,2026-07-04,SKU-OIL-1L,Sunpure Cooking Oil 1 L,9,158,754,745,0,0
TXN-20260704-SKU-POHA-500,2026-07-04,SKU-POHA-500,Poha 500 g,4,31,229,225,0,0
TXN-20260704-SKU-RAJMA-1K,2026-07-04,SKU-RAJMA-1K,Rajma 1 kg,3,158,164,161,0,0
TXN-20260704-SKU-SALT-1K,2026-07-04,SKU-SALT-1K,Tata Salt 1 kg,5,27,506,501,0,0
TXN-20260704-SKU-SPRITE-750,2026-07-04,SKU-SPRITE-750,Sprite 750 ml,5,42,385,380,0,0
TXN-20260704-SKU-SUG-1K,2026-07-04,SKU-SUG-1K,Sugar 1 kg,6,49,772,766,0,0
TXN-20260704-SKU-SUJI-500,2026-07-04,SKU-SUJI-500,Suji 500 g,2,27,175,173,0,0
TXN-20260704-SKU-SURF-1K,2026-07-04,SKU-SURF-1K,Surf Excel 1 kg,3,129,154,151,0,0
TXN-20260704-SKU-TEA-250,2026-07-04,SKU-TEA-250,Tata Tea Gold 250 g,4,171,291,287,0,0
TXN-20260704-SKU-TOOR-1K,2026-07-04,SKU-TOOR-1K,Toor Dal 1 kg,3,159,304,301,0,0
TXN-20260704-SKU-VIM-500,2026-07-04,SKU-VIM-500,Vim Bar 500 g,4,42,301,297,0,0
TXN-20260704-SKU-WATER-1L,2026-07-04,SKU-WATER-1L,Bisleri Water 1 L,8,19,1076,1068,0,0
TXN-20260705-SKU-ATTA-5K,2026-07-05,SKU-ATTA-5K,Aashirvaad Atta 5 kg,9,257,559,550,0,0
TXN-20260705-SKU-BESAN-500,2026-07-05,SKU-BESAN-500,Besan 500 g,2,58,218,216,0,0
TXN-20260705-SKU-BREAD-400,2026-07-05,SKU-BREAD-400,Brown Bread 400 g,3,45,322,319,0,0
TXN-20260705-SKU-CHANA-1K,2026-07-05,SKU-CHANA-1K,Kabuli Chana 1 kg,3,154,174,171,0,0
TXN-20260705-SKU-COKE-750,2026-07-05,SKU-COKE-750,Coca-Cola 750 ml,8,44,710,702,0,0
TXN-20260705-SKU-DALIA-500,2026-07-05,SKU-DALIA-500,Dalia 500 g,1,30,97,96,0,0
TXN-20260705-SKU-FROOTI-600,2026-07-05,SKU-FROOTI-600,Frooti 600 ml,4,31,496,492,0,0
TXN-20260705-SKU-GHEE-1L,2026-07-05,SKU-GHEE-1L,Amul Ghee 1 L,1,641,91,90,0,0
TXN-20260705-SKU-HALDI-100,2026-07-05,SKU-HALDI-100,Turmeric Powder 100 g,3,28,158,155,0,0
TXN-20260705-SKU-HARPIC-500,2026-07-05,SKU-HARPIC-500,Harpic 500 ml,1,109,124,123,0,0
TXN-20260705-SKU-LIFEBUOY-4,2026-07-05,SKU-LIFEBUOY-4,Lifebuoy Soap 4 x 100 g,1,133,90,89,0,0
TXN-20260705-SKU-MAIDA-1K,2026-07-05,SKU-MAIDA-1K,Maida 1 kg,3,39,246,243,0,0
TXN-20260705-SKU-MIRCH-100,2026-07-05,SKU-MIRCH-100,Red Chilli Powder 100 g,1,30,163,162,0,0
TXN-20260705-SKU-MOONG-1K,2026-07-05,SKU-MOONG-1K,Moong Dal 1 kg,3,127,229,226,0,0
TXN-20260705-SKU-MUST-1L,2026-07-05,SKU-MUST-1L,Fortune Mustard Oil 1 L,1,163,291,290,0,0
TXN-20260705-SKU-OIL-1L,2026-07-05,SKU-OIL-1L,Sunpure Cooking Oil 1 L,6,158,745,739,0,0
TXN-20260705-SKU-POHA-500,2026-07-05,SKU-POHA-500,Poha 500 g,4,31,225,221,0,0
TXN-20260705-SKU-RAJMA-1K,2026-07-05,SKU-RAJMA-1K,Rajma 1 kg,3,158,161,158,0,0
TXN-20260705-SKU-SALT-1K,2026-07-05,SKU-SALT-1K,Tata Salt 1 kg,6,27,501,495,0,0
TXN-20260705-SKU-SPRITE-750,2026-07-05,SKU-SPRITE-750,Sprite 750 ml,5,42,380,375,0,0
TXN-20260705-SKU-SUG-1K,2026-07-05,SKU-SUG-1K,Sugar 1 kg,10,49,766,756,0,0
TXN-20260705-SKU-SUJI-500,2026-07-05,SKU-SUJI-500,Suji 500 g,2,27,173,171,0,0
TXN-20260705-SKU-SURF-1K,2026-07-05,SKU-SURF-1K,Surf Excel 1 kg,3,129,151,148,0,0
TXN-20260705-SKU-TEA-250,2026-07-05,SKU-TEA-250,Tata Tea Gold 250 g,5,171,287,282,0,0
TXN-20260705-SKU-TOOR-1K,2026-07-05,SKU-TOOR-1K,Toor Dal 1 kg,4,159,301,297,0,0
TXN-20260705-SKU-VIM-500,2026-07-05,SKU-VIM-500,Vim Bar 500 g,4,42,297,293,0,0
TXN-20260705-SKU-WATER-1L,2026-07-05,SKU-WATER-1L,Bisleri Water 1 L,9,19,1068,1059,0,0
TXN-20260706-SKU-ATTA-5K,2026-07-06,SKU-ATTA-5K,Aashirvaad Atta 5 kg,8,257,550,542,0,0
TXN-20260706-SKU-BESAN-500,2026-07-06,SKU-BESAN-500,Besan 500 g,3,58,216,213,0,0
TXN-20260706-SKU-BREAD-400,2026-07-06,SKU-BREAD-400,Brown Bread 400 g,4,45,319,315,0,0
TXN-20260706-SKU-CHANA-1K,2026-07-06,SKU-CHANA-1K,Kabuli Chana 1 kg,2,154,171,169,0,0
TXN-20260706-SKU-COKE-750,2026-07-06,SKU-COKE-750,Coca-Cola 750 ml,7,44,702,695,0,0
TXN-20260706-SKU-DALIA-500,2026-07-06,SKU-DALIA-500,Dalia 500 g,0,30,96,96,0,0
TXN-20260706-SKU-FROOTI-600,2026-07-06,SKU-FROOTI-600,Frooti 600 ml,5,31,492,487,0,0
TXN-20260706-SKU-GHEE-1L,2026-07-06,SKU-GHEE-1L,Amul Ghee 1 L,0,641,90,90,0,0
TXN-20260706-SKU-HALDI-100,2026-07-06,SKU-HALDI-100,Turmeric Powder 100 g,2,28,155,153,0,0
TXN-20260706-SKU-HARPIC-500,2026-07-06,SKU-HARPIC-500,Harpic 500 ml,0,109,123,123,0,0
TXN-20260706-SKU-LIFEBUOY-4,2026-07-06,SKU-LIFEBUOY-4,Lifebuoy Soap 4 x 100 g,1,133,89,88,0,0
TXN-20260706-SKU-MAIDA-1K,2026-07-06,SKU-MAIDA-1K,Maida 1 kg,3,39,243,240,0,0
TXN-20260706-SKU-MIRCH-100,2026-07-06,SKU-MIRCH-100,Red Chilli Powder 100 g,1,30,162,161,0,0
TXN-20260706-SKU-MOONG-1K,2026-07-06,SKU-MOONG-1K,Moong Dal 1 kg,2,127,226,224,0,0
TXN-20260706-SKU-MUST-1L,2026-07-06,SKU-MUST-1L,Fortune Mustard Oil 1 L,3,163,290,287,0,0
TXN-20260706-SKU-OIL-1L,2026-07-06,SKU-OIL-1L,Sunpure Cooking Oil 1 L,10,158,739,729,0,0
TXN-20260706-SKU-POHA-500,2026-07-06,SKU-POHA-500,Poha 500 g,2,31,221,219,0,0
TXN-20260706-SKU-RAJMA-1K,2026-07-06,SKU-RAJMA-1K,Rajma 1 kg,2,158,158,156,0,0
TXN-20260706-SKU-SALT-1K,2026-07-06,SKU-SALT-1K,Tata Salt 1 kg,6,27,495,489,0,0
TXN-20260706-SKU-SPRITE-750,2026-07-06,SKU-SPRITE-750,Sprite 750 ml,2,42,375,373,0,0
TXN-20260706-SKU-SUG-1K,2026-07-06,SKU-SUG-1K,Sugar 1 kg,12,49,756,744,0,0
TXN-20260706-SKU-SUJI-500,2026-07-06,SKU-SUJI-500,Suji 500 g,3,27,171,168,0,0
TXN-20260706-SKU-SURF-1K,2026-07-06,SKU-SURF-1K,Surf Excel 1 kg,1,129,148,147,0,0
TXN-20260706-SKU-TEA-250,2026-07-06,SKU-TEA-250,Tata Tea Gold 250 g,4,171,282,278,0,0
TXN-20260706-SKU-TOOR-1K,2026-07-06,SKU-TOOR-1K,Toor Dal 1 kg,5,159,297,292,0,0
TXN-20260706-SKU-VIM-500,2026-07-06,SKU-VIM-500,Vim Bar 500 g,4,42,293,289,0,0
TXN-20260706-SKU-WATER-1L,2026-07-06,SKU-WATER-1L,Bisleri Water 1 L,12,19,1059,1047,0,0
TXN-20260707-SKU-ATTA-5K,2026-07-07,SKU-ATTA-5K,Aashirvaad Atta 5 kg,6,257,542,536,0,0
TXN-20260707-SKU-BESAN-500,2026-07-07,SKU-BESAN-500,Besan 500 g,2,58,213,211,0,0
TXN-20260707-SKU-BREAD-400,2026-07-07,SKU-BREAD-400,Brown Bread 400 g,5,45,315,310,0,0
TXN-20260707-SKU-CHANA-1K,2026-07-07,SKU-CHANA-1K,Kabuli Chana 1 kg,3,154,169,166,0,0
TXN-20260707-SKU-COKE-750,2026-07-07,SKU-COKE-750,Coca-Cola 750 ml,5,44,695,690,0,0
TXN-20260707-SKU-DALIA-500,2026-07-07,SKU-DALIA-500,Dalia 500 g,2,30,96,94,0,0
TXN-20260707-SKU-FROOTI-600,2026-07-07,SKU-FROOTI-600,Frooti 600 ml,5,31,487,482,0,0
TXN-20260707-SKU-GHEE-1L,2026-07-07,SKU-GHEE-1L,Amul Ghee 1 L,1,641,90,89,0,0
TXN-20260707-SKU-HALDI-100,2026-07-07,SKU-HALDI-100,Turmeric Powder 100 g,2,28,153,151,0,0
TXN-20260707-SKU-HARPIC-500,2026-07-07,SKU-HARPIC-500,Harpic 500 ml,2,109,123,121,0,0
TXN-20260707-SKU-LIFEBUOY-4,2026-07-07,SKU-LIFEBUOY-4,Lifebuoy Soap 4 x 100 g,0,133,88,88,0,0
TXN-20260707-SKU-MAIDA-1K,2026-07-07,SKU-MAIDA-1K,Maida 1 kg,3,39,240,237,0,0
TXN-20260707-SKU-MIRCH-100,2026-07-07,SKU-MIRCH-100,Red Chilli Powder 100 g,2,30,161,159,0,0
TXN-20260707-SKU-MOONG-1K,2026-07-07,SKU-MOONG-1K,Moong Dal 1 kg,2,127,224,222,0,0
TXN-20260707-SKU-MUST-1L,2026-07-07,SKU-MUST-1L,Fortune Mustard Oil 1 L,3,163,287,284,0,0
TXN-20260707-SKU-OIL-1L,2026-07-07,SKU-OIL-1L,Sunpure Cooking Oil 1 L,9,158,729,720,0,0
TXN-20260707-SKU-POHA-500,2026-07-07,SKU-POHA-500,Poha 500 g,3,31,219,216,0,0
TXN-20260707-SKU-RAJMA-1K,2026-07-07,SKU-RAJMA-1K,Rajma 1 kg,2,158,156,154,0,0
TXN-20260707-SKU-SALT-1K,2026-07-07,SKU-SALT-1K,Tata Salt 1 kg,7,27,489,482,0,0
TXN-20260707-SKU-SPRITE-750,2026-07-07,SKU-SPRITE-750,Sprite 750 ml,4,42,373,369,0,0
TXN-20260707-SKU-SUG-1K,2026-07-07,SKU-SUG-1K,Sugar 1 kg,13,49,744,731,0,0
TXN-20260707-SKU-SUJI-500,2026-07-07,SKU-SUJI-500,Suji 500 g,3,27,168,165,0,0
TXN-20260707-SKU-SURF-1K,2026-07-07,SKU-SURF-1K,Surf Excel 1 kg,1,129,147,146,0,0
TXN-20260707-SKU-TEA-250,2026-07-07,SKU-TEA-250,Tata Tea Gold 250 g,1,171,278,277,0,0
TXN-20260707-SKU-TOOR-1K,2026-07-07,SKU-TOOR-1K,Toor Dal 1 kg,4,159,292,288,0,0
TXN-20260707-SKU-VIM-500,2026-07-07,SKU-VIM-500,Vim Bar 500 g,2,42,289,287,0,0
TXN-20260707-SKU-WATER-1L,2026-07-07,SKU-WATER-1L,Bisleri Water 1 L,10,19,1047,1037,0,0
TXN-20260708-SKU-ATTA-5K,2026-07-08,SKU-ATTA-5K,Aashirvaad Atta 5 kg,9,257,536,527,0,0
TXN-20260708-SKU-BESAN-500,2026-07-08,SKU-BESAN-500,Besan 500 g,5,58,211,206,0,0
TXN-20260708-SKU-BREAD-400,2026-07-08,SKU-BREAD-400,Brown Bread 400 g,5,45,310,305,0,0
TXN-20260708-SKU-CHANA-1K,2026-07-08,SKU-CHANA-1K,Kabuli Chana 1 kg,2,154,166,164,0,0
TXN-20260708-SKU-COKE-750,2026-07-08,SKU-COKE-750,Coca-Cola 750 ml,8,44,690,682,0,0
TXN-20260708-SKU-DALIA-500,2026-07-08,SKU-DALIA-500,Dalia 500 g,2,30,94,92,0,0
TXN-20260708-SKU-FROOTI-600,2026-07-08,SKU-FROOTI-600,Frooti 600 ml,6,31,482,476,0,0
TXN-20260708-SKU-GHEE-1L,2026-07-08,SKU-GHEE-1L,Amul Ghee 1 L,1,641,89,88,0,0
TXN-20260708-SKU-HALDI-100,2026-07-08,SKU-HALDI-100,Turmeric Powder 100 g,2,28,151,149,0,0
TXN-20260708-SKU-HARPIC-500,2026-07-08,SKU-HARPIC-500,Harpic 500 ml,0,109,121,121,0,0
TXN-20260708-SKU-LIFEBUOY-4,2026-07-08,SKU-LIFEBUOY-4,Lifebuoy Soap 4 x 100 g,0,133,88,88,0,0
TXN-20260708-SKU-MAIDA-1K,2026-07-08,SKU-MAIDA-1K,Maida 1 kg,4,39,237,233,0,0
TXN-20260708-SKU-MIRCH-100,2026-07-08,SKU-MIRCH-100,Red Chilli Powder 100 g,1,30,159,158,0,0
TXN-20260708-SKU-MOONG-1K,2026-07-08,SKU-MOONG-1K,Moong Dal 1 kg,2,127,222,220,0,0
TXN-20260708-SKU-MUST-1L,2026-07-08,SKU-MUST-1L,Fortune Mustard Oil 1 L,4,163,284,280,0,0
TXN-20260708-SKU-OIL-1L,2026-07-08,SKU-OIL-1L,Sunpure Cooking Oil 1 L,10,158,720,710,0,0
TXN-20260708-SKU-POHA-500,2026-07-08,SKU-POHA-500,Poha 500 g,3,31,216,213,0,0
TXN-20260708-SKU-RAJMA-1K,2026-07-08,SKU-RAJMA-1K,Rajma 1 kg,3,158,154,151,0,0
TXN-20260708-SKU-SALT-1K,2026-07-08,SKU-SALT-1K,Tata Salt 1 kg,6,27,482,476,0,0
TXN-20260708-SKU-SPRITE-750,2026-07-08,SKU-SPRITE-750,Sprite 750 ml,2,42,369,367,0,0
TXN-20260708-SKU-SUG-1K,2026-07-08,SKU-SUG-1K,Sugar 1 kg,14,49,731,717,0,0
TXN-20260708-SKU-SUJI-500,2026-07-08,SKU-SUJI-500,Suji 500 g,2,27,165,163,0,0
TXN-20260708-SKU-SURF-1K,2026-07-08,SKU-SURF-1K,Surf Excel 1 kg,2,129,146,144,0,0
TXN-20260708-SKU-TEA-250,2026-07-08,SKU-TEA-250,Tata Tea Gold 250 g,5,171,277,272,0,0
TXN-20260708-SKU-TOOR-1K,2026-07-08,SKU-TOOR-1K,Toor Dal 1 kg,3,159,288,285,0,0
TXN-20260708-SKU-VIM-500,2026-07-08,SKU-VIM-500,Vim Bar 500 g,4,42,287,283,0,0
TXN-20260708-SKU-WATER-1L,2026-07-08,SKU-WATER-1L,Bisleri Water 1 L,7,19,1037,1030,0,0
TXN-20260709-SKU-ATTA-5K,2026-07-09,SKU-ATTA-5K,Aashirvaad Atta 5 kg,8,257,527,519,0,0
TXN-20260709-SKU-BESAN-500,2026-07-09,SKU-BESAN-500,Besan 500 g,2,58,206,204,0,0
TXN-20260709-SKU-BREAD-400,2026-07-09,SKU-BREAD-400,Brown Bread 400 g,4,45,305,301,0,0
TXN-20260709-SKU-CHANA-1K,2026-07-09,SKU-CHANA-1K,Kabuli Chana 1 kg,2,154,164,162,0,0
TXN-20260709-SKU-COKE-750,2026-07-09,SKU-COKE-750,Coca-Cola 750 ml,9,44,682,673,0,0
TXN-20260709-SKU-DALIA-500,2026-07-09,SKU-DALIA-500,Dalia 500 g,1,30,92,91,0,0
TXN-20260709-SKU-FROOTI-600,2026-07-09,SKU-FROOTI-600,Frooti 600 ml,5,31,476,471,0,0
TXN-20260709-SKU-GHEE-1L,2026-07-09,SKU-GHEE-1L,Amul Ghee 1 L,1,641,88,87,0,0
TXN-20260709-SKU-HALDI-100,2026-07-09,SKU-HALDI-100,Turmeric Powder 100 g,1,28,149,148,0,0
TXN-20260709-SKU-HARPIC-500,2026-07-09,SKU-HARPIC-500,Harpic 500 ml,1,109,121,120,0,0
TXN-20260709-SKU-LIFEBUOY-4,2026-07-09,SKU-LIFEBUOY-4,Lifebuoy Soap 4 x 100 g,1,133,88,87,0,0
TXN-20260709-SKU-MAIDA-1K,2026-07-09,SKU-MAIDA-1K,Maida 1 kg,3,39,233,230,0,0
TXN-20260709-SKU-MIRCH-100,2026-07-09,SKU-MIRCH-100,Red Chilli Powder 100 g,2,30,158,156,0,0
TXN-20260709-SKU-MOONG-1K,2026-07-09,SKU-MOONG-1K,Moong Dal 1 kg,3,127,220,217,0,0
TXN-20260709-SKU-MUST-1L,2026-07-09,SKU-MUST-1L,Fortune Mustard Oil 1 L,4,163,280,276,0,0
TXN-20260709-SKU-OIL-1L,2026-07-09,SKU-OIL-1L,Sunpure Cooking Oil 1 L,5,158,710,705,0,0
TXN-20260709-SKU-POHA-500,2026-07-09,SKU-POHA-500,Poha 500 g,1,31,213,212,0,0
TXN-20260709-SKU-RAJMA-1K,2026-07-09,SKU-RAJMA-1K,Rajma 1 kg,3,158,151,148,0,0
TXN-20260709-SKU-SALT-1K,2026-07-09,SKU-SALT-1K,Tata Salt 1 kg,7,27,476,469,0,0
TXN-20260709-SKU-SPRITE-750,2026-07-09,SKU-SPRITE-750,Sprite 750 ml,4,42,367,363,0,0
TXN-20260709-SKU-SUG-1K,2026-07-09,SKU-SUG-1K,Sugar 1 kg,10,49,717,707,0,0
TXN-20260709-SKU-SUJI-500,2026-07-09,SKU-SUJI-500,Suji 500 g,2,27,163,161,0,0
TXN-20260709-SKU-SURF-1K,2026-07-09,SKU-SURF-1K,Surf Excel 1 kg,3,129,144,141,0,0
TXN-20260709-SKU-TEA-250,2026-07-09,SKU-TEA-250,Tata Tea Gold 250 g,6,171,272,266,0,0
TXN-20260709-SKU-TOOR-1K,2026-07-09,SKU-TOOR-1K,Toor Dal 1 kg,4,159,285,281,0,0
TXN-20260709-SKU-VIM-500,2026-07-09,SKU-VIM-500,Vim Bar 500 g,5,42,283,278,0,0
TXN-20260709-SKU-WATER-1L,2026-07-09,SKU-WATER-1L,Bisleri Water 1 L,10,19,1030,1020,0,0
TXN-20260710-SKU-ATTA-5K,2026-07-10,SKU-ATTA-5K,Aashirvaad Atta 5 kg,7,257,519,512,0,0
TXN-20260710-SKU-BESAN-500,2026-07-10,SKU-BESAN-500,Besan 500 g,3,58,204,201,0,0
TXN-20260710-SKU-BREAD-400,2026-07-10,SKU-BREAD-400,Brown Bread 400 g,4,45,301,297,0,0
TXN-20260710-SKU-CHANA-1K,2026-07-10,SKU-CHANA-1K,Kabuli Chana 1 kg,2,154,162,160,0,0
TXN-20260710-SKU-COKE-750,2026-07-10,SKU-COKE-750,Coca-Cola 750 ml,3,44,673,670,0,0
TXN-20260710-SKU-DALIA-500,2026-07-10,SKU-DALIA-500,Dalia 500 g,1,30,91,90,0,0
TXN-20260710-SKU-FROOTI-600,2026-07-10,SKU-FROOTI-600,Frooti 600 ml,4,31,471,467,0,0
TXN-20260710-SKU-GHEE-1L,2026-07-10,SKU-GHEE-1L,Amul Ghee 1 L,0,641,87,87,0,0
TXN-20260710-SKU-HALDI-100,2026-07-10,SKU-HALDI-100,Turmeric Powder 100 g,2,28,148,146,0,0
TXN-20260710-SKU-HARPIC-500,2026-07-10,SKU-HARPIC-500,Harpic 500 ml,0,109,120,120,0,0
TXN-20260710-SKU-LIFEBUOY-4,2026-07-10,SKU-LIFEBUOY-4,Lifebuoy Soap 4 x 100 g,1,133,87,86,0,0
TXN-20260710-SKU-MAIDA-1K,2026-07-10,SKU-MAIDA-1K,Maida 1 kg,4,39,230,226,0,0
TXN-20260710-SKU-MIRCH-100,2026-07-10,SKU-MIRCH-100,Red Chilli Powder 100 g,2,30,156,154,0,0
TXN-20260710-SKU-MOONG-1K,2026-07-10,SKU-MOONG-1K,Moong Dal 1 kg,2,127,217,215,0,0
TXN-20260710-SKU-MUST-1L,2026-07-10,SKU-MUST-1L,Fortune Mustard Oil 1 L,6,163,276,270,0,0
TXN-20260710-SKU-OIL-1L,2026-07-10,SKU-OIL-1L,Sunpure Cooking Oil 1 L,13,158,705,692,0,0
TXN-20260710-SKU-POHA-500,2026-07-10,SKU-POHA-500,Poha 500 g,2,31,212,210,0,0
TXN-20260710-SKU-RAJMA-1K,2026-07-10,SKU-RAJMA-1K,Rajma 1 kg,1,158,148,147,0,0
TXN-20260710-SKU-SALT-1K,2026-07-10,SKU-SALT-1K,Tata Salt 1 kg,6,27,469,463,0,0
TXN-20260710-SKU-SPRITE-750,2026-07-10,SKU-SPRITE-750,Sprite 750 ml,5,42,363,358,0,0
TXN-20260710-SKU-SUG-1K,2026-07-10,SKU-SUG-1K,Sugar 1 kg,13,49,707,694,0,0
TXN-20260710-SKU-SUJI-500,2026-07-10,SKU-SUJI-500,Suji 500 g,2,27,161,159,0,0
TXN-20260710-SKU-SURF-1K,2026-07-10,SKU-SURF-1K,Surf Excel 1 kg,2,129,141,139,0,0
TXN-20260710-SKU-TEA-250,2026-07-10,SKU-TEA-250,Tata Tea Gold 250 g,2,171,266,264,0,0
TXN-20260710-SKU-TOOR-1K,2026-07-10,SKU-TOOR-1K,Toor Dal 1 kg,5,159,281,276,0,0
TXN-20260710-SKU-VIM-500,2026-07-10,SKU-VIM-500,Vim Bar 500 g,4,42,278,274,0,0
TXN-20260710-SKU-WATER-1L,2026-07-10,SKU-WATER-1L,Bisleri Water 1 L,14,19,1020,1006,0,0
TXN-20260711-SKU-ATTA-5K,2026-07-11,SKU-ATTA-5K,Aashirvaad Atta 5 kg,5,257,512,507,0,0
TXN-20260711-SKU-BESAN-500,2026-07-11,SKU-BESAN-500,Besan 500 g,2,58,201,199,0,0
TXN-20260711-SKU-BREAD-400,2026-07-11,SKU-BREAD-400,Brown Bread 400 g,3,45,297,294,0,0
TXN-20260711-SKU-CHANA-1K,2026-07-11,SKU-CHANA-1K,Kabuli Chana 1 kg,2,154,160,158,0,0
TXN-20260711-SKU-COKE-750,2026-07-11,SKU-COKE-750,Coca-Cola 750 ml,6,44,670,664,0,0
TXN-20260711-SKU-DALIA-500,2026-07-11,SKU-DALIA-500,Dalia 500 g,1,30,90,89,0,0
TXN-20260711-SKU-FROOTI-600,2026-07-11,SKU-FROOTI-600,Frooti 600 ml,6,31,467,461,0,0
TXN-20260711-SKU-GHEE-1L,2026-07-11,SKU-GHEE-1L,Amul Ghee 1 L,2,641,87,85,0,0
TXN-20260711-SKU-HALDI-100,2026-07-11,SKU-HALDI-100,Turmeric Powder 100 g,1,28,146,145,0,0
TXN-20260711-SKU-HARPIC-500,2026-07-11,SKU-HARPIC-500,Harpic 500 ml,2,109,120,118,0,0
TXN-20260711-SKU-LIFEBUOY-4,2026-07-11,SKU-LIFEBUOY-4,Lifebuoy Soap 4 x 100 g,2,133,86,84,0,0
TXN-20260711-SKU-MAIDA-1K,2026-07-11,SKU-MAIDA-1K,Maida 1 kg,2,39,226,224,0,0
TXN-20260711-SKU-MIRCH-100,2026-07-11,SKU-MIRCH-100,Red Chilli Powder 100 g,3,30,154,151,0,0
TXN-20260711-SKU-MOONG-1K,2026-07-11,SKU-MOONG-1K,Moong Dal 1 kg,1,127,215,214,0,0
TXN-20260711-SKU-MUST-1L,2026-07-11,SKU-MUST-1L,Fortune Mustard Oil 1 L,5,163,270,265,0,0
TXN-20260711-SKU-OIL-1L,2026-07-11,SKU-OIL-1L,Sunpure Cooking Oil 1 L,9,158,692,683,0,0
TXN-20260711-SKU-POHA-500,2026-07-11,SKU-POHA-500,Poha 500 g,2,31,210,208,0,0
TXN-20260711-SKU-RAJMA-1K,2026-07-11,SKU-RAJMA-1K,Rajma 1 kg,2,158,147,145,0,0
TXN-20260711-SKU-SALT-1K,2026-07-11,SKU-SALT-1K,Tata Salt 1 kg,7,27,463,456,0,0
TXN-20260711-SKU-SPRITE-750,2026-07-11,SKU-SPRITE-750,Sprite 750 ml,3,42,358,355,0,0
TXN-20260711-SKU-SUG-1K,2026-07-11,SKU-SUG-1K,Sugar 1 kg,8,49,694,686,0,0
TXN-20260711-SKU-SUJI-500,2026-07-11,SKU-SUJI-500,Suji 500 g,2,27,159,157,0,0
TXN-20260711-SKU-SURF-1K,2026-07-11,SKU-SURF-1K,Surf Excel 1 kg,2,129,139,137,0,0
TXN-20260711-SKU-TEA-250,2026-07-11,SKU-TEA-250,Tata Tea Gold 250 g,5,171,264,259,0,0
TXN-20260711-SKU-TOOR-1K,2026-07-11,SKU-TOOR-1K,Toor Dal 1 kg,5,159,276,271,0,0
TXN-20260711-SKU-VIM-500,2026-07-11,SKU-VIM-500,Vim Bar 500 g,4,42,274,270,0,0
TXN-20260711-SKU-WATER-1L,2026-07-11,SKU-WATER-1L,Bisleri Water 1 L,16,19,1006,990,0,0
TXN-20260712-SKU-ATTA-5K,2026-07-12,SKU-ATTA-5K,Aashirvaad Atta 5 kg,5,257,507,502,0,0
TXN-20260712-SKU-BESAN-500,2026-07-12,SKU-BESAN-500,Besan 500 g,4,58,199,195,0,0
TXN-20260712-SKU-BREAD-400,2026-07-12,SKU-BREAD-400,Brown Bread 400 g,8,45,294,286,0,0
TXN-20260712-SKU-CHANA-1K,2026-07-12,SKU-CHANA-1K,Kabuli Chana 1 kg,2,154,158,156,0,0
TXN-20260712-SKU-COKE-750,2026-07-12,SKU-COKE-750,Coca-Cola 750 ml,5,44,664,659,0,0
TXN-20260712-SKU-DALIA-500,2026-07-12,SKU-DALIA-500,Dalia 500 g,2,30,89,87,0,0
TXN-20260712-SKU-FROOTI-600,2026-07-12,SKU-FROOTI-600,Frooti 600 ml,5,31,461,456,0,0
TXN-20260712-SKU-GHEE-1L,2026-07-12,SKU-GHEE-1L,Amul Ghee 1 L,1,641,85,84,0,0
TXN-20260712-SKU-HALDI-100,2026-07-12,SKU-HALDI-100,Turmeric Powder 100 g,2,28,145,143,0,0
TXN-20260712-SKU-HARPIC-500,2026-07-12,SKU-HARPIC-500,Harpic 500 ml,2,109,118,116,0,0
TXN-20260712-SKU-LIFEBUOY-4,2026-07-12,SKU-LIFEBUOY-4,Lifebuoy Soap 4 x 100 g,1,133,84,83,0,0
TXN-20260712-SKU-MAIDA-1K,2026-07-12,SKU-MAIDA-1K,Maida 1 kg,2,39,224,222,0,0
TXN-20260712-SKU-MIRCH-100,2026-07-12,SKU-MIRCH-100,Red Chilli Powder 100 g,0,30,151,151,0,0
TXN-20260712-SKU-MOONG-1K,2026-07-12,SKU-MOONG-1K,Moong Dal 1 kg,1,127,214,213,0,0
TXN-20260712-SKU-MUST-1L,2026-07-12,SKU-MUST-1L,Fortune Mustard Oil 1 L,3,163,265,262,0,0
TXN-20260712-SKU-OIL-1L,2026-07-12,SKU-OIL-1L,Sunpure Cooking Oil 1 L,7,158,683,676,0,0
TXN-20260712-SKU-POHA-500,2026-07-12,SKU-POHA-500,Poha 500 g,4,31,208,204,0,0
TXN-20260712-SKU-RAJMA-1K,2026-07-12,SKU-RAJMA-1K,Rajma 1 kg,2,158,145,143,0,0
TXN-20260712-SKU-SALT-1K,2026-07-12,SKU-SALT-1K,Tata Salt 1 kg,7,27,456,449,0,0
TXN-20260712-SKU-SPRITE-750,2026-07-12,SKU-SPRITE-750,Sprite 750 ml,6,42,355,349,0,0
TXN-20260712-SKU-SUG-1K,2026-07-12,SKU-SUG-1K,Sugar 1 kg,13,49,686,673,0,0
TXN-20260712-SKU-SUJI-500,2026-07-12,SKU-SUJI-500,Suji 500 g,2,27,157,155,0,0
TXN-20260712-SKU-SURF-1K,2026-07-12,SKU-SURF-1K,Surf Excel 1 kg,2,129,137,135,0,0
TXN-20260712-SKU-TEA-250,2026-07-12,SKU-TEA-250,Tata Tea Gold 250 g,3,171,259,256,0,0
TXN-20260712-SKU-TOOR-1K,2026-07-12,SKU-TOOR-1K,Toor Dal 1 kg,4,159,271,267,0,0
TXN-20260712-SKU-VIM-500,2026-07-12,SKU-VIM-500,Vim Bar 500 g,2,42,270,268,0,0
TXN-20260712-SKU-WATER-1L,2026-07-12,SKU-WATER-1L,Bisleri Water 1 L,11,19,990,979,0,0
TXN-20260713-SKU-ATTA-5K,2026-07-13,SKU-ATTA-5K,Aashirvaad Atta 5 kg,7,257,502,495,0,0
TXN-20260713-SKU-BESAN-500,2026-07-13,SKU-BESAN-500,Besan 500 g,3,58,195,192,0,0
TXN-20260713-SKU-BREAD-400,2026-07-13,SKU-BREAD-400,Brown Bread 400 g,6,45,286,280,0,0
TXN-20260713-SKU-CHANA-1K,2026-07-13,SKU-CHANA-1K,Kabuli Chana 1 kg,2,154,156,154,0,0
TXN-20260713-SKU-COKE-750,2026-07-13,SKU-COKE-750,Coca-Cola 750 ml,9,44,659,650,0,0
TXN-20260713-SKU-DALIA-500,2026-07-13,SKU-DALIA-500,Dalia 500 g,1,30,87,86,0,0
TXN-20260713-SKU-FROOTI-600,2026-07-13,SKU-FROOTI-600,Frooti 600 ml,4,31,456,452,0,0
TXN-20260713-SKU-GHEE-1L,2026-07-13,SKU-GHEE-1L,Amul Ghee 1 L,2,641,84,82,0,0
TXN-20260713-SKU-HALDI-100,2026-07-13,SKU-HALDI-100,Turmeric Powder 100 g,3,28,143,140,0,0
TXN-20260713-SKU-HARPIC-500,2026-07-13,SKU-HARPIC-500,Harpic 500 ml,1,109,116,115,0,0
TXN-20260713-SKU-LIFEBUOY-4,2026-07-13,SKU-LIFEBUOY-4,Lifebuoy Soap 4 x 100 g,1,133,83,82,0,0
TXN-20260713-SKU-MAIDA-1K,2026-07-13,SKU-MAIDA-1K,Maida 1 kg,3,39,222,219,0,0
TXN-20260713-SKU-MIRCH-100,2026-07-13,SKU-MIRCH-100,Red Chilli Powder 100 g,2,30,151,149,0,0
TXN-20260713-SKU-MOONG-1K,2026-07-13,SKU-MOONG-1K,Moong Dal 1 kg,3,127,213,210,0,0
TXN-20260713-SKU-MUST-1L,2026-07-13,SKU-MUST-1L,Fortune Mustard Oil 1 L,5,163,262,257,0,0
TXN-20260713-SKU-OIL-1L,2026-07-13,SKU-OIL-1L,Sunpure Cooking Oil 1 L,14,158,676,662,0,0
TXN-20260713-SKU-POHA-500,2026-07-13,SKU-POHA-500,Poha 500 g,2,31,204,202,0,0
TXN-20260713-SKU-RAJMA-1K,2026-07-13,SKU-RAJMA-1K,Rajma 1 kg,2,158,143,141,0,0
TXN-20260713-SKU-SALT-1K,2026-07-13,SKU-SALT-1K,Tata Salt 1 kg,7,27,449,442,0,0
TXN-20260713-SKU-SPRITE-750,2026-07-13,SKU-SPRITE-750,Sprite 750 ml,6,42,349,343,0,0
TXN-20260713-SKU-SUG-1K,2026-07-13,SKU-SUG-1K,Sugar 1 kg,8,49,673,665,0,0
TXN-20260713-SKU-SUJI-500,2026-07-13,SKU-SUJI-500,Suji 500 g,2,27,155,153,0,0
TXN-20260713-SKU-SURF-1K,2026-07-13,SKU-SURF-1K,Surf Excel 1 kg,1,129,135,134,0,0
TXN-20260713-SKU-TEA-250,2026-07-13,SKU-TEA-250,Tata Tea Gold 250 g,3,171,256,253,0,0
TXN-20260713-SKU-TOOR-1K,2026-07-13,SKU-TOOR-1K,Toor Dal 1 kg,4,159,267,263,0,0
TXN-20260713-SKU-VIM-500,2026-07-13,SKU-VIM-500,Vim Bar 500 g,4,42,268,264,0,0
TXN-20260713-SKU-WATER-1L,2026-07-13,SKU-WATER-1L,Bisleri Water 1 L,18,19,979,961,0,0
TXN-20260714-SKU-ATTA-5K,2026-07-14,SKU-ATTA-5K,Aashirvaad Atta 5 kg,4,257,495,491,0,0
TXN-20260714-SKU-BESAN-500,2026-07-14,SKU-BESAN-500,Besan 500 g,4,58,192,188,0,0
TXN-20260714-SKU-BREAD-400,2026-07-14,SKU-BREAD-400,Brown Bread 400 g,5,45,280,275,0,0
TXN-20260714-SKU-CHANA-1K,2026-07-14,SKU-CHANA-1K,Kabuli Chana 1 kg,2,154,154,152,0,0
TXN-20260714-SKU-COKE-750,2026-07-14,SKU-COKE-750,Coca-Cola 750 ml,7,44,650,643,0,0
TXN-20260714-SKU-DALIA-500,2026-07-14,SKU-DALIA-500,Dalia 500 g,1,30,86,85,0,0
TXN-20260714-SKU-FROOTI-600,2026-07-14,SKU-FROOTI-600,Frooti 600 ml,5,31,452,447,0,0
TXN-20260714-SKU-GHEE-1L,2026-07-14,SKU-GHEE-1L,Amul Ghee 1 L,1,641,82,81,0,0
TXN-20260714-SKU-HALDI-100,2026-07-14,SKU-HALDI-100,Turmeric Powder 100 g,2,28,140,138,0,0
TXN-20260714-SKU-HARPIC-500,2026-07-14,SKU-HARPIC-500,Harpic 500 ml,1,109,115,114,0,0
TXN-20260714-SKU-LIFEBUOY-4,2026-07-14,SKU-LIFEBUOY-4,Lifebuoy Soap 4 x 100 g,1,133,82,81,0,0
TXN-20260714-SKU-MAIDA-1K,2026-07-14,SKU-MAIDA-1K,Maida 1 kg,3,39,219,216,0,0
TXN-20260714-SKU-MIRCH-100,2026-07-14,SKU-MIRCH-100,Red Chilli Powder 100 g,3,30,149,146,0,0
TXN-20260714-SKU-MOONG-1K,2026-07-14,SKU-MOONG-1K,Moong Dal 1 kg,2,127,210,208,0,0
TXN-20260714-SKU-MUST-1L,2026-07-14,SKU-MUST-1L,Fortune Mustard Oil 1 L,4,163,257,253,0,0
TXN-20260714-SKU-OIL-1L,2026-07-14,SKU-OIL-1L,Sunpure Cooking Oil 1 L,10,158,662,652,0,0
TXN-20260714-SKU-POHA-500,2026-07-14,SKU-POHA-500,Poha 500 g,3,31,202,199,0,0
TXN-20260714-SKU-RAJMA-1K,2026-07-14,SKU-RAJMA-1K,Rajma 1 kg,3,158,141,138,0,0
TXN-20260714-SKU-SALT-1K,2026-07-14,SKU-SALT-1K,Tata Salt 1 kg,8,27,442,434,0,0
TXN-20260714-SKU-SPRITE-750,2026-07-14,SKU-SPRITE-750,Sprite 750 ml,4,42,343,339,0,0
TXN-20260714-SKU-SUG-1K,2026-07-14,SKU-SUG-1K,Sugar 1 kg,10,49,665,655,0,0
TXN-20260714-SKU-SUJI-500,2026-07-14,SKU-SUJI-500,Suji 500 g,2,27,153,151,0,0
TXN-20260714-SKU-SURF-1K,2026-07-14,SKU-SURF-1K,Surf Excel 1 kg,2,129,134,132,0,0
TXN-20260714-SKU-TEA-250,2026-07-14,SKU-TEA-250,Tata Tea Gold 250 g,6,171,253,247,0,0
TXN-20260714-SKU-TOOR-1K,2026-07-14,SKU-TOOR-1K,Toor Dal 1 kg,4,159,263,259,0,0
TXN-20260714-SKU-VIM-500,2026-07-14,SKU-VIM-500,Vim Bar 500 g,4,42,264,260,0,0
TXN-20260714-SKU-WATER-1L,2026-07-14,SKU-WATER-1L,Bisleri Water 1 L,20,19,961,941,0,0
TXN-20260715-SKU-ATTA-5K,2026-07-15,SKU-ATTA-5K,Aashirvaad Atta 5 kg,6,257,491,485,0,0
TXN-20260715-SKU-BESAN-500,2026-07-15,SKU-BESAN-500,Besan 500 g,2,58,188,186,0,0
TXN-20260715-SKU-BREAD-400,2026-07-15,SKU-BREAD-400,Brown Bread 400 g,2,45,275,273,0,0
TXN-20260715-SKU-CHANA-1K,2026-07-15,SKU-CHANA-1K,Kabuli Chana 1 kg,2,154,152,150,0,0
TXN-20260715-SKU-COKE-750,2026-07-15,SKU-COKE-750,Coca-Cola 750 ml,6,44,643,637,0,0
TXN-20260715-SKU-DALIA-500,2026-07-15,SKU-DALIA-500,Dalia 500 g,1,30,85,84,0,0
TXN-20260715-SKU-FROOTI-600,2026-07-15,SKU-FROOTI-600,Frooti 600 ml,6,31,447,441,0,0
TXN-20260715-SKU-GHEE-1L,2026-07-15,SKU-GHEE-1L,Amul Ghee 1 L,2,641,81,79,0,0
TXN-20260715-SKU-HALDI-100,2026-07-15,SKU-HALDI-100,Turmeric Powder 100 g,2,28,138,136,0,0
TXN-20260715-SKU-HARPIC-500,2026-07-15,SKU-HARPIC-500,Harpic 500 ml,1,109,114,113,0,0
TXN-20260715-SKU-LIFEBUOY-4,2026-07-15,SKU-LIFEBUOY-4,Lifebuoy Soap 4 x 100 g,0,133,81,81,0,0
TXN-20260715-SKU-MAIDA-1K,2026-07-15,SKU-MAIDA-1K,Maida 1 kg,2,39,216,214,0,0
TXN-20260715-SKU-MIRCH-100,2026-07-15,SKU-MIRCH-100,Red Chilli Powder 100 g,3,30,146,143,0,0
TXN-20260715-SKU-MOONG-1K,2026-07-15,SKU-MOONG-1K,Moong Dal 1 kg,3,127,208,205,0,0
TXN-20260715-SKU-MUST-1L,2026-07-15,SKU-MUST-1L,Fortune Mustard Oil 1 L,2,163,253,251,0,0
TXN-20260715-SKU-OIL-1L,2026-07-15,SKU-OIL-1L,Sunpure Cooking Oil 1 L,12,158,652,640,0,0
TXN-20260715-SKU-POHA-500,2026-07-15,SKU-POHA-500,Poha 500 g,3,31,199,196,0,0
TXN-20260715-SKU-RAJMA-1K,2026-07-15,SKU-RAJMA-1K,Rajma 1 kg,2,158,138,136,0,0
TXN-20260715-SKU-SALT-1K,2026-07-15,SKU-SALT-1K,Tata Salt 1 kg,6,27,434,428,0,0
TXN-20260715-SKU-SPRITE-750,2026-07-15,SKU-SPRITE-750,Sprite 750 ml,3,42,339,336,0,0
TXN-20260715-SKU-SUG-1K,2026-07-15,SKU-SUG-1K,Sugar 1 kg,8,49,655,647,0,0
TXN-20260715-SKU-SUJI-500,2026-07-15,SKU-SUJI-500,Suji 500 g,1,27,151,150,0,0
TXN-20260715-SKU-SURF-1K,2026-07-15,SKU-SURF-1K,Surf Excel 1 kg,2,129,132,130,0,0
TXN-20260715-SKU-TEA-250,2026-07-15,SKU-TEA-250,Tata Tea Gold 250 g,5,171,247,242,0,0
TXN-20260715-SKU-TOOR-1K,2026-07-15,SKU-TOOR-1K,Toor Dal 1 kg,4,159,259,255,0,0
TXN-20260715-SKU-VIM-500,2026-07-15,SKU-VIM-500,Vim Bar 500 g,5,42,260,255,0,0
TXN-20260715-SKU-WATER-1L,2026-07-15,SKU-WATER-1L,Bisleri Water 1 L,18,19,941,923,0,0
TXN-20260716-SKU-ATTA-5K,2026-07-16,SKU-ATTA-5K,Aashirvaad Atta 5 kg,9,257,485,476,0,0
TXN-20260716-SKU-BESAN-500,2026-07-16,SKU-BESAN-500,Besan 500 g,3,58,186,183,0,0
TXN-20260716-SKU-BREAD-400,2026-07-16,SKU-BREAD-400,Brown Bread 400 g,2,45,273,271,0,0
TXN-20260716-SKU-CHANA-1K,2026-07-16,SKU-CHANA-1K,Kabuli Chana 1 kg,2,154,150,148,0,0
TXN-20260716-SKU-COKE-750,2026-07-16,SKU-COKE-750,Coca-Cola 750 ml,9,44,637,628,0,0
TXN-20260716-SKU-DALIA-500,2026-07-16,SKU-DALIA-500,Dalia 500 g,1,30,84,83,0,0
TXN-20260716-SKU-FROOTI-600,2026-07-16,SKU-FROOTI-600,Frooti 600 ml,6,31,441,435,0,0
TXN-20260716-SKU-GHEE-1L,2026-07-16,SKU-GHEE-1L,Amul Ghee 1 L,0,641,79,79,0,0
TXN-20260716-SKU-HALDI-100,2026-07-16,SKU-HALDI-100,Turmeric Powder 100 g,3,28,136,133,0,0
TXN-20260716-SKU-HARPIC-500,2026-07-16,SKU-HARPIC-500,Harpic 500 ml,1,109,113,112,0,0
TXN-20260716-SKU-LIFEBUOY-4,2026-07-16,SKU-LIFEBUOY-4,Lifebuoy Soap 4 x 100 g,1,133,81,80,0,0
TXN-20260716-SKU-MAIDA-1K,2026-07-16,SKU-MAIDA-1K,Maida 1 kg,3,39,214,211,0,0
TXN-20260716-SKU-MIRCH-100,2026-07-16,SKU-MIRCH-100,Red Chilli Powder 100 g,2,30,143,141,0,0
TXN-20260716-SKU-MOONG-1K,2026-07-16,SKU-MOONG-1K,Moong Dal 1 kg,3,127,205,202,0,0
TXN-20260716-SKU-MUST-1L,2026-07-16,SKU-MUST-1L,Fortune Mustard Oil 1 L,3,163,251,248,0,0
TXN-20260716-SKU-OIL-1L,2026-07-16,SKU-OIL-1L,Sunpure Cooking Oil 1 L,9,158,640,631,0,0
TXN-20260716-SKU-POHA-500,2026-07-16,SKU-POHA-500,Poha 500 g,2,31,196,194,0,0
TXN-20260716-SKU-RAJMA-1K,2026-07-16,SKU-RAJMA-1K,Rajma 1 kg,1,158,136,135,0,0
TXN-20260716-SKU-SALT-1K,2026-07-16,SKU-SALT-1K,Tata Salt 1 kg,6,27,428,422,0,0
TXN-20260716-SKU-SPRITE-750,2026-07-16,SKU-SPRITE-750,Sprite 750 ml,5,42,336,331,0,0
TXN-20260716-SKU-SUG-1K,2026-07-16,SKU-SUG-1K,Sugar 1 kg,8,49,647,639,0,0
TXN-20260716-SKU-SUJI-500,2026-07-16,SKU-SUJI-500,Suji 500 g,2,27,150,148,0,0
TXN-20260716-SKU-SURF-1K,2026-07-16,SKU-SURF-1K,Surf Excel 1 kg,3,129,130,127,0,0
TXN-20260716-SKU-TEA-250,2026-07-16,SKU-TEA-250,Tata Tea Gold 250 g,3,171,242,239,0,0
TXN-20260716-SKU-TOOR-1K,2026-07-16,SKU-TOOR-1K,Toor Dal 1 kg,3,159,255,252,0,0
TXN-20260716-SKU-VIM-500,2026-07-16,SKU-VIM-500,Vim Bar 500 g,1,42,255,254,0,0
TXN-20260716-SKU-WATER-1L,2026-07-16,SKU-WATER-1L,Bisleri Water 1 L,13,19,923,910,0,0
TXN-20260717-SKU-ATTA-5K,2026-07-17,SKU-ATTA-5K,Aashirvaad Atta 5 kg,8,257,476,468,0,0
TXN-20260717-SKU-BESAN-500,2026-07-17,SKU-BESAN-500,Besan 500 g,3,58,183,180,0,0
TXN-20260717-SKU-BREAD-400,2026-07-17,SKU-BREAD-400,Brown Bread 400 g,3,45,271,268,0,0
TXN-20260717-SKU-CHANA-1K,2026-07-17,SKU-CHANA-1K,Kabuli Chana 1 kg,1,154,148,147,0,0
TXN-20260717-SKU-COKE-750,2026-07-17,SKU-COKE-750,Coca-Cola 750 ml,19,44,628,609,0,0
TXN-20260717-SKU-DALIA-500,2026-07-17,SKU-DALIA-500,Dalia 500 g,1,30,83,82,0,0
TXN-20260717-SKU-FROOTI-600,2026-07-17,SKU-FROOTI-600,Frooti 600 ml,12,31,435,423,0,0
TXN-20260717-SKU-GHEE-1L,2026-07-17,SKU-GHEE-1L,Amul Ghee 1 L,1,641,79,78,0,0
TXN-20260717-SKU-HALDI-100,2026-07-17,SKU-HALDI-100,Turmeric Powder 100 g,2,28,133,131,0,0
TXN-20260717-SKU-HARPIC-500,2026-07-17,SKU-HARPIC-500,Harpic 500 ml,2,109,112,110,0,0
TXN-20260717-SKU-LIFEBUOY-4,2026-07-17,SKU-LIFEBUOY-4,Lifebuoy Soap 4 x 100 g,1,133,80,79,0,0
TXN-20260717-SKU-MAIDA-1K,2026-07-17,SKU-MAIDA-1K,Maida 1 kg,2,39,211,209,0,0
TXN-20260717-SKU-MIRCH-100,2026-07-17,SKU-MIRCH-100,Red Chilli Powder 100 g,3,30,141,138,0,0
TXN-20260717-SKU-MOONG-1K,2026-07-17,SKU-MOONG-1K,Moong Dal 1 kg,3,127,202,199,0,0
TXN-20260717-SKU-MUST-1L,2026-07-17,SKU-MUST-1L,Fortune Mustard Oil 1 L,8,163,248,240,0,0
TXN-20260717-SKU-OIL-1L,2026-07-17,SKU-OIL-1L,Sunpure Cooking Oil 1 L,12,158,631,619,0,0
TXN-20260717-SKU-POHA-500,2026-07-17,SKU-POHA-500,Poha 500 g,2,31,194,192,0,0
TXN-20260717-SKU-RAJMA-1K,2026-07-17,SKU-RAJMA-1K,Rajma 1 kg,3,158,135,132,0,0
TXN-20260717-SKU-SALT-1K,2026-07-17,SKU-SALT-1K,Tata Salt 1 kg,6,27,422,416,0,0
TXN-20260717-SKU-SPRITE-750,2026-07-17,SKU-SPRITE-750,Sprite 750 ml,12,42,331,319,0,0
TXN-20260717-SKU-SUG-1K,2026-07-17,SKU-SUG-1K,Sugar 1 kg,12,49,639,627,0,0
TXN-20260717-SKU-SUJI-500,2026-07-17,SKU-SUJI-500,Suji 500 g,1,27,148,147,0,0
TXN-20260717-SKU-SURF-1K,2026-07-17,SKU-SURF-1K,Surf Excel 1 kg,1,129,127,126,0,0
TXN-20260717-SKU-TEA-250,2026-07-17,SKU-TEA-250,Tata Tea Gold 250 g,4,171,239,235,0,0
TXN-20260717-SKU-TOOR-1K,2026-07-17,SKU-TOOR-1K,Toor Dal 1 kg,4,159,252,248,0,0
TXN-20260717-SKU-VIM-500,2026-07-17,SKU-VIM-500,Vim Bar 500 g,4,42,254,250,0,0
TXN-20260717-SKU-WATER-1L,2026-07-17,SKU-WATER-1L,Bisleri Water 1 L,22,19,910,888,0,0
TXN-20260718-SKU-ATTA-5K,2026-07-18,SKU-ATTA-5K,Aashirvaad Atta 5 kg,5,257,468,463,0,0
TXN-20260718-SKU-BESAN-500,2026-07-18,SKU-BESAN-500,Besan 500 g,2,58,180,178,0,0
TXN-20260718-SKU-BREAD-400,2026-07-18,SKU-BREAD-400,Brown Bread 400 g,5,45,268,263,0,0
TXN-20260718-SKU-CHANA-1K,2026-07-18,SKU-CHANA-1K,Kabuli Chana 1 kg,1,154,147,146,0,0
TXN-20260718-SKU-COKE-750,2026-07-18,SKU-COKE-750,Coca-Cola 750 ml,24,44,609,585,0,0
TXN-20260718-SKU-DALIA-500,2026-07-18,SKU-DALIA-500,Dalia 500 g,0,30,82,82,0,0
TXN-20260718-SKU-FROOTI-600,2026-07-18,SKU-FROOTI-600,Frooti 600 ml,12,31,423,411,0,0
TXN-20260718-SKU-GHEE-1L,2026-07-18,SKU-GHEE-1L,Amul Ghee 1 L,1,641,78,77,0,0
TXN-20260718-SKU-HALDI-100,2026-07-18,SKU-HALDI-100,Turmeric Powder 100 g,2,28,131,129,0,0
TXN-20260718-SKU-HARPIC-500,2026-07-18,SKU-HARPIC-500,Harpic 500 ml,2,109,110,108,0,0
TXN-20260718-SKU-LIFEBUOY-4,2026-07-18,SKU-LIFEBUOY-4,Lifebuoy Soap 4 x 100 g,1,133,79,78,0,0
TXN-20260718-SKU-MAIDA-1K,2026-07-18,SKU-MAIDA-1K,Maida 1 kg,3,39,209,206,0,0
TXN-20260718-SKU-MIRCH-100,2026-07-18,SKU-MIRCH-100,Red Chilli Powder 100 g,1,30,138,137,0,0
TXN-20260718-SKU-MOONG-1K,2026-07-18,SKU-MOONG-1K,Moong Dal 1 kg,3,127,199,196,0,0
TXN-20260718-SKU-MUST-1L,2026-07-18,SKU-MUST-1L,Fortune Mustard Oil 1 L,6,163,240,234,0,0
TXN-20260718-SKU-OIL-1L,2026-07-18,SKU-OIL-1L,Sunpure Cooking Oil 1 L,12,158,619,607,0,0
TXN-20260718-SKU-POHA-500,2026-07-18,SKU-POHA-500,Poha 500 g,2,31,192,190,0,0
TXN-20260718-SKU-RAJMA-1K,2026-07-18,SKU-RAJMA-1K,Rajma 1 kg,1,158,132,131,0,0
TXN-20260718-SKU-SALT-1K,2026-07-18,SKU-SALT-1K,Tata Salt 1 kg,10,27,416,406,0,0
TXN-20260718-SKU-SPRITE-750,2026-07-18,SKU-SPRITE-750,Sprite 750 ml,12,42,319,307,0,0
TXN-20260718-SKU-SUG-1K,2026-07-18,SKU-SUG-1K,Sugar 1 kg,8,49,627,619,0,0
TXN-20260718-SKU-SUJI-500,2026-07-18,SKU-SUJI-500,Suji 500 g,2,27,147,145,0,0
TXN-20260718-SKU-SURF-1K,2026-07-18,SKU-SURF-1K,Surf Excel 1 kg,1,129,126,125,0,0
TXN-20260718-SKU-TEA-250,2026-07-18,SKU-TEA-250,Tata Tea Gold 250 g,5,171,235,230,0,0
TXN-20260718-SKU-TOOR-1K,2026-07-18,SKU-TOOR-1K,Toor Dal 1 kg,4,159,248,244,0,0
TXN-20260718-SKU-VIM-500,2026-07-18,SKU-VIM-500,Vim Bar 500 g,3,42,250,247,0,0
TXN-20260718-SKU-WATER-1L,2026-07-18,SKU-WATER-1L,Bisleri Water 1 L,36,19,888,852,0,0
TXN-20260719-SKU-ATTA-5K,2026-07-19,SKU-ATTA-5K,Aashirvaad Atta 5 kg,5,257,463,458,0,0
TXN-20260719-SKU-BESAN-500,2026-07-19,SKU-BESAN-500,Besan 500 g,2,58,178,176,0,0
TXN-20260719-SKU-BREAD-400,2026-07-19,SKU-BREAD-400,Brown Bread 400 g,3,45,263,260,0,0
TXN-20260719-SKU-CHANA-1K,2026-07-19,SKU-CHANA-1K,Kabuli Chana 1 kg,2,154,146,144,0,0
TXN-20260719-SKU-COKE-750,2026-07-19,SKU-COKE-750,Coca-Cola 750 ml,24,44,585,561,0,0
TXN-20260719-SKU-DALIA-500,2026-07-19,SKU-DALIA-500,Dalia 500 g,1,30,82,81,0,0
TXN-20260719-SKU-FROOTI-600,2026-07-19,SKU-FROOTI-600,Frooti 600 ml,12,31,411,399,0,0
TXN-20260719-SKU-GHEE-1L,2026-07-19,SKU-GHEE-1L,Amul Ghee 1 L,1,641,77,76,0,0
TXN-20260719-SKU-HALDI-100,2026-07-19,SKU-HALDI-100,Turmeric Powder 100 g,2,28,129,127,0,0
TXN-20260719-SKU-HARPIC-500,2026-07-19,SKU-HARPIC-500,Harpic 500 ml,2,109,108,106,0,0
TXN-20260719-SKU-LIFEBUOY-4,2026-07-19,SKU-LIFEBUOY-4,Lifebuoy Soap 4 x 100 g,2,133,78,76,0,0
TXN-20260719-SKU-MAIDA-1K,2026-07-19,SKU-MAIDA-1K,Maida 1 kg,2,39,206,204,0,0
TXN-20260719-SKU-MIRCH-100,2026-07-19,SKU-MIRCH-100,Red Chilli Powder 100 g,2,30,137,135,0,0
TXN-20260719-SKU-MOONG-1K,2026-07-19,SKU-MOONG-1K,Moong Dal 1 kg,4,127,196,192,0,0
TXN-20260719-SKU-MUST-1L,2026-07-19,SKU-MUST-1L,Fortune Mustard Oil 1 L,3,163,234,231,0,0
TXN-20260719-SKU-OIL-1L,2026-07-19,SKU-OIL-1L,Sunpure Cooking Oil 1 L,7,158,607,600,0,0
TXN-20260719-SKU-POHA-500,2026-07-19,SKU-POHA-500,Poha 500 g,5,31,190,185,0,0
TXN-20260719-SKU-RAJMA-1K,2026-07-19,SKU-RAJMA-1K,Rajma 1 kg,2,158,131,129,0,0
TXN-20260719-SKU-SALT-1K,2026-07-19,SKU-SALT-1K,Tata Salt 1 kg,6,27,406,400,0,0
TXN-20260719-SKU-SPRITE-750,2026-07-19,SKU-SPRITE-750,Sprite 750 ml,12,42,307,295,0,0
TXN-20260719-SKU-SUG-1K,2026-07-19,SKU-SUG-1K,Sugar 1 kg,11,49,619,608,0,0
TXN-20260719-SKU-SUJI-500,2026-07-19,SKU-SUJI-500,Suji 500 g,2,27,145,143,0,0
TXN-20260719-SKU-SURF-1K,2026-07-19,SKU-SURF-1K,Surf Excel 1 kg,2,129,125,123,0,0
TXN-20260719-SKU-TEA-250,2026-07-19,SKU-TEA-250,Tata Tea Gold 250 g,3,171,230,227,0,0
TXN-20260719-SKU-TOOR-1K,2026-07-19,SKU-TOOR-1K,Toor Dal 1 kg,3,159,244,241,0,0
TXN-20260719-SKU-VIM-500,2026-07-19,SKU-VIM-500,Vim Bar 500 g,5,42,247,242,0,0
TXN-20260719-SKU-WATER-1L,2026-07-19,SKU-WATER-1L,Bisleri Water 1 L,27,19,852,825,0,0
TXN-20260720-SKU-ATTA-5K,2026-07-20,SKU-ATTA-5K,Aashirvaad Atta 5 kg,8,257,458,450,0,0
TXN-20260720-SKU-BESAN-500,2026-07-20,SKU-BESAN-500,Besan 500 g,4,58,176,172,0,0
TXN-20260720-SKU-BREAD-400,2026-07-20,SKU-BREAD-400,Brown Bread 400 g,6,45,260,254,0,0
TXN-20260720-SKU-CHANA-1K,2026-07-20,SKU-CHANA-1K,Kabuli Chana 1 kg,1,154,144,143,0,0
TXN-20260720-SKU-COKE-750,2026-07-20,SKU-COKE-750,Coca-Cola 750 ml,14,44,561,547,0,0
TXN-20260720-SKU-DALIA-500,2026-07-20,SKU-DALIA-500,Dalia 500 g,0,30,81,81,0,0
TXN-20260720-SKU-FROOTI-600,2026-07-20,SKU-FROOTI-600,Frooti 600 ml,17,31,399,382,0,0
TXN-20260720-SKU-GHEE-1L,2026-07-20,SKU-GHEE-1L,Amul Ghee 1 L,2,641,76,74,0,0
TXN-20260720-SKU-HALDI-100,2026-07-20,SKU-HALDI-100,Turmeric Powder 100 g,3,28,127,124,0,0
TXN-20260720-SKU-HARPIC-500,2026-07-20,SKU-HARPIC-500,Harpic 500 ml,1,109,106,105,0,0
TXN-20260720-SKU-LIFEBUOY-4,2026-07-20,SKU-LIFEBUOY-4,Lifebuoy Soap 4 x 100 g,2,133,76,74,0,0
TXN-20260720-SKU-MAIDA-1K,2026-07-20,SKU-MAIDA-1K,Maida 1 kg,3,39,204,201,0,0
TXN-20260720-SKU-MIRCH-100,2026-07-20,SKU-MIRCH-100,Red Chilli Powder 100 g,2,30,135,133,0,0
TXN-20260720-SKU-MOONG-1K,2026-07-20,SKU-MOONG-1K,Moong Dal 1 kg,3,127,192,189,0,0
TXN-20260720-SKU-MUST-1L,2026-07-20,SKU-MUST-1L,Fortune Mustard Oil 1 L,3,163,231,228,0,0
TXN-20260720-SKU-OIL-1L,2026-07-20,SKU-OIL-1L,Sunpure Cooking Oil 1 L,8,158,600,592,0,0
TXN-20260720-SKU-POHA-500,2026-07-20,SKU-POHA-500,Poha 500 g,2,31,185,183,0,0
TXN-20260720-SKU-RAJMA-1K,2026-07-20,SKU-RAJMA-1K,Rajma 1 kg,2,158,129,127,0,0
TXN-20260720-SKU-SALT-1K,2026-07-20,SKU-SALT-1K,Tata Salt 1 kg,7,27,400,393,0,0
TXN-20260720-SKU-SPRITE-750,2026-07-20,SKU-SPRITE-750,Sprite 750 ml,12,42,295,283,0,0
TXN-20260720-SKU-SUG-1K,2026-07-20,SKU-SUG-1K,Sugar 1 kg,8,49,608,600,0,0
TXN-20260720-SKU-SUJI-500,2026-07-20,SKU-SUJI-500,Suji 500 g,3,27,143,140,0,0
TXN-20260720-SKU-SURF-1K,2026-07-20,SKU-SURF-1K,Surf Excel 1 kg,1,129,123,122,0,0
TXN-20260720-SKU-TEA-250,2026-07-20,SKU-TEA-250,Tata Tea Gold 250 g,5,171,227,222,0,0
TXN-20260720-SKU-TOOR-1K,2026-07-20,SKU-TOOR-1K,Toor Dal 1 kg,3,159,241,238,0,0
TXN-20260720-SKU-VIM-500,2026-07-20,SKU-VIM-500,Vim Bar 500 g,4,42,242,238,0,0
TXN-20260720-SKU-WATER-1L,2026-07-20,SKU-WATER-1L,Bisleri Water 1 L,34,19,825,791,0,0
TXN-20260721-SKU-ATTA-5K,2026-07-21,SKU-ATTA-5K,Aashirvaad Atta 5 kg,5,257,450,445,0,0
TXN-20260721-SKU-BESAN-500,2026-07-21,SKU-BESAN-500,Besan 500 g,5,58,172,167,0,0
TXN-20260721-SKU-BREAD-400,2026-07-21,SKU-BREAD-400,Brown Bread 400 g,5,45,254,249,0,0
TXN-20260721-SKU-CHANA-1K,2026-07-21,SKU-CHANA-1K,Kabuli Chana 1 kg,2,154,143,141,0,0
TXN-20260721-SKU-COKE-750,2026-07-21,SKU-COKE-750,Coca-Cola 750 ml,24,44,547,523,0,0
TXN-20260721-SKU-DALIA-500,2026-07-21,SKU-DALIA-500,Dalia 500 g,1,30,81,80,0,0
TXN-20260721-SKU-FROOTI-600,2026-07-21,SKU-FROOTI-600,Frooti 600 ml,12,31,382,370,0,0
TXN-20260721-SKU-GHEE-1L,2026-07-21,SKU-GHEE-1L,Amul Ghee 1 L,0,641,74,74,0,0
TXN-20260721-SKU-HALDI-100,2026-07-21,SKU-HALDI-100,Turmeric Powder 100 g,2,28,124,122,0,0
TXN-20260721-SKU-HARPIC-500,2026-07-21,SKU-HARPIC-500,Harpic 500 ml,2,109,105,103,0,0
TXN-20260721-SKU-LIFEBUOY-4,2026-07-21,SKU-LIFEBUOY-4,Lifebuoy Soap 4 x 100 g,1,133,74,73,0,0
TXN-20260721-SKU-MAIDA-1K,2026-07-21,SKU-MAIDA-1K,Maida 1 kg,1,39,201,200,0,0
TXN-20260721-SKU-MIRCH-100,2026-07-21,SKU-MIRCH-100,Red Chilli Powder 100 g,2,30,133,131,0,0
TXN-20260721-SKU-MOONG-1K,2026-07-21,SKU-MOONG-1K,Moong Dal 1 kg,2,127,189,187,0,0
TXN-20260721-SKU-MUST-1L,2026-07-21,SKU-MUST-1L,Fortune Mustard Oil 1 L,3,163,228,225,0,0
TXN-20260721-SKU-OIL-1L,2026-07-21,SKU-OIL-1L,Sunpure Cooking Oil 1 L,10,158,592,582,0,0
TXN-20260721-SKU-POHA-500,2026-07-21,SKU-POHA-500,Poha 500 g,3,31,183,166,0,0
TXN-20260721-SKU-RAJMA-1K,2026-07-21,SKU-RAJMA-1K,Rajma 1 kg,2,158,127,125,0,0
TXN-20260721-SKU-SALT-1K,2026-07-21,SKU-SALT-1K,Tata Salt 1 kg,6,27,393,387,0,0
TXN-20260721-SKU-SPRITE-750,2026-07-21,SKU-SPRITE-750,Sprite 750 ml,12,42,283,271,0,0
TXN-20260721-SKU-SUG-1K,2026-07-21,SKU-SUG-1K,Sugar 1 kg,7,49,600,593,0,0
TXN-20260721-SKU-SUJI-500,2026-07-21,SKU-SUJI-500,Suji 500 g,1,27,140,139,0,0
TXN-20260721-SKU-SURF-1K,2026-07-21,SKU-SURF-1K,Surf Excel 1 kg,3,129,122,119,0,0
TXN-20260721-SKU-TEA-250,2026-07-21,SKU-TEA-250,Tata Tea Gold 250 g,3,171,222,219,0,0
TXN-20260721-SKU-TOOR-1K,2026-07-21,SKU-TOOR-1K,Toor Dal 1 kg,4,159,238,234,0,0
TXN-20260721-SKU-VIM-500,2026-07-21,SKU-VIM-500,Vim Bar 500 g,5,42,238,233,0,0
TXN-20260721-SKU-WATER-1L,2026-07-21,SKU-WATER-1L,Bisleri Water 1 L,31,19,791,760,0,0
TXN-20260722-SKU-ATTA-5K,2026-07-22,SKU-ATTA-5K,Aashirvaad Atta 5 kg,8,257,445,437,0,0
TXN-20260722-SKU-BESAN-500,2026-07-22,SKU-BESAN-500,Besan 500 g,3,58,167,164,0,0
TXN-20260722-SKU-BREAD-400,2026-07-22,SKU-BREAD-400,Brown Bread 400 g,3,45,249,246,0,0
TXN-20260722-SKU-CHANA-1K,2026-07-22,SKU-CHANA-1K,Kabuli Chana 1 kg,3,154,141,138,0,0
TXN-20260722-SKU-COKE-750,2026-07-22,SKU-COKE-750,Coca-Cola 750 ml,10,44,523,513,0,0
TXN-20260722-SKU-DALIA-500,2026-07-22,SKU-DALIA-500,Dalia 500 g,1,30,80,79,0,0
TXN-20260722-SKU-FROOTI-600,2026-07-22,SKU-FROOTI-600,Frooti 600 ml,12,31,370,358,0,0
TXN-20260722-SKU-GHEE-1L,2026-07-22,SKU-GHEE-1L,Amul Ghee 1 L,0,641,74,74,0,0
TXN-20260722-SKU-HALDI-100,2026-07-22,SKU-HALDI-100,Turmeric Powder 100 g,2,28,122,120,0,0
TXN-20260722-SKU-HARPIC-500,2026-07-22,SKU-HARPIC-500,Harpic 500 ml,1,109,103,102,0,0
TXN-20260722-SKU-LIFEBUOY-4,2026-07-22,SKU-LIFEBUOY-4,Lifebuoy Soap 4 x 100 g,1,133,73,72,0,0
TXN-20260722-SKU-MAIDA-1K,2026-07-22,SKU-MAIDA-1K,Maida 1 kg,2,39,200,198,0,0
TXN-20260722-SKU-MIRCH-100,2026-07-22,SKU-MIRCH-100,Red Chilli Powder 100 g,2,30,131,129,0,0
TXN-20260722-SKU-MOONG-1K,2026-07-22,SKU-MOONG-1K,Moong Dal 1 kg,4,127,187,183,0,0
TXN-20260722-SKU-MUST-1L,2026-07-22,SKU-MUST-1L,Fortune Mustard Oil 1 L,5,163,225,220,0,0
TXN-20260722-SKU-OIL-1L,2026-07-22,SKU-OIL-1L,Sunpure Cooking Oil 1 L,7,158,582,575,0,0
TXN-20260722-SKU-POHA-500,2026-07-22,SKU-POHA-500,Poha 500 g,3,31,166,163,0,0
TXN-20260722-SKU-RAJMA-1K,2026-07-22,SKU-RAJMA-1K,Rajma 1 kg,3,158,125,122,0,0
TXN-20260722-SKU-SALT-1K,2026-07-22,SKU-SALT-1K,Tata Salt 1 kg,7,27,387,380,0,0
TXN-20260722-SKU-SPRITE-750,2026-07-22,SKU-SPRITE-750,Sprite 750 ml,2,42,271,269,0,0
TXN-20260722-SKU-SUG-1K,2026-07-22,SKU-SUG-1K,Sugar 1 kg,8,49,593,585,0,0
TXN-20260722-SKU-SUJI-500,2026-07-22,SKU-SUJI-500,Suji 500 g,2,27,139,137,0,0
TXN-20260722-SKU-SURF-1K,2026-07-22,SKU-SURF-1K,Surf Excel 1 kg,2,129,119,117,0,0
TXN-20260722-SKU-TEA-250,2026-07-22,SKU-TEA-250,Tata Tea Gold 250 g,1,171,219,218,0,0
TXN-20260722-SKU-TOOR-1K,2026-07-22,SKU-TOOR-1K,Toor Dal 1 kg,4,159,234,230,0,0
TXN-20260722-SKU-VIM-500,2026-07-22,SKU-VIM-500,Vim Bar 500 g,3,42,233,230,0,0
TXN-20260722-SKU-WATER-1L,2026-07-22,SKU-WATER-1L,Bisleri Water 1 L,10,19,760,750,0,0
TXN-20260723-SKU-ATTA-5K,2026-07-23,SKU-ATTA-5K,Aashirvaad Atta 5 kg,7,257,437,430,0,0
TXN-20260723-SKU-BESAN-500,2026-07-23,SKU-BESAN-500,Besan 500 g,2,58,164,162,0,0
TXN-20260723-SKU-BREAD-400,2026-07-23,SKU-BREAD-400,Brown Bread 400 g,4,45,246,242,0,0
TXN-20260723-SKU-CHANA-1K,2026-07-23,SKU-CHANA-1K,Kabuli Chana 1 kg,2,154,138,136,0,0
TXN-20260723-SKU-COKE-750,2026-07-23,SKU-COKE-750,Coca-Cola 750 ml,10,44,513,503,0,0
TXN-20260723-SKU-DALIA-500,2026-07-23,SKU-DALIA-500,Dalia 500 g,1,30,79,78,0,0
TXN-20260723-SKU-FROOTI-600,2026-07-23,SKU-FROOTI-600,Frooti 600 ml,14,31,358,344,0,0
TXN-20260723-SKU-GHEE-1L,2026-07-23,SKU-GHEE-1L,Amul Ghee 1 L,1,641,74,73,0,0
TXN-20260723-SKU-HALDI-100,2026-07-23,SKU-HALDI-100,Turmeric Powder 100 g,2,28,120,118,0,0
TXN-20260723-SKU-HARPIC-500,2026-07-23,SKU-HARPIC-500,Harpic 500 ml,1,109,102,101,0,0
TXN-20260723-SKU-LIFEBUOY-4,2026-07-23,SKU-LIFEBUOY-4,Lifebuoy Soap 4 x 100 g,1,133,72,71,0,0
TXN-20260723-SKU-MAIDA-1K,2026-07-23,SKU-MAIDA-1K,Maida 1 kg,2,39,198,196,0,0
TXN-20260723-SKU-MIRCH-100,2026-07-23,SKU-MIRCH-100,Red Chilli Powder 100 g,2,30,129,127,0,0
TXN-20260723-SKU-MOONG-1K,2026-07-23,SKU-MOONG-1K,Moong Dal 1 kg,4,127,183,179,0,0
TXN-20260723-SKU-MUST-1L,2026-07-23,SKU-MUST-1L,Fortune Mustard Oil 1 L,3,163,220,217,0,0
TXN-20260723-SKU-OIL-1L,2026-07-23,SKU-OIL-1L,Sunpure Cooking Oil 1 L,15,158,575,560,0,0
TXN-20260723-SKU-POHA-500,2026-07-23,SKU-POHA-500,Poha 500 g,2,31,163,161,0,0
TXN-20260723-SKU-RAJMA-1K,2026-07-23,SKU-RAJMA-1K,Rajma 1 kg,2,158,122,120,0,0
TXN-20260723-SKU-SALT-1K,2026-07-23,SKU-SALT-1K,Tata Salt 1 kg,5,27,380,375,0,0
TXN-20260723-SKU-SPRITE-750,2026-07-23,SKU-SPRITE-750,Sprite 750 ml,5,42,269,264,0,0
TXN-20260723-SKU-SUG-1K,2026-07-23,SKU-SUG-1K,Sugar 1 kg,11,49,585,574,0,0
TXN-20260723-SKU-SUJI-500,2026-07-23,SKU-SUJI-500,Suji 500 g,2,27,137,135,0,0
TXN-20260723-SKU-SURF-1K,2026-07-23,SKU-SURF-1K,Surf Excel 1 kg,2,129,117,115,0,0
TXN-20260723-SKU-TEA-250,2026-07-23,SKU-TEA-250,Tata Tea Gold 250 g,4,171,218,214,0,0
TXN-20260723-SKU-TOOR-1K,2026-07-23,SKU-TOOR-1K,Toor Dal 1 kg,4,159,230,226,0,0
TXN-20260723-SKU-VIM-500,2026-07-23,SKU-VIM-500,Vim Bar 500 g,4,42,230,226,0,0
TXN-20260723-SKU-WATER-1L,2026-07-23,SKU-WATER-1L,Bisleri Water 1 L,31,19,750,719,0,0
TXN-20260724-SKU-ATTA-5K,2026-07-24,SKU-ATTA-5K,Aashirvaad Atta 5 kg,7,257,430,423,0,0
TXN-20260724-SKU-BESAN-500,2026-07-24,SKU-BESAN-500,Besan 500 g,5,58,162,157,0,0
TXN-20260724-SKU-BREAD-400,2026-07-24,SKU-BREAD-400,Brown Bread 400 g,4,45,242,238,0,0
TXN-20260724-SKU-CHANA-1K,2026-07-24,SKU-CHANA-1K,Kabuli Chana 1 kg,2,154,136,134,0,0
TXN-20260724-SKU-COKE-750,2026-07-24,SKU-COKE-750,Coca-Cola 750 ml,22,44,503,481,0,0
TXN-20260724-SKU-DALIA-500,2026-07-24,SKU-DALIA-500,Dalia 500 g,1,30,78,77,0,0
TXN-20260724-SKU-FROOTI-600,2026-07-24,SKU-FROOTI-600,Frooti 600 ml,12,31,344,332,0,0
TXN-20260724-SKU-GHEE-1L,2026-07-24,SKU-GHEE-1L,Amul Ghee 1 L,3,641,73,70,0,0
TXN-20260724-SKU-HALDI-100,2026-07-24,SKU-HALDI-100,Turmeric Powder 100 g,2,28,118,116,0,0
TXN-20260724-SKU-HARPIC-500,2026-07-24,SKU-HARPIC-500,Harpic 500 ml,2,109,101,99,0,0
TXN-20260724-SKU-LIFEBUOY-4,2026-07-24,SKU-LIFEBUOY-4,Lifebuoy Soap 4 x 100 g,1,133,71,70,0,0
TXN-20260724-SKU-MAIDA-1K,2026-07-24,SKU-MAIDA-1K,Maida 1 kg,3,39,196,193,0,0
TXN-20260724-SKU-MIRCH-100,2026-07-24,SKU-MIRCH-100,Red Chilli Powder 100 g,2,30,127,125,0,0
TXN-20260724-SKU-MOONG-1K,2026-07-24,SKU-MOONG-1K,Moong Dal 1 kg,3,127,179,176,0,0
TXN-20260724-SKU-MUST-1L,2026-07-24,SKU-MUST-1L,Fortune Mustard Oil 1 L,5,163,217,212,0,0
TXN-20260724-SKU-OIL-1L,2026-07-24,SKU-OIL-1L,Sunpure Cooking Oil 1 L,6,158,560,554,0,0
TXN-20260724-SKU-POHA-500,2026-07-24,SKU-POHA-500,Poha 500 g,3,31,161,158,0,0
TXN-20260724-SKU-RAJMA-1K,2026-07-24,SKU-RAJMA-1K,Rajma 1 kg,2,158,120,118,0,0
TXN-20260724-SKU-SALT-1K,2026-07-24,SKU-SALT-1K,Tata Salt 1 kg,6,27,375,369,0,0
TXN-20260724-SKU-SPRITE-750,2026-07-24,SKU-SPRITE-750,Sprite 750 ml,5,42,264,259,0,0
TXN-20260724-SKU-SUG-1K,2026-07-24,SKU-SUG-1K,Sugar 1 kg,8,49,574,566,0,0
TXN-20260724-SKU-SUJI-500,2026-07-24,SKU-SUJI-500,Suji 500 g,2,27,135,133,0,0
TXN-20260724-SKU-SURF-1K,2026-07-24,SKU-SURF-1K,Surf Excel 1 kg,3,129,115,112,0,0
TXN-20260724-SKU-TEA-250,2026-07-24,SKU-TEA-250,Tata Tea Gold 250 g,4,171,214,210,0,0
TXN-20260724-SKU-TOOR-1K,2026-07-24,SKU-TOOR-1K,Toor Dal 1 kg,3,159,226,223,0,0
TXN-20260724-SKU-VIM-500,2026-07-24,SKU-VIM-500,Vim Bar 500 g,3,42,226,223,0,0
TXN-20260724-SKU-WATER-1L,2026-07-24,SKU-WATER-1L,Bisleri Water 1 L,27,19,719,692,0,0
TXN-20260725-SKU-ATTA-5K,2026-07-25,SKU-ATTA-5K,Aashirvaad Atta 5 kg,7,257,423,416,0,0
TXN-20260725-SKU-BESAN-500,2026-07-25,SKU-BESAN-500,Besan 500 g,4,58,157,153,0,0
TXN-20260725-SKU-BREAD-400,2026-07-25,SKU-BREAD-400,Brown Bread 400 g,4,45,238,234,0,0
TXN-20260725-SKU-CHANA-1K,2026-07-25,SKU-CHANA-1K,Kabuli Chana 1 kg,3,154,134,131,0,0
TXN-20260725-SKU-COKE-750,2026-07-25,SKU-COKE-750,Coca-Cola 750 ml,12,44,481,469,0,0
TXN-20260725-SKU-DALIA-500,2026-07-25,SKU-DALIA-500,Dalia 500 g,0,30,77,77,0,0
TXN-20260725-SKU-FROOTI-600,2026-07-25,SKU-FROOTI-600,Frooti 600 ml,14,31,332,318,0,0
TXN-20260725-SKU-GHEE-1L,2026-07-25,SKU-GHEE-1L,Amul Ghee 1 L,1,641,70,69,0,0
TXN-20260725-SKU-HALDI-100,2026-07-25,SKU-HALDI-100,Turmeric Powder 100 g,2,28,116,114,0,0
TXN-20260725-SKU-HARPIC-500,2026-07-25,SKU-HARPIC-500,Harpic 500 ml,1,109,99,98,0,0
TXN-20260725-SKU-LIFEBUOY-4,2026-07-25,SKU-LIFEBUOY-4,Lifebuoy Soap 4 x 100 g,1,133,70,69,0,0
TXN-20260725-SKU-MAIDA-1K,2026-07-25,SKU-MAIDA-1K,Maida 1 kg,3,39,193,190,0,0
TXN-20260725-SKU-MIRCH-100,2026-07-25,SKU-MIRCH-100,Red Chilli Powder 100 g,2,30,125,123,0,0
TXN-20260725-SKU-MOONG-1K,2026-07-25,SKU-MOONG-1K,Moong Dal 1 kg,1,127,176,175,0,0
TXN-20260725-SKU-MUST-1L,2026-07-25,SKU-MUST-1L,Fortune Mustard Oil 1 L,5,163,212,207,0,0
TXN-20260725-SKU-OIL-1L,2026-07-25,SKU-OIL-1L,Sunpure Cooking Oil 1 L,11,158,554,543,0,0
TXN-20260725-SKU-POHA-500,2026-07-25,SKU-POHA-500,Poha 500 g,4,31,158,154,0,0
TXN-20260725-SKU-RAJMA-1K,2026-07-25,SKU-RAJMA-1K,Rajma 1 kg,2,158,118,116,0,0
TXN-20260725-SKU-SALT-1K,2026-07-25,SKU-SALT-1K,Tata Salt 1 kg,8,27,369,361,0,0
TXN-20260725-SKU-SPRITE-750,2026-07-25,SKU-SPRITE-750,Sprite 750 ml,10,42,259,249,0,0
TXN-20260725-SKU-SUG-1K,2026-07-25,SKU-SUG-1K,Sugar 1 kg,9,49,566,557,0,0
TXN-20260725-SKU-SUJI-500,2026-07-25,SKU-SUJI-500,Suji 500 g,3,27,133,130,0,0
TXN-20260725-SKU-SURF-1K,2026-07-25,SKU-SURF-1K,Surf Excel 1 kg,3,129,112,109,0,0
TXN-20260725-SKU-TEA-250,2026-07-25,SKU-TEA-250,Tata Tea Gold 250 g,3,171,210,207,0,0
TXN-20260725-SKU-TOOR-1K,2026-07-25,SKU-TOOR-1K,Toor Dal 1 kg,4,159,223,219,0,0
TXN-20260725-SKU-VIM-500,2026-07-25,SKU-VIM-500,Vim Bar 500 g,2,42,223,221,0,0
TXN-20260725-SKU-WATER-1L,2026-07-25,SKU-WATER-1L,Bisleri Water 1 L,17,19,692,675,0,0
TXN-20260726-SKU-ATTA-5K,2026-07-26,SKU-ATTA-5K,Aashirvaad Atta 5 kg,5,257,416,411,0,0
TXN-20260726-SKU-BESAN-500,2026-07-26,SKU-BESAN-500,Besan 500 g,3,58,153,150,0,0
TXN-20260726-SKU-BREAD-400,2026-07-26,SKU-BREAD-400,Brown Bread 400 g,4,45,234,230,0,0
TXN-20260726-SKU-CHANA-1K,2026-07-26,SKU-CHANA-1K,Kabuli Chana 1 kg,1,154,131,130,0,0
TXN-20260726-SKU-COKE-750,2026-07-26,SKU-COKE-750,Coca-Cola 750 ml,29,44,469,440,0,0
TXN-20260726-SKU-DALIA-500,2026-07-26,SKU-DALIA-500,Dalia 500 g,2,30,77,75,0,0
TXN-20260726-SKU-FROOTI-600,2026-07-26,SKU-FROOTI-600,Frooti 600 ml,12,31,318,306,0,0
TXN-20260726-SKU-GHEE-1L,2026-07-26,SKU-GHEE-1L,Amul Ghee 1 L,1,641,69,68,0,0
TXN-20260726-SKU-HALDI-100,2026-07-26,SKU-HALDI-100,Turmeric Powder 100 g,4,28,114,110,0,0
TXN-20260726-SKU-HARPIC-500,2026-07-26,SKU-HARPIC-500,Harpic 500 ml,0,109,98,98,0,0
TXN-20260726-SKU-LIFEBUOY-4,2026-07-26,SKU-LIFEBUOY-4,Lifebuoy Soap 4 x 100 g,1,133,69,68,0,0
TXN-20260726-SKU-MAIDA-1K,2026-07-26,SKU-MAIDA-1K,Maida 1 kg,1,39,190,189,0,0
TXN-20260726-SKU-MIRCH-100,2026-07-26,SKU-MIRCH-100,Red Chilli Powder 100 g,2,30,123,121,0,0
TXN-20260726-SKU-MOONG-1K,2026-07-26,SKU-MOONG-1K,Moong Dal 1 kg,3,127,175,172,0,0
TXN-20260726-SKU-MUST-1L,2026-07-26,SKU-MUST-1L,Fortune Mustard Oil 1 L,3,163,207,204,0,0
TXN-20260726-SKU-OIL-1L,2026-07-26,SKU-OIL-1L,Sunpure Cooking Oil 1 L,15,158,543,528,0,0
TXN-20260726-SKU-POHA-500,2026-07-26,SKU-POHA-500,Poha 500 g,4,31,154,150,0,0
TXN-20260726-SKU-RAJMA-1K,2026-07-26,SKU-RAJMA-1K,Rajma 1 kg,2,158,116,114,0,0
TXN-20260726-SKU-SALT-1K,2026-07-26,SKU-SALT-1K,Tata Salt 1 kg,6,27,361,355,0,0
TXN-20260726-SKU-SPRITE-750,2026-07-26,SKU-SPRITE-750,Sprite 750 ml,2,42,249,247,0,0
TXN-20260726-SKU-SUG-1K,2026-07-26,SKU-SUG-1K,Sugar 1 kg,13,49,557,544,0,0
TXN-20260726-SKU-SUJI-500,2026-07-26,SKU-SUJI-500,Suji 500 g,2,27,130,128,0,0
TXN-20260726-SKU-SURF-1K,2026-07-26,SKU-SURF-1K,Surf Excel 1 kg,2,129,109,107,0,0
TXN-20260726-SKU-TEA-250,2026-07-26,SKU-TEA-250,Tata Tea Gold 250 g,3,171,207,204,0,0
TXN-20260726-SKU-TOOR-1K,2026-07-26,SKU-TOOR-1K,Toor Dal 1 kg,4,159,219,215,0,0
TXN-20260726-SKU-VIM-500,2026-07-26,SKU-VIM-500,Vim Bar 500 g,4,42,221,217,0,0
TXN-20260726-SKU-WATER-1L,2026-07-26,SKU-WATER-1L,Bisleri Water 1 L,48,19,675,627,0,0
TXN-20260727-SKU-ATTA-5K,2026-07-27,SKU-ATTA-5K,Aashirvaad Atta 5 kg,4,257,411,407,0,0
TXN-20260727-SKU-BESAN-500,2026-07-27,SKU-BESAN-500,Besan 500 g,3,58,150,147,0,0
TXN-20260727-SKU-BREAD-400,2026-07-27,SKU-BREAD-400,Brown Bread 400 g,3,45,230,227,0,0
TXN-20260727-SKU-CHANA-1K,2026-07-27,SKU-CHANA-1K,Kabuli Chana 1 kg,1,154,130,129,0,0
TXN-20260727-SKU-COKE-750,2026-07-27,SKU-COKE-750,Coca-Cola 750 ml,17,44,440,423,0,0
TXN-20260727-SKU-DALIA-500,2026-07-27,SKU-DALIA-500,Dalia 500 g,0,30,75,75,0,0
TXN-20260727-SKU-FROOTI-600,2026-07-27,SKU-FROOTI-600,Frooti 600 ml,12,31,306,294,0,0
TXN-20260727-SKU-GHEE-1L,2026-07-27,SKU-GHEE-1L,Amul Ghee 1 L,1,641,68,67,0,0
TXN-20260727-SKU-HALDI-100,2026-07-27,SKU-HALDI-100,Turmeric Powder 100 g,3,28,110,107,0,0
TXN-20260727-SKU-HARPIC-500,2026-07-27,SKU-HARPIC-500,Harpic 500 ml,0,109,98,98,0,0
TXN-20260727-SKU-LIFEBUOY-4,2026-07-27,SKU-LIFEBUOY-4,Lifebuoy Soap 4 x 100 g,1,133,68,67,0,0
TXN-20260727-SKU-MAIDA-1K,2026-07-27,SKU-MAIDA-1K,Maida 1 kg,3,39,189,186,0,0
TXN-20260727-SKU-MIRCH-100,2026-07-27,SKU-MIRCH-100,Red Chilli Powder 100 g,2,30,121,119,0,0
TXN-20260727-SKU-MOONG-1K,2026-07-27,SKU-MOONG-1K,Moong Dal 1 kg,4,127,172,168,0,0
TXN-20260727-SKU-MUST-1L,2026-07-27,SKU-MUST-1L,Fortune Mustard Oil 1 L,4,163,204,200,0,0
TXN-20260727-SKU-OIL-1L,2026-07-27,SKU-OIL-1L,Sunpure Cooking Oil 1 L,15,158,528,513,0,0
TXN-20260727-SKU-POHA-500,2026-07-27,SKU-POHA-500,Poha 500 g,3,31,150,147,0,0
TXN-20260727-SKU-RAJMA-1K,2026-07-27,SKU-RAJMA-1K,Rajma 1 kg,2,158,114,112,0,0
TXN-20260727-SKU-SALT-1K,2026-07-27,SKU-SALT-1K,Tata Salt 1 kg,8,27,355,347,0,0
TXN-20260727-SKU-SPRITE-750,2026-07-27,SKU-SPRITE-750,Sprite 750 ml,10,42,247,237,0,0
TXN-20260727-SKU-SUG-1K,2026-07-27,SKU-SUG-1K,Sugar 1 kg,12,49,544,532,0,0
TXN-20260727-SKU-SUJI-500,2026-07-27,SKU-SUJI-500,Suji 500 g,2,27,128,126,0,0
TXN-20260727-SKU-SURF-1K,2026-07-27,SKU-SURF-1K,Surf Excel 1 kg,2,129,107,105,0,0
TXN-20260727-SKU-TEA-250,2026-07-27,SKU-TEA-250,Tata Tea Gold 250 g,3,171,204,201,0,0
TXN-20260727-SKU-TOOR-1K,2026-07-27,SKU-TOOR-1K,Toor Dal 1 kg,5,159,215,210,0,0
TXN-20260727-SKU-VIM-500,2026-07-27,SKU-VIM-500,Vim Bar 500 g,2,42,217,215,0,0
TXN-20260727-SKU-WATER-1L,2026-07-27,SKU-WATER-1L,Bisleri Water 1 L,31,19,627,596,0,0
TXN-20260728-SKU-ATTA-5K,2026-07-28,SKU-ATTA-5K,Aashirvaad Atta 5 kg,8,257,407,399,0,0
TXN-20260728-SKU-BESAN-500,2026-07-28,SKU-BESAN-500,Besan 500 g,2,58,147,145,0,0
TXN-20260728-SKU-BREAD-400,2026-07-28,SKU-BREAD-400,Brown Bread 400 g,3,45,227,224,0,0
TXN-20260728-SKU-CHANA-1K,2026-07-28,SKU-CHANA-1K,Kabuli Chana 1 kg,3,154,129,126,0,0
TXN-20260728-SKU-COKE-750,2026-07-28,SKU-COKE-750,Coca-Cola 750 ml,5,44,423,418,0,0
TXN-20260728-SKU-DALIA-500,2026-07-28,SKU-DALIA-500,Dalia 500 g,1,30,75,74,0,0
TXN-20260728-SKU-FROOTI-600,2026-07-28,SKU-FROOTI-600,Frooti 600 ml,5,31,294,289,0,0
TXN-20260728-SKU-GHEE-1L,2026-07-28,SKU-GHEE-1L,Amul Ghee 1 L,1,641,67,66,0,0
TXN-20260728-SKU-HALDI-100,2026-07-28,SKU-HALDI-100,Turmeric Powder 100 g,2,28,107,105,0,0
TXN-20260728-SKU-HARPIC-500,2026-07-28,SKU-HARPIC-500,Harpic 500 ml,0,109,98,98,0,0
TXN-20260728-SKU-LIFEBUOY-4,2026-07-28,SKU-LIFEBUOY-4,Lifebuoy Soap 4 x 100 g,1,133,67,66,0,0
TXN-20260728-SKU-MAIDA-1K,2026-07-28,SKU-MAIDA-1K,Maida 1 kg,4,39,186,182,0,0
TXN-20260728-SKU-MIRCH-100,2026-07-28,SKU-MIRCH-100,Red Chilli Powder 100 g,2,30,119,117,0,0
TXN-20260728-SKU-MOONG-1K,2026-07-28,SKU-MOONG-1K,Moong Dal 1 kg,4,127,168,164,0,0
TXN-20260728-SKU-MUST-1L,2026-07-28,SKU-MUST-1L,Fortune Mustard Oil 1 L,6,163,200,194,0,0
TXN-20260728-SKU-OIL-1L,2026-07-28,SKU-OIL-1L,Sunpure Cooking Oil 1 L,9,158,513,504,0,0
TXN-20260728-SKU-POHA-500,2026-07-28,SKU-POHA-500,Poha 500 g,3,31,147,144,0,0
TXN-20260728-SKU-RAJMA-1K,2026-07-28,SKU-RAJMA-1K,Rajma 1 kg,1,158,112,111,0,0
TXN-20260728-SKU-SALT-1K,2026-07-28,SKU-SALT-1K,Tata Salt 1 kg,7,27,347,340,0,0
TXN-20260728-SKU-SPRITE-750,2026-07-28,SKU-SPRITE-750,Sprite 750 ml,4,42,237,233,0,0
TXN-20260728-SKU-SUG-1K,2026-07-28,SKU-SUG-1K,Sugar 1 kg,17,49,532,515,0,0
TXN-20260728-SKU-SUJI-500,2026-07-28,SKU-SUJI-500,Suji 500 g,3,27,126,123,0,0
TXN-20260728-SKU-SURF-1K,2026-07-28,SKU-SURF-1K,Surf Excel 1 kg,2,129,105,103,0,0
TXN-20260728-SKU-TEA-250,2026-07-28,SKU-TEA-250,Tata Tea Gold 250 g,6,171,201,195,0,0
TXN-20260728-SKU-TOOR-1K,2026-07-28,SKU-TOOR-1K,Toor Dal 1 kg,4,159,210,206,0,0
TXN-20260728-SKU-VIM-500,2026-07-28,SKU-VIM-500,Vim Bar 500 g,4,42,215,211,0,0
TXN-20260728-SKU-WATER-1L,2026-07-28,SKU-WATER-1L,Bisleri Water 1 L,13,19,596,583,0,0
TXN-20260729-SKU-ATTA-5K,2026-07-29,SKU-ATTA-5K,Aashirvaad Atta 5 kg,8,257,399,391,0,0
TXN-20260729-SKU-BESAN-500,2026-07-29,SKU-BESAN-500,Besan 500 g,1,58,145,144,0,0
TXN-20260729-SKU-BREAD-400,2026-07-29,SKU-BREAD-400,Brown Bread 400 g,5,45,224,219,0,0
TXN-20260729-SKU-CHANA-1K,2026-07-29,SKU-CHANA-1K,Kabuli Chana 1 kg,2,154,126,124,0,0
TXN-20260729-SKU-COKE-750,2026-07-29,SKU-COKE-750,Coca-Cola 750 ml,11,44,418,407,0,0
TXN-20260729-SKU-DALIA-500,2026-07-29,SKU-DALIA-500,Dalia 500 g,1,30,74,73,0,0
TXN-20260729-SKU-FROOTI-600,2026-07-29,SKU-FROOTI-600,Frooti 600 ml,6,31,289,283,0,0
TXN-20260729-SKU-GHEE-1L,2026-07-29,SKU-GHEE-1L,Amul Ghee 1 L,2,641,66,64,0,0
TXN-20260729-SKU-HALDI-100,2026-07-29,SKU-HALDI-100,Turmeric Powder 100 g,1,28,105,104,0,0
TXN-20260729-SKU-HARPIC-500,2026-07-29,SKU-HARPIC-500,Harpic 500 ml,0,109,98,98,0,0
TXN-20260729-SKU-LIFEBUOY-4,2026-07-29,SKU-LIFEBUOY-4,Lifebuoy Soap 4 x 100 g,1,133,66,65,0,0
TXN-20260729-SKU-MAIDA-1K,2026-07-29,SKU-MAIDA-1K,Maida 1 kg,4,39,182,178,0,0
TXN-20260729-SKU-MIRCH-100,2026-07-29,SKU-MIRCH-100,Red Chilli Powder 100 g,1,30,117,116,0,0
TXN-20260729-SKU-MOONG-1K,2026-07-29,SKU-MOONG-1K,Moong Dal 1 kg,3,127,164,161,0,0
TXN-20260729-SKU-MUST-1L,2026-07-29,SKU-MUST-1L,Fortune Mustard Oil 1 L,5,163,194,189,0,0
TXN-20260729-SKU-OIL-1L,2026-07-29,SKU-OIL-1L,Sunpure Cooking Oil 1 L,11,158,504,493,0,0
TXN-20260729-SKU-POHA-500,2026-07-29,SKU-POHA-500,Poha 500 g,3,31,144,141,0,0
TXN-20260729-SKU-RAJMA-1K,2026-07-29,SKU-RAJMA-1K,Rajma 1 kg,2,158,111,109,0,0
TXN-20260729-SKU-SALT-1K,2026-07-29,SKU-SALT-1K,Tata Salt 1 kg,5,27,340,335,0,0
TXN-20260729-SKU-SPRITE-750,2026-07-29,SKU-SPRITE-750,Sprite 750 ml,4,42,233,229,0,0
TXN-20260729-SKU-SUG-1K,2026-07-29,SKU-SUG-1K,Sugar 1 kg,12,49,515,503,0,0
TXN-20260729-SKU-SUJI-500,2026-07-29,SKU-SUJI-500,Suji 500 g,1,27,123,122,0,0
TXN-20260729-SKU-SURF-1K,2026-07-29,SKU-SURF-1K,Surf Excel 1 kg,1,129,103,102,0,0
TXN-20260729-SKU-TEA-250,2026-07-29,SKU-TEA-250,Tata Tea Gold 250 g,2,171,195,193,0,0
TXN-20260729-SKU-TOOR-1K,2026-07-29,SKU-TOOR-1K,Toor Dal 1 kg,4,159,206,202,0,0
TXN-20260729-SKU-VIM-500,2026-07-29,SKU-VIM-500,Vim Bar 500 g,5,42,211,206,0,0
TXN-20260729-SKU-WATER-1L,2026-07-29,SKU-WATER-1L,Bisleri Water 1 L,13,19,583,570,0,0
TXN-20260730-SKU-ATTA-5K,2026-07-30,SKU-ATTA-5K,Aashirvaad Atta 5 kg,3,257,391,388,0,0
TXN-20260730-SKU-BESAN-500,2026-07-30,SKU-BESAN-500,Besan 500 g,4,58,144,140,0,0
TXN-20260730-SKU-BREAD-400,2026-07-30,SKU-BREAD-400,Brown Bread 400 g,5,45,219,214,0,0
TXN-20260730-SKU-CHANA-1K,2026-07-30,SKU-CHANA-1K,Kabuli Chana 1 kg,1,154,124,123,0,0
TXN-20260730-SKU-COKE-750,2026-07-30,SKU-COKE-750,Coca-Cola 750 ml,6,44,407,401,0,0
TXN-20260730-SKU-DALIA-500,2026-07-30,SKU-DALIA-500,Dalia 500 g,1,30,73,72,0,0
TXN-20260730-SKU-FROOTI-600,2026-07-30,SKU-FROOTI-600,Frooti 600 ml,3,31,283,280,0,0
TXN-20260730-SKU-GHEE-1L,2026-07-30,SKU-GHEE-1L,Amul Ghee 1 L,1,641,64,63,0,0
TXN-20260730-SKU-HALDI-100,2026-07-30,SKU-HALDI-100,Turmeric Powder 100 g,3,28,104,101,0,0
TXN-20260730-SKU-HARPIC-500,2026-07-30,SKU-HARPIC-500,Harpic 500 ml,1,109,98,97,0,0
TXN-20260730-SKU-LIFEBUOY-4,2026-07-30,SKU-LIFEBUOY-4,Lifebuoy Soap 4 x 100 g,1,133,65,64,0,0
TXN-20260730-SKU-MAIDA-1K,2026-07-30,SKU-MAIDA-1K,Maida 1 kg,5,39,178,173,0,0
TXN-20260730-SKU-MIRCH-100,2026-07-30,SKU-MIRCH-100,Red Chilli Powder 100 g,2,30,116,114,0,0
TXN-20260730-SKU-MOONG-1K,2026-07-30,SKU-MOONG-1K,Moong Dal 1 kg,3,127,161,158,0,0
TXN-20260730-SKU-MUST-1L,2026-07-30,SKU-MUST-1L,Fortune Mustard Oil 1 L,3,163,189,186,0,0
TXN-20260730-SKU-OIL-1L,2026-07-30,SKU-OIL-1L,Sunpure Cooking Oil 1 L,8,158,493,485,0,0
TXN-20260730-SKU-POHA-500,2026-07-30,SKU-POHA-500,Poha 500 g,3,31,141,138,0,0
TXN-20260730-SKU-RAJMA-1K,2026-07-30,SKU-RAJMA-1K,Rajma 1 kg,3,158,109,106,0,0
TXN-20260730-SKU-SALT-1K,2026-07-30,SKU-SALT-1K,Tata Salt 1 kg,7,27,335,328,0,0
TXN-20260730-SKU-SPRITE-750,2026-07-30,SKU-SPRITE-750,Sprite 750 ml,4,42,229,225,0,0
TXN-20260730-SKU-SUG-1K,2026-07-30,SKU-SUG-1K,Sugar 1 kg,8,49,503,495,0,0
TXN-20260730-SKU-SUJI-500,2026-07-30,SKU-SUJI-500,Suji 500 g,3,27,122,119,0,0
TXN-20260730-SKU-SURF-1K,2026-07-30,SKU-SURF-1K,Surf Excel 1 kg,2,129,102,100,0,0
TXN-20260730-SKU-TEA-250,2026-07-30,SKU-TEA-250,Tata Tea Gold 250 g,3,171,193,190,0,0
TXN-20260730-SKU-TOOR-1K,2026-07-30,SKU-TOOR-1K,Toor Dal 1 kg,5,159,202,197,0,0
TXN-20260730-SKU-VIM-500,2026-07-30,SKU-VIM-500,Vim Bar 500 g,3,42,206,203,0,0
TXN-20260730-SKU-WATER-1L,2026-07-30,SKU-WATER-1L,Bisleri Water 1 L,14,19,570,556,0,0
TXN-20260731-SKU-ATTA-5K,2026-07-31,SKU-ATTA-5K,Aashirvaad Atta 5 kg,10,257,388,378,0,0
TXN-20260731-SKU-BESAN-500,2026-07-31,SKU-BESAN-500,Besan 500 g,2,58,140,138,0,0
TXN-20260731-SKU-BREAD-400,2026-07-31,SKU-BREAD-400,Brown Bread 400 g,3,45,214,211,0,0
TXN-20260731-SKU-CHANA-1K,2026-07-31,SKU-CHANA-1K,Kabuli Chana 1 kg,1,154,123,122,0,0
TXN-20260731-SKU-COKE-750,2026-07-31,SKU-COKE-750,Coca-Cola 750 ml,10,44,401,391,0,0
TXN-20260731-SKU-DALIA-500,2026-07-31,SKU-DALIA-500,Dalia 500 g,1,30,72,71,0,0
TXN-20260731-SKU-FROOTI-600,2026-07-31,SKU-FROOTI-600,Frooti 600 ml,5,31,280,275,0,0
TXN-20260731-SKU-GHEE-1L,2026-07-31,SKU-GHEE-1L,Amul Ghee 1 L,1,641,63,62,0,0
TXN-20260731-SKU-HALDI-100,2026-07-31,SKU-HALDI-100,Turmeric Powder 100 g,1,28,101,100,0,0
TXN-20260731-SKU-HARPIC-500,2026-07-31,SKU-HARPIC-500,Harpic 500 ml,1,109,97,96,0,0
TXN-20260731-SKU-LIFEBUOY-4,2026-07-31,SKU-LIFEBUOY-4,Lifebuoy Soap 4 x 100 g,2,133,64,62,0,0
TXN-20260731-SKU-MAIDA-1K,2026-07-31,SKU-MAIDA-1K,Maida 1 kg,3,39,173,170,0,0
TXN-20260731-SKU-MIRCH-100,2026-07-31,SKU-MIRCH-100,Red Chilli Powder 100 g,1,30,114,113,0,0
TXN-20260731-SKU-MOONG-1K,2026-07-31,SKU-MOONG-1K,Moong Dal 1 kg,3,127,158,155,0,0
TXN-20260731-SKU-MUST-1L,2026-07-31,SKU-MUST-1L,Fortune Mustard Oil 1 L,3,163,186,183,0,0
TXN-20260731-SKU-OIL-1L,2026-07-31,SKU-OIL-1L,Sunpure Cooking Oil 1 L,7,158,485,478,0,0
TXN-20260731-SKU-POHA-500,2026-07-31,SKU-POHA-500,Poha 500 g,3,31,138,135,0,0
TXN-20260731-SKU-RAJMA-1K,2026-07-31,SKU-RAJMA-1K,Rajma 1 kg,2,158,106,104,0,0
TXN-20260731-SKU-SALT-1K,2026-07-31,SKU-SALT-1K,Tata Salt 1 kg,5,27,328,323,0,0
TXN-20260731-SKU-SPRITE-750,2026-07-31,SKU-SPRITE-750,Sprite 750 ml,4,42,225,221,0,0
TXN-20260731-SKU-SUG-1K,2026-07-31,SKU-SUG-1K,Sugar 1 kg,11,49,495,484,0,0
TXN-20260731-SKU-SUJI-500,2026-07-31,SKU-SUJI-500,Suji 500 g,3,27,119,116,0,0
TXN-20260731-SKU-SURF-1K,2026-07-31,SKU-SURF-1K,Surf Excel 1 kg,2,129,100,98,0,0
TXN-20260731-SKU-TEA-250,2026-07-31,SKU-TEA-250,Tata Tea Gold 250 g,4,171,190,186,0,0
TXN-20260731-SKU-TOOR-1K,2026-07-31,SKU-TOOR-1K,Toor Dal 1 kg,4,159,197,193,0,0
TXN-20260731-SKU-VIM-500,2026-07-31,SKU-VIM-500,Vim Bar 500 g,5,42,203,198,0,0
TXN-20260731-SKU-WATER-1L,2026-07-31,SKU-WATER-1L,Bisleri Water 1 L,12,19,556,544,0,0
TXN-20260801-SKU-ATTA-5K,2026-08-01,SKU-ATTA-5K,Aashirvaad Atta 5 kg,6,257,378,372,0,0
TXN-20260801-SKU-BESAN-500,2026-08-01,SKU-BESAN-500,Besan 500 g,2,58,138,136,0,0
TXN-20260801-SKU-BREAD-400,2026-08-01,SKU-BREAD-400,Brown Bread 400 g,2,45,211,209,0,0
TXN-20260801-SKU-CHANA-1K,2026-08-01,SKU-CHANA-1K,Kabuli Chana 1 kg,2,154,122,120,0,0
TXN-20260801-SKU-COKE-750,2026-08-01,SKU-COKE-750,Coca-Cola 750 ml,5,44,391,386,0,0
TXN-20260801-SKU-DALIA-500,2026-08-01,SKU-DALIA-500,Dalia 500 g,1,30,71,70,0,0
TXN-20260801-SKU-FROOTI-600,2026-08-01,SKU-FROOTI-600,Frooti 600 ml,5,31,275,270,0,0
TXN-20260801-SKU-GHEE-1L,2026-08-01,SKU-GHEE-1L,Amul Ghee 1 L,0,641,62,62,0,0
TXN-20260801-SKU-HALDI-100,2026-08-01,SKU-HALDI-100,Turmeric Powder 100 g,2,28,100,98,0,0
TXN-20260801-SKU-HARPIC-500,2026-08-01,SKU-HARPIC-500,Harpic 500 ml,2,109,96,94,0,0
TXN-20260801-SKU-LIFEBUOY-4,2026-08-01,SKU-LIFEBUOY-4,Lifebuoy Soap 4 x 100 g,1,133,62,61,0,0
TXN-20260801-SKU-MAIDA-1K,2026-08-01,SKU-MAIDA-1K,Maida 1 kg,4,39,170,166,0,0
TXN-20260801-SKU-MIRCH-100,2026-08-01,SKU-MIRCH-100,Red Chilli Powder 100 g,3,30,113,110,0,0
TXN-20260801-SKU-MOONG-1K,2026-08-01,SKU-MOONG-1K,Moong Dal 1 kg,3,127,155,152,0,0
TXN-20260801-SKU-MUST-1L,2026-08-01,SKU-MUST-1L,Fortune Mustard Oil 1 L,4,163,183,179,0,0
TXN-20260801-SKU-OIL-1L,2026-08-01,SKU-OIL-1L,Sunpure Cooking Oil 1 L,10,158,478,468,0,0
TXN-20260801-SKU-POHA-500,2026-08-01,SKU-POHA-500,Poha 500 g,3,31,135,132,0,0
TXN-20260801-SKU-RAJMA-1K,2026-08-01,SKU-RAJMA-1K,Rajma 1 kg,2,158,104,102,0,0
TXN-20260801-SKU-SALT-1K,2026-08-01,SKU-SALT-1K,Tata Salt 1 kg,6,27,323,317,0,0
TXN-20260801-SKU-SPRITE-750,2026-08-01,SKU-SPRITE-750,Sprite 750 ml,4,42,221,217,0,0
TXN-20260801-SKU-SUG-1K,2026-08-01,SKU-SUG-1K,Sugar 1 kg,10,49,484,474,0,0
TXN-20260801-SKU-SUJI-500,2026-08-01,SKU-SUJI-500,Suji 500 g,2,27,116,114,0,0
TXN-20260801-SKU-SURF-1K,2026-08-01,SKU-SURF-1K,Surf Excel 1 kg,3,129,98,95,0,0
TXN-20260801-SKU-TEA-250,2026-08-01,SKU-TEA-250,Tata Tea Gold 250 g,1,171,186,185,0,0
TXN-20260801-SKU-TOOR-1K,2026-08-01,SKU-TOOR-1K,Toor Dal 1 kg,5,159,193,188,0,0
TXN-20260801-SKU-VIM-500,2026-08-01,SKU-VIM-500,Vim Bar 500 g,4,42,198,194,0,0
TXN-20260801-SKU-WATER-1L,2026-08-01,SKU-WATER-1L,Bisleri Water 1 L,10,19,544,534,0,0
TXN-20260802-SKU-ATTA-5K,2026-08-02,SKU-ATTA-5K,Aashirvaad Atta 5 kg,6,257,372,366,0,0
TXN-20260802-SKU-BESAN-500,2026-08-02,SKU-BESAN-500,Besan 500 g,4,58,136,132,0,0
TXN-20260802-SKU-BREAD-400,2026-08-02,SKU-BREAD-400,Brown Bread 400 g,6,45,209,203,0,0
TXN-20260802-SKU-CHANA-1K,2026-08-02,SKU-CHANA-1K,Kabuli Chana 1 kg,2,154,120,118,0,0
TXN-20260802-SKU-COKE-750,2026-08-02,SKU-COKE-750,Coca-Cola 750 ml,5,44,386,381,0,0
TXN-20260802-SKU-DALIA-500,2026-08-02,SKU-DALIA-500,Dalia 500 g,1,30,70,69,0,0
TXN-20260802-SKU-FROOTI-600,2026-08-02,SKU-FROOTI-600,Frooti 600 ml,6,31,270,264,0,0
TXN-20260802-SKU-GHEE-1L,2026-08-02,SKU-GHEE-1L,Amul Ghee 1 L,1,641,62,61,0,0
TXN-20260802-SKU-HALDI-100,2026-08-02,SKU-HALDI-100,Turmeric Powder 100 g,2,28,98,96,0,0
TXN-20260802-SKU-HARPIC-500,2026-08-02,SKU-HARPIC-500,Harpic 500 ml,1,109,94,93,0,0
TXN-20260802-SKU-LIFEBUOY-4,2026-08-02,SKU-LIFEBUOY-4,Lifebuoy Soap 4 x 100 g,2,133,61,59,0,0
TXN-20260802-SKU-MAIDA-1K,2026-08-02,SKU-MAIDA-1K,Maida 1 kg,3,39,166,163,0,0
TXN-20260802-SKU-MIRCH-100,2026-08-02,SKU-MIRCH-100,Red Chilli Powder 100 g,2,30,110,108,0,0
TXN-20260802-SKU-MOONG-1K,2026-08-02,SKU-MOONG-1K,Moong Dal 1 kg,3,127,152,149,0,0
TXN-20260802-SKU-MUST-1L,2026-08-02,SKU-MUST-1L,Fortune Mustard Oil 1 L,2,163,179,177,0,0
TXN-20260802-SKU-OIL-1L,2026-08-02,SKU-OIL-1L,Sunpure Cooking Oil 1 L,13,158,468,455,0,0
TXN-20260802-SKU-POHA-500,2026-08-02,SKU-POHA-500,Poha 500 g,3,31,132,129,0,0
TXN-20260802-SKU-RAJMA-1K,2026-08-02,SKU-RAJMA-1K,Rajma 1 kg,2,158,102,100,0,0
TXN-20260802-SKU-SALT-1K,2026-08-02,SKU-SALT-1K,Tata Salt 1 kg,7,27,317,310,0,0
TXN-20260802-SKU-SPRITE-750,2026-08-02,SKU-SPRITE-750,Sprite 750 ml,3,42,217,214,0,0
TXN-20260802-SKU-SUG-1K,2026-08-02,SKU-SUG-1K,Sugar 1 kg,6,49,474,468,0,0
TXN-20260802-SKU-SUJI-500,2026-08-02,SKU-SUJI-500,Suji 500 g,2,27,114,112,0,0
TXN-20260802-SKU-SURF-1K,2026-08-02,SKU-SURF-1K,Surf Excel 1 kg,1,129,95,94,0,0
TXN-20260802-SKU-TEA-250,2026-08-02,SKU-TEA-250,Tata Tea Gold 250 g,3,171,185,182,0,0
TXN-20260802-SKU-TOOR-1K,2026-08-02,SKU-TOOR-1K,Toor Dal 1 kg,5,159,188,183,0,0
TXN-20260802-SKU-VIM-500,2026-08-02,SKU-VIM-500,Vim Bar 500 g,3,42,194,191,0,0
TXN-20260802-SKU-WATER-1L,2026-08-02,SKU-WATER-1L,Bisleri Water 1 L,11,19,534,523,0,0
TXN-20260803-SKU-ATTA-5K,2026-08-03,SKU-ATTA-5K,Aashirvaad Atta 5 kg,7,257,366,359,0,0
TXN-20260803-SKU-BESAN-500,2026-08-03,SKU-BESAN-500,Besan 500 g,4,58,132,128,0,0
TXN-20260803-SKU-BREAD-400,2026-08-03,SKU-BREAD-400,Brown Bread 400 g,3,45,203,200,0,0
TXN-20260803-SKU-CHANA-1K,2026-08-03,SKU-CHANA-1K,Kabuli Chana 1 kg,2,154,118,116,0,0
TXN-20260803-SKU-COKE-750,2026-08-03,SKU-COKE-750,Coca-Cola 750 ml,6,44,381,375,0,0
TXN-20260803-SKU-DALIA-500,2026-08-03,SKU-DALIA-500,Dalia 500 g,2,30,69,67,0,0
TXN-20260803-SKU-FROOTI-600,2026-08-03,SKU-FROOTI-600,Frooti 600 ml,6,31,264,258,0,0
TXN-20260803-SKU-GHEE-1L,2026-08-03,SKU-GHEE-1L,Amul Ghee 1 L,0,641,61,61,0,0
TXN-20260803-SKU-HALDI-100,2026-08-03,SKU-HALDI-100,Turmeric Powder 100 g,3,28,96,93,0,0
TXN-20260803-SKU-HARPIC-500,2026-08-03,SKU-HARPIC-500,Harpic 500 ml,2,109,93,91,0,0
TXN-20260803-SKU-LIFEBUOY-4,2026-08-03,SKU-LIFEBUOY-4,Lifebuoy Soap 4 x 100 g,1,133,59,58,0,0
TXN-20260803-SKU-MAIDA-1K,2026-08-03,SKU-MAIDA-1K,Maida 1 kg,4,39,163,159,0,0
TXN-20260803-SKU-MIRCH-100,2026-08-03,SKU-MIRCH-100,Red Chilli Powder 100 g,4,30,108,104,0,0
TXN-20260803-SKU-MOONG-1K,2026-08-03,SKU-MOONG-1K,Moong Dal 1 kg,1,127,149,148,0,0
TXN-20260803-SKU-MUST-1L,2026-08-03,SKU-MUST-1L,Fortune Mustard Oil 1 L,3,163,177,174,0,0
TXN-20260803-SKU-OIL-1L,2026-08-03,SKU-OIL-1L,Sunpure Cooking Oil 1 L,10,158,455,445,0,0
TXN-20260803-SKU-POHA-500,2026-08-03,SKU-POHA-500,Poha 500 g,3,31,129,126,0,0
TXN-20260803-SKU-RAJMA-1K,2026-08-03,SKU-RAJMA-1K,Rajma 1 kg,2,158,100,98,0,0
TXN-20260803-SKU-SALT-1K,2026-08-03,SKU-SALT-1K,Tata Salt 1 kg,9,27,310,301,0,0
TXN-20260803-SKU-SPRITE-750,2026-08-03,SKU-SPRITE-750,Sprite 750 ml,2,42,214,212,0,0
TXN-20260803-SKU-SUG-1K,2026-08-03,SKU-SUG-1K,Sugar 1 kg,12,49,468,456,0,0
TXN-20260803-SKU-SUJI-500,2026-08-03,SKU-SUJI-500,Suji 500 g,2,27,112,110,0,0
TXN-20260803-SKU-SURF-1K,2026-08-03,SKU-SURF-1K,Surf Excel 1 kg,1,129,94,93,0,0
TXN-20260803-SKU-TEA-250,2026-08-03,SKU-TEA-250,Tata Tea Gold 250 g,5,171,182,177,0,0
TXN-20260803-SKU-TOOR-1K,2026-08-03,SKU-TOOR-1K,Toor Dal 1 kg,3,159,183,180,0,0
TXN-20260803-SKU-VIM-500,2026-08-03,SKU-VIM-500,Vim Bar 500 g,3,42,191,188,0,0
TXN-20260803-SKU-WATER-1L,2026-08-03,SKU-WATER-1L,Bisleri Water 1 L,9,19,523,514,0,0
TXN-20260804-SKU-ATTA-5K,2026-08-04,SKU-ATTA-5K,Aashirvaad Atta 5 kg,6,257,359,353,0,0
TXN-20260804-SKU-BESAN-500,2026-08-04,SKU-BESAN-500,Besan 500 g,3,58,128,125,0,0
TXN-20260804-SKU-BREAD-400,2026-08-04,SKU-BREAD-400,Brown Bread 400 g,4,45,200,196,0,0
TXN-20260804-SKU-CHANA-1K,2026-08-04,SKU-CHANA-1K,Kabuli Chana 1 kg,3,154,116,113,0,0
TXN-20260804-SKU-COKE-750,2026-08-04,SKU-COKE-750,Coca-Cola 750 ml,10,44,375,365,0,0
TXN-20260804-SKU-DALIA-500,2026-08-04,SKU-DALIA-500,Dalia 500 g,2,30,67,65,0,0
TXN-20260804-SKU-FROOTI-600,2026-08-04,SKU-FROOTI-600,Frooti 600 ml,7,31,258,251,0,0
TXN-20260804-SKU-GHEE-1L,2026-08-04,SKU-GHEE-1L,Amul Ghee 1 L,1,641,61,60,0,0
TXN-20260804-SKU-HALDI-100,2026-08-04,SKU-HALDI-100,Turmeric Powder 100 g,2,28,93,91,0,0
TXN-20260804-SKU-HARPIC-500,2026-08-04,SKU-HARPIC-500,Harpic 500 ml,0,109,91,91,0,0
TXN-20260804-SKU-LIFEBUOY-4,2026-08-04,SKU-LIFEBUOY-4,Lifebuoy Soap 4 x 100 g,1,133,58,57,0,0
TXN-20260804-SKU-MAIDA-1K,2026-08-04,SKU-MAIDA-1K,Maida 1 kg,5,39,159,154,0,0
TXN-20260804-SKU-MIRCH-100,2026-08-04,SKU-MIRCH-100,Red Chilli Powder 100 g,2,30,104,102,0,0
TXN-20260804-SKU-MOONG-1K,2026-08-04,SKU-MOONG-1K,Moong Dal 1 kg,3,127,148,145,0,0
TXN-20260804-SKU-MUST-1L,2026-08-04,SKU-MUST-1L,Fortune Mustard Oil 1 L,5,163,174,169,0,0
TXN-20260804-SKU-OIL-1L,2026-08-04,SKU-OIL-1L,Sunpure Cooking Oil 1 L,9,158,445,436,0,0
TXN-20260804-SKU-POHA-500,2026-08-04,SKU-POHA-500,Poha 500 g,2,31,126,124,0,0
TXN-20260804-SKU-RAJMA-1K,2026-08-04,SKU-RAJMA-1K,Rajma 1 kg,2,158,98,96,0,0
TXN-20260804-SKU-SALT-1K,2026-08-04,SKU-SALT-1K,Tata Salt 1 kg,7,27,301,294,0,0
TXN-20260804-SKU-SPRITE-750,2026-08-04,SKU-SPRITE-750,Sprite 750 ml,5,42,212,207,0,0
TXN-20260804-SKU-SUG-1K,2026-08-04,SKU-SUG-1K,Sugar 1 kg,8,49,456,448,0,0
TXN-20260804-SKU-SUJI-500,2026-08-04,SKU-SUJI-500,Suji 500 g,2,27,110,108,0,0
TXN-20260804-SKU-SURF-1K,2026-08-04,SKU-SURF-1K,Surf Excel 1 kg,2,129,93,91,0,0
TXN-20260804-SKU-TEA-250,2026-08-04,SKU-TEA-250,Tata Tea Gold 250 g,3,171,177,174,0,0
TXN-20260804-SKU-TOOR-1K,2026-08-04,SKU-TOOR-1K,Toor Dal 1 kg,3,159,180,177,0,0
TXN-20260804-SKU-VIM-500,2026-08-04,SKU-VIM-500,Vim Bar 500 g,4,42,188,184,0,0
TXN-20260804-SKU-WATER-1L,2026-08-04,SKU-WATER-1L,Bisleri Water 1 L,14,19,514,500,0,0
TXN-20260805-SKU-ATTA-5K,2026-08-05,SKU-ATTA-5K,Aashirvaad Atta 5 kg,9,257,353,344,0,0
TXN-20260805-SKU-BESAN-500,2026-08-05,SKU-BESAN-500,Besan 500 g,4,58,125,121,0,0
TXN-20260805-SKU-BREAD-400,2026-08-05,SKU-BREAD-400,Brown Bread 400 g,3,45,196,193,0,0
TXN-20260805-SKU-CHANA-1K,2026-08-05,SKU-CHANA-1K,Kabuli Chana 1 kg,2,154,113,111,0,0
TXN-20260805-SKU-COKE-750,2026-08-05,SKU-COKE-750,Coca-Cola 750 ml,8,44,365,357,0,0
TXN-20260805-SKU-DALIA-500,2026-08-05,SKU-DALIA-500,Dalia 500 g,1,30,65,64,0,0
TXN-20260805-SKU-FROOTI-600,2026-08-05,SKU-FROOTI-600,Frooti 600 ml,4,31,251,247,0,0
TXN-20260805-SKU-GHEE-1L,2026-08-05,SKU-GHEE-1L,Amul Ghee 1 L,1,641,60,59,0,0
TXN-20260805-SKU-HALDI-100,2026-08-05,SKU-HALDI-100,Turmeric Powder 100 g,2,28,91,89,0,0
TXN-20260805-SKU-HARPIC-500,2026-08-05,SKU-HARPIC-500,Harpic 500 ml,0,109,91,91,0,0
TXN-20260805-SKU-LIFEBUOY-4,2026-08-05,SKU-LIFEBUOY-4,Lifebuoy Soap 4 x 100 g,2,133,57,55,0,0
TXN-20260805-SKU-MAIDA-1K,2026-08-05,SKU-MAIDA-1K,Maida 1 kg,4,39,154,150,0,0
TXN-20260805-SKU-MIRCH-100,2026-08-05,SKU-MIRCH-100,Red Chilli Powder 100 g,3,30,102,99,0,0
TXN-20260805-SKU-MOONG-1K,2026-08-05,SKU-MOONG-1K,Moong Dal 1 kg,4,127,145,141,0,0
TXN-20260805-SKU-MUST-1L,2026-08-05,SKU-MUST-1L,Fortune Mustard Oil 1 L,4,163,169,165,0,0
TXN-20260805-SKU-OIL-1L,2026-08-05,SKU-OIL-1L,Sunpure Cooking Oil 1 L,12,158,436,424,0,0
TXN-20260805-SKU-POHA-500,2026-08-05,SKU-POHA-500,Poha 500 g,3,31,124,121,0,0
TXN-20260805-SKU-RAJMA-1K,2026-08-05,SKU-RAJMA-1K,Rajma 1 kg,2,158,96,94,0,0
TXN-20260805-SKU-SALT-1K,2026-08-05,SKU-SALT-1K,Tata Salt 1 kg,9,27,294,285,0,0
TXN-20260805-SKU-SPRITE-750,2026-08-05,SKU-SPRITE-750,Sprite 750 ml,3,42,207,204,0,0
TXN-20260805-SKU-SUG-1K,2026-08-05,SKU-SUG-1K,Sugar 1 kg,20,49,448,428,0,0
TXN-20260805-SKU-SUJI-500,2026-08-05,SKU-SUJI-500,Suji 500 g,3,27,108,105,0,0
TXN-20260805-SKU-SURF-1K,2026-08-05,SKU-SURF-1K,Surf Excel 1 kg,2,129,91,89,0,0
TXN-20260805-SKU-TEA-250,2026-08-05,SKU-TEA-250,Tata Tea Gold 250 g,5,171,174,169,0,0
TXN-20260805-SKU-TOOR-1K,2026-08-05,SKU-TOOR-1K,Toor Dal 1 kg,4,159,177,173,0,0
TXN-20260805-SKU-VIM-500,2026-08-05,SKU-VIM-500,Vim Bar 500 g,5,42,184,179,0,0
TXN-20260805-SKU-WATER-1L,2026-08-05,SKU-WATER-1L,Bisleri Water 1 L,6,19,500,494,0,0
TXN-20260806-SKU-ATTA-5K,2026-08-06,SKU-ATTA-5K,Aashirvaad Atta 5 kg,4,257,344,340,0,0
TXN-20260806-SKU-BESAN-500,2026-08-06,SKU-BESAN-500,Besan 500 g,1,58,121,120,0,0
TXN-20260806-SKU-BREAD-400,2026-08-06,SKU-BREAD-400,Brown Bread 400 g,3,45,193,190,0,0
TXN-20260806-SKU-CHANA-1K,2026-08-06,SKU-CHANA-1K,Kabuli Chana 1 kg,2,154,111,109,0,0
TXN-20260806-SKU-COKE-750,2026-08-06,SKU-COKE-750,Coca-Cola 750 ml,8,44,357,349,0,0
TXN-20260806-SKU-DALIA-500,2026-08-06,SKU-DALIA-500,Dalia 500 g,2,30,64,62,0,0
TXN-20260806-SKU-FROOTI-600,2026-08-06,SKU-FROOTI-600,Frooti 600 ml,6,31,247,241,0,0
TXN-20260806-SKU-GHEE-1L,2026-08-06,SKU-GHEE-1L,Amul Ghee 1 L,1,641,59,58,0,0
TXN-20260806-SKU-HALDI-100,2026-08-06,SKU-HALDI-100,Turmeric Powder 100 g,2,28,89,87,0,0
TXN-20260806-SKU-HARPIC-500,2026-08-06,SKU-HARPIC-500,Harpic 500 ml,2,109,91,89,0,0
TXN-20260806-SKU-LIFEBUOY-4,2026-08-06,SKU-LIFEBUOY-4,Lifebuoy Soap 4 x 100 g,0,133,55,55,0,0
TXN-20260806-SKU-MAIDA-1K,2026-08-06,SKU-MAIDA-1K,Maida 1 kg,1,39,150,149,0,0
TXN-20260806-SKU-MIRCH-100,2026-08-06,SKU-MIRCH-100,Red Chilli Powder 100 g,1,30,99,98,0,0
TXN-20260806-SKU-MOONG-1K,2026-08-06,SKU-MOONG-1K,Moong Dal 1 kg,3,127,141,138,0,0
TXN-20260806-SKU-MUST-1L,2026-08-06,SKU-MUST-1L,Fortune Mustard Oil 1 L,1,163,165,164,0,0
TXN-20260806-SKU-OIL-1L,2026-08-06,SKU-OIL-1L,Sunpure Cooking Oil 1 L,13,158,424,411,0,0
TXN-20260806-SKU-POHA-500,2026-08-06,SKU-POHA-500,Poha 500 g,3,31,121,118,0,0
TXN-20260806-SKU-RAJMA-1K,2026-08-06,SKU-RAJMA-1K,Rajma 1 kg,3,158,94,91,0,0
TXN-20260806-SKU-SALT-1K,2026-08-06,SKU-SALT-1K,Tata Salt 1 kg,6,27,285,279,0,0
TXN-20260806-SKU-SPRITE-750,2026-08-06,SKU-SPRITE-750,Sprite 750 ml,4,42,204,200,0,0
TXN-20260806-SKU-SUG-1K,2026-08-06,SKU-SUG-1K,Sugar 1 kg,9,49,428,419,0,0
TXN-20260806-SKU-SUJI-500,2026-08-06,SKU-SUJI-500,Suji 500 g,2,27,105,103,0,0
TXN-20260806-SKU-SURF-1K,2026-08-06,SKU-SURF-1K,Surf Excel 1 kg,2,129,89,87,0,0
TXN-20260806-SKU-TEA-250,2026-08-06,SKU-TEA-250,Tata Tea Gold 250 g,3,171,169,166,0,0
TXN-20260806-SKU-TOOR-1K,2026-08-06,SKU-TOOR-1K,Toor Dal 1 kg,4,159,173,169,0,0
TXN-20260806-SKU-VIM-500,2026-08-06,SKU-VIM-500,Vim Bar 500 g,3,42,179,176,0,0
TXN-20260806-SKU-WATER-1L,2026-08-06,SKU-WATER-1L,Bisleri Water 1 L,10,19,494,484,0,0
TXN-20260807-SKU-ATTA-5K,2026-08-07,SKU-ATTA-5K,Aashirvaad Atta 5 kg,12,257,340,328,0,0
TXN-20260807-SKU-BESAN-500,2026-08-07,SKU-BESAN-500,Besan 500 g,1,58,120,119,0,0
TXN-20260807-SKU-BREAD-400,2026-08-07,SKU-BREAD-400,Brown Bread 400 g,3,45,190,187,0,0
TXN-20260807-SKU-CHANA-1K,2026-08-07,SKU-CHANA-1K,Kabuli Chana 1 kg,1,154,109,108,0,0
TXN-20260807-SKU-COKE-750,2026-08-07,SKU-COKE-750,Coca-Cola 750 ml,6,44,349,343,0,0
TXN-20260807-SKU-DALIA-500,2026-08-07,SKU-DALIA-500,Dalia 500 g,1,30,62,61,0,0
TXN-20260807-SKU-FROOTI-600,2026-08-07,SKU-FROOTI-600,Frooti 600 ml,5,31,241,236,0,0
TXN-20260807-SKU-GHEE-1L,2026-08-07,SKU-GHEE-1L,Amul Ghee 1 L,1,641,58,57,0,0
TXN-20260807-SKU-HALDI-100,2026-08-07,SKU-HALDI-100,Turmeric Powder 100 g,1,28,87,86,0,0
TXN-20260807-SKU-HARPIC-500,2026-08-07,SKU-HARPIC-500,Harpic 500 ml,1,109,89,88,0,0
TXN-20260807-SKU-LIFEBUOY-4,2026-08-07,SKU-LIFEBUOY-4,Lifebuoy Soap 4 x 100 g,1,133,55,54,0,0
TXN-20260807-SKU-MAIDA-1K,2026-08-07,SKU-MAIDA-1K,Maida 1 kg,4,39,149,145,0,0
TXN-20260807-SKU-MIRCH-100,2026-08-07,SKU-MIRCH-100,Red Chilli Powder 100 g,3,30,98,95,0,0
TXN-20260807-SKU-MOONG-1K,2026-08-07,SKU-MOONG-1K,Moong Dal 1 kg,4,127,138,134,0,0
TXN-20260807-SKU-MUST-1L,2026-08-07,SKU-MUST-1L,Fortune Mustard Oil 1 L,3,163,164,161,0,0
TXN-20260807-SKU-OIL-1L,2026-08-07,SKU-OIL-1L,Sunpure Cooking Oil 1 L,12,158,411,399,0,0
TXN-20260807-SKU-POHA-500,2026-08-07,SKU-POHA-500,Poha 500 g,3,31,118,115,0,0
TXN-20260807-SKU-RAJMA-1K,2026-08-07,SKU-RAJMA-1K,Rajma 1 kg,1,158,91,90,0,0
TXN-20260807-SKU-SALT-1K,2026-08-07,SKU-SALT-1K,Tata Salt 1 kg,7,27,279,272,0,0
TXN-20260807-SKU-SPRITE-750,2026-08-07,SKU-SPRITE-750,Sprite 750 ml,3,42,200,197,0,0
TXN-20260807-SKU-SUG-1K,2026-08-07,SKU-SUG-1K,Sugar 1 kg,12,49,419,407,0,0
TXN-20260807-SKU-SUJI-500,2026-08-07,SKU-SUJI-500,Suji 500 g,2,27,103,101,0,0
TXN-20260807-SKU-SURF-1K,2026-08-07,SKU-SURF-1K,Surf Excel 1 kg,2,129,87,85,0,0
TXN-20260807-SKU-TEA-250,2026-08-07,SKU-TEA-250,Tata Tea Gold 250 g,4,171,166,162,0,0
TXN-20260807-SKU-TOOR-1K,2026-08-07,SKU-TOOR-1K,Toor Dal 1 kg,4,159,169,165,0,0
TXN-20260807-SKU-VIM-500,2026-08-07,SKU-VIM-500,Vim Bar 500 g,4,42,176,172,0,0
TXN-20260807-SKU-WATER-1L,2026-08-07,SKU-WATER-1L,Bisleri Water 1 L,12,19,484,472,0,0
TXN-20260808-SKU-ATTA-5K,2026-08-08,SKU-ATTA-5K,Aashirvaad Atta 5 kg,9,257,328,319,0,0
TXN-20260808-SKU-BESAN-500,2026-08-08,SKU-BESAN-500,Besan 500 g,2,58,119,117,0,0
TXN-20260808-SKU-BREAD-400,2026-08-08,SKU-BREAD-400,Brown Bread 400 g,3,45,187,184,0,0
TXN-20260808-SKU-CHANA-1K,2026-08-08,SKU-CHANA-1K,Kabuli Chana 1 kg,1,154,108,107,0,0
TXN-20260808-SKU-COKE-750,2026-08-08,SKU-COKE-750,Coca-Cola 750 ml,10,44,343,333,0,0
TXN-20260808-SKU-DALIA-500,2026-08-08,SKU-DALIA-500,Dalia 500 g,1,30,61,60,0,0
TXN-20260808-SKU-FROOTI-600,2026-08-08,SKU-FROOTI-600,Frooti 600 ml,5,31,236,231,0,0
TXN-20260808-SKU-GHEE-1L,2026-08-08,SKU-GHEE-1L,Amul Ghee 1 L,1,641,57,56,0,0
TXN-20260808-SKU-HALDI-100,2026-08-08,SKU-HALDI-100,Turmeric Powder 100 g,2,28,86,84,0,0
TXN-20260808-SKU-HARPIC-500,2026-08-08,SKU-HARPIC-500,Harpic 500 ml,1,109,88,87,0,0
TXN-20260808-SKU-LIFEBUOY-4,2026-08-08,SKU-LIFEBUOY-4,Lifebuoy Soap 4 x 100 g,1,133,54,53,0,0
TXN-20260808-SKU-MAIDA-1K,2026-08-08,SKU-MAIDA-1K,Maida 1 kg,1,39,145,144,0,0
TXN-20260808-SKU-MIRCH-100,2026-08-08,SKU-MIRCH-100,Red Chilli Powder 100 g,1,30,95,94,0,0
TXN-20260808-SKU-MOONG-1K,2026-08-08,SKU-MOONG-1K,Moong Dal 1 kg,2,127,134,132,0,0
TXN-20260808-SKU-MUST-1L,2026-08-08,SKU-MUST-1L,Fortune Mustard Oil 1 L,5,163,161,156,0,0
TXN-20260808-SKU-OIL-1L,2026-08-08,SKU-OIL-1L,Sunpure Cooking Oil 1 L,9,158,399,390,0,0
TXN-20260808-SKU-POHA-500,2026-08-08,SKU-POHA-500,Poha 500 g,2,31,115,113,0,0
TXN-20260808-SKU-RAJMA-1K,2026-08-08,SKU-RAJMA-1K,Rajma 1 kg,2,158,90,88,0,0
TXN-20260808-SKU-SALT-1K,2026-08-08,SKU-SALT-1K,Tata Salt 1 kg,9,27,272,263,0,0
TXN-20260808-SKU-SPRITE-750,2026-08-08,SKU-SPRITE-750,Sprite 750 ml,4,42,197,193,0,0
TXN-20260808-SKU-SUG-1K,2026-08-08,SKU-SUG-1K,Sugar 1 kg,8,49,407,399,0,0
TXN-20260808-SKU-SUJI-500,2026-08-08,SKU-SUJI-500,Suji 500 g,2,27,101,99,0,0
TXN-20260808-SKU-SURF-1K,2026-08-08,SKU-SURF-1K,Surf Excel 1 kg,2,129,85,83,0,0
TXN-20260808-SKU-TEA-250,2026-08-08,SKU-TEA-250,Tata Tea Gold 250 g,4,171,162,158,0,0
TXN-20260808-SKU-TOOR-1K,2026-08-08,SKU-TOOR-1K,Toor Dal 1 kg,4,159,165,161,0,0
TXN-20260808-SKU-VIM-500,2026-08-08,SKU-VIM-500,Vim Bar 500 g,3,42,172,169,0,0
TXN-20260808-SKU-WATER-1L,2026-08-08,SKU-WATER-1L,Bisleri Water 1 L,12,19,472,460,0,0
TXN-20260809-SKU-ATTA-5K,2026-08-09,SKU-ATTA-5K,Aashirvaad Atta 5 kg,7,257,319,312,0,0
TXN-20260809-SKU-BESAN-500,2026-08-09,SKU-BESAN-500,Besan 500 g,3,58,117,114,0,0
TXN-20260809-SKU-BREAD-400,2026-08-09,SKU-BREAD-400,Brown Bread 400 g,1,45,184,183,0,0
TXN-20260809-SKU-CHANA-1K,2026-08-09,SKU-CHANA-1K,Kabuli Chana 1 kg,2,154,107,105,0,0
TXN-20260809-SKU-COKE-750,2026-08-09,SKU-COKE-750,Coca-Cola 750 ml,5,44,333,328,0,0
TXN-20260809-SKU-DALIA-500,2026-08-09,SKU-DALIA-500,Dalia 500 g,2,30,60,58,0,0
TXN-20260809-SKU-FROOTI-600,2026-08-09,SKU-FROOTI-600,Frooti 600 ml,7,31,231,224,0,0
TXN-20260809-SKU-GHEE-1L,2026-08-09,SKU-GHEE-1L,Amul Ghee 1 L,1,641,56,55,0,0
TXN-20260809-SKU-HALDI-100,2026-08-09,SKU-HALDI-100,Turmeric Powder 100 g,1,28,84,83,0,0
TXN-20260809-SKU-HARPIC-500,2026-08-09,SKU-HARPIC-500,Harpic 500 ml,1,109,87,86,0,0
TXN-20260809-SKU-LIFEBUOY-4,2026-08-09,SKU-LIFEBUOY-4,Lifebuoy Soap 4 x 100 g,1,133,53,52,0,0
TXN-20260809-SKU-MAIDA-1K,2026-08-09,SKU-MAIDA-1K,Maida 1 kg,3,39,144,141,0,0
TXN-20260809-SKU-MIRCH-100,2026-08-09,SKU-MIRCH-100,Red Chilli Powder 100 g,2,30,94,92,0,0
TXN-20260809-SKU-MOONG-1K,2026-08-09,SKU-MOONG-1K,Moong Dal 1 kg,4,127,132,128,0,0
TXN-20260809-SKU-MUST-1L,2026-08-09,SKU-MUST-1L,Fortune Mustard Oil 1 L,4,163,156,152,0,0
TXN-20260809-SKU-OIL-1L,2026-08-09,SKU-OIL-1L,Sunpure Cooking Oil 1 L,6,158,390,384,0,0
TXN-20260809-SKU-POHA-500,2026-08-09,SKU-POHA-500,Poha 500 g,4,31,113,109,0,0
TXN-20260809-SKU-RAJMA-1K,2026-08-09,SKU-RAJMA-1K,Rajma 1 kg,1,158,88,87,0,0
TXN-20260809-SKU-SALT-1K,2026-08-09,SKU-SALT-1K,Tata Salt 1 kg,7,27,263,256,0,0
TXN-20260809-SKU-SPRITE-750,2026-08-09,SKU-SPRITE-750,Sprite 750 ml,4,42,193,189,0,0
TXN-20260809-SKU-SUG-1K,2026-08-09,SKU-SUG-1K,Sugar 1 kg,12,49,399,387,0,0
TXN-20260809-SKU-SUJI-500,2026-08-09,SKU-SUJI-500,Suji 500 g,2,27,99,97,0,0
TXN-20260809-SKU-SURF-1K,2026-08-09,SKU-SURF-1K,Surf Excel 1 kg,2,129,83,81,0,0
TXN-20260809-SKU-TEA-250,2026-08-09,SKU-TEA-250,Tata Tea Gold 250 g,5,171,158,153,0,0
TXN-20260809-SKU-TOOR-1K,2026-08-09,SKU-TOOR-1K,Toor Dal 1 kg,3,159,161,158,0,0
TXN-20260809-SKU-VIM-500,2026-08-09,SKU-VIM-500,Vim Bar 500 g,3,42,169,166,0,0
TXN-20260809-SKU-WATER-1L,2026-08-09,SKU-WATER-1L,Bisleri Water 1 L,8,19,460,452,0,0
TXN-20260810-SKU-ATTA-5K,2026-08-10,SKU-ATTA-5K,Aashirvaad Atta 5 kg,9,257,312,303,0,0
TXN-20260810-SKU-BESAN-500,2026-08-10,SKU-BESAN-500,Besan 500 g,2,58,114,112,0,0
TXN-20260810-SKU-BREAD-400,2026-08-10,SKU-BREAD-400,Brown Bread 400 g,5,45,183,178,0,0
TXN-20260810-SKU-CHANA-1K,2026-08-10,SKU-CHANA-1K,Kabuli Chana 1 kg,1,154,105,104,0,0
TXN-20260810-SKU-COKE-750,2026-08-10,SKU-COKE-750,Coca-Cola 750 ml,10,44,328,318,0,0
TXN-20260810-SKU-DALIA-500,2026-08-10,SKU-DALIA-500,Dalia 500 g,1,30,58,57,0,0
TXN-20260810-SKU-FROOTI-600,2026-08-10,SKU-FROOTI-600,Frooti 600 ml,6,31,224,218,0,0
TXN-20260810-SKU-GHEE-1L,2026-08-10,SKU-GHEE-1L,Amul Ghee 1 L,2,641,55,53,0,0
TXN-20260810-SKU-HALDI-100,2026-08-10,SKU-HALDI-100,Turmeric Powder 100 g,2,28,83,81,0,0
TXN-20260810-SKU-HARPIC-500,2026-08-10,SKU-HARPIC-500,Harpic 500 ml,2,109,86,84,0,0
TXN-20260810-SKU-LIFEBUOY-4,2026-08-10,SKU-LIFEBUOY-4,Lifebuoy Soap 4 x 100 g,0,133,52,52,0,0
TXN-20260810-SKU-MAIDA-1K,2026-08-10,SKU-MAIDA-1K,Maida 1 kg,3,39,141,138,0,0
TXN-20260810-SKU-MIRCH-100,2026-08-10,SKU-MIRCH-100,Red Chilli Powder 100 g,2,30,92,90,0,0
TXN-20260810-SKU-MOONG-1K,2026-08-10,SKU-MOONG-1K,Moong Dal 1 kg,3,127,128,125,0,0
TXN-20260810-SKU-MUST-1L,2026-08-10,SKU-MUST-1L,Fortune Mustard Oil 1 L,4,163,152,148,0,0
TXN-20260810-SKU-OIL-1L,2026-08-10,SKU-OIL-1L,Sunpure Cooking Oil 1 L,6,158,384,378,0,0
TXN-20260810-SKU-POHA-500,2026-08-10,SKU-POHA-500,Poha 500 g,2,31,109,107,0,0
TXN-20260810-SKU-RAJMA-1K,2026-08-10,SKU-RAJMA-1K,Rajma 1 kg,1,158,87,86,0,0
TXN-20260810-SKU-SALT-1K,2026-08-10,SKU-SALT-1K,Tata Salt 1 kg,6,27,256,250,0,0
TXN-20260810-SKU-SPRITE-750,2026-08-10,SKU-SPRITE-750,Sprite 750 ml,4,42,189,185,0,0
TXN-20260810-SKU-SUG-1K,2026-08-10,SKU-SUG-1K,Sugar 1 kg,6,49,387,381,0,0
TXN-20260810-SKU-SUJI-500,2026-08-10,SKU-SUJI-500,Suji 500 g,3,27,97,94,0,0
TXN-20260810-SKU-SURF-1K,2026-08-10,SKU-SURF-1K,Surf Excel 1 kg,2,129,81,79,0,0
TXN-20260810-SKU-TEA-250,2026-08-10,SKU-TEA-250,Tata Tea Gold 250 g,5,171,153,148,0,0
TXN-20260810-SKU-TOOR-1K,2026-08-10,SKU-TOOR-1K,Toor Dal 1 kg,4,159,158,154,0,0
TXN-20260810-SKU-VIM-500,2026-08-10,SKU-VIM-500,Vim Bar 500 g,5,42,166,161,0,0
TXN-20260810-SKU-WATER-1L,2026-08-10,SKU-WATER-1L,Bisleri Water 1 L,14,19,452,438,0,0
TXN-20260811-SKU-ATTA-5K,2026-08-11,SKU-ATTA-5K,Aashirvaad Atta 5 kg,6,257,303,297,0,0
TXN-20260811-SKU-BESAN-500,2026-08-11,SKU-BESAN-500,Besan 500 g,4,58,112,108,0,0
TXN-20260811-SKU-BREAD-400,2026-08-11,SKU-BREAD-400,Brown Bread 400 g,4,45,178,174,0,0
TXN-20260811-SKU-CHANA-1K,2026-08-11,SKU-CHANA-1K,Kabuli Chana 1 kg,3,154,104,101,0,0
TXN-20260811-SKU-COKE-750,2026-08-11,SKU-COKE-750,Coca-Cola 750 ml,7,44,318,311,0,0
TXN-20260811-SKU-DALIA-500,2026-08-11,SKU-DALIA-500,Dalia 500 g,2,30,57,55,0,0
TXN-20260811-SKU-FROOTI-600,2026-08-11,SKU-FROOTI-600,Frooti 600 ml,5,31,218,213,0,0
TXN-20260811-SKU-GHEE-1L,2026-08-11,SKU-GHEE-1L,Amul Ghee 1 L,1,641,53,52,0,0
TXN-20260811-SKU-HALDI-100,2026-08-11,SKU-HALDI-100,Turmeric Powder 100 g,2,28,81,79,0,0
TXN-20260811-SKU-HARPIC-500,2026-08-11,SKU-HARPIC-500,Harpic 500 ml,1,109,84,83,0,0
TXN-20260811-SKU-LIFEBUOY-4,2026-08-11,SKU-LIFEBUOY-4,Lifebuoy Soap 4 x 100 g,2,133,52,50,0,0
TXN-20260811-SKU-MAIDA-1K,2026-08-11,SKU-MAIDA-1K,Maida 1 kg,5,39,138,133,0,0
TXN-20260811-SKU-MIRCH-100,2026-08-11,SKU-MIRCH-100,Red Chilli Powder 100 g,2,30,90,88,0,0
TXN-20260811-SKU-MOONG-1K,2026-08-11,SKU-MOONG-1K,Moong Dal 1 kg,3,127,125,122,0,0
TXN-20260811-SKU-MUST-1L,2026-08-11,SKU-MUST-1L,Fortune Mustard Oil 1 L,4,163,148,144,0,0
TXN-20260811-SKU-OIL-1L,2026-08-11,SKU-OIL-1L,Sunpure Cooking Oil 1 L,7,158,378,371,0,0
TXN-20260811-SKU-POHA-500,2026-08-11,SKU-POHA-500,Poha 500 g,3,31,107,104,0,0
TXN-20260811-SKU-RAJMA-1K,2026-08-11,SKU-RAJMA-1K,Rajma 1 kg,3,158,86,83,0,0
TXN-20260811-SKU-SALT-1K,2026-08-11,SKU-SALT-1K,Tata Salt 1 kg,6,27,250,244,0,0
TXN-20260811-SKU-SPRITE-750,2026-08-11,SKU-SPRITE-750,Sprite 750 ml,2,42,185,183,0,0
TXN-20260811-SKU-SUG-1K,2026-08-11,SKU-SUG-1K,Sugar 1 kg,11,49,381,370,0,0
TXN-20260811-SKU-SUJI-500,2026-08-11,SKU-SUJI-500,Suji 500 g,2,27,94,92,0,0
TXN-20260811-SKU-SURF-1K,2026-08-11,SKU-SURF-1K,Surf Excel 1 kg,2,129,79,77,0,0
TXN-20260811-SKU-TEA-250,2026-08-11,SKU-TEA-250,Tata Tea Gold 250 g,5,171,148,143,0,0
TXN-20260811-SKU-TOOR-1K,2026-08-11,SKU-TOOR-1K,Toor Dal 1 kg,4,159,154,150,0,0
TXN-20260811-SKU-VIM-500,2026-08-11,SKU-VIM-500,Vim Bar 500 g,3,42,161,158,0,0
TXN-20260811-SKU-WATER-1L,2026-08-11,SKU-WATER-1L,Bisleri Water 1 L,13,19,438,425,0,0
TXN-20260812-SKU-ATTA-5K,2026-08-12,SKU-ATTA-5K,Aashirvaad Atta 5 kg,6,257,297,291,0,0
TXN-20260812-SKU-BESAN-500,2026-08-12,SKU-BESAN-500,Besan 500 g,2,58,108,106,0,0
TXN-20260812-SKU-BREAD-400,2026-08-12,SKU-BREAD-400,Brown Bread 400 g,3,45,174,171,0,0
TXN-20260812-SKU-CHANA-1K,2026-08-12,SKU-CHANA-1K,Kabuli Chana 1 kg,2,154,101,99,0,0
TXN-20260812-SKU-COKE-750,2026-08-12,SKU-COKE-750,Coca-Cola 750 ml,10,44,311,301,0,0
TXN-20260812-SKU-DALIA-500,2026-08-12,SKU-DALIA-500,Dalia 500 g,1,30,55,54,0,0
TXN-20260812-SKU-FROOTI-600,2026-08-12,SKU-FROOTI-600,Frooti 600 ml,5,31,213,208,0,0
TXN-20260812-SKU-GHEE-1L,2026-08-12,SKU-GHEE-1L,Amul Ghee 1 L,1,641,52,51,0,0
TXN-20260812-SKU-HALDI-100,2026-08-12,SKU-HALDI-100,Turmeric Powder 100 g,2,28,79,77,0,0
TXN-20260812-SKU-HARPIC-500,2026-08-12,SKU-HARPIC-500,Harpic 500 ml,1,109,83,82,0,0
TXN-20260812-SKU-LIFEBUOY-4,2026-08-12,SKU-LIFEBUOY-4,Lifebuoy Soap 4 x 100 g,1,133,50,49,0,0
TXN-20260812-SKU-MAIDA-1K,2026-08-12,SKU-MAIDA-1K,Maida 1 kg,2,39,133,131,0,0
TXN-20260812-SKU-MIRCH-100,2026-08-12,SKU-MIRCH-100,Red Chilli Powder 100 g,2,30,88,86,0,0
TXN-20260812-SKU-MOONG-1K,2026-08-12,SKU-MOONG-1K,Moong Dal 1 kg,3,127,122,119,0,0
TXN-20260812-SKU-MUST-1L,2026-08-12,SKU-MUST-1L,Fortune Mustard Oil 1 L,7,163,144,137,0,0
TXN-20260812-SKU-OIL-1L,2026-08-12,SKU-OIL-1L,Sunpure Cooking Oil 1 L,15,158,371,356,0,0
TXN-20260812-SKU-POHA-500,2026-08-12,SKU-POHA-500,Poha 500 g,3,31,104,101,0,0
TXN-20260812-SKU-RAJMA-1K,2026-08-12,SKU-RAJMA-1K,Rajma 1 kg,1,158,83,82,0,0
TXN-20260812-SKU-SALT-1K,2026-08-12,SKU-SALT-1K,Tata Salt 1 kg,6,27,244,238,0,0
TXN-20260812-SKU-SPRITE-750,2026-08-12,SKU-SPRITE-750,Sprite 750 ml,6,42,183,177,0,0
TXN-20260812-SKU-SUG-1K,2026-08-12,SKU-SUG-1K,Sugar 1 kg,10,49,370,360,0,0
TXN-20260812-SKU-SUJI-500,2026-08-12,SKU-SUJI-500,Suji 500 g,4,27,92,88,0,0
TXN-20260812-SKU-SURF-1K,2026-08-12,SKU-SURF-1K,Surf Excel 1 kg,1,129,77,76,0,0
TXN-20260812-SKU-TEA-250,2026-08-12,SKU-TEA-250,Tata Tea Gold 250 g,5,171,143,138,0,0
TXN-20260812-SKU-TOOR-1K,2026-08-12,SKU-TOOR-1K,Toor Dal 1 kg,4,159,150,146,0,0
TXN-20260812-SKU-VIM-500,2026-08-12,SKU-VIM-500,Vim Bar 500 g,6,42,158,152,0,0
TXN-20260812-SKU-WATER-1L,2026-08-12,SKU-WATER-1L,Bisleri Water 1 L,9,19,425,416,0,0
TXN-20260813-SKU-ATTA-5K,2026-08-13,SKU-ATTA-5K,Aashirvaad Atta 5 kg,9,257,291,282,0,0
TXN-20260813-SKU-BESAN-500,2026-08-13,SKU-BESAN-500,Besan 500 g,2,58,106,104,0,0
TXN-20260813-SKU-BREAD-400,2026-08-13,SKU-BREAD-400,Brown Bread 400 g,7,45,171,164,0,0
TXN-20260813-SKU-CHANA-1K,2026-08-13,SKU-CHANA-1K,Kabuli Chana 1 kg,3,154,99,96,0,0
TXN-20260813-SKU-COKE-750,2026-08-13,SKU-COKE-750,Coca-Cola 750 ml,8,44,301,293,0,0
TXN-20260813-SKU-DALIA-500,2026-08-13,SKU-DALIA-500,Dalia 500 g,1,30,54,53,0,0
TXN-20260813-SKU-FROOTI-600,2026-08-13,SKU-FROOTI-600,Frooti 600 ml,5,31,208,203,0,0
TXN-20260813-SKU-GHEE-1L,2026-08-13,SKU-GHEE-1L,Amul Ghee 1 L,0,641,51,51,0,0
TXN-20260813-SKU-HALDI-100,2026-08-13,SKU-HALDI-100,Turmeric Powder 100 g,2,28,77,75,0,0
TXN-20260813-SKU-HARPIC-500,2026-08-13,SKU-HARPIC-500,Harpic 500 ml,2,109,82,80,0,0
TXN-20260813-SKU-LIFEBUOY-4,2026-08-13,SKU-LIFEBUOY-4,Lifebuoy Soap 4 x 100 g,1,133,49,48,0,0
TXN-20260813-SKU-MAIDA-1K,2026-08-13,SKU-MAIDA-1K,Maida 1 kg,3,39,131,128,0,0
TXN-20260813-SKU-MIRCH-100,2026-08-13,SKU-MIRCH-100,Red Chilli Powder 100 g,2,30,86,84,0,0
TXN-20260813-SKU-MOONG-1K,2026-08-13,SKU-MOONG-1K,Moong Dal 1 kg,4,127,119,115,0,0
TXN-20260813-SKU-MUST-1L,2026-08-13,SKU-MUST-1L,Fortune Mustard Oil 1 L,5,163,137,132,0,0
TXN-20260813-SKU-OIL-1L,2026-08-13,SKU-OIL-1L,Sunpure Cooking Oil 1 L,13,158,356,343,0,0
TXN-20260813-SKU-POHA-500,2026-08-13,SKU-POHA-500,Poha 500 g,3,31,101,98,0,0
TXN-20260813-SKU-RAJMA-1K,2026-08-13,SKU-RAJMA-1K,Rajma 1 kg,2,158,82,80,0,0
TXN-20260813-SKU-SALT-1K,2026-08-13,SKU-SALT-1K,Tata Salt 1 kg,7,27,238,231,0,0
TXN-20260813-SKU-SPRITE-750,2026-08-13,SKU-SPRITE-750,Sprite 750 ml,3,42,177,174,0,0
TXN-20260813-SKU-SUG-1K,2026-08-13,SKU-SUG-1K,Sugar 1 kg,8,49,360,352,0,0
TXN-20260813-SKU-SUJI-500,2026-08-13,SKU-SUJI-500,Suji 500 g,2,27,88,86,0,0
TXN-20260813-SKU-SURF-1K,2026-08-13,SKU-SURF-1K,Surf Excel 1 kg,2,129,76,74,0,0
TXN-20260813-SKU-TEA-250,2026-08-13,SKU-TEA-250,Tata Tea Gold 250 g,4,171,138,134,0,0
TXN-20260813-SKU-TOOR-1K,2026-08-13,SKU-TOOR-1K,Toor Dal 1 kg,5,159,146,141,0,0
TXN-20260813-SKU-VIM-500,2026-08-13,SKU-VIM-500,Vim Bar 500 g,4,42,152,148,0,0
TXN-20260813-SKU-WATER-1L,2026-08-13,SKU-WATER-1L,Bisleri Water 1 L,9,19,416,407,0,0
TXN-20260814-SKU-ATTA-5K,2026-08-14,SKU-ATTA-5K,Aashirvaad Atta 5 kg,6,257,282,276,0,0
TXN-20260814-SKU-BESAN-500,2026-08-14,SKU-BESAN-500,Besan 500 g,4,58,104,100,0,0
TXN-20260814-SKU-BREAD-400,2026-08-14,SKU-BREAD-400,Brown Bread 400 g,4,45,164,160,0,0
TXN-20260814-SKU-CHANA-1K,2026-08-14,SKU-CHANA-1K,Kabuli Chana 1 kg,3,154,96,93,0,0
TXN-20260814-SKU-COKE-750,2026-08-14,SKU-COKE-750,Coca-Cola 750 ml,10,44,293,283,0,0
TXN-20260814-SKU-DALIA-500,2026-08-14,SKU-DALIA-500,Dalia 500 g,1,30,53,52,0,0
TXN-20260814-SKU-FROOTI-600,2026-08-14,SKU-FROOTI-600,Frooti 600 ml,6,31,203,197,0,0
TXN-20260814-SKU-GHEE-1L,2026-08-14,SKU-GHEE-1L,Amul Ghee 1 L,0,641,51,51,0,0
TXN-20260814-SKU-HALDI-100,2026-08-14,SKU-HALDI-100,Turmeric Powder 100 g,2,28,75,73,0,0
TXN-20260814-SKU-HARPIC-500,2026-08-14,SKU-HARPIC-500,Harpic 500 ml,1,109,80,79,0,0
TXN-20260814-SKU-LIFEBUOY-4,2026-08-14,SKU-LIFEBUOY-4,Lifebuoy Soap 4 x 100 g,0,133,48,48,0,0
TXN-20260814-SKU-MAIDA-1K,2026-08-14,SKU-MAIDA-1K,Maida 1 kg,4,39,128,124,0,0
TXN-20260814-SKU-MIRCH-100,2026-08-14,SKU-MIRCH-100,Red Chilli Powder 100 g,2,30,84,82,0,0
TXN-20260814-SKU-MOONG-1K,2026-08-14,SKU-MOONG-1K,Moong Dal 1 kg,2,127,115,113,0,0
TXN-20260814-SKU-MUST-1L,2026-08-14,SKU-MUST-1L,Fortune Mustard Oil 1 L,5,163,132,127,0,0
TXN-20260814-SKU-OIL-1L,2026-08-14,SKU-OIL-1L,Sunpure Cooking Oil 1 L,11,158,343,332,0,0
TXN-20260814-SKU-POHA-500,2026-08-14,SKU-POHA-500,Poha 500 g,3,31,98,95,0,0
TXN-20260814-SKU-RAJMA-1K,2026-08-14,SKU-RAJMA-1K,Rajma 1 kg,2,158,80,78,0,0
TXN-20260814-SKU-SALT-1K,2026-08-14,SKU-SALT-1K,Tata Salt 1 kg,5,27,231,226,0,0
TXN-20260814-SKU-SPRITE-750,2026-08-14,SKU-SPRITE-750,Sprite 750 ml,5,42,174,169,0,0
TXN-20260814-SKU-SUG-1K,2026-08-14,SKU-SUG-1K,Sugar 1 kg,10,49,352,342,0,0
TXN-20260814-SKU-SUJI-500,2026-08-14,SKU-SUJI-500,Suji 500 g,3,27,86,83,0,0
TXN-20260814-SKU-SURF-1K,2026-08-14,SKU-SURF-1K,Surf Excel 1 kg,2,129,74,72,0,0
TXN-20260814-SKU-TEA-250,2026-08-14,SKU-TEA-250,Tata Tea Gold 250 g,3,171,134,131,0,0
TXN-20260814-SKU-TOOR-1K,2026-08-14,SKU-TOOR-1K,Toor Dal 1 kg,4,159,141,137,0,0
TXN-20260814-SKU-VIM-500,2026-08-14,SKU-VIM-500,Vim Bar 500 g,5,42,148,143,0,0
TXN-20260814-SKU-WATER-1L,2026-08-14,SKU-WATER-1L,Bisleri Water 1 L,14,19,407,393,0,0
TXN-20260815-SKU-ATTA-5K,2026-08-15,SKU-ATTA-5K,Aashirvaad Atta 5 kg,7,257,276,269,0,0
TXN-20260815-SKU-BESAN-500,2026-08-15,SKU-BESAN-500,Besan 500 g,3,58,100,97,0,0
TXN-20260815-SKU-BREAD-400,2026-08-15,SKU-BREAD-400,Brown Bread 400 g,3,45,160,157,0,0
TXN-20260815-SKU-CHANA-1K,2026-08-15,SKU-CHANA-1K,Kabuli Chana 1 kg,3,154,93,90,0,0
TXN-20260815-SKU-COKE-750,2026-08-15,SKU-COKE-750,Coca-Cola 750 ml,8,44,283,275,0,0
TXN-20260815-SKU-DALIA-500,2026-08-15,SKU-DALIA-500,Dalia 500 g,1,30,52,51,0,0
TXN-20260815-SKU-FROOTI-600,2026-08-15,SKU-FROOTI-600,Frooti 600 ml,5,31,197,192,0,0
TXN-20260815-SKU-GHEE-1L,2026-08-15,SKU-GHEE-1L,Amul Ghee 1 L,1,641,51,50,0,0
TXN-20260815-SKU-HALDI-100,2026-08-15,SKU-HALDI-100,Turmeric Powder 100 g,2,28,73,71,0,0
TXN-20260815-SKU-HARPIC-500,2026-08-15,SKU-HARPIC-500,Harpic 500 ml,1,109,79,78,0,0
TXN-20260815-SKU-LIFEBUOY-4,2026-08-15,SKU-LIFEBUOY-4,Lifebuoy Soap 4 x 100 g,1,133,48,47,0,0
TXN-20260815-SKU-MAIDA-1K,2026-08-15,SKU-MAIDA-1K,Maida 1 kg,4,39,124,120,0,0
TXN-20260815-SKU-MIRCH-100,2026-08-15,SKU-MIRCH-100,Red Chilli Powder 100 g,1,30,82,81,0,0
TXN-20260815-SKU-MOONG-1K,2026-08-15,SKU-MOONG-1K,Moong Dal 1 kg,2,127,113,111,0,0
TXN-20260815-SKU-MUST-1L,2026-08-15,SKU-MUST-1L,Fortune Mustard Oil 1 L,2,163,127,125,0,0
TXN-20260815-SKU-OIL-1L,2026-08-15,SKU-OIL-1L,Sunpure Cooking Oil 1 L,8,158,332,324,0,0
TXN-20260815-SKU-POHA-500,2026-08-15,SKU-POHA-500,Poha 500 g,2,31,95,93,0,0
TXN-20260815-SKU-RAJMA-1K,2026-08-15,SKU-RAJMA-1K,Rajma 1 kg,2,158,78,76,0,0
TXN-20260815-SKU-SALT-1K,2026-08-15,SKU-SALT-1K,Tata Salt 1 kg,5,27,226,221,0,0
TXN-20260815-SKU-SPRITE-750,2026-08-15,SKU-SPRITE-750,Sprite 750 ml,5,42,169,164,0,0
TXN-20260815-SKU-SUG-1K,2026-08-15,SKU-SUG-1K,Sugar 1 kg,6,49,342,336,0,0
TXN-20260815-SKU-SUJI-500,2026-08-15,SKU-SUJI-500,Suji 500 g,1,27,83,82,0,0
TXN-20260815-SKU-SURF-1K,2026-08-15,SKU-SURF-1K,Surf Excel 1 kg,2,129,72,70,0,0
TXN-20260815-SKU-TEA-250,2026-08-15,SKU-TEA-250,Tata Tea Gold 250 g,4,171,131,127,0,0
TXN-20260815-SKU-TOOR-1K,2026-08-15,SKU-TOOR-1K,Toor Dal 1 kg,3,159,137,134,0,0
TXN-20260815-SKU-VIM-500,2026-08-15,SKU-VIM-500,Vim Bar 500 g,5,42,143,138,0,0
TXN-20260815-SKU-WATER-1L,2026-08-15,SKU-WATER-1L,Bisleri Water 1 L,7,19,393,386,0,0
TXN-20260816-SKU-ATTA-5K,2026-08-16,SKU-ATTA-5K,Aashirvaad Atta 5 kg,5,257,269,264,0,0
TXN-20260816-SKU-BESAN-500,2026-08-16,SKU-BESAN-500,Besan 500 g,2,58,97,95,0,0
TXN-20260816-SKU-BREAD-400,2026-08-16,SKU-BREAD-400,Brown Bread 400 g,3,45,157,154,0,0
TXN-20260816-SKU-CHANA-1K,2026-08-16,SKU-CHANA-1K,Kabuli Chana 1 kg,1,154,90,89,0,0
TXN-20260816-SKU-COKE-750,2026-08-16,SKU-COKE-750,Coca-Cola 750 ml,9,44,275,266,0,0
TXN-20260816-SKU-DALIA-500,2026-08-16,SKU-DALIA-500,Dalia 500 g,1,30,51,50,0,0
TXN-20260816-SKU-FROOTI-600,2026-08-16,SKU-FROOTI-600,Frooti 600 ml,5,31,192,187,0,0
TXN-20260816-SKU-GHEE-1L,2026-08-16,SKU-GHEE-1L,Amul Ghee 1 L,2,641,50,48,0,0
TXN-20260816-SKU-HALDI-100,2026-08-16,SKU-HALDI-100,Turmeric Powder 100 g,2,28,71,69,0,0
TXN-20260816-SKU-HARPIC-500,2026-08-16,SKU-HARPIC-500,Harpic 500 ml,1,109,78,77,0,0
TXN-20260816-SKU-LIFEBUOY-4,2026-08-16,SKU-LIFEBUOY-4,Lifebuoy Soap 4 x 100 g,1,133,47,46,0,0
TXN-20260816-SKU-MAIDA-1K,2026-08-16,SKU-MAIDA-1K,Maida 1 kg,4,39,120,116,0,0
TXN-20260816-SKU-MIRCH-100,2026-08-16,SKU-MIRCH-100,Red Chilli Powder 100 g,3,30,81,78,0,0
TXN-20260816-SKU-MOONG-1K,2026-08-16,SKU-MOONG-1K,Moong Dal 1 kg,3,127,111,108,0,0
TXN-20260816-SKU-MUST-1L,2026-08-16,SKU-MUST-1L,Fortune Mustard Oil 1 L,4,163,125,121,0,0
TXN-20260816-SKU-OIL-1L,2026-08-16,SKU-OIL-1L,Sunpure Cooking Oil 1 L,10,158,324,314,0,0
TXN-20260816-SKU-POHA-500,2026-08-16,SKU-POHA-500,Poha 500 g,4,31,93,89,0,0
TXN-20260816-SKU-RAJMA-1K,2026-08-16,SKU-RAJMA-1K,Rajma 1 kg,2,158,76,74,0,0
TXN-20260816-SKU-SALT-1K,2026-08-16,SKU-SALT-1K,Tata Salt 1 kg,8,27,221,213,0,0
TXN-20260816-SKU-SPRITE-750,2026-08-16,SKU-SPRITE-750,Sprite 750 ml,5,42,164,159,0,0
TXN-20260816-SKU-SUG-1K,2026-08-16,SKU-SUG-1K,Sugar 1 kg,10,49,336,326,0,0
TXN-20260816-SKU-SUJI-500,2026-08-16,SKU-SUJI-500,Suji 500 g,3,27,82,79,0,0
TXN-20260816-SKU-SURF-1K,2026-08-16,SKU-SURF-1K,Surf Excel 1 kg,1,129,70,69,0,0
TXN-20260816-SKU-TEA-250,2026-08-16,SKU-TEA-250,Tata Tea Gold 250 g,3,171,127,124,0,0
TXN-20260816-SKU-TOOR-1K,2026-08-16,SKU-TOOR-1K,Toor Dal 1 kg,5,159,134,129,0,0
TXN-20260816-SKU-VIM-500,2026-08-16,SKU-VIM-500,Vim Bar 500 g,3,42,138,135,0,0
TXN-20260816-SKU-WATER-1L,2026-08-16,SKU-WATER-1L,Bisleri Water 1 L,3,19,386,383,0,0
TXN-20260817-SKU-ATTA-5K,2026-08-17,SKU-ATTA-5K,Aashirvaad Atta 5 kg,9,257,264,255,0,0
TXN-20260817-SKU-BESAN-500,2026-08-17,SKU-BESAN-500,Besan 500 g,2,58,95,93,0,0
TXN-20260817-SKU-BREAD-400,2026-08-17,SKU-BREAD-400,Brown Bread 400 g,3,45,154,151,0,0
TXN-20260817-SKU-CHANA-1K,2026-08-17,SKU-CHANA-1K,Kabuli Chana 1 kg,3,154,89,86,0,0
TXN-20260817-SKU-COKE-750,2026-08-17,SKU-COKE-750,Coca-Cola 750 ml,8,44,266,258,0,0
TXN-20260817-SKU-DALIA-500,2026-08-17,SKU-DALIA-500,Dalia 500 g,0,30,50,50,0,0
TXN-20260817-SKU-FROOTI-600,2026-08-17,SKU-FROOTI-600,Frooti 600 ml,5,31,187,182,0,0
TXN-20260817-SKU-GHEE-1L,2026-08-17,SKU-GHEE-1L,Amul Ghee 1 L,1,641,48,47,0,0
TXN-20260817-SKU-HALDI-100,2026-08-17,SKU-HALDI-100,Turmeric Powder 100 g,2,28,69,67,0,0
TXN-20260817-SKU-HARPIC-500,2026-08-17,SKU-HARPIC-500,Harpic 500 ml,0,109,77,77,0,0
TXN-20260817-SKU-LIFEBUOY-4,2026-08-17,SKU-LIFEBUOY-4,Lifebuoy Soap 4 x 100 g,0,133,46,46,0,0
TXN-20260817-SKU-MAIDA-1K,2026-08-17,SKU-MAIDA-1K,Maida 1 kg,2,39,116,114,0,0
TXN-20260817-SKU-MIRCH-100,2026-08-17,SKU-MIRCH-100,Red Chilli Powder 100 g,2,30,78,76,0,0
TXN-20260817-SKU-MOONG-1K,2026-08-17,SKU-MOONG-1K,Moong Dal 1 kg,3,127,108,105,0,0
TXN-20260817-SKU-MUST-1L,2026-08-17,SKU-MUST-1L,Fortune Mustard Oil 1 L,4,163,121,117,0,0
TXN-20260817-SKU-OIL-1L,2026-08-17,SKU-OIL-1L,Sunpure Cooking Oil 1 L,7,158,314,307,0,0
TXN-20260817-SKU-POHA-500,2026-08-17,SKU-POHA-500,Poha 500 g,4,31,89,85,0,0
TXN-20260817-SKU-RAJMA-1K,2026-08-17,SKU-RAJMA-1K,Rajma 1 kg,2,158,74,72,0,0
TXN-20260817-SKU-SALT-1K,2026-08-17,SKU-SALT-1K,Tata Salt 1 kg,6,27,213,207,0,0
TXN-20260817-SKU-SPRITE-750,2026-08-17,SKU-SPRITE-750,Sprite 750 ml,2,42,159,157,0,0
TXN-20260817-SKU-SUG-1K,2026-08-17,SKU-SUG-1K,Sugar 1 kg,16,49,326,310,0,0
TXN-20260817-SKU-SUJI-500,2026-08-17,SKU-SUJI-500,Suji 500 g,1,27,79,78,0,0
TXN-20260817-SKU-SURF-1K,2026-08-17,SKU-SURF-1K,Surf Excel 1 kg,2,129,69,67,0,0
TXN-20260817-SKU-TEA-250,2026-08-17,SKU-TEA-250,Tata Tea Gold 250 g,5,171,124,119,0,0
TXN-20260817-SKU-TOOR-1K,2026-08-17,SKU-TOOR-1K,Toor Dal 1 kg,3,159,129,126,0,0
TXN-20260817-SKU-VIM-500,2026-08-17,SKU-VIM-500,Vim Bar 500 g,5,42,135,130,0,0
TXN-20260817-SKU-WATER-1L,2026-08-17,SKU-WATER-1L,Bisleri Water 1 L,7,19,383,376,0,0
TXN-20260818-SKU-ATTA-5K,2026-08-18,SKU-ATTA-5K,Aashirvaad Atta 5 kg,8,257,255,247,0,0
TXN-20260818-SKU-BESAN-500,2026-08-18,SKU-BESAN-500,Besan 500 g,2,58,93,91,0,0
TXN-20260818-SKU-BREAD-400,2026-08-18,SKU-BREAD-400,Brown Bread 400 g,4,45,151,147,0,0
TXN-20260818-SKU-CHANA-1K,2026-08-18,SKU-CHANA-1K,Kabuli Chana 1 kg,1,154,86,85,0,0
TXN-20260818-SKU-COKE-750,2026-08-18,SKU-COKE-750,Coca-Cola 750 ml,8,44,258,250,0,0
TXN-20260818-SKU-DALIA-500,2026-08-18,SKU-DALIA-500,Dalia 500 g,0,30,50,50,0,0
TXN-20260818-SKU-FROOTI-600,2026-08-18,SKU-FROOTI-600,Frooti 600 ml,6,31,182,176,0,0
TXN-20260818-SKU-GHEE-1L,2026-08-18,SKU-GHEE-1L,Amul Ghee 1 L,1,641,47,46,0,0
TXN-20260818-SKU-HALDI-100,2026-08-18,SKU-HALDI-100,Turmeric Powder 100 g,2,28,67,65,0,0
TXN-20260818-SKU-HARPIC-500,2026-08-18,SKU-HARPIC-500,Harpic 500 ml,1,109,77,76,0,0
TXN-20260818-SKU-LIFEBUOY-4,2026-08-18,SKU-LIFEBUOY-4,Lifebuoy Soap 4 x 100 g,1,133,46,45,0,0
TXN-20260818-SKU-MAIDA-1K,2026-08-18,SKU-MAIDA-1K,Maida 1 kg,3,39,114,111,0,0
TXN-20260818-SKU-MIRCH-100,2026-08-18,SKU-MIRCH-100,Red Chilli Powder 100 g,2,30,76,74,0,0
TXN-20260818-SKU-MOONG-1K,2026-08-18,SKU-MOONG-1K,Moong Dal 1 kg,4,127,105,101,0,0
TXN-20260818-SKU-MUST-1L,2026-08-18,SKU-MUST-1L,Fortune Mustard Oil 1 L,5,163,117,112,0,0
TXN-20260818-SKU-OIL-1L,2026-08-18,SKU-OIL-1L,Sunpure Cooking Oil 1 L,10,158,307,297,0,0
TXN-20260818-SKU-POHA-500,2026-08-18,SKU-POHA-500,Poha 500 g,2,31,85,83,0,0
TXN-20260818-SKU-RAJMA-1K,2026-08-18,SKU-RAJMA-1K,Rajma 1 kg,3,158,72,69,0,0
TXN-20260818-SKU-SALT-1K,2026-08-18,SKU-SALT-1K,Tata Salt 1 kg,6,27,207,201,0,0
TXN-20260818-SKU-SPRITE-750,2026-08-18,SKU-SPRITE-750,Sprite 750 ml,4,42,157,153,0,0
TXN-20260818-SKU-SUG-1K,2026-08-18,SKU-SUG-1K,Sugar 1 kg,13,49,310,297,0,0
TXN-20260818-SKU-SUJI-500,2026-08-18,SKU-SUJI-500,Suji 500 g,3,27,78,75,0,0
TXN-20260818-SKU-SURF-1K,2026-08-18,SKU-SURF-1K,Surf Excel 1 kg,2,129,67,65,0,0
TXN-20260818-SKU-TEA-250,2026-08-18,SKU-TEA-250,Tata Tea Gold 250 g,2,171,119,117,0,0
TXN-20260818-SKU-TOOR-1K,2026-08-18,SKU-TOOR-1K,Toor Dal 1 kg,4,159,126,122,0,0
TXN-20260818-SKU-VIM-500,2026-08-18,SKU-VIM-500,Vim Bar 500 g,2,42,130,128,0,0
TXN-20260818-SKU-WATER-1L,2026-08-18,SKU-WATER-1L,Bisleri Water 1 L,9,19,376,367,0,0
TXN-20260819-SKU-ATTA-5K,2026-08-19,SKU-ATTA-5K,Aashirvaad Atta 5 kg,7,257,247,240,0,0
TXN-20260819-SKU-BESAN-500,2026-08-19,SKU-BESAN-500,Besan 500 g,5,58,91,86,0,0
TXN-20260819-SKU-BREAD-400,2026-08-19,SKU-BREAD-400,Brown Bread 400 g,4,45,147,143,0,0
TXN-20260819-SKU-CHANA-1K,2026-08-19,SKU-CHANA-1K,Kabuli Chana 1 kg,3,154,85,82,0,0
TXN-20260819-SKU-COKE-750,2026-08-19,SKU-COKE-750,Coca-Cola 750 ml,10,44,250,240,0,0
TXN-20260819-SKU-DALIA-500,2026-08-19,SKU-DALIA-500,Dalia 500 g,1,30,50,49,0,0
TXN-20260819-SKU-FROOTI-600,2026-08-19,SKU-FROOTI-600,Frooti 600 ml,5,31,176,171,0,0
TXN-20260819-SKU-GHEE-1L,2026-08-19,SKU-GHEE-1L,Amul Ghee 1 L,1,641,46,45,0,0
TXN-20260819-SKU-HALDI-100,2026-08-19,SKU-HALDI-100,Turmeric Powder 100 g,3,28,65,62,0,0
TXN-20260819-SKU-HARPIC-500,2026-08-19,SKU-HARPIC-500,Harpic 500 ml,1,109,76,75,0,0
TXN-20260819-SKU-LIFEBUOY-4,2026-08-19,SKU-LIFEBUOY-4,Lifebuoy Soap 4 x 100 g,1,133,45,44,0,0
TXN-20260819-SKU-MAIDA-1K,2026-08-19,SKU-MAIDA-1K,Maida 1 kg,2,39,111,109,0,0
TXN-20260819-SKU-MIRCH-100,2026-08-19,SKU-MIRCH-100,Red Chilli Powder 100 g,2,30,74,72,0,0
TXN-20260819-SKU-MOONG-1K,2026-08-19,SKU-MOONG-1K,Moong Dal 1 kg,4,127,101,97,0,0
TXN-20260819-SKU-MUST-1L,2026-08-19,SKU-MUST-1L,Fortune Mustard Oil 1 L,6,163,112,106,0,0
TXN-20260819-SKU-OIL-1L,2026-08-19,SKU-OIL-1L,Sunpure Cooking Oil 1 L,12,158,297,285,0,0
TXN-20260819-SKU-POHA-500,2026-08-19,SKU-POHA-500,Poha 500 g,3,31,83,80,0,0
TXN-20260819-SKU-RAJMA-1K,2026-08-19,SKU-RAJMA-1K,Rajma 1 kg,1,158,69,68,0,0
TXN-20260819-SKU-SALT-1K,2026-08-19,SKU-SALT-1K,Tata Salt 1 kg,8,27,201,193,0,0
TXN-20260819-SKU-SPRITE-750,2026-08-19,SKU-SPRITE-750,Sprite 750 ml,2,42,153,151,0,0
TXN-20260819-SKU-SUG-1K,2026-08-19,SKU-SUG-1K,Sugar 1 kg,9,49,297,288,0,0
TXN-20260819-SKU-SUJI-500,2026-08-19,SKU-SUJI-500,Suji 500 g,3,27,75,72,0,0
TXN-20260819-SKU-SURF-1K,2026-08-19,SKU-SURF-1K,Surf Excel 1 kg,2,129,65,63,0,0
TXN-20260819-SKU-TEA-250,2026-08-19,SKU-TEA-250,Tata Tea Gold 250 g,3,171,117,114,0,0
TXN-20260819-SKU-TOOR-1K,2026-08-19,SKU-TOOR-1K,Toor Dal 1 kg,4,159,122,118,0,0
TXN-20260819-SKU-VIM-500,2026-08-19,SKU-VIM-500,Vim Bar 500 g,3,42,128,125,0,0
TXN-20260819-SKU-WATER-1L,2026-08-19,SKU-WATER-1L,Bisleri Water 1 L,8,19,367,359,0,0
TXN-20260820-SKU-ATTA-5K,2026-08-20,SKU-ATTA-5K,Aashirvaad Atta 5 kg,10,257,240,230,0,0
TXN-20260820-SKU-BESAN-500,2026-08-20,SKU-BESAN-500,Besan 500 g,4,58,86,82,0,0
TXN-20260820-SKU-BREAD-400,2026-08-20,SKU-BREAD-400,Brown Bread 400 g,3,45,143,140,0,0
TXN-20260820-SKU-CHANA-1K,2026-08-20,SKU-CHANA-1K,Kabuli Chana 1 kg,2,154,82,80,0,0
TXN-20260820-SKU-COKE-750,2026-08-20,SKU-COKE-750,Coca-Cola 750 ml,5,44,240,235,0,0
TXN-20260820-SKU-DALIA-500,2026-08-20,SKU-DALIA-500,Dalia 500 g,0,30,49,49,0,0
TXN-20260820-SKU-FROOTI-600,2026-08-20,SKU-FROOTI-600,Frooti 600 ml,5,31,171,166,0,0
TXN-20260820-SKU-GHEE-1L,2026-08-20,SKU-GHEE-1L,Amul Ghee 1 L,1,641,45,44,0,0
TXN-20260820-SKU-HALDI-100,2026-08-20,SKU-HALDI-100,Turmeric Powder 100 g,2,28,62,60,0,0
TXN-20260820-SKU-HARPIC-500,2026-08-20,SKU-HARPIC-500,Harpic 500 ml,1,109,75,74,0,0
TXN-20260820-SKU-LIFEBUOY-4,2026-08-20,SKU-LIFEBUOY-4,Lifebuoy Soap 4 x 100 g,1,133,44,43,0,0
TXN-20260820-SKU-MAIDA-1K,2026-08-20,SKU-MAIDA-1K,Maida 1 kg,3,39,109,106,0,0
TXN-20260820-SKU-MIRCH-100,2026-08-20,SKU-MIRCH-100,Red Chilli Powder 100 g,2,30,72,70,0,0
TXN-20260820-SKU-MOONG-1K,2026-08-20,SKU-MOONG-1K,Moong Dal 1 kg,4,127,97,93,0,0
TXN-20260820-SKU-MUST-1L,2026-08-20,SKU-MUST-1L,Fortune Mustard Oil 1 L,5,163,106,101,0,0
TXN-20260820-SKU-OIL-1L,2026-08-20,SKU-OIL-1L,Sunpure Cooking Oil 1 L,14,158,285,271,0,0
TXN-20260820-SKU-POHA-500,2026-08-20,SKU-POHA-500,Poha 500 g,3,31,80,77,0,0
TXN-20260820-SKU-RAJMA-1K,2026-08-20,SKU-RAJMA-1K,Rajma 1 kg,2,158,68,66,0,0
TXN-20260820-SKU-SALT-1K,2026-08-20,SKU-SALT-1K,Tata Salt 1 kg,8,27,193,185,0,0
TXN-20260820-SKU-SPRITE-750,2026-08-20,SKU-SPRITE-750,Sprite 750 ml,4,42,151,147,0,0
TXN-20260820-SKU-SUG-1K,2026-08-20,SKU-SUG-1K,Sugar 1 kg,10,49,288,278,0,0
TXN-20260820-SKU-SUJI-500,2026-08-20,SKU-SUJI-500,Suji 500 g,2,27,72,70,0,0
TXN-20260820-SKU-SURF-1K,2026-08-20,SKU-SURF-1K,Surf Excel 1 kg,3,129,63,60,0,0
TXN-20260820-SKU-TEA-250,2026-08-20,SKU-TEA-250,Tata Tea Gold 250 g,5,171,114,109,0,0
TXN-20260820-SKU-TOOR-1K,2026-08-20,SKU-TOOR-1K,Toor Dal 1 kg,4,159,118,114,0,0
TXN-20260820-SKU-VIM-500,2026-08-20,SKU-VIM-500,Vim Bar 500 g,3,42,125,122,0,0
TXN-20260820-SKU-WATER-1L,2026-08-20,SKU-WATER-1L,Bisleri Water 1 L,15,19,359,344,0,0
TXN-20260821-SKU-ATTA-5K,2026-08-21,SKU-ATTA-5K,Aashirvaad Atta 5 kg,5,257,230,225,0,0
TXN-20260821-SKU-BESAN-500,2026-08-21,SKU-BESAN-500,Besan 500 g,4,58,82,78,0,0
TXN-20260821-SKU-BREAD-400,2026-08-21,SKU-BREAD-400,Brown Bread 400 g,1,45,140,139,0,0
TXN-20260821-SKU-CHANA-1K,2026-08-21,SKU-CHANA-1K,Kabuli Chana 1 kg,2,154,80,78,0,0
TXN-20260821-SKU-COKE-750,2026-08-21,SKU-COKE-750,Coca-Cola 750 ml,5,44,235,230,0,0
TXN-20260821-SKU-DALIA-500,2026-08-21,SKU-DALIA-500,Dalia 500 g,1,30,49,48,0,0
TXN-20260821-SKU-FROOTI-600,2026-08-21,SKU-FROOTI-600,Frooti 600 ml,5,31,166,161,0,0
TXN-20260821-SKU-GHEE-1L,2026-08-21,SKU-GHEE-1L,Amul Ghee 1 L,0,641,44,44,0,0
TXN-20260821-SKU-HALDI-100,2026-08-21,SKU-HALDI-100,Turmeric Powder 100 g,2,28,60,58,0,0
TXN-20260821-SKU-HARPIC-500,2026-08-21,SKU-HARPIC-500,Harpic 500 ml,1,109,74,73,0,0
TXN-20260821-SKU-LIFEBUOY-4,2026-08-21,SKU-LIFEBUOY-4,Lifebuoy Soap 4 x 100 g,0,133,43,43,0,0
TXN-20260821-SKU-MAIDA-1K,2026-08-21,SKU-MAIDA-1K,Maida 1 kg,4,39,106,102,0,0
TXN-20260821-SKU-MIRCH-100,2026-08-21,SKU-MIRCH-100,Red Chilli Powder 100 g,3,30,70,67,0,0
TXN-20260821-SKU-MOONG-1K,2026-08-21,SKU-MOONG-1K,Moong Dal 1 kg,4,127,93,89,0,0
TXN-20260821-SKU-MUST-1L,2026-08-21,SKU-MUST-1L,Fortune Mustard Oil 1 L,4,163,101,97,0,0
TXN-20260821-SKU-OIL-1L,2026-08-21,SKU-OIL-1L,Sunpure Cooking Oil 1 L,9,158,271,262,0,0
TXN-20260821-SKU-POHA-500,2026-08-21,SKU-POHA-500,Poha 500 g,3,31,77,74,0,0
TXN-20260821-SKU-RAJMA-1K,2026-08-21,SKU-RAJMA-1K,Rajma 1 kg,2,158,66,64,0,0
TXN-20260821-SKU-SALT-1K,2026-08-21,SKU-SALT-1K,Tata Salt 1 kg,7,27,185,178,0,0
TXN-20260821-SKU-SPRITE-750,2026-08-21,SKU-SPRITE-750,Sprite 750 ml,7,42,147,140,0,0
TXN-20260821-SKU-SUG-1K,2026-08-21,SKU-SUG-1K,Sugar 1 kg,9,49,278,269,0,0
TXN-20260821-SKU-SUJI-500,2026-08-21,SKU-SUJI-500,Suji 500 g,3,27,70,67,0,0
TXN-20260821-SKU-SURF-1K,2026-08-21,SKU-SURF-1K,Surf Excel 1 kg,2,129,60,58,0,0
TXN-20260821-SKU-TEA-250,2026-08-21,SKU-TEA-250,Tata Tea Gold 250 g,3,171,109,106,0,0
TXN-20260821-SKU-TOOR-1K,2026-08-21,SKU-TOOR-1K,Toor Dal 1 kg,4,159,114,110,0,0
TXN-20260821-SKU-VIM-500,2026-08-21,SKU-VIM-500,Vim Bar 500 g,3,42,122,119,0,0
TXN-20260821-SKU-WATER-1L,2026-08-21,SKU-WATER-1L,Bisleri Water 1 L,11,19,344,333,0,0
TXN-20260822-SKU-ATTA-5K,2026-08-22,SKU-ATTA-5K,Aashirvaad Atta 5 kg,6,257,225,219,0,0
TXN-20260822-SKU-BESAN-500,2026-08-22,SKU-BESAN-500,Besan 500 g,4,58,78,74,0,0
TXN-20260822-SKU-BREAD-400,2026-08-22,SKU-BREAD-400,Brown Bread 400 g,3,45,139,136,0,0
TXN-20260822-SKU-CHANA-1K,2026-08-22,SKU-CHANA-1K,Kabuli Chana 1 kg,3,154,78,75,0,0
TXN-20260822-SKU-COKE-750,2026-08-22,SKU-COKE-750,Coca-Cola 750 ml,9,44,230,221,0,0
TXN-20260822-SKU-DALIA-500,2026-08-22,SKU-DALIA-500,Dalia 500 g,0,30,48,48,0,0
TXN-20260822-SKU-FROOTI-600,2026-08-22,SKU-FROOTI-600,Frooti 600 ml,4,31,161,157,0,0
TXN-20260822-SKU-GHEE-1L,2026-08-22,SKU-GHEE-1L,Amul Ghee 1 L,1,641,44,43,0,0
TXN-20260822-SKU-HALDI-100,2026-08-22,SKU-HALDI-100,Turmeric Powder 100 g,1,28,58,57,0,0
TXN-20260822-SKU-HARPIC-500,2026-08-22,SKU-HARPIC-500,Harpic 500 ml,1,109,73,72,0,0
TXN-20260822-SKU-LIFEBUOY-4,2026-08-22,SKU-LIFEBUOY-4,Lifebuoy Soap 4 x 100 g,0,133,43,43,0,0
TXN-20260822-SKU-MAIDA-1K,2026-08-22,SKU-MAIDA-1K,Maida 1 kg,5,39,102,97,0,0
TXN-20260822-SKU-MIRCH-100,2026-08-22,SKU-MIRCH-100,Red Chilli Powder 100 g,2,30,67,65,0,0
TXN-20260822-SKU-MOONG-1K,2026-08-22,SKU-MOONG-1K,Moong Dal 1 kg,1,127,89,88,0,0
TXN-20260822-SKU-MUST-1L,2026-08-22,SKU-MUST-1L,Fortune Mustard Oil 1 L,2,163,97,95,0,0
TXN-20260822-SKU-OIL-1L,2026-08-22,SKU-OIL-1L,Sunpure Cooking Oil 1 L,11,158,262,251,0,0
TXN-20260822-SKU-POHA-500,2026-08-22,SKU-POHA-500,Poha 500 g,3,31,74,71,0,0
TXN-20260822-SKU-RAJMA-1K,2026-08-22,SKU-RAJMA-1K,Rajma 1 kg,2,158,64,62,0,0
TXN-20260822-SKU-SALT-1K,2026-08-22,SKU-SALT-1K,Tata Salt 1 kg,7,27,178,171,0,0
TXN-20260822-SKU-SPRITE-750,2026-08-22,SKU-SPRITE-750,Sprite 750 ml,4,42,140,136,0,0
TXN-20260822-SKU-SUG-1K,2026-08-22,SKU-SUG-1K,Sugar 1 kg,9,49,269,260,0,0
TXN-20260822-SKU-SUJI-500,2026-08-22,SKU-SUJI-500,Suji 500 g,3,27,67,64,0,0
TXN-20260822-SKU-SURF-1K,2026-08-22,SKU-SURF-1K,Surf Excel 1 kg,2,129,58,56,0,0
TXN-20260822-SKU-TEA-250,2026-08-22,SKU-TEA-250,Tata Tea Gold 250 g,4,171,106,102,0,0
TXN-20260822-SKU-TOOR-1K,2026-08-22,SKU-TOOR-1K,Toor Dal 1 kg,6,159,110,104,0,0
TXN-20260822-SKU-VIM-500,2026-08-22,SKU-VIM-500,Vim Bar 500 g,4,42,119,115,0,0
TXN-20260822-SKU-WATER-1L,2026-08-22,SKU-WATER-1L,Bisleri Water 1 L,9,19,333,324,0,0
TXN-20260823-SKU-ATTA-5K,2026-08-23,SKU-ATTA-5K,Aashirvaad Atta 5 kg,6,257,219,213,0,0
TXN-20260823-SKU-BESAN-500,2026-08-23,SKU-BESAN-500,Besan 500 g,2,58,74,72,0,0
TXN-20260823-SKU-BREAD-400,2026-08-23,SKU-BREAD-400,Brown Bread 400 g,5,45,136,131,0,0
TXN-20260823-SKU-CHANA-1K,2026-08-23,SKU-CHANA-1K,Kabuli Chana 1 kg,2,154,75,73,0,0
TXN-20260823-SKU-COKE-750,2026-08-23,SKU-COKE-750,Coca-Cola 750 ml,7,44,221,214,0,0
TXN-20260823-SKU-DALIA-500,2026-08-23,SKU-DALIA-500,Dalia 500 g,0,30,48,48,0,0
TXN-20260823-SKU-FROOTI-600,2026-08-23,SKU-FROOTI-600,Frooti 600 ml,6,31,157,151,0,0
TXN-20260823-SKU-GHEE-1L,2026-08-23,SKU-GHEE-1L,Amul Ghee 1 L,1,641,43,42,0,0
TXN-20260823-SKU-HALDI-100,2026-08-23,SKU-HALDI-100,Turmeric Powder 100 g,2,28,57,55,0,0
TXN-20260823-SKU-HARPIC-500,2026-08-23,SKU-HARPIC-500,Harpic 500 ml,1,109,72,71,0,0
TXN-20260823-SKU-LIFEBUOY-4,2026-08-23,SKU-LIFEBUOY-4,Lifebuoy Soap 4 x 100 g,2,133,43,41,0,0
TXN-20260823-SKU-MAIDA-1K,2026-08-23,SKU-MAIDA-1K,Maida 1 kg,3,39,97,94,0,0
TXN-20260823-SKU-MIRCH-100,2026-08-23,SKU-MIRCH-100,Red Chilli Powder 100 g,2,30,65,63,0,0
TXN-20260823-SKU-MOONG-1K,2026-08-23,SKU-MOONG-1K,Moong Dal 1 kg,4,127,88,84,0,0
TXN-20260823-SKU-MUST-1L,2026-08-23,SKU-MUST-1L,Fortune Mustard Oil 1 L,6,163,95,89,0,0
TXN-20260823-SKU-OIL-1L,2026-08-23,SKU-OIL-1L,Sunpure Cooking Oil 1 L,8,158,251,243,0,0
TXN-20260823-SKU-POHA-500,2026-08-23,SKU-POHA-500,Poha 500 g,2,31,71,69,0,0
TXN-20260823-SKU-RAJMA-1K,2026-08-23,SKU-RAJMA-1K,Rajma 1 kg,0,158,62,62,0,0
TXN-20260823-SKU-SALT-1K,2026-08-23,SKU-SALT-1K,Tata Salt 1 kg,5,27,171,166,0,0
TXN-20260823-SKU-SPRITE-750,2026-08-23,SKU-SPRITE-750,Sprite 750 ml,6,42,136,130,0,0
TXN-20260823-SKU-SUG-1K,2026-08-23,SKU-SUG-1K,Sugar 1 kg,11,49,260,249,0,0
TXN-20260823-SKU-SUJI-500,2026-08-23,SKU-SUJI-500,Suji 500 g,2,27,64,62,0,0
TXN-20260823-SKU-SURF-1K,2026-08-23,SKU-SURF-1K,Surf Excel 1 kg,1,129,56,55,0,0
TXN-20260823-SKU-TEA-250,2026-08-23,SKU-TEA-250,Tata Tea Gold 250 g,5,171,102,97,0,0
TXN-20260823-SKU-TOOR-1K,2026-08-23,SKU-TOOR-1K,Toor Dal 1 kg,4,159,104,100,0,0
TXN-20260823-SKU-VIM-500,2026-08-23,SKU-VIM-500,Vim Bar 500 g,3,42,115,112,0,0
TXN-20260823-SKU-WATER-1L,2026-08-23,SKU-WATER-1L,Bisleri Water 1 L,11,19,324,313,0,0
TXN-20260824-SKU-ATTA-5K,2026-08-24,SKU-ATTA-5K,Aashirvaad Atta 5 kg,8,257,213,205,0,0
TXN-20260824-SKU-BESAN-500,2026-08-24,SKU-BESAN-500,Besan 500 g,5,58,72,67,0,0
TXN-20260824-SKU-BREAD-400,2026-08-24,SKU-BREAD-400,Brown Bread 400 g,5,45,131,126,0,0
TXN-20260824-SKU-CHANA-1K,2026-08-24,SKU-CHANA-1K,Kabuli Chana 1 kg,3,154,73,70,0,0
TXN-20260824-SKU-COKE-750,2026-08-24,SKU-COKE-750,Coca-Cola 750 ml,7,44,214,207,0,0
TXN-20260824-SKU-DALIA-500,2026-08-24,SKU-DALIA-500,Dalia 500 g,1,30,48,47,0,0
TXN-20260824-SKU-FROOTI-600,2026-08-24,SKU-FROOTI-600,Frooti 600 ml,4,31,151,147,0,0
TXN-20260824-SKU-GHEE-1L,2026-08-24,SKU-GHEE-1L,Amul Ghee 1 L,2,641,42,40,0,0
TXN-20260824-SKU-HALDI-100,2026-08-24,SKU-HALDI-100,Turmeric Powder 100 g,1,28,55,54,0,0
TXN-20260824-SKU-HARPIC-500,2026-08-24,SKU-HARPIC-500,Harpic 500 ml,1,109,71,70,0,0
TXN-20260824-SKU-LIFEBUOY-4,2026-08-24,SKU-LIFEBUOY-4,Lifebuoy Soap 4 x 100 g,0,133,41,41,0,0
TXN-20260824-SKU-MAIDA-1K,2026-08-24,SKU-MAIDA-1K,Maida 1 kg,4,39,94,90,0,0
TXN-20260824-SKU-MIRCH-100,2026-08-24,SKU-MIRCH-100,Red Chilli Powder 100 g,2,30,63,61,0,0
TXN-20260824-SKU-MOONG-1K,2026-08-24,SKU-MOONG-1K,Moong Dal 1 kg,3,127,84,81,0,0
TXN-20260824-SKU-MUST-1L,2026-08-24,SKU-MUST-1L,Fortune Mustard Oil 1 L,2,163,89,87,0,0
TXN-20260824-SKU-OIL-1L,2026-08-24,SKU-OIL-1L,Sunpure Cooking Oil 1 L,10,158,243,233,0,0
TXN-20260824-SKU-POHA-500,2026-08-24,SKU-POHA-500,Poha 500 g,4,31,69,65,0,0
TXN-20260824-SKU-RAJMA-1K,2026-08-24,SKU-RAJMA-1K,Rajma 1 kg,1,158,62,61,0,0
TXN-20260824-SKU-SALT-1K,2026-08-24,SKU-SALT-1K,Tata Salt 1 kg,9,27,166,157,0,0
TXN-20260824-SKU-SPRITE-750,2026-08-24,SKU-SPRITE-750,Sprite 750 ml,5,42,130,125,0,0
TXN-20260824-SKU-SUG-1K,2026-08-24,SKU-SUG-1K,Sugar 1 kg,15,49,249,234,0,0
TXN-20260824-SKU-SUJI-500,2026-08-24,SKU-SUJI-500,Suji 500 g,2,27,62,60,0,0
TXN-20260824-SKU-SURF-1K,2026-08-24,SKU-SURF-1K,Surf Excel 1 kg,1,129,55,54,0,0
TXN-20260824-SKU-TEA-250,2026-08-24,SKU-TEA-250,Tata Tea Gold 250 g,5,171,97,92,0,0
TXN-20260824-SKU-TOOR-1K,2026-08-24,SKU-TOOR-1K,Toor Dal 1 kg,3,159,100,97,0,0
TXN-20260824-SKU-VIM-500,2026-08-24,SKU-VIM-500,Vim Bar 500 g,4,42,112,108,0,0
TXN-20260824-SKU-WATER-1L,2026-08-24,SKU-WATER-1L,Bisleri Water 1 L,20,19,313,293,0,0
TXN-20260825-SKU-ATTA-5K,2026-08-25,SKU-ATTA-5K,Aashirvaad Atta 5 kg,8,257,205,197,0,0
TXN-20260825-SKU-BESAN-500,2026-08-25,SKU-BESAN-500,Besan 500 g,3,58,67,64,0,0
TXN-20260825-SKU-BREAD-400,2026-08-25,SKU-BREAD-400,Brown Bread 400 g,3,45,126,123,0,0
TXN-20260825-SKU-CHANA-1K,2026-08-25,SKU-CHANA-1K,Kabuli Chana 1 kg,3,154,70,67,0,0
TXN-20260825-SKU-COKE-750,2026-08-25,SKU-COKE-750,Coca-Cola 750 ml,2,44,207,205,0,0
TXN-20260825-SKU-DALIA-500,2026-08-25,SKU-DALIA-500,Dalia 500 g,1,30,47,46,0,0
TXN-20260825-SKU-FROOTI-600,2026-08-25,SKU-FROOTI-600,Frooti 600 ml,5,31,147,142,0,0
TXN-20260825-SKU-GHEE-1L,2026-08-25,SKU-GHEE-1L,Amul Ghee 1 L,2,641,40,38,0,0
TXN-20260825-SKU-HALDI-100,2026-08-25,SKU-HALDI-100,Turmeric Powder 100 g,3,28,54,51,0,0
TXN-20260825-SKU-HARPIC-500,2026-08-25,SKU-HARPIC-500,Harpic 500 ml,1,109,70,69,0,0
TXN-20260825-SKU-LIFEBUOY-4,2026-08-25,SKU-LIFEBUOY-4,Lifebuoy Soap 4 x 100 g,1,133,41,40,0,0
TXN-20260825-SKU-MAIDA-1K,2026-08-25,SKU-MAIDA-1K,Maida 1 kg,2,39,90,88,0,0
TXN-20260825-SKU-MIRCH-100,2026-08-25,SKU-MIRCH-100,Red Chilli Powder 100 g,2,30,61,59,0,0
TXN-20260825-SKU-MOONG-1K,2026-08-25,SKU-MOONG-1K,Moong Dal 1 kg,3,127,81,78,0,0
TXN-20260825-SKU-MUST-1L,2026-08-25,SKU-MUST-1L,Fortune Mustard Oil 1 L,4,163,87,83,0,0
TXN-20260825-SKU-OIL-1L,2026-08-25,SKU-OIL-1L,Sunpure Cooking Oil 1 L,15,158,233,218,0,0
TXN-20260825-SKU-POHA-500,2026-08-25,SKU-POHA-500,Poha 500 g,2,31,65,63,0,0
TXN-20260825-SKU-RAJMA-1K,2026-08-25,SKU-RAJMA-1K,Rajma 1 kg,1,158,61,60,0,0
TXN-20260825-SKU-SALT-1K,2026-08-25,SKU-SALT-1K,Tata Salt 1 kg,4,27,157,153,0,0
TXN-20260825-SKU-SPRITE-750,2026-08-25,SKU-SPRITE-750,Sprite 750 ml,7,42,125,118,0,0
TXN-20260825-SKU-SUG-1K,2026-08-25,SKU-SUG-1K,Sugar 1 kg,11,49,234,223,0,0
TXN-20260825-SKU-SUJI-500,2026-08-25,SKU-SUJI-500,Suji 500 g,1,27,60,59,0,0
TXN-20260825-SKU-SURF-1K,2026-08-25,SKU-SURF-1K,Surf Excel 1 kg,1,129,54,53,0,0
TXN-20260825-SKU-TEA-250,2026-08-25,SKU-TEA-250,Tata Tea Gold 250 g,5,171,92,87,0,0
TXN-20260825-SKU-TOOR-1K,2026-08-25,SKU-TOOR-1K,Toor Dal 1 kg,4,159,97,93,0,0
TXN-20260825-SKU-VIM-500,2026-08-25,SKU-VIM-500,Vim Bar 500 g,5,42,108,103,0,0
TXN-20260825-SKU-WATER-1L,2026-08-25,SKU-WATER-1L,Bisleri Water 1 L,11,19,293,282,0,0
TXN-20260826-SKU-ATTA-5K,2026-08-26,SKU-ATTA-5K,Aashirvaad Atta 5 kg,6,257,197,191,0,0
TXN-20260826-SKU-BESAN-500,2026-08-26,SKU-BESAN-500,Besan 500 g,2,58,64,62,0,0
TXN-20260826-SKU-BREAD-400,2026-08-26,SKU-BREAD-400,Brown Bread 400 g,5,45,123,118,0,0
TXN-20260826-SKU-CHANA-1K,2026-08-26,SKU-CHANA-1K,Kabuli Chana 1 kg,1,154,67,66,0,0
TXN-20260826-SKU-COKE-750,2026-08-26,SKU-COKE-750,Coca-Cola 750 ml,6,44,205,199,0,0
TXN-20260826-SKU-DALIA-500,2026-08-26,SKU-DALIA-500,Dalia 500 g,1,30,46,45,0,0
TXN-20260826-SKU-FROOTI-600,2026-08-26,SKU-FROOTI-600,Frooti 600 ml,5,31,142,137,0,0
TXN-20260826-SKU-GHEE-1L,2026-08-26,SKU-GHEE-1L,Amul Ghee 1 L,1,641,38,37,0,0
TXN-20260826-SKU-HALDI-100,2026-08-26,SKU-HALDI-100,Turmeric Powder 100 g,3,28,51,48,0,0
TXN-20260826-SKU-HARPIC-500,2026-08-26,SKU-HARPIC-500,Harpic 500 ml,1,109,69,68,0,0
TXN-20260826-SKU-LIFEBUOY-4,2026-08-26,SKU-LIFEBUOY-4,Lifebuoy Soap 4 x 100 g,1,133,40,39,0,0
TXN-20260826-SKU-MAIDA-1K,2026-08-26,SKU-MAIDA-1K,Maida 1 kg,3,39,88,85,0,0
TXN-20260826-SKU-MIRCH-100,2026-08-26,SKU-MIRCH-100,Red Chilli Powder 100 g,2,30,59,57,0,0
TXN-20260826-SKU-MOONG-1K,2026-08-26,SKU-MOONG-1K,Moong Dal 1 kg,3,127,78,75,0,0
TXN-20260826-SKU-MUST-1L,2026-08-26,SKU-MUST-1L,Fortune Mustard Oil 1 L,2,163,83,81,0,0
TXN-20260826-SKU-OIL-1L,2026-08-26,SKU-OIL-1L,Sunpure Cooking Oil 1 L,10,158,218,208,0,0
TXN-20260826-SKU-POHA-500,2026-08-26,SKU-POHA-500,Poha 500 g,3,31,63,60,0,0
TXN-20260826-SKU-RAJMA-1K,2026-08-26,SKU-RAJMA-1K,Rajma 1 kg,2,158,60,58,0,0
TXN-20260826-SKU-SALT-1K,2026-08-26,SKU-SALT-1K,Tata Salt 1 kg,8,27,153,145,0,0
TXN-20260826-SKU-SPRITE-750,2026-08-26,SKU-SPRITE-750,Sprite 750 ml,3,42,118,115,0,0
TXN-20260826-SKU-SUG-1K,2026-08-26,SKU-SUG-1K,Sugar 1 kg,13,49,223,210,0,0
TXN-20260826-SKU-SUJI-500,2026-08-26,SKU-SUJI-500,Suji 500 g,3,27,59,56,0,0
TXN-20260826-SKU-SURF-1K,2026-08-26,SKU-SURF-1K,Surf Excel 1 kg,2,129,53,51,0,0
TXN-20260826-SKU-TEA-250,2026-08-26,SKU-TEA-250,Tata Tea Gold 250 g,2,171,87,85,0,0
TXN-20260826-SKU-TOOR-1K,2026-08-26,SKU-TOOR-1K,Toor Dal 1 kg,5,159,93,88,0,0
TXN-20260826-SKU-VIM-500,2026-08-26,SKU-VIM-500,Vim Bar 500 g,4,42,103,99,0,0
TXN-20260826-SKU-WATER-1L,2026-08-26,SKU-WATER-1L,Bisleri Water 1 L,9,19,282,273,0,0
TXN-20260827-SKU-ATTA-5K,2026-08-27,SKU-ATTA-5K,Aashirvaad Atta 5 kg,9,257,191,182,0,0
TXN-20260827-SKU-BESAN-500,2026-08-27,SKU-BESAN-500,Besan 500 g,4,58,62,148,0,0
TXN-20260827-SKU-BREAD-400,2026-08-27,SKU-BREAD-400,Brown Bread 400 g,7,45,118,111,0,0
TXN-20260827-SKU-CHANA-1K,2026-08-27,SKU-CHANA-1K,Kabuli Chana 1 kg,2,154,66,64,0,0
TXN-20260827-SKU-COKE-750,2026-08-27,SKU-COKE-750,Coca-Cola 750 ml,8,44,199,191,0,0
TXN-20260827-SKU-DALIA-500,2026-08-27,SKU-DALIA-500,Dalia 500 g,1,30,45,44,0,0
TXN-20260827-SKU-FROOTI-600,2026-08-27,SKU-FROOTI-600,Frooti 600 ml,5,31,137,132,0,0
TXN-20260827-SKU-GHEE-1L,2026-08-27,SKU-GHEE-1L,Amul Ghee 1 L,1,641,37,66,0,0
TXN-20260827-SKU-HALDI-100,2026-08-27,SKU-HALDI-100,Turmeric Powder 100 g,1,28,48,107,0,0
TXN-20260827-SKU-HARPIC-500,2026-08-27,SKU-HARPIC-500,Harpic 500 ml,1,109,68,67,0,0
TXN-20260827-SKU-LIFEBUOY-4,2026-08-27,SKU-LIFEBUOY-4,Lifebuoy Soap 4 x 100 g,1,133,39,38,0,0
TXN-20260827-SKU-MAIDA-1K,2026-08-27,SKU-MAIDA-1K,Maida 1 kg,2,39,85,83,0,0
TXN-20260827-SKU-MIRCH-100,2026-08-27,SKU-MIRCH-100,Red Chilli Powder 100 g,2,30,57,125,0,0
TXN-20260827-SKU-MOONG-1K,2026-08-27,SKU-MOONG-1K,Moong Dal 1 kg,3,127,75,172,0,0
TXN-20260827-SKU-MUST-1L,2026-08-27,SKU-MUST-1L,Fortune Mustard Oil 1 L,4,163,81,197,0,0
TXN-20260827-SKU-OIL-1L,2026-08-27,SKU-OIL-1L,Sunpure Cooking Oil 1 L,8,158,208,510,0,0
TXN-20260827-SKU-POHA-500,2026-08-27,SKU-POHA-500,Poha 500 g,3,31,60,147,0,0
TXN-20260827-SKU-RAJMA-1K,2026-08-27,SKU-RAJMA-1K,Rajma 1 kg,2,158,58,56,0,0
TXN-20260827-SKU-SALT-1K,2026-08-27,SKU-SALT-1K,Tata Salt 1 kg,7,27,145,358,0,0
TXN-20260827-SKU-SPRITE-750,2026-08-27,SKU-SPRITE-750,Sprite 750 ml,3,42,115,112,0,0
TXN-20260827-SKU-SUG-1K,2026-08-27,SKU-SUG-1K,Sugar 1 kg,7,49,210,513,0,0
TXN-20260827-SKU-SUJI-500,2026-08-27,SKU-SUJI-500,Suji 500 g,3,27,56,53,0,0
TXN-20260827-SKU-SURF-1K,2026-08-27,SKU-SURF-1K,Surf Excel 1 kg,2,129,51,49,0,0
TXN-20260827-SKU-TEA-250,2026-08-27,SKU-TEA-250,Tata Tea Gold 250 g,2,171,85,203,0,0
TXN-20260827-SKU-TOOR-1K,2026-08-27,SKU-TOOR-1K,Toor Dal 1 kg,4,159,88,214,0,0
TXN-20260827-SKU-VIM-500,2026-08-27,SKU-VIM-500,Vim Bar 500 g,4,42,99,95,0,0
TXN-20260827-SKU-WATER-1L,2026-08-27,SKU-WATER-1L,Bisleri Water 1 L,6,19,273,267,0,0
TXN-20260828-SKU-ATTA-5K,2026-08-28,SKU-ATTA-5K,Aashirvaad Atta 5 kg,8,257,182,174,0,0
TXN-20260828-SKU-BESAN-500,2026-08-28,SKU-BESAN-500,Besan 500 g,3,58,148,145,0,0
TXN-20260828-SKU-BREAD-400,2026-08-28,SKU-BREAD-400,Brown Bread 400 g,5,45,111,106,0,0
TXN-20260828-SKU-CHANA-1K,2026-08-28,SKU-CHANA-1K,Kabuli Chana 1 kg,2,154,64,62,0,0
TXN-20260828-SKU-COKE-750,2026-08-28,SKU-COKE-750,Coca-Cola 750 ml,12,44,191,179,0,0
TXN-20260828-SKU-DALIA-500,2026-08-28,SKU-DALIA-500,Dalia 500 g,0,30,44,44,0,0
TXN-20260828-SKU-FROOTI-600,2026-08-28,SKU-FROOTI-600,Frooti 600 ml,3,31,132,129,0,0
TXN-20260828-SKU-GHEE-1L,2026-08-28,SKU-GHEE-1L,Amul Ghee 1 L,1,641,66,65,0,0
TXN-20260828-SKU-HALDI-100,2026-08-28,SKU-HALDI-100,Turmeric Powder 100 g,2,28,107,105,0,0
TXN-20260828-SKU-HARPIC-500,2026-08-28,SKU-HARPIC-500,Harpic 500 ml,1,109,67,66,0,0
TXN-20260828-SKU-LIFEBUOY-4,2026-08-28,SKU-LIFEBUOY-4,Lifebuoy Soap 4 x 100 g,1,133,38,37,0,0
TXN-20260828-SKU-MAIDA-1K,2026-08-28,SKU-MAIDA-1K,Maida 1 kg,5,39,83,78,0,0
TXN-20260828-SKU-MIRCH-100,2026-08-28,SKU-MIRCH-100,Red Chilli Powder 100 g,2,30,125,123,0,0
TXN-20260828-SKU-MOONG-1K,2026-08-28,SKU-MOONG-1K,Moong Dal 1 kg,3,127,172,169,0,0
TXN-20260828-SKU-MUST-1L,2026-08-28,SKU-MUST-1L,Fortune Mustard Oil 1 L,2,163,197,195,0,0
TXN-20260828-SKU-OIL-1L,2026-08-28,SKU-OIL-1L,Sunpure Cooking Oil 1 L,10,158,510,500,0,0
TXN-20260828-SKU-POHA-500,2026-08-28,SKU-POHA-500,Poha 500 g,3,31,147,144,0,0
TXN-20260828-SKU-RAJMA-1K,2026-08-28,SKU-RAJMA-1K,Rajma 1 kg,1,158,56,55,0,0
TXN-20260828-SKU-SALT-1K,2026-08-28,SKU-SALT-1K,Tata Salt 1 kg,5,27,358,353,0,0
TXN-20260828-SKU-SPRITE-750,2026-08-28,SKU-SPRITE-750,Sprite 750 ml,5,42,112,107,0,0
TXN-20260828-SKU-SUG-1K,2026-08-28,SKU-SUG-1K,Sugar 1 kg,12,49,513,501,0,0
TXN-20260828-SKU-SUJI-500,2026-08-28,SKU-SUJI-500,Suji 500 g,2,27,53,51,0,0
TXN-20260828-SKU-SURF-1K,2026-08-28,SKU-SURF-1K,Surf Excel 1 kg,2,129,49,47,0,0
TXN-20260828-SKU-TEA-250,2026-08-28,SKU-TEA-250,Tata Tea Gold 250 g,3,171,203,200,0,0
TXN-20260828-SKU-TOOR-1K,2026-08-28,SKU-TOOR-1K,Toor Dal 1 kg,5,159,214,209,0,0
TXN-20260828-SKU-VIM-500,2026-08-28,SKU-VIM-500,Vim Bar 500 g,3,42,95,92,0,0
TXN-20260828-SKU-WATER-1L,2026-08-28,SKU-WATER-1L,Bisleri Water 1 L,6,19,267,261,0,0
TXN-20260829-SKU-ATTA-5K,2026-08-29,SKU-ATTA-5K,Aashirvaad Atta 5 kg,7,257,174,167,0,0
TXN-20260829-SKU-BESAN-500,2026-08-29,SKU-BESAN-500,Besan 500 g,3,58,145,142,0,0
TXN-20260829-SKU-BREAD-400,2026-08-29,SKU-BREAD-400,Brown Bread 400 g,5,45,106,101,0,0
TXN-20260829-SKU-CHANA-1K,2026-08-29,SKU-CHANA-1K,Kabuli Chana 1 kg,2,154,62,60,0,0
TXN-20260829-SKU-COKE-750,2026-08-29,SKU-COKE-750,Coca-Cola 750 ml,8,44,179,171,0,0
TXN-20260829-SKU-DALIA-500,2026-08-29,SKU-DALIA-500,Dalia 500 g,1,30,44,43,0,0
TXN-20260829-SKU-FROOTI-600,2026-08-29,SKU-FROOTI-600,Frooti 600 ml,4,31,129,125,0,0
TXN-20260829-SKU-GHEE-1L,2026-08-29,SKU-GHEE-1L,Amul Ghee 1 L,0,641,65,65,0,0
TXN-20260829-SKU-HALDI-100,2026-08-29,SKU-HALDI-100,Turmeric Powder 100 g,2,28,105,103,0,0
TXN-20260829-SKU-HARPIC-500,2026-08-29,SKU-HARPIC-500,Harpic 500 ml,1,109,66,65,0,0
TXN-20260829-SKU-LIFEBUOY-4,2026-08-29,SKU-LIFEBUOY-4,Lifebuoy Soap 4 x 100 g,2,133,37,35,0,0
TXN-20260829-SKU-MAIDA-1K,2026-08-29,SKU-MAIDA-1K,Maida 1 kg,3,39,78,75,0,0
TXN-20260829-SKU-MIRCH-100,2026-08-29,SKU-MIRCH-100,Red Chilli Powder 100 g,1,30,123,122,0,0
TXN-20260829-SKU-MOONG-1K,2026-08-29,SKU-MOONG-1K,Moong Dal 1 kg,2,127,169,167,0,0
TXN-20260829-SKU-MUST-1L,2026-08-29,SKU-MUST-1L,Fortune Mustard Oil 1 L,4,163,195,191,0,0
TXN-20260829-SKU-OIL-1L,2026-08-29,SKU-OIL-1L,Sunpure Cooking Oil 1 L,12,158,500,488,0,0
TXN-20260829-SKU-POHA-500,2026-08-29,SKU-POHA-500,Poha 500 g,2,31,144,142,0,0
TXN-20260829-SKU-RAJMA-1K,2026-08-29,SKU-RAJMA-1K,Rajma 1 kg,1,158,55,54,0,0
TXN-20260829-SKU-SALT-1K,2026-08-29,SKU-SALT-1K,Tata Salt 1 kg,7,27,353,346,0,0
TXN-20260829-SKU-SPRITE-750,2026-08-29,SKU-SPRITE-750,Sprite 750 ml,3,42,107,104,0,0
TXN-20260829-SKU-SUG-1K,2026-08-29,SKU-SUG-1K,Sugar 1 kg,6,49,501,495,0,0
TXN-20260829-SKU-SUJI-500,2026-08-29,SKU-SUJI-500,Suji 500 g,2,27,51,49,0,0
TXN-20260829-SKU-SURF-1K,2026-08-29,SKU-SURF-1K,Surf Excel 1 kg,1,129,47,46,0,0
TXN-20260829-SKU-TEA-250,2026-08-29,SKU-TEA-250,Tata Tea Gold 250 g,4,171,200,196,0,0
TXN-20260829-SKU-TOOR-1K,2026-08-29,SKU-TOOR-1K,Toor Dal 1 kg,4,159,209,205,0,0
TXN-20260829-SKU-VIM-500,2026-08-29,SKU-VIM-500,Vim Bar 500 g,2,42,92,90,0,0
TXN-20260829-SKU-WATER-1L,2026-08-29,SKU-WATER-1L,Bisleri Water 1 L,9,19,261,252,0,0
TXN-20260830-SKU-ATTA-5K,2026-08-30,SKU-ATTA-5K,Aashirvaad Atta 5 kg,3,257,167,164,0,0
TXN-20260830-SKU-BESAN-500,2026-08-30,SKU-BESAN-500,Besan 500 g,2,58,142,140,0,0
TXN-20260830-SKU-BREAD-400,2026-08-30,SKU-BREAD-400,Brown Bread 400 g,4,45,101,217,0,0
TXN-20260830-SKU-CHANA-1K,2026-08-30,SKU-CHANA-1K,Kabuli Chana 1 kg,2,154,60,58,0,0
TXN-20260830-SKU-COKE-750,2026-08-30,SKU-COKE-750,Coca-Cola 750 ml,7,44,171,364,0,0
TXN-20260830-SKU-DALIA-500,2026-08-30,SKU-DALIA-500,Dalia 500 g,0,30,43,43,0,0
TXN-20260830-SKU-FROOTI-600,2026-08-30,SKU-FROOTI-600,Frooti 600 ml,7,31,125,258,0,0
TXN-20260830-SKU-GHEE-1L,2026-08-30,SKU-GHEE-1L,Amul Ghee 1 L,2,641,65,63,0,0
TXN-20260830-SKU-HALDI-100,2026-08-30,SKU-HALDI-100,Turmeric Powder 100 g,2,28,103,101,0,0
TXN-20260830-SKU-HARPIC-500,2026-08-30,SKU-HARPIC-500,Harpic 500 ml,2,109,65,103,0,0
TXN-20260830-SKU-LIFEBUOY-4,2026-08-30,SKU-LIFEBUOY-4,Lifebuoy Soap 4 x 100 g,1,133,35,64,0,0
TXN-20260830-SKU-MAIDA-1K,2026-08-30,SKU-MAIDA-1K,Maida 1 kg,2,39,75,73,0,0
TXN-20260830-SKU-MIRCH-100,2026-08-30,SKU-MIRCH-100,Red Chilli Powder 100 g,2,30,122,120,0,0
TXN-20260830-SKU-MOONG-1K,2026-08-30,SKU-MOONG-1K,Moong Dal 1 kg,3,127,167,164,0,0
TXN-20260830-SKU-MUST-1L,2026-08-30,SKU-MUST-1L,Fortune Mustard Oil 1 L,4,163,191,187,0,0
TXN-20260830-SKU-OIL-1L,2026-08-30,SKU-OIL-1L,Sunpure Cooking Oil 1 L,9,158,488,479,0,0
TXN-20260830-SKU-POHA-500,2026-08-30,SKU-POHA-500,Poha 500 g,4,31,142,138,0,0
TXN-20260830-SKU-RAJMA-1K,2026-08-30,SKU-RAJMA-1K,Rajma 1 kg,4,158,54,50,0,0
TXN-20260830-SKU-SALT-1K,2026-08-30,SKU-SALT-1K,Tata Salt 1 kg,9,27,346,337,0,0
TXN-20260830-SKU-SPRITE-750,2026-08-30,SKU-SPRITE-750,Sprite 750 ml,4,42,104,210,0,0
TXN-20260830-SKU-SUG-1K,2026-08-30,SKU-SUG-1K,Sugar 1 kg,15,49,495,480,0,0
TXN-20260830-SKU-SUJI-500,2026-08-30,SKU-SUJI-500,Suji 500 g,1,27,49,48,0,0
TXN-20260830-SKU-SURF-1K,2026-08-30,SKU-SURF-1K,Surf Excel 1 kg,2,129,46,104,0,0
TXN-20260830-SKU-TEA-250,2026-08-30,SKU-TEA-250,Tata Tea Gold 250 g,4,171,196,192,0,0
TXN-20260830-SKU-TOOR-1K,2026-08-30,SKU-TOOR-1K,Toor Dal 1 kg,4,159,205,201,0,0
TXN-20260830-SKU-VIM-500,2026-08-30,SKU-VIM-500,Vim Bar 500 g,2,42,90,198,0,0
TXN-20260830-SKU-WATER-1L,2026-08-30,SKU-WATER-1L,Bisleri Water 1 L,3,19,252,519,0,0
TXN-20260831-SKU-ATTA-5K,2026-08-31,SKU-ATTA-5K,Aashirvaad Atta 5 kg,6,257,164,158,0,0
TXN-20260831-SKU-BESAN-500,2026-08-31,SKU-BESAN-500,Besan 500 g,3,58,140,137,0,0
TXN-20260831-SKU-BREAD-400,2026-08-31,SKU-BREAD-400,Brown Bread 400 g,5,45,217,212,0,0
TXN-20260831-SKU-CHANA-1K,2026-08-31,SKU-CHANA-1K,Kabuli Chana 1 kg,2,154,58,56,0,0
TXN-20260831-SKU-COKE-750,2026-08-31,SKU-COKE-750,Coca-Cola 750 ml,7,44,364,357,0,0
TXN-20260831-SKU-DALIA-500,2026-08-31,SKU-DALIA-500,Dalia 500 g,2,30,43,41,0,0
TXN-20260831-SKU-FROOTI-600,2026-08-31,SKU-FROOTI-600,Frooti 600 ml,6,31,258,252,0,0
TXN-20260831-SKU-GHEE-1L,2026-08-31,SKU-GHEE-1L,Amul Ghee 1 L,1,641,63,62,0,0
TXN-20260831-SKU-HALDI-100,2026-08-31,SKU-HALDI-100,Turmeric Powder 100 g,3,28,101,98,0,0
TXN-20260831-SKU-HARPIC-500,2026-08-31,SKU-HARPIC-500,Harpic 500 ml,1,109,103,102,0,0
TXN-20260831-SKU-LIFEBUOY-4,2026-08-31,SKU-LIFEBUOY-4,Lifebuoy Soap 4 x 100 g,0,133,64,64,0,0
TXN-20260831-SKU-MAIDA-1K,2026-08-31,SKU-MAIDA-1K,Maida 1 kg,3,39,73,70,0,0
TXN-20260831-SKU-MIRCH-100,2026-08-31,SKU-MIRCH-100,Red Chilli Powder 100 g,3,30,120,117,0,0
TXN-20260831-SKU-MOONG-1K,2026-08-31,SKU-MOONG-1K,Moong Dal 1 kg,2,127,164,162,0,0
TXN-20260831-SKU-MUST-1L,2026-08-31,SKU-MUST-1L,Fortune Mustard Oil 1 L,4,163,187,183,0,0
TXN-20260831-SKU-OIL-1L,2026-08-31,SKU-OIL-1L,Sunpure Cooking Oil 1 L,5,158,479,474,0,0
TXN-20260831-SKU-POHA-500,2026-08-31,SKU-POHA-500,Poha 500 g,4,31,138,134,0,0
TXN-20260831-SKU-RAJMA-1K,2026-08-31,SKU-RAJMA-1K,Rajma 1 kg,2,158,50,48,0,0
TXN-20260831-SKU-SALT-1K,2026-08-31,SKU-SALT-1K,Tata Salt 1 kg,6,27,337,331,0,0
TXN-20260831-SKU-SPRITE-750,2026-08-31,SKU-SPRITE-750,Sprite 750 ml,5,42,210,205,0,0
TXN-20260831-SKU-SUG-1K,2026-08-31,SKU-SUG-1K,Sugar 1 kg,7,49,480,473,0,0
TXN-20260831-SKU-SUJI-500,2026-08-31,SKU-SUJI-500,Suji 500 g,2,27,48,46,0,0
TXN-20260831-SKU-SURF-1K,2026-08-31,SKU-SURF-1K,Surf Excel 1 kg,1,129,104,103,0,0
TXN-20260831-SKU-TEA-250,2026-08-31,SKU-TEA-250,Tata Tea Gold 250 g,4,171,192,188,0,0
TXN-20260831-SKU-TOOR-1K,2026-08-31,SKU-TOOR-1K,Toor Dal 1 kg,3,159,201,198,0,0
TXN-20260831-SKU-VIM-500,2026-08-31,SKU-VIM-500,Vim Bar 500 g,2,42,198,196,0,0
TXN-20260831-SKU-WATER-1L,2026-08-31,SKU-WATER-1L,Bisleri Water 1 L,9,19,519,510,0,0
TXN-20260901-SKU-ATTA-5K,2026-09-01,SKU-ATTA-5K,Aashirvaad Atta 5 kg,6,257,158,332,0,0
TXN-20260901-SKU-BESAN-500,2026-09-01,SKU-BESAN-500,Besan 500 g,3,58,137,134,0,0
TXN-20260901-SKU-BREAD-400,2026-09-01,SKU-BREAD-400,Brown Bread 400 g,5,45,212,207,0,0
TXN-20260901-SKU-CHANA-1K,2026-09-01,SKU-CHANA-1K,Kabuli Chana 1 kg,2,154,56,104,0,0
TXN-20260901-SKU-COKE-750,2026-09-01,SKU-COKE-750,Coca-Cola 750 ml,5,44,357,352,0,0
TXN-20260901-SKU-DALIA-500,2026-09-01,SKU-DALIA-500,Dalia 500 g,2,30,41,69,0,0
TXN-20260901-SKU-FROOTI-600,2026-09-01,SKU-FROOTI-600,Frooti 600 ml,5,31,252,247,0,0
TXN-20260901-SKU-GHEE-1L,2026-09-01,SKU-GHEE-1L,Amul Ghee 1 L,1,641,62,61,0,0
TXN-20260901-SKU-HALDI-100,2026-09-01,SKU-HALDI-100,Turmeric Powder 100 g,1,28,98,97,0,0
TXN-20260901-SKU-HARPIC-500,2026-09-01,SKU-HARPIC-500,Harpic 500 ml,1,109,102,101,0,0
TXN-20260901-SKU-LIFEBUOY-4,2026-09-01,SKU-LIFEBUOY-4,Lifebuoy Soap 4 x 100 g,1,133,64,63,0,0
TXN-20260901-SKU-MAIDA-1K,2026-09-01,SKU-MAIDA-1K,Maida 1 kg,2,39,70,148,0,0
TXN-20260901-SKU-MIRCH-100,2026-09-01,SKU-MIRCH-100,Red Chilli Powder 100 g,2,30,117,115,0,0
TXN-20260901-SKU-MOONG-1K,2026-09-01,SKU-MOONG-1K,Moong Dal 1 kg,2,127,162,160,0,0
TXN-20260901-SKU-MUST-1L,2026-09-01,SKU-MUST-1L,Fortune Mustard Oil 1 L,3,163,183,180,0,0
TXN-20260901-SKU-OIL-1L,2026-09-01,SKU-OIL-1L,Sunpure Cooking Oil 1 L,7,158,474,467,0,0
TXN-20260901-SKU-POHA-500,2026-09-01,SKU-POHA-500,Poha 500 g,3,31,134,131,0,0
TXN-20260901-SKU-RAJMA-1K,2026-09-01,SKU-RAJMA-1K,Rajma 1 kg,2,158,48,96,0,0
TXN-20260901-SKU-SALT-1K,2026-09-01,SKU-SALT-1K,Tata Salt 1 kg,7,27,331,324,0,0
TXN-20260901-SKU-SPRITE-750,2026-09-01,SKU-SPRITE-750,Sprite 750 ml,6,42,205,199,0,0
TXN-20260901-SKU-SUG-1K,2026-09-01,SKU-SUG-1K,Sugar 1 kg,12,49,473,461,0,0
TXN-20260901-SKU-SUJI-500,2026-09-01,SKU-SUJI-500,Suji 500 g,1,27,46,105,0,0
TXN-20260901-SKU-SURF-1K,2026-09-01,SKU-SURF-1K,Surf Excel 1 kg,2,129,103,101,0,0
TXN-20260901-SKU-TEA-250,2026-09-01,SKU-TEA-250,Tata Tea Gold 250 g,4,171,188,184,0,0
TXN-20260901-SKU-TOOR-1K,2026-09-01,SKU-TOOR-1K,Toor Dal 1 kg,4,159,198,194,0,0
TXN-20260901-SKU-VIM-500,2026-09-01,SKU-VIM-500,Vim Bar 500 g,4,42,196,192,0,0
TXN-20260901-SKU-WATER-1L,2026-09-01,SKU-WATER-1L,Bisleri Water 1 L,6,19,510,504,0,0
TXN-20260902-SKU-ATTA-5K,2026-09-02,SKU-ATTA-5K,Aashirvaad Atta 5 kg,7,257,332,325,0,0
TXN-20260902-SKU-BESAN-500,2026-09-02,SKU-BESAN-500,Besan 500 g,2,58,134,132,0,0
TXN-20260902-SKU-BREAD-400,2026-09-02,SKU-BREAD-400,Brown Bread 400 g,5,45,207,202,0,0
TXN-20260902-SKU-CHANA-1K,2026-09-02,SKU-CHANA-1K,Kabuli Chana 1 kg,2,154,104,102,0,0
TXN-20260902-SKU-COKE-750,2026-09-02,SKU-COKE-750,Coca-Cola 750 ml,7,44,352,345,0,0
TXN-20260902-SKU-DALIA-500,2026-09-02,SKU-DALIA-500,Dalia 500 g,1,30,69,68,0,0
TXN-20260902-SKU-FROOTI-600,2026-09-02,SKU-FROOTI-600,Frooti 600 ml,4,31,247,243,0,0
TXN-20260902-SKU-GHEE-1L,2026-09-02,SKU-GHEE-1L,Amul Ghee 1 L,1,641,61,60,0,0
TXN-20260902-SKU-HALDI-100,2026-09-02,SKU-HALDI-100,Turmeric Powder 100 g,2,28,97,95,0,0
TXN-20260902-SKU-HARPIC-500,2026-09-02,SKU-HARPIC-500,Harpic 500 ml,0,109,101,101,0,0
TXN-20260902-SKU-LIFEBUOY-4,2026-09-02,SKU-LIFEBUOY-4,Lifebuoy Soap 4 x 100 g,2,133,63,61,0,0
TXN-20260902-SKU-MAIDA-1K,2026-09-02,SKU-MAIDA-1K,Maida 1 kg,3,39,148,145,0,0
TXN-20260902-SKU-MIRCH-100,2026-09-02,SKU-MIRCH-100,Red Chilli Powder 100 g,1,30,115,114,0,0
TXN-20260902-SKU-MOONG-1K,2026-09-02,SKU-MOONG-1K,Moong Dal 1 kg,3,127,160,157,0,0
TXN-20260902-SKU-MUST-1L,2026-09-02,SKU-MUST-1L,Fortune Mustard Oil 1 L,3,163,180,177,0,0
TXN-20260902-SKU-OIL-1L,2026-09-02,SKU-OIL-1L,Sunpure Cooking Oil 1 L,10,164,467,457,0,0
TXN-20260902-SKU-POHA-500,2026-09-02,SKU-POHA-500,Poha 500 g,4,31,131,127,0,0
TXN-20260902-SKU-RAJMA-1K,2026-09-02,SKU-RAJMA-1K,Rajma 1 kg,2,158,96,94,0,0
TXN-20260902-SKU-SALT-1K,2026-09-02,SKU-SALT-1K,Tata Salt 1 kg,9,27,324,315,0,0
TXN-20260902-SKU-SPRITE-750,2026-09-02,SKU-SPRITE-750,Sprite 750 ml,2,42,199,197,0,0
TXN-20260902-SKU-SUG-1K,2026-09-02,SKU-SUG-1K,Sugar 1 kg,4,49,461,457,0,0
TXN-20260902-SKU-SUJI-500,2026-09-02,SKU-SUJI-500,Suji 500 g,2,27,105,103,0,0
TXN-20260902-SKU-SURF-1K,2026-09-02,SKU-SURF-1K,Surf Excel 1 kg,3,129,101,98,0,0
TXN-20260902-SKU-TEA-250,2026-09-02,SKU-TEA-250,Tata Tea Gold 250 g,5,171,184,179,0,0
TXN-20260902-SKU-TOOR-1K,2026-09-02,SKU-TOOR-1K,Toor Dal 1 kg,4,159,194,190,0,0
TXN-20260902-SKU-VIM-500,2026-09-02,SKU-VIM-500,Vim Bar 500 g,5,42,192,187,0,0
TXN-20260902-SKU-WATER-1L,2026-09-02,SKU-WATER-1L,Bisleri Water 1 L,7,19,504,497,0,0
TXN-20260903-SKU-ATTA-5K,2026-09-03,SKU-ATTA-5K,Aashirvaad Atta 5 kg,9,257,325,316,0,0
TXN-20260903-SKU-BESAN-500,2026-09-03,SKU-BESAN-500,Besan 500 g,3,58,132,129,0,0
TXN-20260903-SKU-BREAD-400,2026-09-03,SKU-BREAD-400,Brown Bread 400 g,4,45,202,198,0,0
TXN-20260903-SKU-CHANA-1K,2026-09-03,SKU-CHANA-1K,Kabuli Chana 1 kg,1,154,102,101,0,0
TXN-20260903-SKU-COKE-750,2026-09-03,SKU-COKE-750,Coca-Cola 750 ml,10,44,345,335,0,0
TXN-20260903-SKU-DALIA-500,2026-09-03,SKU-DALIA-500,Dalia 500 g,0,30,68,68,0,0
TXN-20260903-SKU-FROOTI-600,2026-09-03,SKU-FROOTI-600,Frooti 600 ml,5,31,243,238,0,0
TXN-20260903-SKU-GHEE-1L,2026-09-03,SKU-GHEE-1L,Amul Ghee 1 L,0,641,60,60,0,0
TXN-20260903-SKU-HALDI-100,2026-09-03,SKU-HALDI-100,Turmeric Powder 100 g,1,28,95,94,0,0
TXN-20260903-SKU-HARPIC-500,2026-09-03,SKU-HARPIC-500,Harpic 500 ml,1,109,101,100,0,0
TXN-20260903-SKU-LIFEBUOY-4,2026-09-03,SKU-LIFEBUOY-4,Lifebuoy Soap 4 x 100 g,1,133,61,60,0,0
TXN-20260903-SKU-MAIDA-1K,2026-09-03,SKU-MAIDA-1K,Maida 1 kg,3,39,145,142,0,0
TXN-20260903-SKU-MIRCH-100,2026-09-03,SKU-MIRCH-100,Red Chilli Powder 100 g,3,30,114,111,0,0
TXN-20260903-SKU-MOONG-1K,2026-09-03,SKU-MOONG-1K,Moong Dal 1 kg,3,127,157,154,0,0
TXN-20260903-SKU-MUST-1L,2026-09-03,SKU-MUST-1L,Fortune Mustard Oil 1 L,5,163,177,172,0,0
TXN-20260903-SKU-OIL-1L,2026-09-03,SKU-OIL-1L,Sunpure Cooking Oil 1 L,9,164,457,448,0,0
TXN-20260903-SKU-POHA-500,2026-09-03,SKU-POHA-500,Poha 500 g,2,31,127,125,0,0
TXN-20260903-SKU-RAJMA-1K,2026-09-03,SKU-RAJMA-1K,Rajma 1 kg,2,158,94,92,0,0
TXN-20260903-SKU-SALT-1K,2026-09-03,SKU-SALT-1K,Tata Salt 1 kg,7,27,315,308,0,0
TXN-20260903-SKU-SPRITE-750,2026-09-03,SKU-SPRITE-750,Sprite 750 ml,2,42,197,195,0,0
TXN-20260903-SKU-SUG-1K,2026-09-03,SKU-SUG-1K,Sugar 1 kg,13,49,457,444,0,0
TXN-20260903-SKU-SUJI-500,2026-09-03,SKU-SUJI-500,Suji 500 g,3,27,103,100,0,0
TXN-20260903-SKU-SURF-1K,2026-09-03,SKU-SURF-1K,Surf Excel 1 kg,2,129,98,96,0,0
TXN-20260903-SKU-TEA-250,2026-09-03,SKU-TEA-250,Tata Tea Gold 250 g,5,171,179,174,0,0
TXN-20260903-SKU-TOOR-1K,2026-09-03,SKU-TOOR-1K,Toor Dal 1 kg,4,159,190,186,0,0
TXN-20260903-SKU-VIM-500,2026-09-03,SKU-VIM-500,Vim Bar 500 g,5,42,187,182,0,0
TXN-20260903-SKU-WATER-1L,2026-09-03,SKU-WATER-1L,Bisleri Water 1 L,7,19,497,490,0,0
TXN-20260904-SKU-ATTA-5K,2026-09-04,SKU-ATTA-5K,Aashirvaad Atta 5 kg,7,257,316,309,0,0
TXN-20260904-SKU-BESAN-500,2026-09-04,SKU-BESAN-500,Besan 500 g,3,58,129,126,0,0
TXN-20260904-SKU-BREAD-400,2026-09-04,SKU-BREAD-400,Brown Bread 400 g,3,45,198,195,0,0
TXN-20260904-SKU-CHANA-1K,2026-09-04,SKU-CHANA-1K,Kabuli Chana 1 kg,2,154,101,99,0,0
TXN-20260904-SKU-COKE-750,2026-09-04,SKU-COKE-750,Coca-Cola 750 ml,7,44,335,328,0,0
TXN-20260904-SKU-DALIA-500,2026-09-04,SKU-DALIA-500,Dalia 500 g,1,30,68,67,0,0
TXN-20260904-SKU-FROOTI-600,2026-09-04,SKU-FROOTI-600,Frooti 600 ml,4,31,238,234,0,0
TXN-20260904-SKU-GHEE-1L,2026-09-04,SKU-GHEE-1L,Amul Ghee 1 L,1,641,60,59,0,0
TXN-20260904-SKU-HALDI-100,2026-09-04,SKU-HALDI-100,Turmeric Powder 100 g,2,28,94,92,0,0
TXN-20260904-SKU-HARPIC-500,2026-09-04,SKU-HARPIC-500,Harpic 500 ml,1,109,100,99,0,0
TXN-20260904-SKU-LIFEBUOY-4,2026-09-04,SKU-LIFEBUOY-4,Lifebuoy Soap 4 x 100 g,1,133,60,59,0,0
TXN-20260904-SKU-MAIDA-1K,2026-09-04,SKU-MAIDA-1K,Maida 1 kg,3,39,142,139,0,0
TXN-20260904-SKU-MIRCH-100,2026-09-04,SKU-MIRCH-100,Red Chilli Powder 100 g,3,30,111,108,0,0
TXN-20260904-SKU-MOONG-1K,2026-09-04,SKU-MOONG-1K,Moong Dal 1 kg,4,127,154,150,0,0
TXN-20260904-SKU-MUST-1L,2026-09-04,SKU-MUST-1L,Fortune Mustard Oil 1 L,3,163,172,169,0,0
TXN-20260904-SKU-OIL-1L,2026-09-04,SKU-OIL-1L,Sunpure Cooking Oil 1 L,11,164,448,437,0,0
TXN-20260904-SKU-POHA-500,2026-09-04,SKU-POHA-500,Poha 500 g,3,31,125,122,0,0
TXN-20260904-SKU-RAJMA-1K,2026-09-04,SKU-RAJMA-1K,Rajma 1 kg,2,158,92,90,0,0
TXN-20260904-SKU-SALT-1K,2026-09-04,SKU-SALT-1K,Tata Salt 1 kg,7,27,308,301,0,0
TXN-20260904-SKU-SPRITE-750,2026-09-04,SKU-SPRITE-750,Sprite 750 ml,4,42,195,191,0,0
TXN-20260904-SKU-SUG-1K,2026-09-04,SKU-SUG-1K,Sugar 1 kg,16,49,444,428,0,0
TXN-20260904-SKU-SUJI-500,2026-09-04,SKU-SUJI-500,Suji 500 g,2,27,100,98,0,0
TXN-20260904-SKU-SURF-1K,2026-09-04,SKU-SURF-1K,Surf Excel 1 kg,3,129,96,93,0,0
TXN-20260904-SKU-TEA-250,2026-09-04,SKU-TEA-250,Tata Tea Gold 250 g,5,171,174,169,0,0
TXN-20260904-SKU-TOOR-1K,2026-09-04,SKU-TOOR-1K,Toor Dal 1 kg,5,159,186,181,0,0
TXN-20260904-SKU-VIM-500,2026-09-04,SKU-VIM-500,Vim Bar 500 g,3,42,182,179,0,0
TXN-20260904-SKU-WATER-1L,2026-09-04,SKU-WATER-1L,Bisleri Water 1 L,7,19,490,483,0,0
TXN-20260905-SKU-ATTA-5K,2026-09-05,SKU-ATTA-5K,Aashirvaad Atta 5 kg,8,257,309,301,0,0
TXN-20260905-SKU-BESAN-500,2026-09-05,SKU-BESAN-500,Besan 500 g,4,58,126,122,0,0
TXN-20260905-SKU-BREAD-400,2026-09-05,SKU-BREAD-400,Brown Bread 400 g,2,45,195,193,0,0
TXN-20260905-SKU-CHANA-1K,2026-09-05,SKU-CHANA-1K,Kabuli Chana 1 kg,2,154,99,97,0,0
TXN-20260905-SKU-COKE-750,2026-09-05,SKU-COKE-750,Coca-Cola 750 ml,7,44,328,321,0,0
TXN-20260905-SKU-DALIA-500,2026-09-05,SKU-DALIA-500,Dalia 500 g,1,30,67,66,0,0
TXN-20260905-SKU-FROOTI-600,2026-09-05,SKU-FROOTI-600,Frooti 600 ml,4,31,234,230,0,0
TXN-20260905-SKU-GHEE-1L,2026-09-05,SKU-GHEE-1L,Amul Ghee 1 L,2,641,59,57,0,0
TXN-20260905-SKU-HALDI-100,2026-09-05,SKU-HALDI-100,Turmeric Powder 100 g,3,28,92,89,0,0
TXN-20260905-SKU-HARPIC-500,2026-09-05,SKU-HARPIC-500,Harpic 500 ml,2,109,99,97,0,0
TXN-20260905-SKU-LIFEBUOY-4,2026-09-05,SKU-LIFEBUOY-4,Lifebuoy Soap 4 x 100 g,1,133,59,58,0,0
TXN-20260905-SKU-MAIDA-1K,2026-09-05,SKU-MAIDA-1K,Maida 1 kg,3,39,139,136,0,0
TXN-20260905-SKU-MIRCH-100,2026-09-05,SKU-MIRCH-100,Red Chilli Powder 100 g,1,30,108,107,0,0
TXN-20260905-SKU-MOONG-1K,2026-09-05,SKU-MOONG-1K,Moong Dal 1 kg,2,127,150,148,0,0
TXN-20260905-SKU-MUST-1L,2026-09-05,SKU-MUST-1L,Fortune Mustard Oil 1 L,4,163,169,165,0,0
TXN-20260905-SKU-OIL-1L,2026-09-05,SKU-OIL-1L,Sunpure Cooking Oil 1 L,12,164,437,425,0,0
TXN-20260905-SKU-POHA-500,2026-09-05,SKU-POHA-500,Poha 500 g,4,31,122,118,0,0
TXN-20260905-SKU-RAJMA-1K,2026-09-05,SKU-RAJMA-1K,Rajma 1 kg,2,158,90,88,0,0
TXN-20260905-SKU-SALT-1K,2026-09-05,SKU-SALT-1K,Tata Salt 1 kg,8,27,301,293,0,0
TXN-20260905-SKU-SPRITE-750,2026-09-05,SKU-SPRITE-750,Sprite 750 ml,5,42,191,186,0,0
TXN-20260905-SKU-SUG-1K,2026-09-05,SKU-SUG-1K,Sugar 1 kg,8,49,428,420,0,0
TXN-20260905-SKU-SUJI-500,2026-09-05,SKU-SUJI-500,Suji 500 g,1,27,98,97,0,0
TXN-20260905-SKU-SURF-1K,2026-09-05,SKU-SURF-1K,Surf Excel 1 kg,1,129,93,92,0,0
TXN-20260905-SKU-TEA-250,2026-09-05,SKU-TEA-250,Tata Tea Gold 250 g,5,171,169,164,0,0
TXN-20260905-SKU-TOOR-1K,2026-09-05,SKU-TOOR-1K,Toor Dal 1 kg,5,159,181,176,0,0
TXN-20260905-SKU-VIM-500,2026-09-05,SKU-VIM-500,Vim Bar 500 g,4,42,179,175,0,0
TXN-20260905-SKU-WATER-1L,2026-09-05,SKU-WATER-1L,Bisleri Water 1 L,8,19,483,475,0,0
TXN-20260906-SKU-ATTA-5K,2026-09-06,SKU-ATTA-5K,Aashirvaad Atta 5 kg,8,257,301,293,0,0
TXN-20260906-SKU-BESAN-500,2026-09-06,SKU-BESAN-500,Besan 500 g,1,58,122,121,0,0
TXN-20260906-SKU-BREAD-400,2026-09-06,SKU-BREAD-400,Brown Bread 400 g,5,45,193,188,0,0
TXN-20260906-SKU-CHANA-1K,2026-09-06,SKU-CHANA-1K,Kabuli Chana 1 kg,2,154,97,95,0,0
TXN-20260906-SKU-COKE-750,2026-09-06,SKU-COKE-750,Coca-Cola 750 ml,11,44,321,310,0,0
TXN-20260906-SKU-DALIA-500,2026-09-06,SKU-DALIA-500,Dalia 500 g,0,30,66,66,0,0
TXN-20260906-SKU-FROOTI-600,2026-09-06,SKU-FROOTI-600,Frooti 600 ml,7,31,230,223,0,0
TXN-20260906-SKU-GHEE-1L,2026-09-06,SKU-GHEE-1L,Amul Ghee 1 L,0,641,57,57,0,0
TXN-20260906-SKU-HALDI-100,2026-09-06,SKU-HALDI-100,Turmeric Powder 100 g,1,28,89,88,0,0
TXN-20260906-SKU-HARPIC-500,2026-09-06,SKU-HARPIC-500,Harpic 500 ml,2,109,97,95,0,0
TXN-20260906-SKU-LIFEBUOY-4,2026-09-06,SKU-LIFEBUOY-4,Lifebuoy Soap 4 x 100 g,0,133,58,58,0,0
TXN-20260906-SKU-MAIDA-1K,2026-09-06,SKU-MAIDA-1K,Maida 1 kg,4,39,136,132,0,0
TXN-20260906-SKU-MIRCH-100,2026-09-06,SKU-MIRCH-100,Red Chilli Powder 100 g,2,30,107,105,0,0
TXN-20260906-SKU-MOONG-1K,2026-09-06,SKU-MOONG-1K,Moong Dal 1 kg,3,127,148,145,0,0
TXN-20260906-SKU-MUST-1L,2026-09-06,SKU-MUST-1L,Fortune Mustard Oil 1 L,4,163,165,161,0,0
TXN-20260906-SKU-OIL-1L,2026-09-06,SKU-OIL-1L,Sunpure Cooking Oil 1 L,8,164,425,417,0,0
TXN-20260906-SKU-POHA-500,2026-09-06,SKU-POHA-500,Poha 500 g,3,31,118,115,0,0
TXN-20260906-SKU-RAJMA-1K,2026-09-06,SKU-RAJMA-1K,Rajma 1 kg,1,158,88,87,0,0
TXN-20260906-SKU-SALT-1K,2026-09-06,SKU-SALT-1K,Tata Salt 1 kg,6,27,293,287,0,0
TXN-20260906-SKU-SPRITE-750,2026-09-06,SKU-SPRITE-750,Sprite 750 ml,3,42,186,183,0,0
TXN-20260906-SKU-SUG-1K,2026-09-06,SKU-SUG-1K,Sugar 1 kg,7,49,420,413,0,0
TXN-20260906-SKU-SUJI-500,2026-09-06,SKU-SUJI-500,Suji 500 g,3,27,97,94,0,0
TXN-20260906-SKU-SURF-1K,2026-09-06,SKU-SURF-1K,Surf Excel 1 kg,2,129,92,90,0,0
TXN-20260906-SKU-TEA-250,2026-09-06,SKU-TEA-250,Tata Tea Gold 250 g,2,171,164,162,0,0
TXN-20260906-SKU-TOOR-1K,2026-09-06,SKU-TOOR-1K,Toor Dal 1 kg,5,159,176,171,0,0
TXN-20260906-SKU-VIM-500,2026-09-06,SKU-VIM-500,Vim Bar 500 g,3,42,175,172,0,0
TXN-20260906-SKU-WATER-1L,2026-09-06,SKU-WATER-1L,Bisleri Water 1 L,4,19,475,471,0,0
TXN-20260907-SKU-ATTA-5K,2026-09-07,SKU-ATTA-5K,Aashirvaad Atta 5 kg,5,257,293,288,0,0
TXN-20260907-SKU-BESAN-500,2026-09-07,SKU-BESAN-500,Besan 500 g,3,58,121,118,0,0
TXN-20260907-SKU-BREAD-400,2026-09-07,SKU-BREAD-400,Brown Bread 400 g,6,45,188,182,0,0
TXN-20260907-SKU-CHANA-1K,2026-09-07,SKU-CHANA-1K,Kabuli Chana 1 kg,2,154,95,93,0,0
TXN-20260907-SKU-COKE-750,2026-09-07,SKU-COKE-750,Coca-Cola 750 ml,8,44,310,302,0,0
TXN-20260907-SKU-DALIA-500,2026-09-07,SKU-DALIA-500,Dalia 500 g,0,30,66,66,0,0
TXN-20260907-SKU-FROOTI-600,2026-09-07,SKU-FROOTI-600,Frooti 600 ml,4,31,223,219,0,0
TXN-20260907-SKU-GHEE-1L,2026-09-07,SKU-GHEE-1L,Amul Ghee 1 L,1,641,57,56,0,0
TXN-20260907-SKU-HALDI-100,2026-09-07,SKU-HALDI-100,Turmeric Powder 100 g,2,28,88,86,0,0
TXN-20260907-SKU-HARPIC-500,2026-09-07,SKU-HARPIC-500,Harpic 500 ml,1,109,95,94,0,0
TXN-20260907-SKU-LIFEBUOY-4,2026-09-07,SKU-LIFEBUOY-4,Lifebuoy Soap 4 x 100 g,0,133,58,58,0,0
TXN-20260907-SKU-MAIDA-1K,2026-09-07,SKU-MAIDA-1K,Maida 1 kg,4,39,132,128,0,0
TXN-20260907-SKU-MIRCH-100,2026-09-07,SKU-MIRCH-100,Red Chilli Powder 100 g,1,30,105,104,0,0
TXN-20260907-SKU-MOONG-1K,2026-09-07,SKU-MOONG-1K,Moong Dal 1 kg,4,127,145,141,0,0
TXN-20260907-SKU-MUST-1L,2026-09-07,SKU-MUST-1L,Fortune Mustard Oil 1 L,1,163,161,160,0,0
TXN-20260907-SKU-OIL-1L,2026-09-07,SKU-OIL-1L,Sunpure Cooking Oil 1 L,11,164,417,406,0,0
TXN-20260907-SKU-POHA-500,2026-09-07,SKU-POHA-500,Poha 500 g,3,31,115,112,0,0
TXN-20260907-SKU-RAJMA-1K,2026-09-07,SKU-RAJMA-1K,Rajma 1 kg,3,158,87,84,0,0
TXN-20260907-SKU-SALT-1K,2026-09-07,SKU-SALT-1K,Tata Salt 1 kg,6,27,287,281,0,0
TXN-20260907-SKU-SPRITE-750,2026-09-07,SKU-SPRITE-750,Sprite 750 ml,4,42,183,179,0,0
TXN-20260907-SKU-SUG-1K,2026-09-07,SKU-SUG-1K,Sugar 1 kg,10,49,413,403,0,0
TXN-20260907-SKU-SUJI-500,2026-09-07,SKU-SUJI-500,Suji 500 g,4,27,94,90,0,0
TXN-20260907-SKU-SURF-1K,2026-09-07,SKU-SURF-1K,Surf Excel 1 kg,2,129,90,88,0,0
TXN-20260907-SKU-TEA-250,2026-09-07,SKU-TEA-250,Tata Tea Gold 250 g,4,171,162,158,0,0
TXN-20260907-SKU-TOOR-1K,2026-09-07,SKU-TOOR-1K,Toor Dal 1 kg,4,159,171,167,0,0
TXN-20260907-SKU-VIM-500,2026-09-07,SKU-VIM-500,Vim Bar 500 g,5,42,172,167,0,0
TXN-20260907-SKU-WATER-1L,2026-09-07,SKU-WATER-1L,Bisleri Water 1 L,9,19,471,462,0,0
TXN-20260908-SKU-ATTA-5K,2026-09-08,SKU-ATTA-5K,Aashirvaad Atta 5 kg,5,257,288,283,0,0
TXN-20260908-SKU-BESAN-500,2026-09-08,SKU-BESAN-500,Besan 500 g,3,58,118,115,0,0
TXN-20260908-SKU-BREAD-400,2026-09-08,SKU-BREAD-400,Brown Bread 400 g,3,45,182,179,0,0
TXN-20260908-SKU-CHANA-1K,2026-09-08,SKU-CHANA-1K,Kabuli Chana 1 kg,2,154,93,91,0,0
TXN-20260908-SKU-COKE-750,2026-09-08,SKU-COKE-750,Coca-Cola 750 ml,5,44,302,297,0,0
TXN-20260908-SKU-DALIA-500,2026-09-08,SKU-DALIA-500,Dalia 500 g,0,30,66,66,0,0
TXN-20260908-SKU-FROOTI-600,2026-09-08,SKU-FROOTI-600,Frooti 600 ml,4,31,219,215,0,0
TXN-20260908-SKU-GHEE-1L,2026-09-08,SKU-GHEE-1L,Amul Ghee 1 L,0,641,56,56,0,0
TXN-20260908-SKU-HALDI-100,2026-09-08,SKU-HALDI-100,Turmeric Powder 100 g,2,28,86,84,0,0
TXN-20260908-SKU-HARPIC-500,2026-09-08,SKU-HARPIC-500,Harpic 500 ml,3,109,94,91,0,0
TXN-20260908-SKU-LIFEBUOY-4,2026-09-08,SKU-LIFEBUOY-4,Lifebuoy Soap 4 x 100 g,2,133,58,56,0,0
TXN-20260908-SKU-MAIDA-1K,2026-09-08,SKU-MAIDA-1K,Maida 1 kg,2,39,128,126,0,0
TXN-20260908-SKU-MIRCH-100,2026-09-08,SKU-MIRCH-100,Red Chilli Powder 100 g,3,30,104,101,0,0
TXN-20260908-SKU-MOONG-1K,2026-09-08,SKU-MOONG-1K,Moong Dal 1 kg,5,127,141,136,0,0
TXN-20260908-SKU-MUST-1L,2026-09-08,SKU-MUST-1L,Fortune Mustard Oil 1 L,2,163,160,158,0,0
TXN-20260908-SKU-OIL-1L,2026-09-08,SKU-OIL-1L,Sunpure Cooking Oil 1 L,13,164,406,393,0,0
TXN-20260908-SKU-POHA-500,2026-09-08,SKU-POHA-500,Poha 500 g,2,31,112,110,0,0
TXN-20260908-SKU-RAJMA-1K,2026-09-08,SKU-RAJMA-1K,Rajma 1 kg,2,158,84,82,0,0
TXN-20260908-SKU-SALT-1K,2026-09-08,SKU-SALT-1K,Tata Salt 1 kg,6,27,281,275,0,0
TXN-20260908-SKU-SPRITE-750,2026-09-08,SKU-SPRITE-750,Sprite 750 ml,5,42,179,174,0,0
TXN-20260908-SKU-SUG-1K,2026-09-08,SKU-SUG-1K,Sugar 1 kg,8,49,403,395,0,0
TXN-20260908-SKU-SUJI-500,2026-09-08,SKU-SUJI-500,Suji 500 g,2,27,90,88,0,0
TXN-20260908-SKU-SURF-1K,2026-09-08,SKU-SURF-1K,Surf Excel 1 kg,2,129,88,86,0,0
TXN-20260908-SKU-TEA-250,2026-09-08,SKU-TEA-250,Tata Tea Gold 250 g,4,171,158,154,0,0
TXN-20260908-SKU-TOOR-1K,2026-09-08,SKU-TOOR-1K,Toor Dal 1 kg,3,159,167,164,0,0
TXN-20260908-SKU-VIM-500,2026-09-08,SKU-VIM-500,Vim Bar 500 g,4,42,167,163,0,0
TXN-20260908-SKU-WATER-1L,2026-09-08,SKU-WATER-1L,Bisleri Water 1 L,12,19,462,450,0,0
TXN-20260909-SKU-ATTA-5K,2026-09-09,SKU-ATTA-5K,Aashirvaad Atta 5 kg,7,257,283,276,0,0
TXN-20260909-SKU-BESAN-500,2026-09-09,SKU-BESAN-500,Besan 500 g,3,58,115,112,0,0
TXN-20260909-SKU-BREAD-400,2026-09-09,SKU-BREAD-400,Brown Bread 400 g,6,45,179,173,0,0
TXN-20260909-SKU-CHANA-1K,2026-09-09,SKU-CHANA-1K,Kabuli Chana 1 kg,3,154,91,88,0,0
TXN-20260909-SKU-COKE-750,2026-09-09,SKU-COKE-750,Coca-Cola 750 ml,9,44,297,288,0,0
TXN-20260909-SKU-DALIA-500,2026-09-09,SKU-DALIA-500,Dalia 500 g,2,30,66,64,0,0
TXN-20260909-SKU-FROOTI-600,2026-09-09,SKU-FROOTI-600,Frooti 600 ml,6,31,215,209,0,0
TXN-20260909-SKU-GHEE-1L,2026-09-09,SKU-GHEE-1L,Amul Ghee 1 L,1,641,56,55,0,0
TXN-20260909-SKU-HALDI-100,2026-09-09,SKU-HALDI-100,Turmeric Powder 100 g,1,28,84,83,0,0
TXN-20260909-SKU-HARPIC-500,2026-09-09,SKU-HARPIC-500,Harpic 500 ml,2,109,91,89,0,0
TXN-20260909-SKU-LIFEBUOY-4,2026-09-09,SKU-LIFEBUOY-4,Lifebuoy Soap 4 x 100 g,1,133,56,55,0,0
TXN-20260909-SKU-MAIDA-1K,2026-09-09,SKU-MAIDA-1K,Maida 1 kg,3,39,126,123,0,0
TXN-20260909-SKU-MIRCH-100,2026-09-09,SKU-MIRCH-100,Red Chilli Powder 100 g,2,30,101,99,0,0
TXN-20260909-SKU-MOONG-1K,2026-09-09,SKU-MOONG-1K,Moong Dal 1 kg,4,127,136,132,0,0
TXN-20260909-SKU-MUST-1L,2026-09-09,SKU-MUST-1L,Fortune Mustard Oil 1 L,5,163,158,153,0,0
TXN-20260909-SKU-OIL-1L,2026-09-09,SKU-OIL-1L,Sunpure Cooking Oil 1 L,10,164,393,383,0,0
TXN-20260909-SKU-POHA-500,2026-09-09,SKU-POHA-500,Poha 500 g,2,31,110,108,0,0
TXN-20260909-SKU-RAJMA-1K,2026-09-09,SKU-RAJMA-1K,Rajma 1 kg,2,158,82,80,0,0
TXN-20260909-SKU-SALT-1K,2026-09-09,SKU-SALT-1K,Tata Salt 1 kg,5,27,275,270,0,0
TXN-20260909-SKU-SPRITE-750,2026-09-09,SKU-SPRITE-750,Sprite 750 ml,2,42,174,172,0,0
TXN-20260909-SKU-SUG-1K,2026-09-09,SKU-SUG-1K,Sugar 1 kg,16,49,395,379,0,0
TXN-20260909-SKU-SUJI-500,2026-09-09,SKU-SUJI-500,Suji 500 g,1,27,88,87,0,0
TXN-20260909-SKU-SURF-1K,2026-09-09,SKU-SURF-1K,Surf Excel 1 kg,3,129,86,83,0,0
TXN-20260909-SKU-TEA-250,2026-09-09,SKU-TEA-250,Tata Tea Gold 250 g,5,171,154,149,0,0
TXN-20260909-SKU-TOOR-1K,2026-09-09,SKU-TOOR-1K,Toor Dal 1 kg,4,159,164,160,0,0
TXN-20260909-SKU-VIM-500,2026-09-09,SKU-VIM-500,Vim Bar 500 g,5,42,163,158,0,0
TXN-20260909-SKU-WATER-1L,2026-09-09,SKU-WATER-1L,Bisleri Water 1 L,11,19,450,439,0,0
TXN-20260910-SKU-ATTA-5K,2026-09-10,SKU-ATTA-5K,Aashirvaad Atta 5 kg,9,257,276,267,0,0
TXN-20260910-SKU-BESAN-500,2026-09-10,SKU-BESAN-500,Besan 500 g,3,58,112,109,0,0
TXN-20260910-SKU-BREAD-400,2026-09-10,SKU-BREAD-400,Brown Bread 400 g,5,45,173,168,0,0
TXN-20260910-SKU-CHANA-1K,2026-09-10,SKU-CHANA-1K,Kabuli Chana 1 kg,2,154,88,86,0,0
TXN-20260910-SKU-COKE-750,2026-09-10,SKU-COKE-750,Coca-Cola 750 ml,10,44,288,278,0,0
TXN-20260910-SKU-DALIA-500,2026-09-10,SKU-DALIA-500,Dalia 500 g,1,30,64,63,0,0
TXN-20260910-SKU-FROOTI-600,2026-09-10,SKU-FROOTI-600,Frooti 600 ml,5,31,209,204,0,0
TXN-20260910-SKU-GHEE-1L,2026-09-10,SKU-GHEE-1L,Amul Ghee 1 L,1,641,55,54,0,0
TXN-20260910-SKU-HALDI-100,2026-09-10,SKU-HALDI-100,Turmeric Powder 100 g,3,28,83,80,0,0
TXN-20260910-SKU-HARPIC-500,2026-09-10,SKU-HARPIC-500,Harpic 500 ml,2,109,89,87,0,0
TXN-20260910-SKU-LIFEBUOY-4,2026-09-10,SKU-LIFEBUOY-4,Lifebuoy Soap 4 x 100 g,1,133,55,54,0,0
TXN-20260910-SKU-MAIDA-1K,2026-09-10,SKU-MAIDA-1K,Maida 1 kg,4,39,123,119,0,0
TXN-20260910-SKU-MIRCH-100,2026-09-10,SKU-MIRCH-100,Red Chilli Powder 100 g,3,30,99,96,0,0
TXN-20260910-SKU-MOONG-1K,2026-09-10,SKU-MOONG-1K,Moong Dal 1 kg,4,127,132,128,0,0
TXN-20260910-SKU-MUST-1L,2026-09-10,SKU-MUST-1L,Fortune Mustard Oil 1 L,6,163,153,147,0,0
TXN-20260910-SKU-OIL-1L,2026-09-10,SKU-OIL-1L,Sunpure Cooking Oil 1 L,7,164,383,376,0,0
TXN-20260910-SKU-POHA-500,2026-09-10,SKU-POHA-500,Poha 500 g,2,31,108,106,0,0
TXN-20260910-SKU-RAJMA-1K,2026-09-10,SKU-RAJMA-1K,Rajma 1 kg,2,158,80,78,0,0
TXN-20260910-SKU-SALT-1K,2026-09-10,SKU-SALT-1K,Tata Salt 1 kg,6,27,270,264,0,0
TXN-20260910-SKU-SPRITE-750,2026-09-10,SKU-SPRITE-750,Sprite 750 ml,7,42,172,165,0,0
TXN-20260910-SKU-SUG-1K,2026-09-10,SKU-SUG-1K,Sugar 1 kg,10,49,379,369,0,0
TXN-20260910-SKU-SUJI-500,2026-09-10,SKU-SUJI-500,Suji 500 g,1,27,87,86,0,0
TXN-20260910-SKU-SURF-1K,2026-09-10,SKU-SURF-1K,Surf Excel 1 kg,3,129,83,80,0,0
TXN-20260910-SKU-TEA-250,2026-09-10,SKU-TEA-250,Tata Tea Gold 250 g,3,171,149,146,0,0
TXN-20260910-SKU-TOOR-1K,2026-09-10,SKU-TOOR-1K,Toor Dal 1 kg,5,159,160,155,0,0
TXN-20260910-SKU-VIM-500,2026-09-10,SKU-VIM-500,Vim Bar 500 g,4,42,158,154,0,0
TXN-20260910-SKU-WATER-1L,2026-09-10,SKU-WATER-1L,Bisleri Water 1 L,13,19,439,426,0,0
TXN-20260911-SKU-ATTA-5K,2026-09-11,SKU-ATTA-5K,Aashirvaad Atta 5 kg,6,257,267,261,0,0
TXN-20260911-SKU-BESAN-500,2026-09-11,SKU-BESAN-500,Besan 500 g,2,58,109,107,0,0
TXN-20260911-SKU-BREAD-400,2026-09-11,SKU-BREAD-400,Brown Bread 400 g,5,45,168,163,0,0
TXN-20260911-SKU-CHANA-1K,2026-09-11,SKU-CHANA-1K,Kabuli Chana 1 kg,1,154,86,85,0,0
TXN-20260911-SKU-COKE-750,2026-09-11,SKU-COKE-750,Coca-Cola 750 ml,7,44,278,271,0,0
TXN-20260911-SKU-DALIA-500,2026-09-11,SKU-DALIA-500,Dalia 500 g,0,30,63,63,0,0
TXN-20260911-SKU-FROOTI-600,2026-09-11,SKU-FROOTI-600,Frooti 600 ml,6,31,204,198,0,0
TXN-20260911-SKU-GHEE-1L,2026-09-11,SKU-GHEE-1L,Amul Ghee 1 L,1,641,54,53,0,0
TXN-20260911-SKU-HALDI-100,2026-09-11,SKU-HALDI-100,Turmeric Powder 100 g,2,28,80,78,0,0
TXN-20260911-SKU-HARPIC-500,2026-09-11,SKU-HARPIC-500,Harpic 500 ml,1,109,87,86,0,0
TXN-20260911-SKU-LIFEBUOY-4,2026-09-11,SKU-LIFEBUOY-4,Lifebuoy Soap 4 x 100 g,1,133,54,53,0,0
TXN-20260911-SKU-MAIDA-1K,2026-09-11,SKU-MAIDA-1K,Maida 1 kg,4,39,119,115,0,0
TXN-20260911-SKU-MIRCH-100,2026-09-11,SKU-MIRCH-100,Red Chilli Powder 100 g,3,30,96,93,0,0
TXN-20260911-SKU-MOONG-1K,2026-09-11,SKU-MOONG-1K,Moong Dal 1 kg,2,127,128,126,0,0
TXN-20260911-SKU-MUST-1L,2026-09-11,SKU-MUST-1L,Fortune Mustard Oil 1 L,6,163,147,141,0,0
TXN-20260911-SKU-OIL-1L,2026-09-11,SKU-OIL-1L,Sunpure Cooking Oil 1 L,9,164,376,367,0,0
TXN-20260911-SKU-POHA-500,2026-09-11,SKU-POHA-500,Poha 500 g,4,31,106,102,0,0
TXN-20260911-SKU-RAJMA-1K,2026-09-11,SKU-RAJMA-1K,Rajma 1 kg,2,158,78,76,0,0
TXN-20260911-SKU-SALT-1K,2026-09-11,SKU-SALT-1K,Tata Salt 1 kg,7,27,264,257,0,0
TXN-20260911-SKU-SPRITE-750,2026-09-11,SKU-SPRITE-750,Sprite 750 ml,3,42,165,162,0,0
TXN-20260911-SKU-SUG-1K,2026-09-11,SKU-SUG-1K,Sugar 1 kg,9,49,369,360,0,0
TXN-20260911-SKU-SUJI-500,2026-09-11,SKU-SUJI-500,Suji 500 g,3,27,86,83,0,0
TXN-20260911-SKU-SURF-1K,2026-09-11,SKU-SURF-1K,Surf Excel 1 kg,3,129,80,77,0,0
TXN-20260911-SKU-TEA-250,2026-09-11,SKU-TEA-250,Tata Tea Gold 250 g,2,171,146,144,0,0
TXN-20260911-SKU-TOOR-1K,2026-09-11,SKU-TOOR-1K,Toor Dal 1 kg,3,159,155,152,0,0
TXN-20260911-SKU-VIM-500,2026-09-11,SKU-VIM-500,Vim Bar 500 g,2,42,154,152,0,0
TXN-20260911-SKU-WATER-1L,2026-09-11,SKU-WATER-1L,Bisleri Water 1 L,5,19,426,421,0,0
TXN-20260912-SKU-ATTA-5K,2026-09-12,SKU-ATTA-5K,Aashirvaad Atta 5 kg,9,257,261,252,0,0
TXN-20260912-SKU-BESAN-500,2026-09-12,SKU-BESAN-500,Besan 500 g,4,58,107,103,0,0
TXN-20260912-SKU-BREAD-400,2026-09-12,SKU-BREAD-400,Brown Bread 400 g,4,45,163,159,0,0
TXN-20260912-SKU-CHANA-1K,2026-09-12,SKU-CHANA-1K,Kabuli Chana 1 kg,1,154,85,84,0,0
TXN-20260912-SKU-COKE-750,2026-09-12,SKU-COKE-750,Coca-Cola 750 ml,3,44,271,268,0,0
TXN-20260912-SKU-DALIA-500,2026-09-12,SKU-DALIA-500,Dalia 500 g,1,30,63,62,0,0
TXN-20260912-SKU-FROOTI-600,2026-09-12,SKU-FROOTI-600,Frooti 600 ml,4,31,198,194,0,0
TXN-20260912-SKU-GHEE-1L,2026-09-12,SKU-GHEE-1L,Amul Ghee 1 L,0,641,53,53,0,0
TXN-20260912-SKU-HALDI-100,2026-09-12,SKU-HALDI-100,Turmeric Powder 100 g,2,28,78,76,0,0
TXN-20260912-SKU-HARPIC-500,2026-09-12,SKU-HARPIC-500,Harpic 500 ml,1,109,86,85,0,0
TXN-20260912-SKU-LIFEBUOY-4,2026-09-12,SKU-LIFEBUOY-4,Lifebuoy Soap 4 x 100 g,1,133,53,52,0,0
TXN-20260912-SKU-MAIDA-1K,2026-09-12,SKU-MAIDA-1K,Maida 1 kg,3,39,115,112,0,0
TXN-20260912-SKU-MIRCH-100,2026-09-12,SKU-MIRCH-100,Red Chilli Powder 100 g,1,30,93,92,0,0
TXN-20260912-SKU-MOONG-1K,2026-09-12,SKU-MOONG-1K,Moong Dal 1 kg,3,127,126,123,0,0
TXN-20260912-SKU-MUST-1L,2026-09-12,SKU-MUST-1L,Fortune Mustard Oil 1 L,5,163,141,136,0,0
TXN-20260912-SKU-OIL-1L,2026-09-12,SKU-OIL-1L,Sunpure Cooking Oil 1 L,17,164,367,350,0,0
TXN-20260912-SKU-POHA-500,2026-09-12,SKU-POHA-500,Poha 500 g,2,31,102,100,0,0
TXN-20260912-SKU-RAJMA-1K,2026-09-12,SKU-RAJMA-1K,Rajma 1 kg,0,158,76,76,0,0
TXN-20260912-SKU-SALT-1K,2026-09-12,SKU-SALT-1K,Tata Salt 1 kg,10,27,257,247,0,0
TXN-20260912-SKU-SPRITE-750,2026-09-12,SKU-SPRITE-750,Sprite 750 ml,3,42,162,159,0,0
TXN-20260912-SKU-SUG-1K,2026-09-12,SKU-SUG-1K,Sugar 1 kg,12,49,360,348,0,0
TXN-20260912-SKU-SUJI-500,2026-09-12,SKU-SUJI-500,Suji 500 g,2,27,83,81,0,0
TXN-20260912-SKU-SURF-1K,2026-09-12,SKU-SURF-1K,Surf Excel 1 kg,3,129,77,74,0,0
TXN-20260912-SKU-TEA-250,2026-09-12,SKU-TEA-250,Tata Tea Gold 250 g,5,171,144,139,0,0
TXN-20260912-SKU-TOOR-1K,2026-09-12,SKU-TOOR-1K,Toor Dal 1 kg,5,159,152,147,0,0
TXN-20260912-SKU-VIM-500,2026-09-12,SKU-VIM-500,Vim Bar 500 g,3,42,152,149,0,0
TXN-20260912-SKU-WATER-1L,2026-09-12,SKU-WATER-1L,Bisleri Water 1 L,19,19,421,402,0,0
TXN-20260913-SKU-ATTA-5K,2026-09-13,SKU-ATTA-5K,Aashirvaad Atta 5 kg,9,257,252,243,0,0
TXN-20260913-SKU-BESAN-500,2026-09-13,SKU-BESAN-500,Besan 500 g,3,58,103,100,0,0
TXN-20260913-SKU-BREAD-400,2026-09-13,SKU-BREAD-400,Brown Bread 400 g,4,45,159,155,0,0
TXN-20260913-SKU-CHANA-1K,2026-09-13,SKU-CHANA-1K,Kabuli Chana 1 kg,2,154,84,82,0,0
TXN-20260913-SKU-COKE-750,2026-09-13,SKU-COKE-750,Coca-Cola 750 ml,10,44,268,258,0,0
TXN-20260913-SKU-DALIA-500,2026-09-13,SKU-DALIA-500,Dalia 500 g,3,30,62,59,0,0
TXN-20260913-SKU-FROOTI-600,2026-09-13,SKU-FROOTI-600,Frooti 600 ml,5,31,194,189,0,0
TXN-20260913-SKU-GHEE-1L,2026-09-13,SKU-GHEE-1L,Amul Ghee 1 L,1,641,53,52,0,0
TXN-20260913-SKU-HALDI-100,2026-09-13,SKU-HALDI-100,Turmeric Powder 100 g,1,28,76,75,0,0
TXN-20260913-SKU-HARPIC-500,2026-09-13,SKU-HARPIC-500,Harpic 500 ml,1,109,85,84,0,0
TXN-20260913-SKU-LIFEBUOY-4,2026-09-13,SKU-LIFEBUOY-4,Lifebuoy Soap 4 x 100 g,1,133,52,51,0,0
TXN-20260913-SKU-MAIDA-1K,2026-09-13,SKU-MAIDA-1K,Maida 1 kg,2,39,112,110,0,0
TXN-20260913-SKU-MIRCH-100,2026-09-13,SKU-MIRCH-100,Red Chilli Powder 100 g,2,30,92,90,0,0
TXN-20260913-SKU-MOONG-1K,2026-09-13,SKU-MOONG-1K,Moong Dal 1 kg,2,127,123,121,0,0
TXN-20260913-SKU-MUST-1L,2026-09-13,SKU-MUST-1L,Fortune Mustard Oil 1 L,3,163,136,133,0,0
TXN-20260913-SKU-OIL-1L,2026-09-13,SKU-OIL-1L,Sunpure Cooking Oil 1 L,11,164,350,339,0,0
TXN-20260913-SKU-POHA-500,2026-09-13,SKU-POHA-500,Poha 500 g,3,31,100,97,0,0
TXN-20260913-SKU-RAJMA-1K,2026-09-13,SKU-RAJMA-1K,Rajma 1 kg,2,158,76,74,0,0
TXN-20260913-SKU-SALT-1K,2026-09-13,SKU-SALT-1K,Tata Salt 1 kg,7,27,247,240,0,0
TXN-20260913-SKU-SPRITE-750,2026-09-13,SKU-SPRITE-750,Sprite 750 ml,2,42,159,157,0,0
TXN-20260913-SKU-SUG-1K,2026-09-13,SKU-SUG-1K,Sugar 1 kg,6,49,348,342,0,0
TXN-20260913-SKU-SUJI-500,2026-09-13,SKU-SUJI-500,Suji 500 g,2,27,81,79,0,0
TXN-20260913-SKU-SURF-1K,2026-09-13,SKU-SURF-1K,Surf Excel 1 kg,2,129,74,72,0,0
TXN-20260913-SKU-TEA-250,2026-09-13,SKU-TEA-250,Tata Tea Gold 250 g,1,171,139,138,0,0
TXN-20260913-SKU-TOOR-1K,2026-09-13,SKU-TOOR-1K,Toor Dal 1 kg,4,159,147,143,0,0
TXN-20260913-SKU-VIM-500,2026-09-13,SKU-VIM-500,Vim Bar 500 g,3,42,149,146,0,0
TXN-20260913-SKU-WATER-1L,2026-09-13,SKU-WATER-1L,Bisleri Water 1 L,13,19,402,389,0,0
