transaction_id,transaction_date,product_id,product_name,quantity_sold,unit_selling_price,opening_stock,closing_stock,recorded_damage,recorded_returns
TXN-20260627-SKU-ATTA-5K,2026-06-27,SKU-ATTA-5K,Aashirvaad Atta 5 kg,5,260,60,55,0,0
TXN-20260627-SKU-BAS-5K,2026-06-27,SKU-BAS-5K,India Gate Basmati 5 kg,1,600,12,11,0,0
TXN-20260627-SKU-BESAN-500,2026-06-27,SKU-BESAN-500,Besan 500 g,3,56,36,33,0,0
TXN-20260627-SKU-BREAD-400,2026-06-27,SKU-BREAD-400,Brown Bread 400 g,3,45,60,57,0,0
TXN-20260627-SKU-CHANA-1K,2026-06-27,SKU-CHANA-1K,Kabuli Chana 1 kg,2,140,24,22,0,0
TXN-20260627-SKU-COKE-750,2026-06-27,SKU-COKE-750,Coca-Cola 750 ml,7,40,72,65,0,0
TXN-20260627-SKU-COLGATE-200,2026-06-27,SKU-COLGATE-200,Colgate Toothpaste 200 g,2,115,24,22,0,0
TXN-20260627-SKU-DALIA-500,2026-06-27,SKU-DALIA-500,Dalia 500 g,1,34,12,11,0,0
TXN-20260627-SKU-DETTOL-250,2026-06-27,SKU-DETTOL-250,Dettol Liquid 250 ml,1,175,12,11,0,0
TXN-20260627-SKU-FROOTI-600,2026-06-27,SKU-FROOTI-600,Frooti 600 ml,7,35,60,53,0,0
TXN-20260627-SKU-GHEE-1L,2026-06-27,SKU-GHEE-1L,Amul Ghee 1 L,0,620,12,12,0,0
TXN-20260627-SKU-HALDI-100,2026-06-27,SKU-HALDI-100,Turmeric Powder 100 g,2,32,24,22,0,0
TXN-20260627-SKU-HARPIC-500,2026-06-27,SKU-HARPIC-500,Harpic 500 ml,1,105,12,11,0,0
TXN-20260627-SKU-LAYS-52,2026-06-27,SKU-LAYS-52,Lays Classic 52 g,5,20,84,79,0,0
TXN-20260627-SKU-LIFEBUOY-4,2026-06-27,SKU-LIFEBUOY-4,Lifebuoy Soap 4 x 100 g,2,135,24,22,0,0
TXN-20260627-SKU-MAGGI-280,2026-06-27,SKU-MAGGI-280,Maggi Noodles 280 g,7,56,72,65,0,0
TXN-20260627-SKU-MAIDA-1K,2026-06-27,SKU-MAIDA-1K,Maida 1 kg,3,42,36,33,0,0
TXN-20260627-SKU-MIRCH-100,2026-06-27,SKU-MIRCH-100,Red Chilli Powder 100 g,2,40,24,22,0,0
TXN-20260627-SKU-MOONG-1K,2026-06-27,SKU-MOONG-1K,Moong Dal 1 kg,4,130,36,32,0,0
TXN-20260627-SKU-MUST-1L,2026-06-27,SKU-MUST-1L,Fortune Mustard Oil 1 L,2,170,48,46,0,0
TXN-20260627-SKU-OIL-1L,2026-06-27,SKU-OIL-1L,Sunpure Cooking Oil 1 L,8,135,96,88,0,0
TXN-20260627-SKU-PARLE-G,2026-06-27,SKU-PARLE-G,Parle-G Biscuit 250 g,13,25,120,107,0,0
TXN-20260627-SKU-POHA-500,2026-06-27,SKU-POHA-500,Poha 500 g,4,36,36,32,0,0
TXN-20260627-SKU-RAJMA-1K,2026-06-27,SKU-RAJMA-1K,Rajma 1 kg,1,155,24,23,0,0
TXN-20260627-SKU-RICE-1K,2026-06-27,SKU-RICE-1K,Sona Masoori Rice 1 kg,10,70,96,86,0,0
TXN-20260627-SKU-SALT-1K,2026-06-27,SKU-SALT-1K,Tata Salt 1 kg,12,28,108,96,0,0
TXN-20260627-SKU-SPRITE-750,2026-06-27,SKU-SPRITE-750,Sprite 750 ml,4,40,48,44,0,0
TXN-20260627-SKU-SUG-1K,2026-06-27,SKU-SUG-1K,Sugar 1 kg,10,48,120,110,0,0
TXN-20260627-SKU-SUJI-500,2026-06-27,SKU-SUJI-500,Suji 500 g,3,30,24,21,0,0
TXN-20260627-SKU-SURF-1K,2026-06-27,SKU-SURF-1K,Surf Excel 1 kg,1,140,24,23,0,0
TXN-20260627-SKU-TEA-250,2026-06-27,SKU-TEA-250,Tata Tea Gold 250 g,3,160,48,45,0,0
TXN-20260627-SKU-TOOR-1K,2026-06-27,SKU-TOOR-1K,Toor Dal 1 kg,5,150,60,55,0,0
TXN-20260627-SKU-VIM-500,2026-06-27,SKU-VIM-500,Vim Bar 500 g,2,45,36,34,0,0
TXN-20260627-SKU-WATER-1L,2026-06-27,SKU-WATER-1L,Bisleri Water 1 L,11,20,144,133,0,0
TXN-20260628-SKU-ATTA-5K,2026-06-28,SKU-ATTA-5K,Aashirvaad Atta 5 kg,5,260,55,50,0,0
TXN-20260628-SKU-BAS-5K,2026-06-28,SKU-BAS-5K,India Gate Basmati 5 kg,1,600,11,10,0,0
TXN-20260628-SKU-BESAN-500,2026-06-28,SKU-BESAN-500,Besan 500 g,2,56,33,31,0,0
TXN-20260628-SKU-BREAD-400,2026-06-28,SKU-BREAD-400,Brown Bread 400 g,4,45,57,53,0,0
TXN-20260628-SKU-CHANA-1K,2026-06-28,SKU-CHANA-1K,Kabuli Chana 1 kg,3,140,22,19,0,0
TXN-20260628-SKU-COKE-750,2026-06-28,SKU-COKE-750,Coca-Cola 750 ml,7,40,65,58,0,0
TXN-20260628-SKU-COLGATE-200,2026-06-28,SKU-COLGATE-200,Colgate Toothpaste 200 g,1,115,22,21,0,0
TXN-20260628-SKU-DALIA-500,2026-06-28,SKU-DALIA-500,Dalia 500 g,0,34,11,11,0,0
TXN-20260628-SKU-DETTOL-250,2026-06-28,SKU-DETTOL-250,Dettol Liquid 250 ml,1,175,11,10,0,0
TXN-20260628-SKU-FROOTI-600,2026-06-28,SKU-FROOTI-600,Frooti 600 ml,5,35,53,48,0,0
TXN-20260628-SKU-GHEE-1L,2026-06-28,SKU-GHEE-1L,Amul Ghee 1 L,2,620,12,10,0,0
TXN-20260628-SKU-HALDI-100,2026-06-28,SKU-HALDI-100,Turmeric Powder 100 g,1,32,22,21,0,0
TXN-20260628-SKU-HARPIC-500,2026-06-28,SKU-HARPIC-500,Harpic 500 ml,1,105,11,10,0,0
TXN-20260628-SKU-LAYS-52,2026-06-28,SKU-LAYS-52,Lays Classic 52 g,5,20,79,74,0,0
TXN-20260628-SKU-LIFEBUOY-4,2026-06-28,SKU-LIFEBUOY-4,Lifebuoy Soap 4 x 100 g,2,135,22,20,0,0
TXN-20260628-SKU-MAGGI-280,2026-06-28,SKU-MAGGI-280,Maggi Noodles 280 g,7,56,65,58,0,0
TXN-20260628-SKU-MAIDA-1K,2026-06-28,SKU-MAIDA-1K,Maida 1 kg,2,42,33,31,0,0
TXN-20260628-SKU-MIRCH-100,2026-06-28,SKU-MIRCH-100,Red Chilli Powder 100 g,2,40,22,20,0,0
TXN-20260628-SKU-MOONG-1K,2026-06-28,SKU-MOONG-1K,Moong Dal 1 kg,4,130,32,28,0,0
TXN-20260628-SKU-MUST-1L,2026-06-28,SKU-MUST-1L,Fortune Mustard Oil 1 L,3,170,46,43,0,0
TXN-20260628-SKU-OIL-1L,2026-06-28,SKU-OIL-1L,Sunpure Cooking Oil 1 L,8,135,88,80,0,0
TXN-20260628-SKU-PARLE-G,2026-06-28,SKU-PARLE-G,Parle-G Biscuit 250 g,10,25,107,97,0,0
TXN-20260628-SKU-POHA-500,2026-06-28,SKU-POHA-500,Poha 500 g,4,36,32,28,0,0
TXN-20260628-SKU-RAJMA-1K,2026-06-28,SKU-RAJMA-1K,Rajma 1 kg,2,155,23,21,0,0
TXN-20260628-SKU-RICE-1K,2026-06-28,SKU-RICE-1K,Sona Masoori Rice 1 kg,7,70,86,79,0,0
TXN-20260628-SKU-SALT-1K,2026-06-28,SKU-SALT-1K,Tata Salt 1 kg,8,28,96,88,0,0
TXN-20260628-SKU-SPRITE-750,2026-06-28,SKU-SPRITE-750,Sprite 750 ml,5,40,44,39,0,0
TXN-20260628-SKU-SUG-1K,2026-06-28,SKU-SUG-1K,Sugar 1 kg,10,48,110,100,0,0
TXN-20260628-SKU-SUJI-500,2026-06-28,SKU-SUJI-500,Suji 500 g,1,30,21,20,0,0
TXN-20260628-SKU-SURF-1K,2026-06-28,SKU-SURF-1K,Surf Excel 1 kg,2,140,23,21,0,0
TXN-20260628-SKU-TEA-250,2026-06-28,SKU-TEA-250,Tata Tea Gold 250 g,4,160,45,41,0,0
TXN-20260628-SKU-TOOR-1K,2026-06-28,SKU-TOOR-1K,Toor Dal 1 kg,5,150,55,50,0,0
TXN-20260628-SKU-VIM-500,2026-06-28,SKU-VIM-500,Vim Bar 500 g,2,45,34,32,0,0
TXN-20260628-SKU-WATER-1L,2026-06-28,SKU-WATER-1L,Bisleri Water 1 L,9,20,133,124,0,0
TXN-20260629-SKU-ATTA-5K,2026-06-29,SKU-ATTA-5K,Aashirvaad Atta 5 kg,5,260,50,45,0,0
TXN-20260629-SKU-BAS-5K,2026-06-29,SKU-BAS-5K,India Gate Basmati 5 kg,1,600,10,9,0,0
TXN-20260629-SKU-BESAN-500,2026-06-29,SKU-BESAN-500,Besan 500 g,4,56,31,157,0,0
TXN-20260629-SKU-BREAD-400,2026-06-29,SKU-BREAD-400,Brown Bread 400 g,5,45,53,48,0,0
TXN-20260629-SKU-CHANA-1K,2026-06-29,SKU-CHANA-1K,Kabuli Chana 1 kg,1,140,19,18,0,0
TXN-20260629-SKU-COKE-750,2026-06-29,SKU-COKE-750,Coca-Cola 750 ml,5,40,58,53,0,0
TXN-20260629-SKU-COLGATE-200,2026-06-29,SKU-COLGATE-200,Colgate Toothpaste 200 g,2,115,21,19,0,0
TXN-20260629-SKU-DALIA-500,2026-06-29,SKU-DALIA-500,Dalia 500 g,2,34,11,9,0,0
TXN-20260629-SKU-DETTOL-250,2026-06-29,SKU-DETTOL-250,Dettol Liquid 250 ml,1,175,10,9,0,0
TXN-20260629-SKU-FROOTI-600,2026-06-29,SKU-FROOTI-600,Frooti 600 ml,5,35,48,43,0,0
TXN-20260629-SKU-GHEE-1L,2026-06-29,SKU-GHEE-1L,Amul Ghee 1 L,0,620,10,50,0,0
TXN-20260629-SKU-HALDI-100,2026-06-29,SKU-HALDI-100,Turmeric Powder 100 g,2,32,21,109,0,0
TXN-20260629-SKU-HARPIC-500,2026-06-29,SKU-HARPIC-500,Harpic 500 ml,1,105,10,9,0,0
TXN-20260629-SKU-LAYS-52,2026-06-29,SKU-LAYS-52,Lays Classic 52 g,6,20,74,68,0,0
TXN-20260629-SKU-LIFEBUOY-4,2026-06-29,SKU-LIFEBUOY-4,Lifebuoy Soap 4 x 100 g,1,135,20,19,0,0
TXN-20260629-SKU-MAGGI-280,2026-06-29,SKU-MAGGI-280,Maggi Noodles 280 g,7,56,58,51,0,0
TXN-20260629-SKU-MAIDA-1K,2026-06-29,SKU-MAIDA-1K,Maida 1 kg,2,42,31,29,0,0
TXN-20260629-SKU-MIRCH-100,2026-06-29,SKU-MIRCH-100,Red Chilli Powder 100 g,2,40,20,108,0,0
TXN-20260629-SKU-MOONG-1K,2026-06-29,SKU-MOONG-1K,Moong Dal 1 kg,4,130,28,154,0,0
TXN-20260629-SKU-MUST-1L,2026-06-29,SKU-MUST-1L,Fortune Mustard Oil 1 L,5,170,43,218,0,0
TXN-20260629-SKU-OIL-1L,2026-06-29,SKU-OIL-1L,Sunpure Cooking Oil 1 L,8,135,80,402,0,0
TXN-20260629-SKU-PARLE-G,2026-06-29,SKU-PARLE-G,Parle-G Biscuit 250 g,11,25,97,86,0,0
TXN-20260629-SKU-POHA-500,2026-06-29,SKU-POHA-500,Poha 500 g,3,36,28,165,0,0
TXN-20260629-SKU-RAJMA-1K,2026-06-29,SKU-RAJMA-1K,Rajma 1 kg,3,155,21,18,0,0
TXN-20260629-SKU-RICE-1K,2026-06-29,SKU-RICE-1K,Sona Masoori Rice 1 kg,10,70,79,69,0,0
TXN-20260629-SKU-SALT-1K,2026-06-29,SKU-SALT-1K,Tata Salt 1 kg,10,28,88,458,0,0
TXN-20260629-SKU-SPRITE-750,2026-06-29,SKU-SPRITE-750,Sprite 750 ml,4,40,39,35,0,0
TXN-20260629-SKU-SUG-1K,2026-06-29,SKU-SUG-1K,Sugar 1 kg,10,48,100,500,0,0
TXN-20260629-SKU-SUJI-500,2026-06-29,SKU-SUJI-500,Suji 500 g,2,30,20,18,0,0
TXN-20260629-SKU-SURF-1K,2026-06-29,SKU-SURF-1K,Surf Excel 1 kg,3,140,21,18,0,0
TXN-20260629-SKU-TEA-250,2026-06-29,SKU-TEA-250,Tata Tea Gold 250 g,5,160,41,206,0,0
TXN-20260629-SKU-TOOR-1K,2026-06-29,SKU-TOOR-1K,Toor Dal 1 kg,5,150,50,255,0,0
TXN-20260629-SKU-VIM-500,2026-06-29,SKU-VIM-500,Vim Bar 500 g,3,45,32,29,0,0
TXN-20260629-SKU-WATER-1L,2026-06-29,SKU-WATER-1L,Bisleri Water 1 L,11,20,124,113,0,0
TXN-20260630-SKU-ATTA-5K,2026-06-30,SKU-ATTA-5K,Aashirvaad Atta 5 kg,5,260,45,40,0,0
TXN-20260630-SKU-BAS-5K,2026-06-30,SKU-BAS-5K,India Gate Basmati 5 kg,1,600,9,8,0,0
TXN-20260630-SKU-BESAN-500,2026-06-30,SKU-BESAN-500,Besan 500 g,3,56,157,154,0,0
TXN-20260630-SKU-BREAD-400,2026-06-30,SKU-BREAD-400,Brown Bread 400 g,2,45,48,256,0,0
TXN-20260630-SKU-CHANA-1K,2026-06-30,SKU-CHANA-1K,Kabuli Chana 1 kg,3,140,18,15,0,0
TXN-20260630-SKU-COKE-750,2026-06-30,SKU-COKE-750,Coca-Cola 750 ml,4,40,53,299,0,0
TXN-20260630-SKU-COLGATE-200,2026-06-30,SKU-COLGATE-200,Colgate Toothpaste 200 g,2,115,19,97,0,0
TXN-20260630-SKU-DALIA-500,2026-06-30,SKU-DALIA-500,Dalia 500 g,1,34,9,8,0,0
TXN-20260630-SKU-DETTOL-250,2026-06-30,SKU-DETTOL-250,Dettol Liquid 250 ml,1,175,9,58,0,0
TXN-20260630-SKU-FROOTI-600,2026-06-30,SKU-FROOTI-600,Frooti 600 ml,6,35,43,237,0,0
TXN-20260630-SKU-GHEE-1L,2026-06-30,SKU-GHEE-1L,Amul Ghee 1 L,1,620,50,49,0,0
TXN-20260630-SKU-HALDI-100,2026-06-30,SKU-HALDI-100,Turmeric Powder 100 g,1,32,109,108,0,0
TXN-20260630-SKU-HARPIC-500,2026-06-30,SKU-HARPIC-500,Harpic 500 ml,2,105,9,67,0,0
TXN-20260630-SKU-LAYS-52,2026-06-30,SKU-LAYS-52,Lays Classic 52 g,8,20,68,330,0,0
TXN-20260630-SKU-LIFEBUOY-4,2026-06-30,SKU-LIFEBUOY-4,Lifebuoy Soap 4 x 100 g,2,135,19,107,0,0
TXN-20260630-SKU-MAGGI-280,2026-06-30,SKU-MAGGI-280,Maggi Noodles 280 g,5,56,51,286,0,0
TXN-20260630-SKU-MAIDA-1K,2026-06-30,SKU-MAIDA-1K,Maida 1 kg,3,42,29,26,0,0
TXN-20260630-SKU-MIRCH-100,2026-06-30,SKU-MIRCH-100,Red Chilli Powder 100 g,3,40,108,105,0,0
TXN-20260630-SKU-MOONG-1K,2026-06-30,SKU-MOONG-1K,Moong Dal 1 kg,3,130,154,151,0,0
TXN-20260630-SKU-MUST-1L,2026-06-30,SKU-MUST-1L,Fortune Mustard Oil 1 L,4,170,218,214,0,0
TXN-20260630-SKU-OIL-1L,2026-06-30,SKU-OIL-1L,Sunpure Cooking Oil 1 L,8,135,402,394,0,0
TXN-20260630-SKU-PARLE-G,2026-06-30,SKU-PARLE-G,Parle-G Biscuit 250 g,9,25,86,497,0,0
TXN-20260630-SKU-POHA-500,2026-06-30,SKU-POHA-500,Poha 500 g,4,36,165,161,0,0
TXN-20260630-SKU-RAJMA-1K,2026-06-30,SKU-RAJMA-1K,Rajma 1 kg,2,155,18,16,0,0
TXN-20260630-SKU-RICE-1K,2026-06-30,SKU-RICE-1K,Sona Masoori Rice 1 kg,8,70,69,61,0,0
TXN-20260630-SKU-SALT-1K,2026-06-30,SKU-SALT-1K,Tata Salt 1 kg,11,28,458,447,0,0
TXN-20260630-SKU-SPRITE-750,2026-06-30,SKU-SPRITE-750,Sprite 750 ml,3,40,35,202,0,0
TXN-20260630-SKU-SUG-1K,2026-06-30,SKU-SUG-1K,Sugar 1 kg,10,48,500,490,0,0
TXN-20260630-SKU-SUJI-500,2026-06-30,SKU-SUJI-500,Suji 500 g,2,30,18,16,0,0
TXN-20260630-SKU-SURF-1K,2026-06-30,SKU-SURF-1K,Surf Excel 1 kg,1,140,18,97,0,0
TXN-20260630-SKU-TEA-250,2026-06-30,SKU-TEA-250,Tata Tea Gold 250 g,5,160,206,201,0,0
TXN-20260630-SKU-TOOR-1K,2026-06-30,SKU-TOOR-1K,Toor Dal 1 kg,5,150,255,250,0,0
TXN-20260630-SKU-VIM-500,2026-06-30,SKU-VIM-500,Vim Bar 500 g,3,45,29,156,0,0
TXN-20260630-SKU-WATER-1L,2026-06-30,SKU-WATER-1L,Bisleri Water 1 L,13,20,113,610,0,0
TXN-20260701-SKU-ATTA-5K,2026-07-01,SKU-ATTA-5K,Aashirvaad Atta 5 kg,5,260,40,245,0,0
TXN-20260701-SKU-BAS-5K,2026-07-01,SKU-BAS-5K,India Gate Basmati 5 kg,2,600,8,56,0,0
TXN-20260701-SKU-BESAN-500,2026-07-01,SKU-BESAN-500,Besan 500 g,3,56,154,151,0,0
TXN-20260701-SKU-BREAD-400,2026-07-01,SKU-BREAD-400,Brown Bread 400 g,5,45,256,251,0,0
TXN-20260701-SKU-CHANA-1K,2026-07-01,SKU-CHANA-1K,Kabuli Chana 1 kg,2,140,15,93,0,0
TXN-20260701-SKU-COKE-750,2026-07-01,SKU-COKE-750,Coca-Cola 750 ml,5,40,299,294,0,0
TXN-20260701-SKU-COLGATE-200,2026-07-01,SKU-COLGATE-200,Colgate Toothpaste 200 g,1,115,97,96,0,0
TXN-20260701-SKU-DALIA-500,2026-07-01,SKU-DALIA-500,Dalia 500 g,2,34,8,56,0,0
TXN-20260701-SKU-DETTOL-250,2026-07-01,SKU-DETTOL-250,Dettol Liquid 250 ml,1,175,58,57,0,0
TXN-20260701-SKU-FROOTI-600,2026-07-01,SKU-FROOTI-600,Frooti 600 ml,5,35,237,232,0,0
TXN-20260701-SKU-GHEE-1L,2026-07-01,SKU-GHEE-1L,Amul Ghee 1 L,1,620,49,48,0,0
TXN-20260701-SKU-HALDI-100,2026-07-01,SKU-HALDI-100,Turmeric Powder 100 g,1,32,108,107,0,0
TXN-20260701-SKU-HARPIC-500,2026-07-01,SKU-HARPIC-500,Harpic 500 ml,1,105,67,66,0,0
TXN-20260701-SKU-LAYS-52,2026-07-01,SKU-LAYS-52,Lays Classic 52 g,7,20,330,323,0,0
TXN-20260701-SKU-LIFEBUOY-4,2026-07-01,SKU-LIFEBUOY-4,Lifebuoy Soap 4 x 100 g,2,135,107,105,0,0
TXN-20260701-SKU-MAGGI-280,2026-07-01,SKU-MAGGI-280,Maggi Noodles 280 g,7,56,286,279,0,0
TXN-20260701-SKU-MAIDA-1K,2026-07-01,SKU-MAIDA-1K,Maida 1 kg,3,42,26,153,0,0
TXN-20260701-SKU-MIRCH-100,2026-07-01,SKU-MIRCH-100,Red Chilli Powder 100 g,2,40,105,103,0,0
TXN-20260701-SKU-MOONG-1K,2026-07-01,SKU-MOONG-1K,Moong Dal 1 kg,3,130,151,148,0,0
TXN-20260701-SKU-MUST-1L,2026-07-01,SKU-MUST-1L,Fortune Mustard Oil 1 L,4,170,214,210,0,0
TXN-20260701-SKU-OIL-1L,2026-07-01,SKU-OIL-1L,Sunpure Cooking Oil 1 L,8,129,394,386,0,0
TXN-20260701-SKU-PARLE-G,2026-07-01,SKU-PARLE-G,Parle-G Biscuit 250 g,10,25,497,487,0,0
TXN-20260701-SKU-POHA-500,2026-07-01,SKU-POHA-500,Poha 500 g,3,36,161,158,0,0
TXN-20260701-SKU-RAJMA-1K,2026-07-01,SKU-RAJMA-1K,Rajma 1 kg,1,155,16,105,0,0
TXN-20260701-SKU-RICE-1K,2026-07-01,SKU-RICE-1K,Sona Masoori Rice 1 kg,9,70,61,382,0,0
TXN-20260701-SKU-SALT-1K,2026-07-01,SKU-SALT-1K,Tata Salt 1 kg,11,28,447,436,0,0
TXN-20260701-SKU-SPRITE-750,2026-07-01,SKU-SPRITE-750,Sprite 750 ml,4,40,202,198,0,0
TXN-20260701-SKU-SUG-1K,2026-07-01,SKU-SUG-1K,Sugar 1 kg,10,48,490,480,0,0
TXN-20260701-SKU-SUJI-500,2026-07-01,SKU-SUJI-500,Suji 500 g,2,30,16,104,0,0
TXN-20260701-SKU-SURF-1K,2026-07-01,SKU-SURF-1K,Surf Excel 1 kg,2,140,97,95,0,0
TXN-20260701-SKU-TEA-250,2026-07-01,SKU-TEA-250,Tata Tea Gold 250 g,5,160,201,196,0,0
TXN-20260701-SKU-TOOR-1K,2026-07-01,SKU-TOOR-1K,Toor Dal 1 kg,5,150,250,245,0,0
TXN-20260701-SKU-VIM-500,2026-07-01,SKU-VIM-500,Vim Bar 500 g,4,45,156,152,0,0
TXN-20260701-SKU-WATER-1L,2026-07-01,SKU-WATER-1L,Bisleri Water 1 L,14,20,610,596,0,0
TXN-20260702-SKU-ATTA-5K,2026-07-02,SKU-ATTA-5K,Aashirvaad Atta 5 kg,5,260,245,240,0,0
TXN-20260702-SKU-BAS-5K,2026-07-02,SKU-BAS-5K,India Gate Basmati 5 kg,1,600,56,55,0,0
TXN-20260702-SKU-BESAN-500,2026-07-02,SKU-BESAN-500,Besan 500 g,3,56,151,148,0,0
TXN-20260702-SKU-BREAD-400,2026-07-02,SKU-BREAD-400,Brown Bread 400 g,6,45,251,245,0,0
TXN-20260702-SKU-CHANA-1K,2026-07-02,SKU-CHANA-1K,Kabuli Chana 1 kg,2,140,93,91,0,0
TXN-20260702-SKU-COKE-750,2026-07-02,SKU-COKE-750,Coca-Cola 750 ml,4,40,294,290,0,0
TXN-20260702-SKU-COLGATE-200,2026-07-02,SKU-COLGATE-200,Colgate Toothpaste 200 g,1,115,96,95,0,0
TXN-20260702-SKU-DALIA-500,2026-07-02,SKU-DALIA-500,Dalia 500 g,2,34,56,54,0,0
TXN-20260702-SKU-DETTOL-250,2026-07-02,SKU-DETTOL-250,Dettol Liquid 250 ml,1,175,57,56,0,0
TXN-20260702-SKU-FROOTI-600,2026-07-02,SKU-FROOTI-600,Frooti 600 ml,6,35,232,226,0,0
TXN-20260702-SKU-GHEE-1L,2026-07-02,SKU-GHEE-1L,Amul Ghee 1 L,1,620,48,47,0,0
TXN-20260702-SKU-HALDI-100,2026-07-02,SKU-HALDI-100,Turmeric Powder 100 g,1,32,107,106,0,0
TXN-20260702-SKU-HARPIC-500,2026-07-02,SKU-HARPIC-500,Harpic 500 ml,1,105,66,65,0,0
TXN-20260702-SKU-LAYS-52,2026-07-02,SKU-LAYS-52,Lays Classic 52 g,8,20,323,315,0,0
TXN-20260702-SKU-LIFEBUOY-4,2026-07-02,SKU-LIFEBUOY-4,Lifebuoy Soap 4 x 100 g,2,135,105,103,0,0
TXN-20260702-SKU-MAGGI-280,2026-07-02,SKU-MAGGI-280,Maggi Noodles 280 g,5,56,279,274,0,0
TXN-20260702-SKU-MAIDA-1K,2026-07-02,SKU-MAIDA-1K,Maida 1 kg,3,42,153,150,0,0
TXN-20260702-SKU-MIRCH-100,2026-07-02,SKU-MIRCH-100,Red Chilli Powder 100 g,1,40,103,102,0,0
TXN-20260702-SKU-MOONG-1K,2026-07-02,SKU-MOONG-1K,Moong Dal 1 kg,2,130,148,146,0,0
TXN-20260702-SKU-MUST-1L,2026-07-02,SKU-MUST-1L,Fortune Mustard Oil 1 L,4,170,210,206,0,0
TXN-20260702-SKU-OIL-1L,2026-07-02,SKU-OIL-1L,Sunpure Cooking Oil 1 L,8,129,386,378,0,0
TXN-20260702-SKU-PARLE-G,2026-07-02,SKU-PARLE-G,Parle-G Biscuit 250 g,13,25,487,474,0,0
TXN-20260702-SKU-POHA-500,2026-07-02,SKU-POHA-500,Poha 500 g,3,36,158,155,0,0
TXN-20260702-SKU-RAJMA-1K,2026-07-02,SKU-RAJMA-1K,Rajma 1 kg,2,155,105,103,0,0
TXN-20260702-SKU-RICE-1K,2026-07-02,SKU-RICE-1K,Sona Masoori Rice 1 kg,7,70,382,375,0,0
TXN-20260702-SKU-SALT-1K,2026-07-02,SKU-SALT-1K,Tata Salt 1 kg,9,28,436,427,0,0
TXN-20260702-SKU-SPRITE-750,2026-07-02,SKU-SPRITE-750,Sprite 750 ml,5,40,198,193,0,0
TXN-20260702-SKU-SUG-1K,2026-07-02,SKU-SUG-1K,Sugar 1 kg,10,48,480,470,0,0
TXN-20260702-SKU-SUJI-500,2026-07-02,SKU-SUJI-500,Suji 500 g,2,30,104,102,0,0
TXN-20260702-SKU-SURF-1K,2026-07-02,SKU-SURF-1K,Surf Excel 1 kg,2,140,95,93,0,0
TXN-20260702-SKU-TEA-250,2026-07-02,SKU-TEA-250,Tata Tea Gold 250 g,2,160,196,194,0,0
TXN-20260702-SKU-TOOR-1K,2026-07-02,SKU-TOOR-1K,Toor Dal 1 kg,5,150,245,240,0,0
TXN-20260702-SKU-VIM-500,2026-07-02,SKU-VIM-500,Vim Bar 500 g,3,45,152,149,0,0
TXN-20260702-SKU-WATER-1L,2026-07-02,SKU-WATER-1L,Bisleri Water 1 L,11,20,596,585,0,0
TXN-20260703-SKU-ATTA-5K,2026-07-03,SKU-ATTA-5K,Aashirvaad Atta 5 kg,5,260,240,235,0,0
TXN-20260703-SKU-BAS-5K,2026-07-03,SKU-BAS-5K,India Gate Basmati 5 kg,2,600,55,53,0,0
TXN-20260703-SKU-BESAN-500,2026-07-03,SKU-BESAN-500,Besan 500 g,4,56,148,144,0,0
TXN-20260703-SKU-BREAD-400,2026-07-03,SKU-BREAD-400,Brown Bread 400 g,7,45,245,237,1,0
TXN-20260703-SKU-CHANA-1K,2026-07-03,SKU-CHANA-1K,Kabuli Chana 1 kg,1,140,91,90,0,0
TXN-20260703-SKU-COKE-750,2026-07-03,SKU-COKE-750,Coca-Cola 750 ml,4,40,290,286,0,0
TXN-20260703-SKU-COLGATE-200,2026-07-03,SKU-COLGATE-200,Colgate Toothpaste 200 g,1,115,95,94,0,0
TXN-20260703-SKU-DALIA-500,2026-07-03,SKU-DALIA-500,Dalia 500 g,1,34,54,53,0,0
TXN-20260703-SKU-DETTOL-250,2026-07-03,SKU-DETTOL-250,Dettol Liquid 250 ml,1,175,56,55,0,0
TXN-20260703-SKU-FROOTI-600,2026-07-03,SKU-FROOTI-600,Frooti 600 ml,4,35,226,222,0,0
TXN-20260703-SKU-GHEE-1L,2026-07-03,SKU-GHEE-1L,Amul Ghee 1 L,2,620,47,45,0,0
TXN-20260703-SKU-HALDI-100,2026-07-03,SKU-HALDI-100,Turmeric Powder 100 g,1,32,106,105,0,0
TXN-20260703-SKU-HARPIC-500,2026-07-03,SKU-HARPIC-500,Harpic 500 ml,2,105,65,63,0,0
TXN-20260703-SKU-LAYS-52,2026-07-03,SKU-LAYS-52,Lays Classic 52 g,9,20,315,306,0,0
TXN-20260703-SKU-LIFEBUOY-4,2026-07-03,SKU-LIFEBUOY-4,Lifebuoy Soap 4 x 100 g,3,135,103,100,0,0
TXN-20260703-SKU-MAGGI-280,2026-07-03,SKU-MAGGI-280,Maggi Noodles 280 g,5,56,274,269,0,0
TXN-20260703-SKU-MAIDA-1K,2026-07-03,SKU-MAIDA-1K,Maida 1 kg,4,42,150,146,0,0
TXN-20260703-SKU-MIRCH-100,2026-07-03,SKU-MIRCH-100,Red Chilli Powder 100 g,3,40,102,99,0,0
TXN-20260703-SKU-MOONG-1K,2026-07-03,SKU-MOONG-1K,Moong Dal 1 kg,2,130,146,144,0,0
TXN-20260703-SKU-MUST-1L,2026-07-03,SKU-MUST-1L,Fortune Mustard Oil 1 L,5,170,206,201,0,0
TXN-20260703-SKU-OIL-1L,2026-07-03,SKU-OIL-1L,Sunpure Cooking Oil 1 L,8,129,378,370,0,0
TXN-20260703-SKU-PARLE-G,2026-07-03,SKU-PARLE-G,Parle-G Biscuit 250 g,7,25,474,467,0,0
TXN-20260703-SKU-POHA-500,2026-07-03,SKU-POHA-500,Poha 500 g,4,36,155,151,0,0
TXN-20260703-SKU-RAJMA-1K,2026-07-03,SKU-RAJMA-1K,Rajma 1 kg,2,155,103,101,0,0
TXN-20260703-SKU-RICE-1K,2026-07-03,SKU-RICE-1K,Sona Masoori Rice 1 kg,9,70,375,366,0,0
TXN-20260703-SKU-SALT-1K,2026-07-03,SKU-SALT-1K,Tata Salt 1 kg,12,28,427,415,0,0
TXN-20260703-SKU-SPRITE-750,2026-07-03,SKU-SPRITE-750,Sprite 750 ml,3,40,193,190,0,0
TXN-20260703-SKU-SUG-1K,2026-07-03,SKU-SUG-1K,Sugar 1 kg,10,48,470,460,0,0
TXN-20260703-SKU-SUJI-500,2026-07-03,SKU-SUJI-500,Suji 500 g,2,30,102,100,0,0
TXN-20260703-SKU-SURF-1K,2026-07-03,SKU-SURF-1K,Surf Excel 1 kg,2,140,93,91,0,0
TXN-20260703-SKU-TEA-250,2026-07-03,SKU-TEA-250,Tata Tea Gold 250 g,4,160,194,190,0,0
TXN-20260703-SKU-TOOR-1K,2026-07-03,SKU-TOOR-1K,Toor Dal 1 kg,5,150,240,235,0,0
TXN-20260703-SKU-VIM-500,2026-07-03,SKU-VIM-500,Vim Bar 500 g,3,45,149,146,0,0
TXN-20260703-SKU-WATER-1L,2026-07-03,SKU-WATER-1L,Bisleri Water 1 L,12,20,585,573,0,0
TXN-20260704-SKU-ATTA-5K,2026-07-04,SKU-ATTA-5K,Aashirvaad Atta 5 kg,5,260,235,230,0,0
TXN-20260704-SKU-BAS-5K,2026-07-04,SKU-BAS-5K,India Gate Basmati 5 kg,1,600,53,52,0,0
TXN-20260704-SKU-BESAN-500,2026-07-04,SKU-BESAN-500,Besan 500 g,2,56,144,142,0,0
TXN-20260704-SKU-BREAD-400,2026-07-04,SKU-BREAD-400,Brown Bread 400 g,3,45,237,234,0,0
TXN-20260704-SKU-CHANA-1K,2026-07-04,SKU-CHANA-1K,Kabuli Chana 1 kg,2,140,90,88,0,0
TXN-20260704-SKU-COKE-750,2026-07-04,SKU-COKE-750,Coca-Cola 750 ml,5,40,286,281,0,0
TXN-20260704-SKU-COLGATE-200,2026-07-04,SKU-COLGATE-200,Colgate Toothpaste 200 g,2,115,94,92,0,0
TXN-20260704-SKU-DALIA-500,2026-07-04,SKU-DALIA-500,Dalia 500 g,1,34,53,52,0,0
TXN-20260704-SKU-DETTOL-250,2026-07-04,SKU-DETTOL-250,Dettol Liquid 250 ml,1,175,55,54,0,0
TXN-20260704-SKU-FROOTI-600,2026-07-04,SKU-FROOTI-600,Frooti 600 ml,5,35,222,217,0,0
TXN-20260704-SKU-GHEE-1L,2026-07-04,SKU-GHEE-1L,Amul Ghee 1 L,0,620,45,45,0,0
TXN-20260704-SKU-HALDI-100,2026-07-04,SKU-HALDI-100,Turmeric Powder 100 g,3,32,105,102,0,0
TXN-20260704-SKU-HARPIC-500,2026-07-04,SKU-HARPIC-500,Harpic 500 ml,2,105,63,61,0,0
TXN-20260704-SKU-LAYS-52,2026-07-04,SKU-LAYS-52,Lays Classic 52 g,9,20,306,297,0,0
TXN-20260704-SKU-LIFEBUOY-4,2026-07-04,SKU-LIFEBUOY-4,Lifebuoy Soap 4 x 100 g,2,135,100,98,0,0
TXN-20260704-SKU-MAGGI-280,2026-07-04,SKU-MAGGI-280,Maggi Noodles 280 g,6,56,269,263,0,0
TXN-20260704-SKU-MAIDA-1K,2026-07-04,SKU-MAIDA-1K,Maida 1 kg,3,42,146,143,0,0
TXN-20260704-SKU-MIRCH-100,2026-07-04,SKU-MIRCH-100,Red Chilli Powder 100 g,2,40,99,97,0,0
TXN-20260704-SKU-MOONG-1K,2026-07-04,SKU-MOONG-1K,Moong Dal 1 kg,3,130,144,141,0,0
TXN-20260704-SKU-MUST-1L,2026-07-04,SKU-MUST-1L,Fortune Mustard Oil 1 L,4,170,201,197,0,0
TXN-20260704-SKU-OIL-1L,2026-07-04,SKU-OIL-1L,Sunpure Cooking Oil 1 L,8,129,370,362,0,0
TXN-20260704-SKU-PARLE-G,2026-07-04,SKU-PARLE-G,Parle-G Biscuit 250 g,11,25,467,456,0,0
TXN-20260704-SKU-POHA-500,2026-07-04,SKU-POHA-500,Poha 500 g,4,36,151,147,0,0
TXN-20260704-SKU-RAJMA-1K,2026-07-04,SKU-RAJMA-1K,Rajma 1 kg,3,155,101,98,0,0
TXN-20260704-SKU-RICE-1K,2026-07-04,SKU-RICE-1K,Sona Masoori Rice 1 kg,6,70,366,360,0,0
TXN-20260704-SKU-SALT-1K,2026-07-04,SKU-SALT-1K,Tata Salt 1 kg,11,28,415,404,0,0
TXN-20260704-SKU-SPRITE-750,2026-07-04,SKU-SPRITE-750,Sprite 750 ml,3,40,190,187,0,0
TXN-20260704-SKU-SUG-1K,2026-07-04,SKU-SUG-1K,Sugar 1 kg,10,48,460,450,0,0
TXN-20260704-SKU-SUJI-500,2026-07-04,SKU-SUJI-500,Suji 500 g,2,30,100,98,0,0
TXN-20260704-SKU-SURF-1K,2026-07-04,SKU-SURF-1K,Surf Excel 1 kg,2,140,91,89,0,0
TXN-20260704-SKU-TEA-250,2026-07-04,SKU-TEA-250,Tata Tea Gold 250 g,4,160,190,186,0,0
TXN-20260704-SKU-TOOR-1K,2026-07-04,SKU-TOOR-1K,Toor Dal 1 kg,5,150,235,230,0,0
TXN-20260704-SKU-VIM-500,2026-07-04,SKU-VIM-500,Vim Bar 500 g,4,45,146,142,0,0
TXN-20260704-SKU-WATER-1L,2026-07-04,SKU-WATER-1L,Bisleri Water 1 L,9,20,573,564,0,0
TXN-20260705-SKU-ATTA-5K,2026-07-05,SKU-ATTA-5K,Aashirvaad Atta 5 kg,5,260,230,225,0,0
TXN-20260705-SKU-BAS-5K,2026-07-05,SKU-BAS-5K,India Gate Basmati 5 kg,1,600,52,51,0,0
TXN-20260705-SKU-BESAN-500,2026-07-05,SKU-BESAN-500,Besan 500 g,2,56,142,140,0,0
TXN-20260705-SKU-BREAD-400,2026-07-05,SKU-BREAD-400,Brown Bread 400 g,4,45,234,230,0,0
TXN-20260705-SKU-CHANA-1K,2026-07-05,SKU-CHANA-1K,Kabuli Chana 1 kg,1,140,88,87,0,0
TXN-20260705-SKU-COKE-750,2026-07-05,SKU-COKE-750,Coca-Cola 750 ml,8,40,281,273,0,0
TXN-20260705-SKU-COLGATE-200,2026-07-05,SKU-COLGATE-200,Colgate Toothpaste 200 g,2,115,92,90,0,0
TXN-20260705-SKU-DALIA-500,2026-07-05,SKU-DALIA-500,Dalia 500 g,1,34,52,51,0,0
TXN-20260705-SKU-DETTOL-250,2026-07-05,SKU-DETTOL-250,Dettol Liquid 250 ml,2,175,54,52,0,0
TXN-20260705-SKU-FROOTI-600,2026-07-05,SKU-FROOTI-600,Frooti 600 ml,6,35,217,211,0,0
TXN-20260705-SKU-GHEE-1L,2026-07-05,SKU-GHEE-1L,Amul Ghee 1 L,0,620,45,45,0,0
TXN-20260705-SKU-HALDI-100,2026-07-05,SKU-HALDI-100,Turmeric Powder 100 g,3,32,102,99,0,0
TXN-20260705-SKU-HARPIC-500,2026-07-05,SKU-HARPIC-500,Harpic 500 ml,0,105,61,61,0,0
TXN-20260705-SKU-LAYS-52,2026-07-05,SKU-LAYS-52,Lays Classic 52 g,5,20,297,292,0,0
TXN-20260705-SKU-LIFEBUOY-4,2026-07-05,SKU-LIFEBUOY-4,Lifebuoy Soap 4 x 100 g,2,135,98,96,0,0
TXN-20260705-SKU-MAGGI-280,2026-07-05,SKU-MAGGI-280,Maggi Noodles 280 g,7,56,263,256,0,0
TXN-20260705-SKU-MAIDA-1K,2026-07-05,SKU-MAIDA-1K,Maida 1 kg,4,42,143,139,0,0
TXN-20260705-SKU-MIRCH-100,2026-07-05,SKU-MIRCH-100,Red Chilli Powder 100 g,3,40,97,94,0,0
TXN-20260705-SKU-MOONG-1K,2026-07-05,SKU-MOONG-1K,Moong Dal 1 kg,3,130,141,138,0,0
TXN-20260705-SKU-MUST-1L,2026-07-05,SKU-MUST-1L,Fortune Mustard Oil 1 L,4,170,197,193,0,0
TXN-20260705-SKU-OIL-1L,2026-07-05,SKU-OIL-1L,Sunpure Cooking Oil 1 L,8,129,362,354,0,0
TXN-20260705-SKU-PARLE-G,2026-07-05,SKU-PARLE-G,Parle-G Biscuit 250 g,12,25,456,444,0,0
TXN-20260705-SKU-POHA-500,2026-07-05,SKU-POHA-500,Poha 500 g,4,36,147,143,0,0
TXN-20260705-SKU-RAJMA-1K,2026-07-05,SKU-RAJMA-1K,Rajma 1 kg,2,155,98,96,0,0
TXN-20260705-SKU-RICE-1K,2026-07-05,SKU-RICE-1K,Sona Masoori Rice 1 kg,6,70,360,354,0,0
TXN-20260705-SKU-SALT-1K,2026-07-05,SKU-SALT-1K,Tata Salt 1 kg,8,28,404,396,0,0
TXN-20260705-SKU-SPRITE-750,2026-07-05,SKU-SPRITE-750,Sprite 750 ml,3,40,187,184,0,0
TXN-20260705-SKU-SUG-1K,2026-07-05,SKU-SUG-1K,Sugar 1 kg,10,48,450,440,0,0
TXN-20260705-SKU-SUJI-500,2026-07-05,SKU-SUJI-500,Suji 500 g,2,30,98,96,0,0
TXN-20260705-SKU-SURF-1K,2026-07-05,SKU-SURF-1K,Surf Excel 1 kg,2,140,89,87,0,0
TXN-20260705-SKU-TEA-250,2026-07-05,SKU-TEA-250,Tata Tea Gold 250 g,4,160,186,182,0,0
TXN-20260705-SKU-TOOR-1K,2026-07-05,SKU-TOOR-1K,Toor Dal 1 kg,5,150,230,225,0,0
TXN-20260705-SKU-VIM-500,2026-07-05,SKU-VIM-500,Vim Bar 500 g,3,45,142,139,0,0
TXN-20260705-SKU-WATER-1L,2026-07-05,SKU-WATER-1L,Bisleri Water 1 L,9,20,564,555,0,0
TXN-20260706-SKU-ATTA-5K,2026-07-06,SKU-ATTA-5K,Aashirvaad Atta 5 kg,5,260,225,220,0,0
TXN-20260706-SKU-BAS-5K,2026-07-06,SKU-BAS-5K,India Gate Basmati 5 kg,1,600,51,50,0,0
TXN-20260706-SKU-BESAN-500,2026-07-06,SKU-BESAN-500,Besan 500 g,3,56,140,137,0,0
TXN-20260706-SKU-BREAD-400,2026-07-06,SKU-BREAD-400,Brown Bread 400 g,6,45,230,224,0,0
TXN-20260706-SKU-CHANA-1K,2026-07-06,SKU-CHANA-1K,Kabuli Chana 1 kg,2,140,87,85,0,0
TXN-20260706-SKU-COKE-750,2026-07-06,SKU-COKE-750,Coca-Cola 750 ml,8,40,273,265,0,0
TXN-20260706-SKU-COLGATE-200,2026-07-06,SKU-COLGATE-200,Colgate Toothpaste 200 g,2,115,90,88,0,0
TXN-20260706-SKU-DALIA-500,2026-07-06,SKU-DALIA-500,Dalia 500 g,1,34,51,50,0,0
TXN-20260706-SKU-DETTOL-250,2026-07-06,SKU-DETTOL-250,Dettol Liquid 250 ml,1,175,52,51,0,0
TXN-20260706-SKU-FROOTI-600,2026-07-06,SKU-FROOTI-600,Frooti 600 ml,5,35,211,206,0,0
TXN-20260706-SKU-GHEE-1L,2026-07-06,SKU-GHEE-1L,Amul Ghee 1 L,1,620,45,44,0,0
TXN-20260706-SKU-HALDI-100,2026-07-06,SKU-HALDI-100,Turmeric Powder 100 g,2,32,99,97,0,0
TXN-20260706-SKU-HARPIC-500,2026-07-06,SKU-HARPIC-500,Harpic 500 ml,1,105,61,60,0,0
TXN-20260706-SKU-LAYS-52,2026-07-06,SKU-LAYS-52,Lays Classic 52 g,9,20,292,283,0,0
TXN-20260706-SKU-LIFEBUOY-4,2026-07-06,SKU-LIFEBUOY-4,Lifebuoy Soap 4 x 100 g,2,135,96,94,0,0
TXN-20260706-SKU-MAGGI-280,2026-07-06,SKU-MAGGI-280,Maggi Noodles 280 g,7,56,256,249,0,0
TXN-20260706-SKU-MAIDA-1K,2026-07-06,SKU-MAIDA-1K,Maida 1 kg,2,42,139,137,0,0
TXN-20260706-SKU-MIRCH-100,2026-07-06,SKU-MIRCH-100,Red Chilli Powder 100 g,2,40,94,92,0,0
TXN-20260706-SKU-MOONG-1K,2026-07-06,SKU-MOONG-1K,Moong Dal 1 kg,1,130,138,137,0,0
TXN-20260706-SKU-MUST-1L,2026-07-06,SKU-MUST-1L,Fortune Mustard Oil 1 L,4,170,193,189,0,0
TXN-20260706-SKU-OIL-1L,2026-07-06,SKU-OIL-1L,Sunpure Cooking Oil 1 L,8,135,354,346,0,0
TXN-20260706-SKU-PARLE-G,2026-07-06,SKU-PARLE-G,Parle-G Biscuit 250 g,12,25,444,432,0,0
TXN-20260706-SKU-POHA-500,2026-07-06,SKU-POHA-500,Poha 500 g,3,36,143,140,0,0
TXN-20260706-SKU-RAJMA-1K,2026-07-06,SKU-RAJMA-1K,Rajma 1 kg,1,155,96,95,0,0
TXN-20260706-SKU-RICE-1K,2026-07-06,SKU-RICE-1K,Sona Masoori Rice 1 kg,8,70,354,346,0,0
TXN-20260706-SKU-SALT-1K,2026-07-06,SKU-SALT-1K,Tata Salt 1 kg,7,28,396,389,0,0
TXN-20260706-SKU-SPRITE-750,2026-07-06,SKU-SPRITE-750,Sprite 750 ml,5,40,184,179,0,0
TXN-20260706-SKU-SUG-1K,2026-07-06,SKU-SUG-1K,Sugar 1 kg,10,48,440,430,0,0
TXN-20260706-SKU-SUJI-500,2026-07-06,SKU-SUJI-500,Suji 500 g,1,30,96,95,0,0
TXN-20260706-SKU-SURF-1K,2026-07-06,SKU-SURF-1K,Surf Excel 1 kg,2,140,87,85,0,0
TXN-20260706-SKU-TEA-250,2026-07-06,SKU-TEA-250,Tata Tea Gold 250 g,5,160,182,177,0,0
TXN-20260706-SKU-TOOR-1K,2026-07-06,SKU-TOOR-1K,Toor Dal 1 kg,5,150,225,220,0,0
TXN-20260706-SKU-VIM-500,2026-07-06,SKU-VIM-500,Vim Bar 500 g,2,45,139,137,0,0
TXN-20260706-SKU-WATER-1L,2026-07-06,SKU-WATER-1L,Bisleri Water 1 L,12,20,555,543,0,0
TXN-20260707-SKU-ATTA-5K,2026-07-07,SKU-ATTA-5K,Aashirvaad Atta 5 kg,5,260,220,215,0,0
TXN-20260707-SKU-BAS-5K,2026-07-07,SKU-BAS-5K,India Gate Basmati 5 kg,1,600,50,49,0,0
TXN-20260707-SKU-BESAN-500,2026-07-07,SKU-BESAN-500,Besan 500 g,2,56,137,135,0,0
TXN-20260707-SKU-BREAD-400,2026-07-07,SKU-BREAD-400,Brown Bread 400 g,7,45,224,217,0,0
TXN-20260707-SKU-CHANA-1K,2026-07-07,SKU-CHANA-1K,Kabuli Chana 1 kg,2,140,85,83,0,0
TXN-20260707-SKU-COKE-750,2026-07-07,SKU-COKE-750,Coca-Cola 750 ml,9,40,265,256,0,0
TXN-20260707-SKU-COLGATE-200,2026-07-07,SKU-COLGATE-200,Colgate Toothpaste 200 g,3,115,88,85,0,0
TXN-20260707-SKU-DALIA-500,2026-07-07,SKU-DALIA-500,Dalia 500 g,0,34,50,50,0,0
TXN-20260707-SKU-DETTOL-250,2026-07-07,SKU-DETTOL-250,Dettol Liquid 250 ml,2,175,51,49,0,0
TXN-20260707-SKU-FROOTI-600,2026-07-07,SKU-FROOTI-600,Frooti 600 ml,5,35,206,201,0,0
TXN-20260707-SKU-GHEE-1L,2026-07-07,SKU-GHEE-1L,Amul Ghee 1 L,1,620,44,43,0,0
TXN-20260707-SKU-HALDI-100,2026-07-07,SKU-HALDI-100,Turmeric Powder 100 g,2,32,97,95,0,0
TXN-20260707-SKU-HARPIC-500,2026-07-07,SKU-HARPIC-500,Harpic 500 ml,2,105,60,58,0,0
TXN-20260707-SKU-LAYS-52,2026-07-07,SKU-LAYS-52,Lays Classic 52 g,6,20,283,277,0,0
TXN-20260707-SKU-LIFEBUOY-4,2026-07-07,SKU-LIFEBUOY-4,Lifebuoy Soap 4 x 100 g,2,135,94,92,0,0
TXN-20260707-SKU-MAGGI-280,2026-07-07,SKU-MAGGI-280,Maggi Noodles 280 g,7,56,249,242,0,0
TXN-20260707-SKU-MAIDA-1K,2026-07-07,SKU-MAIDA-1K,Maida 1 kg,4,42,137,133,0,0
TXN-20260707-SKU-MIRCH-100,2026-07-07,SKU-MIRCH-100,Red Chilli Powder 100 g,2,40,92,90,0,0
TXN-20260707-SKU-MOONG-1K,2026-07-07,SKU-MOONG-1K,Moong Dal 1 kg,3,130,137,134,0,0
TXN-20260707-SKU-MUST-1L,2026-07-07,SKU-MUST-1L,Fortune Mustard Oil 1 L,4,170,189,185,0,0
TXN-20260707-SKU-OIL-1L,2026-07-07,SKU-OIL-1L,Sunpure Cooking Oil 1 L,8,135,346,338,0,0
TXN-20260707-SKU-PARLE-G,2026-07-07,SKU-PARLE-G,Parle-G Biscuit 250 g,10,25,432,422,0,0
TXN-20260707-SKU-POHA-500,2026-07-07,SKU-POHA-500,Poha 500 g,4,36,140,136,0,0
TXN-20260707-SKU-RAJMA-1K,2026-07-07,SKU-RAJMA-1K,Rajma 1 kg,3,155,95,92,0,0
TXN-20260707-SKU-RICE-1K,2026-07-07,SKU-RICE-1K,Sona Masoori Rice 1 kg,3,70,346,343,0,0
TXN-20260707-SKU-SALT-1K,2026-07-07,SKU-SALT-1K,Tata Salt 1 kg,7,28,389,382,0,0
TXN-20260707-SKU-SPRITE-750,2026-07-07,SKU-SPRITE-750,Sprite 750 ml,5,40,179,174,0,0
TXN-20260707-SKU-SUG-1K,2026-07-07,SKU-SUG-1K,Sugar 1 kg,10,48,430,420,0,0
TXN-20260707-SKU-SUJI-500,2026-07-07,SKU-SUJI-500,Suji 500 g,2,30,95,93,0,0
TXN-20260707-SKU-SURF-1K,2026-07-07,SKU-SURF-1K,Surf Excel 1 kg,4,140,85,81,0,0
TXN-20260707-SKU-TEA-250,2026-07-07,SKU-TEA-250,Tata Tea Gold 250 g,3,160,177,174,0,0
TXN-20260707-SKU-TOOR-1K,2026-07-07,SKU-TOOR-1K,Toor Dal 1 kg,5,150,220,215,0,0
TXN-20260707-SKU-VIM-500,2026-07-07,SKU-VIM-500,Vim Bar 500 g,3,45,137,134,0,0
TXN-20260707-SKU-WATER-1L,2026-07-07,SKU-WATER-1L,Bisleri Water 1 L,13,20,543,530,0,0
TXN-20260708-SKU-ATTA-5K,2026-07-08,SKU-ATTA-5K,Aashirvaad Atta 5 kg,5,260,215,210,0,0
TXN-20260708-SKU-BAS-5K,2026-07-08,SKU-BAS-5K,India Gate Basmati 5 kg,1,600,49,48,0,0
TXN-20260708-SKU-BESAN-500,2026-07-08,SKU-BESAN-500,Besan 500 g,4,56,135,131,0,0
TXN-20260708-SKU-BREAD-400,2026-07-08,SKU-BREAD-400,Brown Bread 400 g,4,45,217,213,0,0
TXN-20260708-SKU-CHANA-1K,2026-07-08,SKU-CHANA-1K,Kabuli Chana 1 kg,2,140,83,81,0,0
TXN-20260708-SKU-COKE-750,2026-07-08,SKU-COKE-750,Coca-Cola 750 ml,3,40,256,253,0,0
TXN-20260708-SKU-COLGATE-200,2026-07-08,SKU-COLGATE-200,Colgate Toothpaste 200 g,2,115,85,83,0,0
TXN-20260708-SKU-DALIA-500,2026-07-08,SKU-DALIA-500,Dalia 500 g,2,34,50,48,0,0
TXN-20260708-SKU-DETTOL-250,2026-07-08,SKU-DETTOL-250,Dettol Liquid 250 ml,0,175,49,49,0,0
TXN-20260708-SKU-FROOTI-600,2026-07-08,SKU-FROOTI-600,Frooti 600 ml,6,35,201,195,0,0
TXN-20260708-SKU-GHEE-1L,2026-07-08,SKU-GHEE-1L,Amul Ghee 1 L,1,620,43,42,0,0
TXN-20260708-SKU-HALDI-100,2026-07-08,SKU-HALDI-100,Turmeric Powder 100 g,2,32,95,93,0,0
TXN-20260708-SKU-HARPIC-500,2026-07-08,SKU-HARPIC-500,Harpic 500 ml,2,105,58,56,0,0
TXN-20260708-SKU-LAYS-52,2026-07-08,SKU-LAYS-52,Lays Classic 52 g,4,20,277,273,0,0
TXN-20260708-SKU-LIFEBUOY-4,2026-07-08,SKU-LIFEBUOY-4,Lifebuoy Soap 4 x 100 g,2,135,92,90,0,0
TXN-20260708-SKU-MAGGI-280,2026-07-08,SKU-MAGGI-280,Maggi Noodles 280 g,4,56,242,238,0,0
TXN-20260708-SKU-MAIDA-1K,2026-07-08,SKU-MAIDA-1K,Maida 1 kg,3,42,133,130,0,0
TXN-20260708-SKU-MIRCH-100,2026-07-08,SKU-MIRCH-100,Red Chilli Powder 100 g,2,40,90,88,0,0
TXN-20260708-SKU-MOONG-1K,2026-07-08,SKU-MOONG-1K,Moong Dal 1 kg,3,130,134,131,0,0
TXN-20260708-SKU-MUST-1L,2026-07-08,SKU-MUST-1L,Fortune Mustard Oil 1 L,4,170,185,181,0,0
TXN-20260708-SKU-OIL-1L,2026-07-08,SKU-OIL-1L,Sunpure Cooking Oil 1 L,8,135,338,330,0,0
TXN-20260708-SKU-PARLE-G,2026-07-08,SKU-PARLE-G,Parle-G Biscuit 250 g,2,25,422,420,0,0
TXN-20260708-SKU-POHA-500,2026-07-08,SKU-POHA-500,Poha 500 g,2,36,136,134,0,0
TXN-20260708-SKU-RAJMA-1K,2026-07-08,SKU-RAJMA-1K,Rajma 1 kg,3,155,92,89,0,0
TXN-20260708-SKU-RICE-1K,2026-07-08,SKU-RICE-1K,Sona Masoori Rice 1 kg,6,70,343,337,0,0
TXN-20260708-SKU-SALT-1K,2026-07-08,SKU-SALT-1K,Tata Salt 1 kg,9,28,382,373,0,0
TXN-20260708-SKU-SPRITE-750,2026-07-08,SKU-SPRITE-750,Sprite 750 ml,3,40,174,171,0,0
TXN-20260708-SKU-SUG-1K,2026-07-08,SKU-SUG-1K,Sugar 1 kg,10,48,420,410,0,0
TXN-20260708-SKU-SUJI-500,2026-07-08,SKU-SUJI-500,Suji 500 g,2,30,93,91,0,0
TXN-20260708-SKU-SURF-1K,2026-07-08,SKU-SURF-1K,Surf Excel 1 kg,2,140,81,79,0,0
TXN-20260708-SKU-TEA-250,2026-07-08,SKU-TEA-250,Tata Tea Gold 250 g,4,160,174,170,0,0
TXN-20260708-SKU-TOOR-1K,2026-07-08,SKU-TOOR-1K,Toor Dal 1 kg,5,150,215,210,0,0
TXN-20260708-SKU-VIM-500,2026-07-08,SKU-VIM-500,Vim Bar 500 g,3,45,134,131,0,0
TXN-20260708-SKU-WATER-1L,2026-07-08,SKU-WATER-1L,Bisleri Water 1 L,8,20,530,522,0,0
TXN-20260709-SKU-ATTA-5K,2026-07-09,SKU-ATTA-5K,Aashirvaad Atta 5 kg,5,260,210,205,0,0
TXN-20260709-SKU-BAS-5K,2026-07-09,SKU-BAS-5K,India Gate Basmati 5 kg,1,600,48,47,0,0
TXN-20260709-SKU-BESAN-500,2026-07-09,SKU-BESAN-500,Besan 500 g,1,56,131,130,0,0
TXN-20260709-SKU-BREAD-400,2026-07-09,SKU-BREAD-400,Brown Bread 400 g,6,45,213,207,0,0
TXN-20260709-SKU-CHANA-1K,2026-07-09,SKU-CHANA-1K,Kabuli Chana 1 kg,2,140,81,79,0,0
TXN-20260709-SKU-COKE-750,2026-07-09,SKU-COKE-750,Coca-Cola 750 ml,5,40,253,248,0,0
TXN-20260709-SKU-COLGATE-200,2026-07-09,SKU-COLGATE-200,Colgate Toothpaste 200 g,2,115,83,81,0,0
TXN-20260709-SKU-DALIA-500,2026-07-09,SKU-DALIA-500,Dalia 500 g,1,34,48,47,0,0
TXN-20260709-SKU-DETTOL-250,2026-07-09,SKU-DETTOL-250,Dettol Liquid 250 ml,2,175,49,47,0,0
TXN-20260709-SKU-FROOTI-600,2026-07-09,SKU-FROOTI-600,Frooti 600 ml,5,35,195,190,0,0
TXN-20260709-SKU-GHEE-1L,2026-07-09,SKU-GHEE-1L,Amul Ghee 1 L,1,620,42,41,0,0
TXN-20260709-SKU-HALDI-100,2026-07-09,SKU-HALDI-100,Turmeric Powder 100 g,2,32,93,91,0,0
TXN-20260709-SKU-HARPIC-500,2026-07-09,SKU-HARPIC-500,Harpic 500 ml,1,105,56,55,0,0
TXN-20260709-SKU-LAYS-52,2026-07-09,SKU-LAYS-52,Lays Classic 52 g,6,20,273,267,0,0
TXN-20260709-SKU-LIFEBUOY-4,2026-07-09,SKU-LIFEBUOY-4,Lifebuoy Soap 4 x 100 g,2,135,90,88,0,0
TXN-20260709-SKU-MAGGI-280,2026-07-09,SKU-MAGGI-280,Maggi Noodles 280 g,4,56,238,234,0,0
TXN-20260709-SKU-MAIDA-1K,2026-07-09,SKU-MAIDA-1K,Maida 1 kg,3,42,130,127,0,0
TXN-20260709-SKU-MIRCH-100,2026-07-09,SKU-MIRCH-100,Red Chilli Powder 100 g,2,40,88,86,0,0
TXN-20260709-SKU-MOONG-1K,2026-07-09,SKU-MOONG-1K,Moong Dal 1 kg,3,130,131,128,0,0
TXN-20260709-SKU-MUST-1L,2026-07-09,SKU-MUST-1L,Fortune Mustard Oil 1 L,3,170,181,178,0,0
TXN-20260709-SKU-OIL-1L,2026-07-09,SKU-OIL-1L,Sunpure Cooking Oil 1 L,8,135,330,322,0,0
TXN-20260709-SKU-PARLE-G,2026-07-09,SKU-PARLE-G,Parle-G Biscuit 250 g,9,25,420,411,0,0
TXN-20260709-SKU-POHA-500,2026-07-09,SKU-POHA-500,Poha 500 g,3,36,134,131,0,0
TXN-20260709-SKU-RAJMA-1K,2026-07-09,SKU-RAJMA-1K,Rajma 1 kg,2,155,89,87,0,0
TXN-20260709-SKU-RICE-1K,2026-07-09,SKU-RICE-1K,Sona Masoori Rice 1 kg,7,70,337,330,0,0
TXN-20260709-SKU-SALT-1K,2026-07-09,SKU-SALT-1K,Tata Salt 1 kg,8,28,373,365,0,0
TXN-20260709-SKU-SPRITE-750,2026-07-09,SKU-SPRITE-750,Sprite 750 ml,3,40,171,168,0,0
TXN-20260709-SKU-SUG-1K,2026-07-09,SKU-SUG-1K,Sugar 1 kg,10,48,410,400,0,0
TXN-20260709-SKU-SUJI-500,2026-07-09,SKU-SUJI-500,Suji 500 g,2,30,91,89,0,0
TXN-20260709-SKU-SURF-1K,2026-07-09,SKU-SURF-1K,Surf Excel 1 kg,1,140,79,78,0,0
TXN-20260709-SKU-TEA-250,2026-07-09,SKU-TEA-250,Tata Tea Gold 250 g,4,160,170,166,0,0
TXN-20260709-SKU-TOOR-1K,2026-07-09,SKU-TOOR-1K,Toor Dal 1 kg,5,150,210,205,0,0
TXN-20260709-SKU-VIM-500,2026-07-09,SKU-VIM-500,Vim Bar 500 g,3,45,131,128,0,0
TXN-20260709-SKU-WATER-1L,2026-07-09,SKU-WATER-1L,Bisleri Water 1 L,13,20,522,509,0,0
TXN-20260710-SKU-ATTA-5K,2026-07-10,SKU-ATTA-5K,Aashirvaad Atta 5 kg,5,260,205,200,0,0
TXN-20260710-SKU-BAS-5K,2026-07-10,SKU-BAS-5K,India Gate Basmati 5 kg,1,600,47,46,0,0
TXN-20260710-SKU-BESAN-500,2026-07-10,SKU-BESAN-500,Besan 500 g,3,56,130,127,0,0
TXN-20260710-SKU-BREAD-400,2026-07-10,SKU-BREAD-400,Brown Bread 400 g,5,45,207,202,0,0
TXN-20260710-SKU-CHANA-1K,2026-07-10,SKU-CHANA-1K,Kabuli Chana 1 kg,2,140,79,77,0,0
TXN-20260710-SKU-COKE-750,2026-07-10,SKU-COKE-750,Coca-Cola 750 ml,5,40,248,243,0,0
TXN-20260710-SKU-COLGATE-200,2026-07-10,SKU-COLGATE-200,Colgate Toothpaste 200 g,2,115,81,79,0,0
TXN-20260710-SKU-DALIA-500,2026-07-10,SKU-DALIA-500,Dalia 500 g,1,34,47,46,0,0
TXN-20260710-SKU-DETTOL-250,2026-07-10,SKU-DETTOL-250,Dettol Liquid 250 ml,1,175,47,46,0,0
TXN-20260710-SKU-FROOTI-600,2026-07-10,SKU-FROOTI-600,Frooti 600 ml,4,35,190,186,0,0
TXN-20260710-SKU-GHEE-1L,2026-07-10,SKU-GHEE-1L,Amul Ghee 1 L,1,620,41,40,0,0
TXN-20260710-SKU-HALDI-100,2026-07-10,SKU-HALDI-100,Turmeric Powder 100 g,2,32,91,89,0,0
TXN-20260710-SKU-HARPIC-500,2026-07-10,SKU-HARPIC-500,Harpic 500 ml,2,105,55,53,0,0
TXN-20260710-SKU-LAYS-52,2026-07-10,SKU-LAYS-52,Lays Classic 52 g,8,20,267,259,0,0
TXN-20260710-SKU-LIFEBUOY-4,2026-07-10,SKU-LIFEBUOY-4,Lifebuoy Soap 4 x 100 g,2,135,88,86,0,0
TXN-20260710-SKU-MAGGI-280,2026-07-10,SKU-MAGGI-280,Maggi Noodles 280 g,6,56,234,228,0,0
TXN-20260710-SKU-MAIDA-1K,2026-07-10,SKU-MAIDA-1K,Maida 1 kg,5,42,127,122,0,0
TXN-20260710-SKU-MIRCH-100,2026-07-10,SKU-MIRCH-100,Red Chilli Powder 100 g,2,40,86,84,0,0
TXN-20260710-SKU-MOONG-1K,2026-07-10,SKU-MOONG-1K,Moong Dal 1 kg,3,130,128,125,0,0
TXN-20260710-SKU-MUST-1L,2026-07-10,SKU-MUST-1L,Fortune Mustard Oil 1 L,3,170,178,175,0,0
TXN-20260710-SKU-OIL-1L,2026-07-10,SKU-OIL-1L,Sunpure Cooking Oil 1 L,8,135,322,314,0,0
TXN-20260710-SKU-PARLE-G,2026-07-10,SKU-PARLE-G,Parle-G Biscuit 250 g,11,25,411,400,0,0
TXN-20260710-SKU-POHA-500,2026-07-10,SKU-POHA-500,Poha 500 g,3,36,131,128,0,0
TXN-20260710-SKU-RAJMA-1K,2026-07-10,SKU-RAJMA-1K,Rajma 1 kg,2,155,87,85,0,0
TXN-20260710-SKU-RICE-1K,2026-07-10,SKU-RICE-1K,Sona Masoori Rice 1 kg,8,70,330,322,0,0
TXN-20260710-SKU-SALT-1K,2026-07-10,SKU-SALT-1K,Tata Salt 1 kg,7,28,365,358,0,0
TXN-20260710-SKU-SPRITE-750,2026-07-10,SKU-SPRITE-750,Sprite 750 ml,4,40,168,164,0,0
TXN-20260710-SKU-SUG-1K,2026-07-10,SKU-SUG-1K,Sugar 1 kg,10,48,400,390,0,0
TXN-20260710-SKU-SUJI-500,2026-07-10,SKU-SUJI-500,Suji 500 g,2,30,89,87,0,0
TXN-20260710-SKU-SURF-1K,2026-07-10,SKU-SURF-1K,Surf Excel 1 kg,2,140,78,76,0,0
TXN-20260710-SKU-TEA-250,2026-07-10,SKU-TEA-250,Tata Tea Gold 250 g,5,160,166,161,0,0
TXN-20260710-SKU-TOOR-1K,2026-07-10,SKU-TOOR-1K,Toor Dal 1 kg,5,150,205,200,0,0
TXN-20260710-SKU-VIM-500,2026-07-10,SKU-VIM-500,Vim Bar 500 g,4,45,128,124,0,0
TXN-20260710-SKU-WATER-1L,2026-07-10,SKU-WATER-1L,Bisleri Water 1 L,13,20,509,496,0,0
TXN-20260711-SKU-ATTA-5K,2026-07-11,SKU-ATTA-5K,Aashirvaad Atta 5 kg,5,260,200,195,0,0
TXN-20260711-SKU-BAS-5K,2026-07-11,SKU-BAS-5K,India Gate Basmati 5 kg,1,600,46,45,0,0
TXN-20260711-SKU-BESAN-500,2026-07-11,SKU-BESAN-500,Besan 500 g,3,56,127,124,0,0
TXN-20260711-SKU-BREAD-400,2026-07-11,SKU-BREAD-400,Brown Bread 400 g,4,45,202,198,0,0
TXN-20260711-SKU-CHANA-1K,2026-07-11,SKU-CHANA-1K,Kabuli Chana 1 kg,2,140,77,75,0,0
TXN-20260711-SKU-COKE-750,2026-07-11,SKU-COKE-750,Coca-Cola 750 ml,8,40,243,235,0,0
TXN-20260711-SKU-COLGATE-200,2026-07-11,SKU-COLGATE-200,Colgate Toothpaste 200 g,3,115,79,76,0,0
TXN-20260711-SKU-DALIA-500,2026-07-11,SKU-DALIA-500,Dalia 500 g,1,34,46,45,0,0
TXN-20260711-SKU-DETTOL-250,2026-07-11,SKU-DETTOL-250,Dettol Liquid 250 ml,2,175,46,44,0,0
TXN-20260711-SKU-FROOTI-600,2026-07-11,SKU-FROOTI-600,Frooti 600 ml,4,35,186,182,0,0
TXN-20260711-SKU-GHEE-1L,2026-07-11,SKU-GHEE-1L,Amul Ghee 1 L,1,620,40,39,0,0
TXN-20260711-SKU-HALDI-100,2026-07-11,SKU-HALDI-100,Turmeric Powder 100 g,3,32,89,86,0,0
TXN-20260711-SKU-HARPIC-500,2026-07-11,SKU-HARPIC-500,Harpic 500 ml,2,105,53,51,0,0
TXN-20260711-SKU-LAYS-52,2026-07-11,SKU-LAYS-52,Lays Classic 52 g,6,20,259,253,0,0
TXN-20260711-SKU-LIFEBUOY-4,2026-07-11,SKU-LIFEBUOY-4,Lifebuoy Soap 4 x 100 g,3,135,86,83,0,0
TXN-20260711-SKU-MAGGI-280,2026-07-11,SKU-MAGGI-280,Maggi Noodles 280 g,6,56,228,222,0,0
TXN-20260711-SKU-MAIDA-1K,2026-07-11,SKU-MAIDA-1K,Maida 1 kg,4,42,122,118,0,0
TXN-20260711-SKU-MIRCH-100,2026-07-11,SKU-MIRCH-100,Red Chilli Powder 100 g,2,40,84,82,0,0
TXN-20260711-SKU-MOONG-1K,2026-07-11,SKU-MOONG-1K,Moong Dal 1 kg,3,130,125,122,0,0
TXN-20260711-SKU-MUST-1L,2026-07-11,SKU-MUST-1L,Fortune Mustard Oil 1 L,5,170,175,170,0,0
TXN-20260711-SKU-OIL-1L,2026-07-11,SKU-OIL-1L,Sunpure Cooking Oil 1 L,8,135,314,306,0,0
TXN-20260711-SKU-PARLE-G,2026-07-11,SKU-PARLE-G,Parle-G Biscuit 250 g,13,25,400,387,0,0
TXN-20260711-SKU-POHA-500,2026-07-11,SKU-POHA-500,Poha 500 g,3,36,128,125,0,0
TXN-20260711-SKU-RAJMA-1K,2026-07-11,SKU-RAJMA-1K,Rajma 1 kg,3,155,85,82,0,0
TXN-20260711-SKU-RICE-1K,2026-07-11,SKU-RICE-1K,Sona Masoori Rice 1 kg,9,70,322,313,0,0
TXN-20260711-SKU-SALT-1K,2026-07-11,SKU-SALT-1K,Tata Salt 1 kg,4,28,358,354,0,0
TXN-20260711-SKU-SPRITE-750,2026-07-11,SKU-SPRITE-750,Sprite 750 ml,3,40,164,161,0,0
TXN-20260711-SKU-SUG-1K,2026-07-11,SKU-SUG-1K,Sugar 1 kg,10,48,390,380,0,0
TXN-20260711-SKU-SUJI-500,2026-07-11,SKU-SUJI-500,Suji 500 g,2,30,87,85,0,0
TXN-20260711-SKU-SURF-1K,2026-07-11,SKU-SURF-1K,Surf Excel 1 kg,1,140,76,75,0,0
TXN-20260711-SKU-TEA-250,2026-07-11,SKU-TEA-250,Tata Tea Gold 250 g,5,160,161,156,0,0
TXN-20260711-SKU-TOOR-1K,2026-07-11,SKU-TOOR-1K,Toor Dal 1 kg,5,150,200,195,0,0
TXN-20260711-SKU-VIM-500,2026-07-11,SKU-VIM-500,Vim Bar 500 g,3,45,124,121,0,0
TXN-20260711-SKU-WATER-1L,2026-07-11,SKU-WATER-1L,Bisleri Water 1 L,17,20,496,479,0,0
TXN-20260712-SKU-ATTA-5K,2026-07-12,SKU-ATTA-5K,Aashirvaad Atta 5 kg,5,260,195,190,0,0
TXN-20260712-SKU-BAS-5K,2026-07-12,SKU-BAS-5K,India Gate Basmati 5 kg,1,600,45,44,0,0
TXN-20260712-SKU-BESAN-500,2026-07-12,SKU-BESAN-500,Besan 500 g,3,56,124,121,0,0
TXN-20260712-SKU-BREAD-400,2026-07-12,SKU-BREAD-400,Brown Bread 400 g,5,45,198,193,0,0
TXN-20260712-SKU-CHANA-1K,2026-07-12,SKU-CHANA-1K,Kabuli Chana 1 kg,2,140,75,73,0,0
TXN-20260712-SKU-COKE-750,2026-07-12,SKU-COKE-750,Coca-Cola 750 ml,7,40,235,228,0,0
TXN-20260712-SKU-COLGATE-200,2026-07-12,SKU-COLGATE-200,Colgate Toothpaste 200 g,1,115,76,75,0,0
TXN-20260712-SKU-DALIA-500,2026-07-12,SKU-DALIA-500,Dalia 500 g,1,34,45,44,0,0
TXN-20260712-SKU-DETTOL-250,2026-07-12,SKU-DETTOL-250,Dettol Liquid 250 ml,1,175,44,43,0,0
TXN-20260712-SKU-FROOTI-600,2026-07-12,SKU-FROOTI-600,Frooti 600 ml,2,35,182,180,0,0
TXN-20260712-SKU-GHEE-1L,2026-07-12,SKU-GHEE-1L,Amul Ghee 1 L,0,620,39,39,0,0
TXN-20260712-SKU-HALDI-100,2026-07-12,SKU-HALDI-100,Turmeric Powder 100 g,3,32,86,83,0,0
TXN-20260712-SKU-HARPIC-500,2026-07-12,SKU-HARPIC-500,Harpic 500 ml,1,105,51,50,0,0
TXN-20260712-SKU-LAYS-52,2026-07-12,SKU-LAYS-52,Lays Classic 52 g,6,20,253,247,0,0
TXN-20260712-SKU-LIFEBUOY-4,2026-07-12,SKU-LIFEBUOY-4,Lifebuoy Soap 4 x 100 g,2,135,83,81,0,0
TXN-20260712-SKU-MAGGI-280,2026-07-12,SKU-MAGGI-280,Maggi Noodles 280 g,6,56,222,216,0,0
TXN-20260712-SKU-MAIDA-1K,2026-07-12,SKU-MAIDA-1K,Maida 1 kg,3,42,118,115,0,0
TXN-20260712-SKU-MIRCH-100,2026-07-12,SKU-MIRCH-100,Red Chilli Powder 100 g,2,40,82,80,0,0
TXN-20260712-SKU-MOONG-1K,2026-07-12,SKU-MOONG-1K,Moong Dal 1 kg,4,130,122,118,0,0
TXN-20260712-SKU-MUST-1L,2026-07-12,SKU-MUST-1L,Fortune Mustard Oil 1 L,2,170,170,168,0,0
TXN-20260712-SKU-OIL-1L,2026-07-12,SKU-OIL-1L,Sunpure Cooking Oil 1 L,8,135,306,298,0,0
TXN-20260712-SKU-PARLE-G,2026-07-12,SKU-PARLE-G,Parle-G Biscuit 250 g,12,25,387,375,0,0
TXN-20260712-SKU-POHA-500,2026-07-12,SKU-POHA-500,Poha 500 g,4,36,125,121,0,0
TXN-20260712-SKU-RAJMA-1K,2026-07-12,SKU-RAJMA-1K,Rajma 1 kg,3,155,82,79,0,0
TXN-20260712-SKU-RICE-1K,2026-07-12,SKU-RICE-1K,Sona Masoori Rice 1 kg,4,70,313,309,0,0
TXN-20260712-SKU-SALT-1K,2026-07-12,SKU-SALT-1K,Tata Salt 1 kg,7,28,354,347,0,0
TXN-20260712-SKU-SPRITE-750,2026-07-12,SKU-SPRITE-750,Sprite 750 ml,5,40,161,156,0,0
TXN-20260712-SKU-SUG-1K,2026-07-12,SKU-SUG-1K,Sugar 1 kg,10,48,380,370,0,0
TXN-20260712-SKU-SUJI-500,2026-07-12,SKU-SUJI-500,Suji 500 g,1,30,85,84,0,0
TXN-20260712-SKU-SURF-1K,2026-07-12,SKU-SURF-1K,Surf Excel 1 kg,1,140,75,74,0,0
TXN-20260712-SKU-TEA-250,2026-07-12,SKU-TEA-250,Tata Tea Gold 250 g,5,160,156,151,0,0
TXN-20260712-SKU-TOOR-1K,2026-07-12,SKU-TOOR-1K,Toor Dal 1 kg,5,150,195,190,0,0
TXN-20260712-SKU-VIM-500,2026-07-12,SKU-VIM-500,Vim Bar 500 g,4,45,121,117,0,0
TXN-20260712-SKU-WATER-1L,2026-07-12,SKU-WATER-1L,Bisleri Water 1 L,16,20,479,463,0,0
TXN-20260713-SKU-ATTA-5K,2026-07-13,SKU-ATTA-5K,Aashirvaad Atta 5 kg,5,260,190,185,0,0
TXN-20260713-SKU-BAS-5K,2026-07-13,SKU-BAS-5K,India Gate Basmati 5 kg,1,600,44,43,0,0
TXN-20260713-SKU-BESAN-500,2026-07-13,SKU-BESAN-500,Besan 500 g,3,56,121,118,0,0
TXN-20260713-SKU-BREAD-400,2026-07-13,SKU-BREAD-400,Brown Bread 400 g,4,45,193,189,0,0
TXN-20260713-SKU-CHANA-1K,2026-07-13,SKU-CHANA-1K,Kabuli Chana 1 kg,1,140,73,72,0,0
TXN-20260713-SKU-COKE-750,2026-07-13,SKU-COKE-750,Coca-Cola 750 ml,5,40,228,223,0,0
TXN-20260713-SKU-COLGATE-200,2026-07-13,SKU-COLGATE-200,Colgate Toothpaste 200 g,1,115,75,74,0,0
TXN-20260713-SKU-DALIA-500,2026-07-13,SKU-DALIA-500,Dalia 500 g,1,34,44,43,0,0
TXN-20260713-SKU-DETTOL-250,2026-07-13,SKU-DETTOL-250,Dettol Liquid 250 ml,2,175,43,41,0,0
TXN-20260713-SKU-FROOTI-600,2026-07-13,SKU-FROOTI-600,Frooti 600 ml,4,35,180,176,0,0
TXN-20260713-SKU-GHEE-1L,2026-07-13,SKU-GHEE-1L,Amul Ghee 1 L,1,620,39,38,0,0
TXN-20260713-SKU-HALDI-100,2026-07-13,SKU-HALDI-100,Turmeric Powder 100 g,1,32,83,82,0,0
TXN-20260713-SKU-HARPIC-500,2026-07-13,SKU-HARPIC-500,Harpic 500 ml,2,105,50,48,0,0
TXN-20260713-SKU-LAYS-52,2026-07-13,SKU-LAYS-52,Lays Classic 52 g,5,20,247,242,0,0
TXN-20260713-SKU-LIFEBUOY-4,2026-07-13,SKU-LIFEBUOY-4,Lifebuoy Soap 4 x 100 g,0,135,81,81,0,0
TXN-20260713-SKU-MAGGI-280,2026-07-13,SKU-MAGGI-280,Maggi Noodles 280 g,4,56,216,212,0,0
TXN-20260713-SKU-MAIDA-1K,2026-07-13,SKU-MAIDA-1K,Maida 1 kg,3,42,115,112,0,0
TXN-20260713-SKU-MIRCH-100,2026-07-13,SKU-MIRCH-100,Red Chilli Powder 100 g,2,40,80,78,0,0
TXN-20260713-SKU-MOONG-1K,2026-07-13,SKU-MOONG-1K,Moong Dal 1 kg,3,130,118,115,0,0
TXN-20260713-SKU-MUST-1L,2026-07-13,SKU-MUST-1L,Fortune Mustard Oil 1 L,2,170,168,166,0,0
TXN-20260713-SKU-OIL-1L,2026-07-13,SKU-OIL-1L,Sunpure Cooking Oil 1 L,8,135,298,290,0,0
TXN-20260713-SKU-PARLE-G,2026-07-13,SKU-PARLE-G,Parle-G Biscuit 250 g,10,25,375,365,0,0
TXN-20260713-SKU-POHA-500,2026-07-13,SKU-POHA-500,Poha 500 g,3,36,121,118,0,0
TXN-20260713-SKU-RAJMA-1K,2026-07-13,SKU-RAJMA-1K,Rajma 1 kg,2,155,79,77,0,0
TXN-20260713-SKU-RICE-1K,2026-07-13,SKU-RICE-1K,Sona Masoori Rice 1 kg,7,70,309,302,0,0
TXN-20260713-SKU-SALT-1K,2026-07-13,SKU-SALT-1K,Tata Salt 1 kg,8,28,347,339,0,0
TXN-20260713-SKU-SPRITE-750,2026-07-13,SKU-SPRITE-750,Sprite 750 ml,3,40,156,153,0,0
TXN-20260713-SKU-SUG-1K,2026-07-13,SKU-SUG-1K,Sugar 1 kg,10,48,370,360,0,0
TXN-20260713-SKU-SUJI-500,2026-07-13,SKU-SUJI-500,Suji 500 g,2,30,84,82,0,0
TXN-20260713-SKU-SURF-1K,2026-07-13,SKU-SURF-1K,Surf Excel 1 kg,2,140,74,72,0,0
TXN-20260713-SKU-TEA-250,2026-07-13,SKU-TEA-250,Tata Tea Gold 250 g,4,160,151,147,0,0
TXN-20260713-SKU-TOOR-1K,2026-07-13,SKU-TOOR-1K,Toor Dal 1 kg,5,150,190,185,0,0
TXN-20260713-SKU-VIM-500,2026-07-13,SKU-VIM-500,Vim Bar 500 g,3,45,117,114,0,0
TXN-20260713-SKU-WATER-1L,2026-07-13,SKU-WATER-1L,Bisleri Water 1 L,9,20,463,454,0,0
TXN-20260714-SKU-ATTA-5K,2026-07-14,SKU-ATTA-5K,Aashirvaad Atta 5 kg,5,260,185,180,0,0
TXN-20260714-SKU-BAS-5K,2026-07-14,SKU-BAS-5K,India Gate Basmati 5 kg,1,600,43,42,0,0
TXN-20260714-SKU-BESAN-500,2026-07-14,SKU-BESAN-500,Besan 500 g,2,56,118,116,0,0
TXN-20260714-SKU-BREAD-400,2026-07-14,SKU-BREAD-400,Brown Bread 400 g,4,45,189,185,0,0
TXN-20260714-SKU-CHANA-1K,2026-07-14,SKU-CHANA-1K,Kabuli Chana 1 kg,2,140,72,70,0,0
TXN-20260714-SKU-COKE-750,2026-07-14,SKU-COKE-750,Coca-Cola 750 ml,7,40,223,216,0,0
TXN-20260714-SKU-COLGATE-200,2026-07-14,SKU-COLGATE-200,Colgate Toothpaste 200 g,2,115,74,72,0,0
TXN-20260714-SKU-DALIA-500,2026-07-14,SKU-DALIA-500,Dalia 500 g,0,34,43,43,0,0
TXN-20260714-SKU-DETTOL-250,2026-07-14,SKU-DETTOL-250,Dettol Liquid 250 ml,1,175,41,40,0,0
TXN-20260714-SKU-FROOTI-600,2026-07-14,SKU-FROOTI-600,Frooti 600 ml,4,35,176,172,0,0
TXN-20260714-SKU-GHEE-1L,2026-07-14,SKU-GHEE-1L,Amul Ghee 1 L,1,620,38,37,0,0
TXN-20260714-SKU-HALDI-100,2026-07-14,SKU-HALDI-100,Turmeric Powder 100 g,1,32,82,81,0,0
TXN-20260714-SKU-HARPIC-500,2026-07-14,SKU-HARPIC-500,Harpic 500 ml,1,105,48,47,0,0
TXN-20260714-SKU-LAYS-52,2026-07-14,SKU-LAYS-52,Lays Classic 52 g,7,20,242,235,0,0
TXN-20260714-SKU-LIFEBUOY-4,2026-07-14,SKU-LIFEBUOY-4,Lifebuoy Soap 4 x 100 g,1,135,81,80,0,0
TXN-20260714-SKU-MAGGI-280,2026-07-14,SKU-MAGGI-280,Maggi Noodles 280 g,6,56,212,206,0,0
TXN-20260714-SKU-MAIDA-1K,2026-07-14,SKU-MAIDA-1K,Maida 1 kg,3,42,112,109,0,0
TXN-20260714-SKU-MIRCH-100,2026-07-14,SKU-MIRCH-100,Red Chilli Powder 100 g,2,40,78,76,0,0
TXN-20260714-SKU-MOONG-1K,2026-07-14,SKU-MOONG-1K,Moong Dal 1 kg,4,130,115,111,0,0
TXN-20260714-SKU-MUST-1L,2026-07-14,SKU-MUST-1L,Fortune Mustard Oil 1 L,5,170,166,161,0,0
TXN-20260714-SKU-OIL-1L,2026-07-14,SKU-OIL-1L,Sunpure Cooking Oil 1 L,8,135,290,282,0,0
TXN-20260714-SKU-PARLE-G,2026-07-14,SKU-PARLE-G,Parle-G Biscuit 250 g,13,25,365,352,0,0
TXN-20260714-SKU-POHA-500,2026-07-14,SKU-POHA-500,Poha 500 g,4,36,118,114,0,0
TXN-20260714-SKU-RAJMA-1K,2026-07-14,SKU-RAJMA-1K,Rajma 1 kg,1,155,77,76,0,0
TXN-20260714-SKU-RICE-1K,2026-07-14,SKU-RICE-1K,Sona Masoori Rice 1 kg,7,70,302,295,0,0
TXN-20260714-SKU-SALT-1K,2026-07-14,SKU-SALT-1K,Tata Salt 1 kg,7,28,339,332,0,0
TXN-20260714-SKU-SPRITE-750,2026-07-14,SKU-SPRITE-750,Sprite 750 ml,4,40,153,149,0,0
TXN-20260714-SKU-SUG-1K,2026-07-14,SKU-SUG-1K,Sugar 1 kg,10,48,360,350,0,0
TXN-20260714-SKU-SUJI-500,2026-07-14,SKU-SUJI-500,Suji 500 g,3,30,82,79,0,0
TXN-20260714-SKU-SURF-1K,2026-07-14,SKU-SURF-1K,Surf Excel 1 kg,2,140,72,70,0,0
TXN-20260714-SKU-TEA-250,2026-07-14,SKU-TEA-250,Tata Tea Gold 250 g,4,160,147,143,0,0
TXN-20260714-SKU-TOOR-1K,2026-07-14,SKU-TOOR-1K,Toor Dal 1 kg,5,150,185,180,0,0
TXN-20260714-SKU-VIM-500,2026-07-14,SKU-VIM-500,Vim Bar 500 g,4,45,114,110,0,0
TXN-20260714-SKU-WATER-1L,2026-07-14,SKU-WATER-1L,Bisleri Water 1 L,15,20,454,439,0,0
TXN-20260715-SKU-ATTA-5K,2026-07-15,SKU-ATTA-5K,Aashirvaad Atta 5 kg,5,260,180,175,0,0
TXN-20260715-SKU-BAS-5K,2026-07-15,SKU-BAS-5K,India Gate Basmati 5 kg,1,600,42,41,0,0
TXN-20260715-SKU-BESAN-500,2026-07-15,SKU-BESAN-500,Besan 500 g,3,56,116,113,0,0
TXN-20260715-SKU-BREAD-400,2026-07-15,SKU-BREAD-400,Brown Bread 400 g,3,45,185,182,0,0
TXN-20260715-SKU-CHANA-1K,2026-07-15,SKU-CHANA-1K,Kabuli Chana 1 kg,1,140,70,69,0,0
TXN-20260715-SKU-COKE-750,2026-07-15,SKU-COKE-750,Coca-Cola 750 ml,5,40,216,211,0,0
TXN-20260715-SKU-COLGATE-200,2026-07-15,SKU-COLGATE-200,Colgate Toothpaste 200 g,2,115,72,70,0,0
TXN-20260715-SKU-DALIA-500,2026-07-15,SKU-DALIA-500,Dalia 500 g,1,34,43,42,0,0
TXN-20260715-SKU-DETTOL-250,2026-07-15,SKU-DETTOL-250,Dettol Liquid 250 ml,1,175,40,39,0,0
TXN-20260715-SKU-FROOTI-600,2026-07-15,SKU-FROOTI-600,Frooti 600 ml,5,35,172,167,0,0
TXN-20260715-SKU-GHEE-1L,2026-07-15,SKU-GHEE-1L,Amul Ghee 1 L,1,620,37,36,0,0
TXN-20260715-SKU-HALDI-100,2026-07-15,SKU-HALDI-100,Turmeric Powder 100 g,2,32,81,79,0,0
TXN-20260715-SKU-HARPIC-500,2026-07-15,SKU-HARPIC-500,Harpic 500 ml,1,105,47,46,0,0
TXN-20260715-SKU-LAYS-52,2026-07-15,SKU-LAYS-52,Lays Classic 52 g,3,20,235,232,0,0
TXN-20260715-SKU-LIFEBUOY-4,2026-07-15,SKU-LIFEBUOY-4,Lifebuoy Soap 4 x 100 g,3,135,80,77,0,0
TXN-20260715-SKU-MAGGI-280,2026-07-15,SKU-MAGGI-280,Maggi Noodles 280 g,6,56,206,200,0,0
TXN-20260715-SKU-MAIDA-1K,2026-07-15,SKU-MAIDA-1K,Maida 1 kg,3,42,109,106,0,0
TXN-20260715-SKU-MIRCH-100,2026-07-15,SKU-MIRCH-100,Red Chilli Powder 100 g,3,40,76,73,0,0
TXN-20260715-SKU-MOONG-1K,2026-07-15,SKU-MOONG-1K,Moong Dal 1 kg,5,130,111,106,0,0
TXN-20260715-SKU-MUST-1L,2026-07-15,SKU-MUST-1L,Fortune Mustard Oil 1 L,5,170,161,156,0,0
TXN-20260715-SKU-OIL-1L,2026-07-15,SKU-OIL-1L,Sunpure Cooking Oil 1 L,8,135,282,274,0,0
TXN-20260715-SKU-PARLE-G,2026-07-15,SKU-PARLE-G,Parle-G Biscuit 250 g,9,25,352,343,0,0
TXN-20260715-SKU-POHA-500,2026-07-15,SKU-POHA-500,Poha 500 g,3,36,114,111,0,0
TXN-20260715-SKU-RAJMA-1K,2026-07-15,SKU-RAJMA-1K,Rajma 1 kg,1,155,76,75,0,0
TXN-20260715-SKU-RICE-1K,2026-07-15,SKU-RICE-1K,Sona Masoori Rice 1 kg,10,70,295,285,0,0
TXN-20260715-SKU-SALT-1K,2026-07-15,SKU-SALT-1K,Tata Salt 1 kg,11,28,332,321,0,0
TXN-20260715-SKU-SPRITE-750,2026-07-15,SKU-SPRITE-750,Sprite 750 ml,6,40,149,143,0,0
TXN-20260715-SKU-SUG-1K,2026-07-15,SKU-SUG-1K,Sugar 1 kg,10,48,350,340,0,0
TXN-20260715-SKU-SUJI-500,2026-07-15,SKU-SUJI-500,Suji 500 g,1,30,79,78,0,0
TXN-20260715-SKU-SURF-1K,2026-07-15,SKU-SURF-1K,Surf Excel 1 kg,3,140,70,67,0,0
TXN-20260715-SKU-TEA-250,2026-07-15,SKU-TEA-250,Tata Tea Gold 250 g,4,160,143,139,0,0
TXN-20260715-SKU-TOOR-1K,2026-07-15,SKU-TOOR-1K,Toor Dal 1 kg,5,150,180,175,0,0
TXN-20260715-SKU-VIM-500,2026-07-15,SKU-VIM-500,Vim Bar 500 g,3,45,110,107,0,0
TXN-20260715-SKU-WATER-1L,2026-07-15,SKU-WATER-1L,Bisleri Water 1 L,8,20,439,431,0,0
TXN-20260716-SKU-ATTA-5K,2026-07-16,SKU-ATTA-5K,Aashirvaad Atta 5 kg,5,260,175,170,0,0
TXN-20260716-SKU-BAS-5K,2026-07-16,SKU-BAS-5K,India Gate Basmati 5 kg,1,600,41,40,0,0
TXN-20260716-SKU-BESAN-500,2026-07-16,SKU-BESAN-500,Besan 500 g,3,56,113,110,0,0
TXN-20260716-SKU-BREAD-400,2026-07-16,SKU-BREAD-400,Brown Bread 400 g,5,45,182,177,0,0
TXN-20260716-SKU-CHANA-1K,2026-07-16,SKU-CHANA-1K,Kabuli Chana 1 kg,2,140,69,67,0,0
TXN-20260716-SKU-COKE-750,2026-07-16,SKU-COKE-750,Coca-Cola 750 ml,6,40,211,205,0,0
TXN-20260716-SKU-COLGATE-200,2026-07-16,SKU-COLGATE-200,Colgate Toothpaste 200 g,3,115,70,67,0,0
TXN-20260716-SKU-DALIA-500,2026-07-16,SKU-DALIA-500,Dalia 500 g,1,34,42,41,0,0
TXN-20260716-SKU-DETTOL-250,2026-07-16,SKU-DETTOL-250,Dettol Liquid 250 ml,0,175,39,39,0,0
TXN-20260716-SKU-FROOTI-600,2026-07-16,SKU-FROOTI-600,Frooti 600 ml,5,35,167,162,0,0
TXN-20260716-SKU-GHEE-1L,2026-07-16,SKU-GHEE-1L,Amul Ghee 1 L,1,620,36,35,0,0
TXN-20260716-SKU-HALDI-100,2026-07-16,SKU-HALDI-100,Turmeric Powder 100 g,3,32,79,76,0,0
TXN-20260716-SKU-HARPIC-500,2026-07-16,SKU-HARPIC-500,Harpic 500 ml,0,105,46,46,0,0
TXN-20260716-SKU-LAYS-52,2026-07-16,SKU-LAYS-52,Lays Classic 52 g,5,20,232,227,0,0
TXN-20260716-SKU-LIFEBUOY-4,2026-07-16,SKU-LIFEBUOY-4,Lifebuoy Soap 4 x 100 g,3,135,77,74,0,0
TXN-20260716-SKU-MAGGI-280,2026-07-16,SKU-MAGGI-280,Maggi Noodles 280 g,4,56,200,196,0,0
TXN-20260716-SKU-MAIDA-1K,2026-07-16,SKU-MAIDA-1K,Maida 1 kg,3,42,106,103,0,0
TXN-20260716-SKU-MIRCH-100,2026-07-16,SKU-MIRCH-100,Red Chilli Powder 100 g,3,40,73,70,0,0
TXN-20260716-SKU-MOONG-1K,2026-07-16,SKU-MOONG-1K,Moong Dal 1 kg,3,130,106,103,0,0
TXN-20260716-SKU-MUST-1L,2026-07-16,SKU-MUST-1L,Fortune Mustard Oil 1 L,6,170,156,150,0,0
TXN-20260716-SKU-OIL-1L,2026-07-16,SKU-OIL-1L,Sunpure Cooking Oil 1 L,8,135,274,266,0,0
TXN-20260716-SKU-PARLE-G,2026-07-16,SKU-PARLE-G,Parle-G Biscuit 250 g,10,25,343,333,0,0
TXN-20260716-SKU-POHA-500,2026-07-16,SKU-POHA-500,Poha 500 g,2,36,111,109,0,0
TXN-20260716-SKU-RAJMA-1K,2026-07-16,SKU-RAJMA-1K,Rajma 1 kg,3,155,75,72,0,0
TXN-20260716-SKU-RICE-1K,2026-07-16,SKU-RICE-1K,Sona Masoori Rice 1 kg,6,70,285,279,0,0
TXN-20260716-SKU-SALT-1K,2026-07-16,SKU-SALT-1K,Tata Salt 1 kg,11,28,321,310,0,0
TXN-20260716-SKU-SPRITE-750,2026-07-16,SKU-SPRITE-750,Sprite 750 ml,6,40,143,137,0,0
TXN-20260716-SKU-SUG-1K,2026-07-16,SKU-SUG-1K,Sugar 1 kg,10,48,340,330,0,0
TXN-20260716-SKU-SUJI-500,2026-07-16,SKU-SUJI-500,Suji 500 g,3,30,78,75,0,0
TXN-20260716-SKU-SURF-1K,2026-07-16,SKU-SURF-1K,Surf Excel 1 kg,1,140,67,66,0,0
TXN-20260716-SKU-TEA-250,2026-07-16,SKU-TEA-250,Tata Tea Gold 250 g,4,160,139,135,0,0
TXN-20260716-SKU-TOOR-1K,2026-07-16,SKU-TOOR-1K,Toor Dal 1 kg,5,150,175,170,0,0
TXN-20260716-SKU-VIM-500,2026-07-16,SKU-VIM-500,Vim Bar 500 g,3,45,107,104,0,0
TXN-20260716-SKU-WATER-1L,2026-07-16,SKU-WATER-1L,Bisleri Water 1 L,8,20,431,423,0,0
TXN-20260717-SKU-ATTA-5K,2026-07-17,SKU-ATTA-5K,Aashirvaad Atta 5 kg,5,260,170,165,0,0
TXN-20260717-SKU-BAS-5K,2026-07-17,SKU-BAS-5K,India Gate Basmati 5 kg,1,600,40,39,0,0
TXN-20260717-SKU-BESAN-500,2026-07-17,SKU-BESAN-500,Besan 500 g,3,56,110,107,0,0
TXN-20260717-SKU-BREAD-400,2026-07-17,SKU-BREAD-400,Brown Bread 400 g,6,45,177,170,1,0
TXN-20260717-SKU-CHANA-1K,2026-07-17,SKU-CHANA-1K,Kabuli Chana 1 kg,2,140,67,65,0,0
TXN-20260717-SKU-COKE-750,2026-07-17,SKU-COKE-750,Coca-Cola 750 ml,3,40,205,202,0,0
TXN-20260717-SKU-COLGATE-200,2026-07-17,SKU-COLGATE-200,Colgate Toothpaste 200 g,2,115,67,65,0,0
TXN-20260717-SKU-DALIA-500,2026-07-17,SKU-DALIA-500,Dalia 500 g,2,34,41,39,0,0
TXN-20260717-SKU-DETTOL-250,2026-07-17,SKU-DETTOL-250,Dettol Liquid 250 ml,2,175,39,37,0,0
TXN-20260717-SKU-FROOTI-600,2026-07-17,SKU-FROOTI-600,Frooti 600 ml,5,35,162,157,0,0
TXN-20260717-SKU-GHEE-1L,2026-07-17,SKU-GHEE-1L,Amul Ghee 1 L,0,620,35,35,0,0
TXN-20260717-SKU-HALDI-100,2026-07-17,SKU-HALDI-100,Turmeric Powder 100 g,1,32,76,75,0,0
TXN-20260717-SKU-HARPIC-500,2026-07-17,SKU-HARPIC-500,Harpic 500 ml,0,105,46,46,0,0
TXN-20260717-SKU-LAYS-52,2026-07-17,SKU-LAYS-52,Lays Classic 52 g,8,20,227,219,0,0
TXN-20260717-SKU-LIFEBUOY-4,2026-07-17,SKU-LIFEBUOY-4,Lifebuoy Soap 4 x 100 g,2,135,74,72,0,0
TXN-20260717-SKU-MAGGI-280,2026-07-17,SKU-MAGGI-280,Maggi Noodles 280 g,7,56,196,189,0,0
TXN-20260717-SKU-MAIDA-1K,2026-07-17,SKU-MAIDA-1K,Maida 1 kg,3,42,103,100,0,0
TXN-20260717-SKU-MIRCH-100,2026-07-17,SKU-MIRCH-100,Red Chilli Powder 100 g,2,40,70,68,0,0
TXN-20260717-SKU-MOONG-1K,2026-07-17,SKU-MOONG-1K,Moong Dal 1 kg,3,130,103,100,0,0
TXN-20260717-SKU-MUST-1L,2026-07-17,SKU-MUST-1L,Fortune Mustard Oil 1 L,4,170,150,146,0,0
TXN-20260717-SKU-OIL-1L,2026-07-17,SKU-OIL-1L,Sunpure Cooking Oil 1 L,8,135,266,258,0,0
TXN-20260717-SKU-PARLE-G,2026-07-17,SKU-PARLE-G,Parle-G Biscuit 250 g,7,25,333,326,0,0
TXN-20260717-SKU-POHA-500,2026-07-17,SKU-POHA-500,Poha 500 g,4,36,109,105,0,0
TXN-20260717-SKU-RAJMA-1K,2026-07-17,SKU-RAJMA-1K,Rajma 1 kg,1,155,72,71,0,0
TXN-20260717-SKU-RICE-1K,2026-07-17,SKU-RICE-1K,Sona Masoori Rice 1 kg,8,70,279,271,0,0
TXN-20260717-SKU-SALT-1K,2026-07-17,SKU-SALT-1K,Tata Salt 1 kg,13,28,310,297,0,0
TXN-20260717-SKU-SPRITE-750,2026-07-17,SKU-SPRITE-750,Sprite 750 ml,4,40,137,133,0,0
TXN-20260717-SKU-SUG-1K,2026-07-17,SKU-SUG-1K,Sugar 1 kg,10,48,330,320,0,0
TXN-20260717-SKU-SUJI-500,2026-07-17,SKU-SUJI-500,Suji 500 g,1,30,75,74,0,0
TXN-20260717-SKU-SURF-1K,2026-07-17,SKU-SURF-1K,Surf Excel 1 kg,3,140,66,63,0,0
TXN-20260717-SKU-TEA-250,2026-07-17,SKU-TEA-250,Tata Tea Gold 250 g,3,160,135,132,0,0
TXN-20260717-SKU-TOOR-1K,2026-07-17,SKU-TOOR-1K,Toor Dal 1 kg,5,150,170,165,0,0
TXN-20260717-SKU-VIM-500,2026-07-17,SKU-VIM-500,Vim Bar 500 g,3,45,104,101,0,0
TXN-20260717-SKU-WATER-1L,2026-07-17,SKU-WATER-1L,Bisleri Water 1 L,11,20,423,412,0,0
TXN-20260718-SKU-ATTA-5K,2026-07-18,SKU-ATTA-5K,Aashirvaad Atta 5 kg,5,260,165,160,0,0
TXN-20260718-SKU-BAS-5K,2026-07-18,SKU-BAS-5K,India Gate Basmati 5 kg,2,600,39,37,0,0
TXN-20260718-SKU-BESAN-500,2026-07-18,SKU-BESAN-500,Besan 500 g,3,56,107,104,0,0
TXN-20260718-SKU-BREAD-400,2026-07-18,SKU-BREAD-400,Brown Bread 400 g,6,45,170,164,0,0
TXN-20260718-SKU-CHANA-1K,2026-07-18,SKU-CHANA-1K,Kabuli Chana 1 kg,3,140,65,62,0,0
TXN-20260718-SKU-COKE-750,2026-07-18,SKU-COKE-750,Coca-Cola 750 ml,5,40,202,197,0,0
TXN-20260718-SKU-COLGATE-200,2026-07-18,SKU-COLGATE-200,Colgate Toothpaste 200 g,3,115,65,62,0,0
TXN-20260718-SKU-DALIA-500,2026-07-18,SKU-DALIA-500,Dalia 500 g,0,34,39,39,0,0
TXN-20260718-SKU-DETTOL-250,2026-07-18,SKU-DETTOL-250,Dettol Liquid 250 ml,1,175,37,36,0,0
TXN-20260718-SKU-FROOTI-600,2026-07-18,SKU-FROOTI-600,Frooti 600 ml,6,35,157,151,0,0
TXN-20260718-SKU-GHEE-1L,2026-07-18,SKU-GHEE-1L,Amul Ghee 1 L,2,620,35,33,0,0
TXN-20260718-SKU-HALDI-100,2026-07-18,SKU-HALDI-100,Turmeric Powder 100 g,1,32,75,74,0,0
TXN-20260718-SKU-HARPIC-500,2026-07-18,SKU-HARPIC-500,Harpic 500 ml,1,105,46,45,0,0
TXN-20260718-SKU-LAYS-52,2026-07-18,SKU-LAYS-52,Lays Classic 52 g,4,20,219,215,0,0
TXN-20260718-SKU-LIFEBUOY-4,2026-07-18,SKU-LIFEBUOY-4,Lifebuoy Soap 4 x 100 g,3,135,72,69,0,0
TXN-20260718-SKU-MAGGI-280,2026-07-18,SKU-MAGGI-280,Maggi Noodles 280 g,5,56,189,184,0,0
TXN-20260718-SKU-MAIDA-1K,2026-07-18,SKU-MAIDA-1K,Maida 1 kg,2,42,100,98,0,0
TXN-20260718-SKU-MIRCH-100,2026-07-18,SKU-MIRCH-100,Red Chilli Powder 100 g,2,40,68,66,0,0
TXN-20260718-SKU-MOONG-1K,2026-07-18,SKU-MOONG-1K,Moong Dal 1 kg,3,130,100,97,0,0
TXN-20260718-SKU-MUST-1L,2026-07-18,SKU-MUST-1L,Fortune Mustard Oil 1 L,6,170,146,140,0,0
TXN-20260718-SKU-OIL-1L,2026-07-18,SKU-OIL-1L,Sunpure Cooking Oil 1 L,8,135,258,250,0,0
TXN-20260718-SKU-PARLE-G,2026-07-18,SKU-PARLE-G,Parle-G Biscuit 250 g,6,25,326,320,0,0
TXN-20260718-SKU-POHA-500,2026-07-18,SKU-POHA-500,Poha 500 g,4,36,105,101,0,0
TXN-20260718-SKU-RAJMA-1K,2026-07-18,SKU-RAJMA-1K,Rajma 1 kg,2,155,71,69,0,0
TXN-20260718-SKU-RICE-1K,2026-07-18,SKU-RICE-1K,Sona Masoori Rice 1 kg,13,70,271,258,0,0
TXN-20260718-SKU-SALT-1K,2026-07-18,SKU-SALT-1K,Tata Salt 1 kg,10,28,297,287,0,0
TXN-20260718-SKU-SPRITE-750,2026-07-18,SKU-SPRITE-750,Sprite 750 ml,5,40,133,128,0,0
TXN-20260718-SKU-SUG-1K,2026-07-18,SKU-SUG-1K,Sugar 1 kg,10,48,320,310,0,0
TXN-20260718-SKU-SUJI-500,2026-07-18,SKU-SUJI-500,Suji 500 g,2,30,74,72,0,0
TXN-20260718-SKU-SURF-1K,2026-07-18,SKU-SURF-1K,Surf Excel 1 kg,2,140,63,61,0,0
TXN-20260718-SKU-TEA-250,2026-07-18,SKU-TEA-250,Tata Tea Gold 250 g,5,160,132,127,0,0
TXN-20260718-SKU-TOOR-1K,2026-07-18,SKU-TOOR-1K,Toor Dal 1 kg,5,150,165,160,0,0
TXN-20260718-SKU-VIM-500,2026-07-18,SKU-VIM-500,Vim Bar 500 g,2,45,101,99,0,0
TXN-20260718-SKU-WATER-1L,2026-07-18,SKU-WATER-1L,Bisleri Water 1 L,18,20,412,394,0,0
TXN-20260719-SKU-ATTA-5K,2026-07-19,SKU-ATTA-5K,Aashirvaad Atta 5 kg,5,260,160,155,0,0
TXN-20260719-SKU-BAS-5K,2026-07-19,SKU-BAS-5K,India Gate Basmati 5 kg,1,600,37,36,0,0
TXN-20260719-SKU-BESAN-500,2026-07-19,SKU-BESAN-500,Besan 500 g,2,56,104,102,0,0
TXN-20260719-SKU-BREAD-400,2026-07-19,SKU-BREAD-400,Brown Bread 400 g,5,45,164,159,0,0
TXN-20260719-SKU-CHANA-1K,2026-07-19,SKU-CHANA-1K,Kabuli Chana 1 kg,2,140,62,60,0,0
TXN-20260719-SKU-COKE-750,2026-07-19,SKU-COKE-750,Coca-Cola 750 ml,6,40,197,191,0,0
TXN-20260719-SKU-COLGATE-200,2026-07-19,SKU-COLGATE-200,Colgate Toothpaste 200 g,2,115,62,60,0,0
TXN-20260719-SKU-DALIA-500,2026-07-19,SKU-DALIA-500,Dalia 500 g,1,34,39,38,0,0
TXN-20260719-SKU-DETTOL-250,2026-07-19,SKU-DETTOL-250,Dettol Liquid 250 ml,1,175,36,35,0,0
TXN-20260719-SKU-FROOTI-600,2026-07-19,SKU-FROOTI-600,Frooti 600 ml,5,35,151,146,0,0
TXN-20260719-SKU-GHEE-1L,2026-07-19,SKU-GHEE-1L,Amul Ghee 1 L,1,620,33,32,0,0
TXN-20260719-SKU-HALDI-100,2026-07-19,SKU-HALDI-100,Turmeric Powder 100 g,2,32,74,72,0,0
TXN-20260719-SKU-HARPIC-500,2026-07-19,SKU-HARPIC-500,Harpic 500 ml,1,105,45,44,0,0
TXN-20260719-SKU-LAYS-52,2026-07-19,SKU-LAYS-52,Lays Classic 52 g,6,20,215,209,0,0
TXN-20260719-SKU-LIFEBUOY-4,2026-07-19,SKU-LIFEBUOY-4,Lifebuoy Soap 4 x 100 g,3,135,69,66,0,0
TXN-20260719-SKU-MAGGI-280,2026-07-19,SKU-MAGGI-280,Maggi Noodles 280 g,6,56,184,178,0,0
TXN-20260719-SKU-MAIDA-1K,2026-07-19,SKU-MAIDA-1K,Maida 1 kg,2,42,98,96,0,0
TXN-20260719-SKU-MIRCH-100,2026-07-19,SKU-MIRCH-100,Red Chilli Powder 100 g,2,40,66,64,0,0
TXN-20260719-SKU-MOONG-1K,2026-07-19,SKU-MOONG-1K,Moong Dal 1 kg,3,130,97,94,0,0
TXN-20260719-SKU-MUST-1L,2026-07-19,SKU-MUST-1L,Fortune Mustard Oil 1 L,3,170,140,137,0,0
TXN-20260719-SKU-OIL-1L,2026-07-19,SKU-OIL-1L,Sunpure Cooking Oil 1 L,8,135,250,242,0,0
TXN-20260719-SKU-PARLE-G,2026-07-19,SKU-PARLE-G,Parle-G Biscuit 250 g,10,25,320,310,0,0
TXN-20260719-SKU-POHA-500,2026-07-19,SKU-POHA-500,Poha 500 g,3,36,101,98,0,0
TXN-20260719-SKU-RAJMA-1K,2026-07-19,SKU-RAJMA-1K,Rajma 1 kg,3,155,69,66,0,0
TXN-20260719-SKU-RICE-1K,2026-07-19,SKU-RICE-1K,Sona Masoori Rice 1 kg,8,70,258,250,0,0
TXN-20260719-SKU-SALT-1K,2026-07-19,SKU-SALT-1K,Tata Salt 1 kg,7,28,287,280,0,0
TXN-20260719-SKU-SPRITE-750,2026-07-19,SKU-SPRITE-750,Sprite 750 ml,6,40,128,122,0,0
TXN-20260719-SKU-SUG-1K,2026-07-19,SKU-SUG-1K,Sugar 1 kg,10,48,310,300,0,0
TXN-20260719-SKU-SUJI-500,2026-07-19,SKU-SUJI-500,Suji 500 g,2,30,72,70,0,0
TXN-20260719-SKU-SURF-1K,2026-07-19,SKU-SURF-1K,Surf Excel 1 kg,2,140,61,59,0,0
TXN-20260719-SKU-TEA-250,2026-07-19,SKU-TEA-250,Tata Tea Gold 250 g,5,160,127,122,0,0
TXN-20260719-SKU-TOOR-1K,2026-07-19,SKU-TOOR-1K,Toor Dal 1 kg,5,150,160,155,0,0
TXN-20260719-SKU-VIM-500,2026-07-19,SKU-VIM-500,Vim Bar 500 g,5,45,99,94,0,0
TXN-20260719-SKU-WATER-1L,2026-07-19,SKU-WATER-1L,Bisleri Water 1 L,18,20,394,376,0,0
TXN-20260720-SKU-ATTA-5K,2026-07-20,SKU-ATTA-5K,Aashirvaad Atta 5 kg,5,260,155,150,0,0
TXN-20260720-SKU-BAS-5K,2026-07-20,SKU-BAS-5K,India Gate Basmati 5 kg,2,600,36,34,0,0
TXN-20260720-SKU-BESAN-500,2026-07-20,SKU-BESAN-500,Besan 500 g,3,56,102,99,0,0
TXN-20260720-SKU-BREAD-400,2026-07-20,SKU-BREAD-400,Brown Bread 400 g,5,45,159,154,0,0
TXN-20260720-SKU-CHANA-1K,2026-07-20,SKU-CHANA-1K,Kabuli Chana 1 kg,1,140,60,59,0,0
TXN-20260720-SKU-COKE-750,2026-07-20,SKU-COKE-750,Coca-Cola 750 ml,7,40,191,184,0,0
TXN-20260720-SKU-COLGATE-200,2026-07-20,SKU-COLGATE-200,Colgate Toothpaste 200 g,2,115,60,58,0,0
TXN-20260720-SKU-DALIA-500,2026-07-20,SKU-DALIA-500,Dalia 500 g,2,34,38,36,0,0
TXN-20260720-SKU-DETTOL-250,2026-07-20,SKU-DETTOL-250,Dettol Liquid 250 ml,2,175,35,33,0,0
TXN-20260720-SKU-FROOTI-600,2026-07-20,SKU-FROOTI-600,Frooti 600 ml,5,35,146,141,0,0
TXN-20260720-SKU-GHEE-1L,2026-07-20,SKU-GHEE-1L,Amul Ghee 1 L,2,620,32,30,0,0
TXN-20260720-SKU-HALDI-100,2026-07-20,SKU-HALDI-100,Turmeric Powder 100 g,3,32,72,69,0,0
TXN-20260720-SKU-HARPIC-500,2026-07-20,SKU-HARPIC-500,Harpic 500 ml,1,105,44,43,0,0
TXN-20260720-SKU-LAYS-52,2026-07-20,SKU-LAYS-52,Lays Classic 52 g,5,20,209,204,0,0
TXN-20260720-SKU-LIFEBUOY-4,2026-07-20,SKU-LIFEBUOY-4,Lifebuoy Soap 4 x 100 g,1,135,66,65,0,0
TXN-20260720-SKU-MAGGI-280,2026-07-20,SKU-MAGGI-280,Maggi Noodles 280 g,6,56,178,172,0,0
TXN-20260720-SKU-MAIDA-1K,2026-07-20,SKU-MAIDA-1K,Maida 1 kg,2,42,96,94,0,0
TXN-20260720-SKU-MIRCH-100,2026-07-20,SKU-MIRCH-100,Red Chilli Powder 100 g,2,40,64,62,0,0
TXN-20260720-SKU-MOONG-1K,2026-07-20,SKU-MOONG-1K,Moong Dal 1 kg,4,130,94,90,0,0
TXN-20260720-SKU-MUST-1L,2026-07-20,SKU-MUST-1L,Fortune Mustard Oil 1 L,5,170,137,132,0,0
TXN-20260720-SKU-OIL-1L,2026-07-20,SKU-OIL-1L,Sunpure Cooking Oil 1 L,8,135,242,234,0,0
TXN-20260720-SKU-PARLE-G,2026-07-20,SKU-PARLE-G,Parle-G Biscuit 250 g,13,25,310,297,0,0
TXN-20260720-SKU-POHA-500,2026-07-20,SKU-POHA-500,Poha 500 g,5,36,98,93,0,0
TXN-20260720-SKU-RAJMA-1K,2026-07-20,SKU-RAJMA-1K,Rajma 1 kg,2,155,66,64,0,0
TXN-20260720-SKU-RICE-1K,2026-07-20,SKU-RICE-1K,Sona Masoori Rice 1 kg,8,70,250,242,0,0
TXN-20260720-SKU-SALT-1K,2026-07-20,SKU-SALT-1K,Tata Salt 1 kg,10,28,280,270,0,0
TXN-20260720-SKU-SPRITE-750,2026-07-20,SKU-SPRITE-750,Sprite 750 ml,2,40,122,120,0,0
TXN-20260720-SKU-SUG-1K,2026-07-20,SKU-SUG-1K,Sugar 1 kg,10,48,300,290,0,0
TXN-20260720-SKU-SUJI-500,2026-07-20,SKU-SUJI-500,Suji 500 g,2,30,70,68,0,0
TXN-20260720-SKU-SURF-1K,2026-07-20,SKU-SURF-1K,Surf Excel 1 kg,2,140,59,57,0,0
TXN-20260720-SKU-TEA-250,2026-07-20,SKU-TEA-250,Tata Tea Gold 250 g,5,160,122,117,0,0
TXN-20260720-SKU-TOOR-1K,2026-07-20,SKU-TOOR-1K,Toor Dal 1 kg,5,150,155,150,0,0
TXN-20260720-SKU-VIM-500,2026-07-20,SKU-VIM-500,Vim Bar 500 g,1,45,94,93,0,0
TXN-20260720-SKU-WATER-1L,2026-07-20,SKU-WATER-1L,Bisleri Water 1 L,12,20,376,364,0,0
TXN-20260721-SKU-ATTA-5K,2026-07-21,SKU-ATTA-5K,Aashirvaad Atta 5 kg,5,260,150,145,0,0
TXN-20260721-SKU-BAS-5K,2026-07-21,SKU-BAS-5K,India Gate Basmati 5 kg,1,600,34,33,0,0
TXN-20260721-SKU-BESAN-500,2026-07-21,SKU-BESAN-500,Besan 500 g,4,56,99,95,0,0
TXN-20260721-SKU-BREAD-400,2026-07-21,SKU-BREAD-400,Brown Bread 400 g,6,45,154,148,0,0
TXN-20260721-SKU-CHANA-1K,2026-07-21,SKU-CHANA-1K,Kabuli Chana 1 kg,2,140,59,57,0,0
TXN-20260721-SKU-COKE-750,2026-07-21,SKU-COKE-750,Coca-Cola 750 ml,9,40,184,175,0,0
TXN-20260721-SKU-COLGATE-200,2026-07-21,SKU-COLGATE-200,Colgate Toothpaste 200 g,3,115,58,55,0,0
TXN-20260721-SKU-DALIA-500,2026-07-21,SKU-DALIA-500,Dalia 500 g,1,34,36,35,0,0
TXN-20260721-SKU-DETTOL-250,2026-07-21,SKU-DETTOL-250,Dettol Liquid 250 ml,1,175,33,32,0,0
TXN-20260721-SKU-FROOTI-600,2026-07-21,SKU-FROOTI-600,Frooti 600 ml,4,35,141,137,0,0
TXN-20260721-SKU-GHEE-1L,2026-07-21,SKU-GHEE-1L,Amul Ghee 1 L,1,620,30,29,0,0
TXN-20260721-SKU-HALDI-100,2026-07-21,SKU-HALDI-100,Turmeric Powder 100 g,1,32,69,68,0,0
TXN-20260721-SKU-HARPIC-500,2026-07-21,SKU-HARPIC-500,Harpic 500 ml,2,105,43,41,0,0
TXN-20260721-SKU-LAYS-52,2026-07-21,SKU-LAYS-52,Lays Classic 52 g,4,20,204,200,0,0
TXN-20260721-SKU-LIFEBUOY-4,2026-07-21,SKU-LIFEBUOY-4,Lifebuoy Soap 4 x 100 g,3,135,65,62,0,0
TXN-20260721-SKU-MAGGI-280,2026-07-21,SKU-MAGGI-280,Maggi Noodles 280 g,9,56,172,163,0,0
TXN-20260721-SKU-MAIDA-1K,2026-07-21,SKU-MAIDA-1K,Maida 1 kg,3,42,94,91,0,0
TXN-20260721-SKU-MIRCH-100,2026-07-21,SKU-MIRCH-100,Red Chilli Powder 100 g,1,40,62,61,0,0
TXN-20260721-SKU-MOONG-1K,2026-07-21,SKU-MOONG-1K,Moong Dal 1 kg,4,130,90,86,0,0
TXN-20260721-SKU-MUST-1L,2026-07-21,SKU-MUST-1L,Fortune Mustard Oil 1 L,4,170,132,128,0,0
TXN-20260721-SKU-OIL-1L,2026-07-21,SKU-OIL-1L,Sunpure Cooking Oil 1 L,8,135,234,226,0,0
TXN-20260721-SKU-PARLE-G,2026-07-21,SKU-PARLE-G,Parle-G Biscuit 250 g,9,25,297,288,0,0
TXN-20260721-SKU-POHA-500,2026-07-21,SKU-POHA-500,Poha 500 g,3,36,93,90,0,0
TXN-20260721-SKU-RAJMA-1K,2026-07-21,SKU-RAJMA-1K,Rajma 1 kg,2,155,64,62,0,0
TXN-20260721-SKU-RICE-1K,2026-07-21,SKU-RICE-1K,Sona Masoori Rice 1 kg,9,70,242,233,0,0
TXN-20260721-SKU-SALT-1K,2026-07-21,SKU-SALT-1K,Tata Salt 1 kg,8,28,270,262,0,0
TXN-20260721-SKU-SPRITE-750,2026-07-21,SKU-SPRITE-750,Sprite 750 ml,3,40,120,117,0,0
TXN-20260721-SKU-SUG-1K,2026-07-21,SKU-SUG-1K,Sugar 1 kg,10,48,290,280,0,0
TXN-20260721-SKU-SUJI-500,2026-07-21,SKU-SUJI-500,Suji 500 g,2,30,68,66,0,0
TXN-20260721-SKU-SURF-1K,2026-07-21,SKU-SURF-1K,Surf Excel 1 kg,2,140,57,55,0,0
TXN-20260721-SKU-TEA-250,2026-07-21,SKU-TEA-250,Tata Tea Gold 250 g,5,160,117,112,0,0
TXN-20260721-SKU-TOOR-1K,2026-07-21,SKU-TOOR-1K,Toor Dal 1 kg,5,150,150,145,0,0
TXN-20260721-SKU-VIM-500,2026-07-21,SKU-VIM-500,Vim Bar 500 g,2,45,93,91,0,0
TXN-20260721-SKU-WATER-1L,2026-07-21,SKU-WATER-1L,Bisleri Water 1 L,11,20,364,353,0,0
TXN-20260722-SKU-ATTA-5K,2026-07-22,SKU-ATTA-5K,Aashirvaad Atta 5 kg,5,260,145,140,0,0
TXN-20260722-SKU-BAS-5K,2026-07-22,SKU-BAS-5K,India Gate Basmati 5 kg,1,600,33,32,0,0
TXN-20260722-SKU-BESAN-500,2026-07-22,SKU-BESAN-500,Besan 500 g,2,56,95,93,0,0
TXN-20260722-SKU-BREAD-400,2026-07-22,SKU-BREAD-400,Brown Bread 400 g,6,45,148,142,0,0
TXN-20260722-SKU-CHANA-1K,2026-07-22,SKU-CHANA-1K,Kabuli Chana 1 kg,2,140,57,55,0,0
TXN-20260722-SKU-COKE-750,2026-07-22,SKU-COKE-750,Coca-Cola 750 ml,7,40,175,168,0,0
TXN-20260722-SKU-COLGATE-200,2026-07-22,SKU-COLGATE-200,Colgate Toothpaste 200 g,2,115,55,53,0,0
TXN-20260722-SKU-DALIA-500,2026-07-22,SKU-DALIA-500,Dalia 500 g,2,34,35,33,0,0
TXN-20260722-SKU-DETTOL-250,2026-07-22,SKU-DETTOL-250,Dettol Liquid 250 ml,2,175,32,30,0,0
TXN-20260722-SKU-FROOTI-600,2026-07-22,SKU-FROOTI-600,Frooti 600 ml,4,35,137,133,0,0
TXN-20260722-SKU-GHEE-1L,2026-07-22,SKU-GHEE-1L,Amul Ghee 1 L,1,620,29,28,0,0
TXN-20260722-SKU-HALDI-100,2026-07-22,SKU-HALDI-100,Turmeric Powder 100 g,3,32,68,65,0,0
TXN-20260722-SKU-HARPIC-500,2026-07-22,SKU-HARPIC-500,Harpic 500 ml,1,105,41,40,0,0
TXN-20260722-SKU-LAYS-52,2026-07-22,SKU-LAYS-52,Lays Classic 52 g,4,20,200,196,0,0
TXN-20260722-SKU-LIFEBUOY-4,2026-07-22,SKU-LIFEBUOY-4,Lifebuoy Soap 4 x 100 g,1,135,62,61,0,0
TXN-20260722-SKU-MAGGI-280,2026-07-22,SKU-MAGGI-280,Maggi Noodles 280 g,6,56,163,157,0,0
TXN-20260722-SKU-MAIDA-1K,2026-07-22,SKU-MAIDA-1K,Maida 1 kg,3,42,91,88,0,0
TXN-20260722-SKU-MIRCH-100,2026-07-22,SKU-MIRCH-100,Red Chilli Powder 100 g,2,40,61,59,0,0
TXN-20260722-SKU-MOONG-1K,2026-07-22,SKU-MOONG-1K,Moong Dal 1 kg,4,130,86,82,0,0
TXN-20260722-SKU-MUST-1L,2026-07-22,SKU-MUST-1L,Fortune Mustard Oil 1 L,4,170,128,124,0,0
TXN-20260722-SKU-OIL-1L,2026-07-22,SKU-OIL-1L,Sunpure Cooking Oil 1 L,8,135,226,218,0,0
TXN-20260722-SKU-PARLE-G,2026-07-22,SKU-PARLE-G,Parle-G Biscuit 250 g,7,25,288,281,0,0
TXN-20260722-SKU-POHA-500,2026-07-22,SKU-POHA-500,Poha 500 g,3,36,90,87,0,0
TXN-20260722-SKU-RAJMA-1K,2026-07-22,SKU-RAJMA-1K,Rajma 1 kg,1,155,62,61,0,0
TXN-20260722-SKU-RICE-1K,2026-07-22,SKU-RICE-1K,Sona Masoori Rice 1 kg,9,70,233,224,0,0
TXN-20260722-SKU-SALT-1K,2026-07-22,SKU-SALT-1K,Tata Salt 1 kg,12,28,262,250,0,0
TXN-20260722-SKU-SPRITE-750,2026-07-22,SKU-SPRITE-750,Sprite 750 ml,3,40,117,114,0,0
TXN-20260722-SKU-SUG-1K,2026-07-22,SKU-SUG-1K,Sugar 1 kg,10,48,280,270,0,0
TXN-20260722-SKU-SUJI-500,2026-07-22,SKU-SUJI-500,Suji 500 g,2,30,66,64,0,0
TXN-20260722-SKU-SURF-1K,2026-07-22,SKU-SURF-1K,Surf Excel 1 kg,2,140,55,53,0,0
TXN-20260722-SKU-TEA-250,2026-07-22,SKU-TEA-250,Tata Tea Gold 250 g,3,160,112,109,0,0
TXN-20260722-SKU-TOOR-1K,2026-07-22,SKU-TOOR-1K,Toor Dal 1 kg,5,150,145,140,0,0
TXN-20260722-SKU-VIM-500,2026-07-22,SKU-VIM-500,Vim Bar 500 g,4,45,91,87,0,0
TXN-20260722-SKU-WATER-1L,2026-07-22,SKU-WATER-1L,Bisleri Water 1 L,14,20,353,339,0,0
TXN-20260723-SKU-ATTA-5K,2026-07-23,SKU-ATTA-5K,Aashirvaad Atta 5 kg,5,260,140,135,0,0
TXN-20260723-SKU-BAS-5K,2026-07-23,SKU-BAS-5K,India Gate Basmati 5 kg,1,600,32,31,0,0
TXN-20260723-SKU-BESAN-500,2026-07-23,SKU-BESAN-500,Besan 500 g,3,56,93,90,0,0
TXN-20260723-SKU-BREAD-400,2026-07-23,SKU-BREAD-400,Brown Bread 400 g,6,45,142,136,0,0
TXN-20260723-SKU-CHANA-1K,2026-07-23,SKU-CHANA-1K,Kabuli Chana 1 kg,2,140,55,53,0,0
TXN-20260723-SKU-COKE-750,2026-07-23,SKU-COKE-750,Coca-Cola 750 ml,6,40,168,162,0,0
TXN-20260723-SKU-COLGATE-200,2026-07-23,SKU-COLGATE-200,Colgate Toothpaste 200 g,1,115,53,52,0,0
TXN-20260723-SKU-DALIA-500,2026-07-23,SKU-DALIA-500,Dalia 500 g,1,34,33,32,0,0
TXN-20260723-SKU-DETTOL-250,2026-07-23,SKU-DETTOL-250,Dettol Liquid 250 ml,1,175,30,29,0,0
TXN-20260723-SKU-FROOTI-600,2026-07-23,SKU-FROOTI-600,Frooti 600 ml,5,35,133,128,0,0
TXN-20260723-SKU-GHEE-1L,2026-07-23,SKU-GHEE-1L,Amul Ghee 1 L,1,620,28,27,0,0
TXN-20260723-SKU-HALDI-100,2026-07-23,SKU-HALDI-100,Turmeric Powder 100 g,2,32,65,63,0,0
TXN-20260723-SKU-HARPIC-500,2026-07-23,SKU-HARPIC-500,Harpic 500 ml,2,105,40,38,0,0
TXN-20260723-SKU-LAYS-52,2026-07-23,SKU-LAYS-52,Lays Classic 52 g,7,20,196,189,0,0
TXN-20260723-SKU-LIFEBUOY-4,2026-07-23,SKU-LIFEBUOY-4,Lifebuoy Soap 4 x 100 g,2,135,61,59,0,0
TXN-20260723-SKU-MAGGI-280,2026-07-23,SKU-MAGGI-280,Maggi Noodles 280 g,5,56,157,152,0,0
TXN-20260723-SKU-MAIDA-1K,2026-07-23,SKU-MAIDA-1K,Maida 1 kg,3,42,88,85,0,0
TXN-20260723-SKU-MIRCH-100,2026-07-23,SKU-MIRCH-100,Red Chilli Powder 100 g,0,40,59,59,0,0
TXN-20260723-SKU-MOONG-1K,2026-07-23,SKU-MOONG-1K,Moong Dal 1 kg,4,130,82,78,0,0
TXN-20260723-SKU-MUST-1L,2026-07-23,SKU-MUST-1L,Fortune Mustard Oil 1 L,5,170,124,119,0,0
TXN-20260723-SKU-OIL-1L,2026-07-23,SKU-OIL-1L,Sunpure Cooking Oil 1 L,8,135,218,210,0,0
TXN-20260723-SKU-PARLE-G,2026-07-23,SKU-PARLE-G,Parle-G Biscuit 250 g,6,25,281,275,0,0
TXN-20260723-SKU-POHA-500,2026-07-23,SKU-POHA-500,Poha 500 g,3,36,87,84,0,0
TXN-20260723-SKU-RAJMA-1K,2026-07-23,SKU-RAJMA-1K,Rajma 1 kg,1,155,61,60,0,0
TXN-20260723-SKU-RICE-1K,2026-07-23,SKU-RICE-1K,Sona Masoori Rice 1 kg,8,70,224,216,0,0
TXN-20260723-SKU-SALT-1K,2026-07-23,SKU-SALT-1K,Tata Salt 1 kg,7,28,250,243,0,0
TXN-20260723-SKU-SPRITE-750,2026-07-23,SKU-SPRITE-750,Sprite 750 ml,4,40,114,110,0,0
TXN-20260723-SKU-SUG-1K,2026-07-23,SKU-SUG-1K,Sugar 1 kg,10,48,270,260,0,0
TXN-20260723-SKU-SUJI-500,2026-07-23,SKU-SUJI-500,Suji 500 g,1,30,64,63,0,0
TXN-20260723-SKU-SURF-1K,2026-07-23,SKU-SURF-1K,Surf Excel 1 kg,1,140,53,52,0,0
TXN-20260723-SKU-TEA-250,2026-07-23,SKU-TEA-250,Tata Tea Gold 250 g,4,160,109,105,0,0
TXN-20260723-SKU-TOOR-1K,2026-07-23,SKU-TOOR-1K,Toor Dal 1 kg,5,150,140,135,0,0
TXN-20260723-SKU-VIM-500,2026-07-23,SKU-VIM-500,Vim Bar 500 g,3,45,87,84,0,0
TXN-20260723-SKU-WATER-1L,2026-07-23,SKU-WATER-1L,Bisleri Water 1 L,11,20,339,328,0,0
TXN-20260724-SKU-ATTA-5K,2026-07-24,SKU-ATTA-5K,Aashirvaad Atta 5 kg,5,260,135,130,0,0
TXN-20260724-SKU-BAS-5K,2026-07-24,SKU-BAS-5K,India Gate Basmati 5 kg,2,600,31,29,0,0
TXN-20260724-SKU-BESAN-500,2026-07-24,SKU-BESAN-500,Besan 500 g,4,56,90,86,0,0
TXN-20260724-SKU-BREAD-400,2026-07-24,SKU-BREAD-400,Brown Bread 400 g,6,45,136,130,0,0
TXN-20260724-SKU-CHANA-1K,2026-07-24,SKU-CHANA-1K,Kabuli Chana 1 kg,1,140,53,52,0,0
TXN-20260724-SKU-COKE-750,2026-07-24,SKU-COKE-750,Coca-Cola 750 ml,7,40,162,155,0,0
TXN-20260724-SKU-COLGATE-200,2026-07-24,SKU-COLGATE-200,Colgate Toothpaste 200 g,3,115,52,49,0,0
TXN-20260724-SKU-DALIA-500,2026-07-24,SKU-DALIA-500,Dalia 500 g,1,34,32,31,0,0
TXN-20260724-SKU-DETTOL-250,2026-07-24,SKU-DETTOL-250,Dettol Liquid 250 ml,0,175,29,29,0,0
TXN-20260724-SKU-FROOTI-600,2026-07-24,SKU-FROOTI-600,Frooti 600 ml,5,35,128,123,0,0
TXN-20260724-SKU-GHEE-1L,2026-07-24,SKU-GHEE-1L,Amul Ghee 1 L,1,620,27,26,0,0
TXN-20260724-SKU-HALDI-100,2026-07-24,SKU-HALDI-100,Turmeric Powder 100 g,3,32,63,60,0,0
TXN-20260724-SKU-HARPIC-500,2026-07-24,SKU-HARPIC-500,Harpic 500 ml,1,105,38,37,0,0
TXN-20260724-SKU-LAYS-52,2026-07-24,SKU-LAYS-52,Lays Classic 52 g,5,20,189,184,0,0
TXN-20260724-SKU-LIFEBUOY-4,2026-07-24,SKU-LIFEBUOY-4,Lifebuoy Soap 4 x 100 g,2,135,59,57,0,0
TXN-20260724-SKU-MAGGI-280,2026-07-24,SKU-MAGGI-280,Maggi Noodles 280 g,7,56,152,145,0,0
TXN-20260724-SKU-MAIDA-1K,2026-07-24,SKU-MAIDA-1K,Maida 1 kg,3,42,85,82,0,0
TXN-20260724-SKU-MIRCH-100,2026-07-24,SKU-MIRCH-100,Red Chilli Powder 100 g,2,40,59,57,0,0
TXN-20260724-SKU-MOONG-1K,2026-07-24,SKU-MOONG-1K,Moong Dal 1 kg,3,130,78,75,0,0
TXN-20260724-SKU-MUST-1L,2026-07-24,SKU-MUST-1L,Fortune Mustard Oil 1 L,5,170,119,114,0,0
TXN-20260724-SKU-OIL-1L,2026-07-24,SKU-OIL-1L,Sunpure Cooking Oil 1 L,8,135,210,202,0,0
TXN-20260724-SKU-PARLE-G,2026-07-24,SKU-PARLE-G,Parle-G Biscuit 250 g,10,25,275,265,0,0
TXN-20260724-SKU-POHA-500,2026-07-24,SKU-POHA-500,Poha 500 g,4,36,84,80,0,0
TXN-20260724-SKU-RAJMA-1K,2026-07-24,SKU-RAJMA-1K,Rajma 1 kg,2,155,60,58,0,0
TXN-20260724-SKU-RICE-1K,2026-07-24,SKU-RICE-1K,Sona Masoori Rice 1 kg,6,70,216,210,0,0
TXN-20260724-SKU-SALT-1K,2026-07-24,SKU-SALT-1K,Tata Salt 1 kg,10,28,243,233,0,0
TXN-20260724-SKU-SPRITE-750,2026-07-24,SKU-SPRITE-750,Sprite 750 ml,4,40,110,106,0,0
TXN-20260724-SKU-SUG-1K,2026-07-24,SKU-SUG-1K,Sugar 1 kg,10,48,260,250,0,0
TXN-20260724-SKU-SUJI-500,2026-07-24,SKU-SUJI-500,Suji 500 g,2,30,63,61,0,0
TXN-20260724-SKU-SURF-1K,2026-07-24,SKU-SURF-1K,Surf Excel 1 kg,1,140,52,51,0,0
TXN-20260724-SKU-TEA-250,2026-07-24,SKU-TEA-250,Tata Tea Gold 250 g,5,160,105,100,0,0
TXN-20260724-SKU-TOOR-1K,2026-07-24,SKU-TOOR-1K,Toor Dal 1 kg,5,150,135,130,0,0
TXN-20260724-SKU-VIM-500,2026-07-24,SKU-VIM-500,Vim Bar 500 g,2,45,84,82,0,0
TXN-20260724-SKU-WATER-1L,2026-07-24,SKU-WATER-1L,Bisleri Water 1 L,10,20,328,318,0,0
TXN-20260725-SKU-ATTA-5K,2026-07-25,SKU-ATTA-5K,Aashirvaad Atta 5 kg,5,260,130,125,0,0
TXN-20260725-SKU-BAS-5K,2026-07-25,SKU-BAS-5K,India Gate Basmati 5 kg,1,600,29,28,0,0
TXN-20260725-SKU-BESAN-500,2026-07-25,SKU-BESAN-500,Besan 500 g,3,56,86,83,0,0
TXN-20260725-SKU-BREAD-400,2026-07-25,SKU-BREAD-400,Brown Bread 400 g,7,45,130,123,0,0
TXN-20260725-SKU-CHANA-1K,2026-07-25,SKU-CHANA-1K,Kabuli Chana 1 kg,0,140,52,52,0,0
TXN-20260725-SKU-COKE-750,2026-07-25,SKU-COKE-750,Coca-Cola 750 ml,7,40,155,148,0,0
TXN-20260725-SKU-COLGATE-200,2026-07-25,SKU-COLGATE-200,Colgate Toothpaste 200 g,2,115,49,47,0,0
TXN-20260725-SKU-DALIA-500,2026-07-25,SKU-DALIA-500,Dalia 500 g,0,34,31,31,0,0
TXN-20260725-SKU-DETTOL-250,2026-07-25,SKU-DETTOL-250,Dettol Liquid 250 ml,2,175,29,27,0,0
TXN-20260725-SKU-FROOTI-600,2026-07-25,SKU-FROOTI-600,Frooti 600 ml,4,35,123,119,0,0
TXN-20260725-SKU-GHEE-1L,2026-07-25,SKU-GHEE-1L,Amul Ghee 1 L,2,620,26,24,0,0
TXN-20260725-SKU-HALDI-100,2026-07-25,SKU-HALDI-100,Turmeric Powder 100 g,2,32,60,58,0,0
TXN-20260725-SKU-HARPIC-500,2026-07-25,SKU-HARPIC-500,Harpic 500 ml,1,105,37,36,0,0
TXN-20260725-SKU-LAYS-52,2026-07-25,SKU-LAYS-52,Lays Classic 52 g,7,20,184,177,0,0
TXN-20260725-SKU-LIFEBUOY-4,2026-07-25,SKU-LIFEBUOY-4,Lifebuoy Soap 4 x 100 g,3,135,57,54,0,0
TXN-20260725-SKU-MAGGI-280,2026-07-25,SKU-MAGGI-280,Maggi Noodles 280 g,7,56,145,138,0,0
TXN-20260725-SKU-MAIDA-1K,2026-07-25,SKU-MAIDA-1K,Maida 1 kg,3,42,82,79,0,0
TXN-20260725-SKU-MIRCH-100,2026-07-25,SKU-MIRCH-100,Red Chilli Powder 100 g,2,40,57,55,0,0
TXN-20260725-SKU-MOONG-1K,2026-07-25,SKU-MOONG-1K,Moong Dal 1 kg,3,130,75,72,0,0
TXN-20260725-SKU-MUST-1L,2026-07-25,SKU-MUST-1L,Fortune Mustard Oil 1 L,4,170,114,110,0,0
TXN-20260725-SKU-OIL-1L,2026-07-25,SKU-OIL-1L,Sunpure Cooking Oil 1 L,8,135,202,194,0,0
TXN-20260725-SKU-PARLE-G,2026-07-25,SKU-PARLE-G,Parle-G Biscuit 250 g,10,25,265,255,0,0
TXN-20260725-SKU-POHA-500,2026-07-25,SKU-POHA-500,Poha 500 g,4,36,80,76,0,0
TXN-20260725-SKU-RAJMA-1K,2026-07-25,SKU-RAJMA-1K,Rajma 1 kg,1,155,58,57,0,0
TXN-20260725-SKU-RICE-1K,2026-07-25,SKU-RICE-1K,Sona Masoori Rice 1 kg,9,70,210,201,0,0
TXN-20260725-SKU-SALT-1K,2026-07-25,SKU-SALT-1K,Tata Salt 1 kg,9,28,233,224,0,0
TXN-20260725-SKU-SPRITE-750,2026-07-25,SKU-SPRITE-750,Sprite 750 ml,4,40,106,102,0,0
TXN-20260725-SKU-SUG-1K,2026-07-25,SKU-SUG-1K,Sugar 1 kg,10,48,250,240,0,0
TXN-20260725-SKU-SUJI-500,2026-07-25,SKU-SUJI-500,Suji 500 g,2,30,61,59,0,0
TXN-20260725-SKU-SURF-1K,2026-07-25,SKU-SURF-1K,Surf Excel 1 kg,2,140,51,49,0,0
TXN-20260725-SKU-TEA-250,2026-07-25,SKU-TEA-250,Tata Tea Gold 250 g,4,160,100,96,0,0
TXN-20260725-SKU-TOOR-1K,2026-07-25,SKU-TOOR-1K,Toor Dal 1 kg,5,150,130,125,0,0
TXN-20260725-SKU-VIM-500,2026-07-25,SKU-VIM-500,Vim Bar 500 g,3,45,82,79,0,0
TXN-20260725-SKU-WATER-1L,2026-07-25,SKU-WATER-1L,Bisleri Water 1 L,14,20,318,304,0,0
TXN-20260726-SKU-ATTA-5K,2026-07-26,SKU-ATTA-5K,Aashirvaad Atta 5 kg,5,260,125,120,0,0
TXN-20260726-SKU-BAS-5K,2026-07-26,SKU-BAS-5K,India Gate Basmati 5 kg,1,600,28,27,0,0
TXN-20260726-SKU-BESAN-500,2026-07-26,SKU-BESAN-500,Besan 500 g,3,56,83,80,0,0
TXN-20260726-SKU-BREAD-400,2026-07-26,SKU-BREAD-400,Brown Bread 400 g,6,45,123,117,0,0
TXN-20260726-SKU-CHANA-1K,2026-07-26,SKU-CHANA-1K,Kabuli Chana 1 kg,2,140,52,50,0,0
TXN-20260726-SKU-COKE-750,2026-07-26,SKU-COKE-750,Coca-Cola 750 ml,5,40,148,143,0,0
TXN-20260726-SKU-COLGATE-200,2026-07-26,SKU-COLGATE-200,Colgate Toothpaste 200 g,2,115,47,45,0,0
TXN-20260726-SKU-DALIA-500,2026-07-26,SKU-DALIA-500,Dalia 500 g,1,34,31,30,0,0
TXN-20260726-SKU-DETTOL-250,2026-07-26,SKU-DETTOL-250,Dettol Liquid 250 ml,0,175,27,27,0,0
TXN-20260726-SKU-FROOTI-600,2026-07-26,SKU-FROOTI-600,Frooti 600 ml,4,35,119,115,0,0
TXN-20260726-SKU-GHEE-1L,2026-07-26,SKU-GHEE-1L,Amul Ghee 1 L,0,620,24,24,0,0
TXN-20260726-SKU-HALDI-100,2026-07-26,SKU-HALDI-100,Turmeric Powder 100 g,3,32,58,55,0,0
TXN-20260726-SKU-HARPIC-500,2026-07-26,SKU-HARPIC-500,Harpic 500 ml,1,105,36,35,0,0
TXN-20260726-SKU-LAYS-52,2026-07-26,SKU-LAYS-52,Lays Classic 52 g,7,20,177,170,0,0
TXN-20260726-SKU-LIFEBUOY-4,2026-07-26,SKU-LIFEBUOY-4,Lifebuoy Soap 4 x 100 g,2,135,54,52,0,0
TXN-20260726-SKU-MAGGI-280,2026-07-26,SKU-MAGGI-280,Maggi Noodles 280 g,6,56,138,132,0,0
TXN-20260726-SKU-MAIDA-1K,2026-07-26,SKU-MAIDA-1K,Maida 1 kg,2,42,79,77,0,0
TXN-20260726-SKU-MIRCH-100,2026-07-26,SKU-MIRCH-100,Red Chilli Powder 100 g,3,40,55,52,0,0
TXN-20260726-SKU-MOONG-1K,2026-07-26,SKU-MOONG-1K,Moong Dal 1 kg,2,130,72,70,0,0
TXN-20260726-SKU-MUST-1L,2026-07-26,SKU-MUST-1L,Fortune Mustard Oil 1 L,4,170,110,106,0,0
TXN-20260726-SKU-OIL-1L,2026-07-26,SKU-OIL-1L,Sunpure Cooking Oil 1 L,8,135,194,186,0,0
TXN-20260726-SKU-PARLE-G,2026-07-26,SKU-PARLE-G,Parle-G Biscuit 250 g,13,25,255,242,0,0
TXN-20260726-SKU-POHA-500,2026-07-26,SKU-POHA-500,Poha 500 g,3,36,76,73,0,0
TXN-20260726-SKU-RAJMA-1K,2026-07-26,SKU-RAJMA-1K,Rajma 1 kg,2,155,57,55,0,0
TXN-20260726-SKU-RICE-1K,2026-07-26,SKU-RICE-1K,Sona Masoori Rice 1 kg,6,70,201,195,0,0
TXN-20260726-SKU-SALT-1K,2026-07-26,SKU-SALT-1K,Tata Salt 1 kg,10,28,224,214,0,0
TXN-20260726-SKU-SPRITE-750,2026-07-26,SKU-SPRITE-750,Sprite 750 ml,5,40,102,97,0,0
TXN-20260726-SKU-SUG-1K,2026-07-26,SKU-SUG-1K,Sugar 1 kg,10,48,240,230,0,0
TXN-20260726-SKU-SUJI-500,2026-07-26,SKU-SUJI-500,Suji 500 g,2,30,59,57,0,0
TXN-20260726-SKU-SURF-1K,2026-07-26,SKU-SURF-1K,Surf Excel 1 kg,2,140,49,47,0,0
TXN-20260726-SKU-TEA-250,2026-07-26,SKU-TEA-250,Tata Tea Gold 250 g,6,160,96,90,0,0
TXN-20260726-SKU-TOOR-1K,2026-07-26,SKU-TOOR-1K,Toor Dal 1 kg,5,150,125,120,0,0
TXN-20260726-SKU-VIM-500,2026-07-26,SKU-VIM-500,Vim Bar 500 g,2,45,79,77,0,0
TXN-20260726-SKU-WATER-1L,2026-07-26,SKU-WATER-1L,Bisleri Water 1 L,8,20,304,296,0,0
TXN-20260727-SKU-ATTA-5K,2026-07-27,SKU-ATTA-5K,Aashirvaad Atta 5 kg,5,260,120,115,0,0
TXN-20260727-SKU-BAS-5K,2026-07-27,SKU-BAS-5K,India Gate Basmati 5 kg,1,600,27,26,0,0
TXN-20260727-SKU-BESAN-500,2026-07-27,SKU-BESAN-500,Besan 500 g,3,56,80,77,0,0
TXN-20260727-SKU-BREAD-400,2026-07-27,SKU-BREAD-400,Brown Bread 400 g,4,45,117,113,0,0
TXN-20260727-SKU-CHANA-1K,2026-07-27,SKU-CHANA-1K,Kabuli Chana 1 kg,2,140,50,48,0,0
TXN-20260727-SKU-COKE-750,2026-07-27,SKU-COKE-750,Coca-Cola 750 ml,6,40,143,137,0,0
TXN-20260727-SKU-COLGATE-200,2026-07-27,SKU-COLGATE-200,Colgate Toothpaste 200 g,2,115,45,43,0,0
TXN-20260727-SKU-DALIA-500,2026-07-27,SKU-DALIA-500,Dalia 500 g,1,34,30,29,0,0
TXN-20260727-SKU-DETTOL-250,2026-07-27,SKU-DETTOL-250,Dettol Liquid 250 ml,1,175,27,26,0,0
TXN-20260727-SKU-FROOTI-600,2026-07-27,SKU-FROOTI-600,Frooti 600 ml,4,35,115,111,0,0
TXN-20260727-SKU-GHEE-1L,2026-07-27,SKU-GHEE-1L,Amul Ghee 1 L,2,620,24,22,0,0
TXN-20260727-SKU-HALDI-100,2026-07-27,SKU-HALDI-100,Turmeric Powder 100 g,3,32,55,52,0,0
TXN-20260727-SKU-HARPIC-500,2026-07-27,SKU-HARPIC-500,Harpic 500 ml,2,105,35,33,0,0
TXN-20260727-SKU-LAYS-52,2026-07-27,SKU-LAYS-52,Lays Classic 52 g,5,20,170,165,0,0
TXN-20260727-SKU-LIFEBUOY-4,2026-07-27,SKU-LIFEBUOY-4,Lifebuoy Soap 4 x 100 g,1,135,52,51,0,0
TXN-20260727-SKU-MAGGI-280,2026-07-27,SKU-MAGGI-280,Maggi Noodles 280 g,7,56,132,125,0,0
TXN-20260727-SKU-MAIDA-1K,2026-07-27,SKU-MAIDA-1K,Maida 1 kg,2,42,77,75,0,0
TXN-20260727-SKU-MIRCH-100,2026-07-27,SKU-MIRCH-100,Red Chilli Powder 100 g,2,40,52,50,0,0
TXN-20260727-SKU-MOONG-1K,2026-07-27,SKU-MOONG-1K,Moong Dal 1 kg,3,130,70,67,0,0
TXN-20260727-SKU-MUST-1L,2026-07-27,SKU-MUST-1L,Fortune Mustard Oil 1 L,3,170,106,103,0,0
TXN-20260727-SKU-OIL-1L,2026-07-27,SKU-OIL-1L,Sunpure Cooking Oil 1 L,8,135,186,178,0,0
TXN-20260727-SKU-PARLE-G,2026-07-27,SKU-PARLE-G,Parle-G Biscuit 250 g,15,25,242,227,0,0
TXN-20260727-SKU-POHA-500,2026-07-27,SKU-POHA-500,Poha 500 g,3,36,73,70,0,0
TXN-20260727-SKU-RAJMA-1K,2026-07-27,SKU-RAJMA-1K,Rajma 1 kg,1,155,55,54,0,0
TXN-20260727-SKU-RICE-1K,2026-07-27,SKU-RICE-1K,Sona Masoori Rice 1 kg,11,70,195,184,0,0
TXN-20260727-SKU-SALT-1K,2026-07-27,SKU-SALT-1K,Tata Salt 1 kg,10,28,214,204,0,0
TXN-20260727-SKU-SPRITE-750,2026-07-27,SKU-SPRITE-750,Sprite 750 ml,2,40,97,95,0,0
TXN-20260727-SKU-SUG-1K,2026-07-27,SKU-SUG-1K,Sugar 1 kg,10,48,230,220,0,0
TXN-20260727-SKU-SUJI-500,2026-07-27,SKU-SUJI-500,Suji 500 g,2,30,57,55,0,0
TXN-20260727-SKU-SURF-1K,2026-07-27,SKU-SURF-1K,Surf Excel 1 kg,2,140,47,45,0,0
TXN-20260727-SKU-TEA-250,2026-07-27,SKU-TEA-250,Tata Tea Gold 250 g,3,160,90,87,0,0
TXN-20260727-SKU-TOOR-1K,2026-07-27,SKU-TOOR-1K,Toor Dal 1 kg,5,150,120,115,0,0
TXN-20260727-SKU-VIM-500,2026-07-27,SKU-VIM-500,Vim Bar 500 g,4,45,77,73,0,0
TXN-20260727-SKU-WATER-1L,2026-07-27,SKU-WATER-1L,Bisleri Water 1 L,13,20,296,283,0,0
TXN-20260728-SKU-ATTA-5K,2026-07-28,SKU-ATTA-5K,Aashirvaad Atta 5 kg,5,260,115,110,0,0
TXN-20260728-SKU-BAS-5K,2026-07-28,SKU-BAS-5K,India Gate Basmati 5 kg,1,600,26,25,0,0
TXN-20260728-SKU-BESAN-500,2026-07-28,SKU-BESAN-500,Besan 500 g,4,56,77,73,0,0
TXN-20260728-SKU-BREAD-400,2026-07-28,SKU-BREAD-400,Brown Bread 400 g,7,45,113,106,0,0
TXN-20260728-SKU-CHANA-1K,2026-07-28,SKU-CHANA-1K,Kabuli Chana 1 kg,2,140,48,46,0,0
TXN-20260728-SKU-COKE-750,2026-07-28,SKU-COKE-750,Coca-Cola 750 ml,7,40,137,130,0,0
TXN-20260728-SKU-COLGATE-200,2026-07-28,SKU-COLGATE-200,Colgate Toothpaste 200 g,2,115,43,41,0,0
TXN-20260728-SKU-DALIA-500,2026-07-28,SKU-DALIA-500,Dalia 500 g,0,34,29,29,0,0
TXN-20260728-SKU-DETTOL-250,2026-07-28,SKU-DETTOL-250,Dettol Liquid 250 ml,2,175,26,24,0,0
TXN-20260728-SKU-FROOTI-600,2026-07-28,SKU-FROOTI-600,Frooti 600 ml,5,35,111,106,0,0
TXN-20260728-SKU-GHEE-1L,2026-07-28,SKU-GHEE-1L,Amul Ghee 1 L,0,620,22,22,0,0
TXN-20260728-SKU-HALDI-100,2026-07-28,SKU-HALDI-100,Turmeric Powder 100 g,2,32,52,50,0,0
TXN-20260728-SKU-HARPIC-500,2026-07-28,SKU-HARPIC-500,Harpic 500 ml,1,105,33,32,0,0
TXN-20260728-SKU-LAYS-52,2026-07-28,SKU-LAYS-52,Lays Classic 52 g,4,20,165,161,0,0
TXN-20260728-SKU-LIFEBUOY-4,2026-07-28,SKU-LIFEBUOY-4,Lifebuoy Soap 4 x 100 g,1,135,51,50,0,0
TXN-20260728-SKU-MAGGI-280,2026-07-28,SKU-MAGGI-280,Maggi Noodles 280 g,3,56,125,122,0,0
TXN-20260728-SKU-MAIDA-1K,2026-07-28,SKU-MAIDA-1K,Maida 1 kg,2,42,75,73,0,0
TXN-20260728-SKU-MIRCH-100,2026-07-28,SKU-MIRCH-100,Red Chilli Powder 100 g,2,40,50,48,0,0
TXN-20260728-SKU-MOONG-1K,2026-07-28,SKU-MOONG-1K,Moong Dal 1 kg,1,130,67,66,0,0
TXN-20260728-SKU-MUST-1L,2026-07-28,SKU-MUST-1L,Fortune Mustard Oil 1 L,5,170,103,98,0,0
TXN-20260728-SKU-OIL-1L,2026-07-28,SKU-OIL-1L,Sunpure Cooking Oil 1 L,8,135,178,170,0,0
TXN-20260728-SKU-PARLE-G,2026-07-28,SKU-PARLE-G,Parle-G Biscuit 250 g,8,25,227,219,0,0
TXN-20260728-SKU-POHA-500,2026-07-28,SKU-POHA-500,Poha 500 g,3,36,70,67,0,0
TXN-20260728-SKU-RAJMA-1K,2026-07-28,SKU-RAJMA-1K,Rajma 1 kg,2,155,54,52,0,0
TXN-20260728-SKU-RICE-1K,2026-07-28,SKU-RICE-1K,Sona Masoori Rice 1 kg,13,70,184,171,0,0
TXN-20260728-SKU-SALT-1K,2026-07-28,SKU-SALT-1K,Tata Salt 1 kg,10,28,204,194,0,0
TXN-20260728-SKU-SPRITE-750,2026-07-28,SKU-SPRITE-750,Sprite 750 ml,5,40,95,90,0,0
TXN-20260728-SKU-SUG-1K,2026-07-28,SKU-SUG-1K,Sugar 1 kg,10,48,220,210,0,0
TXN-20260728-SKU-SUJI-500,2026-07-28,SKU-SUJI-500,Suji 500 g,2,30,55,53,0,0
TXN-20260728-SKU-SURF-1K,2026-07-28,SKU-SURF-1K,Surf Excel 1 kg,1,140,45,44,0,0
TXN-20260728-SKU-TEA-250,2026-07-28,SKU-TEA-250,Tata Tea Gold 250 g,6,160,87,81,0,0
TXN-20260728-SKU-TOOR-1K,2026-07-28,SKU-TOOR-1K,Toor Dal 1 kg,5,150,115,110,0,0
TXN-20260728-SKU-VIM-500,2026-07-28,SKU-VIM-500,Vim Bar 500 g,3,45,73,70,0,0
TXN-20260728-SKU-WATER-1L,2026-07-28,SKU-WATER-1L,Bisleri Water 1 L,14,20,283,269,0,0
TXN-20260729-SKU-ATTA-5K,2026-07-29,SKU-ATTA-5K,Aashirvaad Atta 5 kg,5,260,110,105,0,0
TXN-20260729-SKU-BAS-5K,2026-07-29,SKU-BAS-5K,India Gate Basmati 5 kg,1,600,25,24,0,0
TXN-20260729-SKU-BESAN-500,2026-07-29,SKU-BESAN-500,Besan 500 g,4,56,73,69,0,0
TXN-20260729-SKU-BREAD-400,2026-07-29,SKU-BREAD-400,Brown Bread 400 g,5,45,106,101,0,0
TXN-20260729-SKU-CHANA-1K,2026-07-29,SKU-CHANA-1K,Kabuli Chana 1 kg,2,140,46,44,0,0
TXN-20260729-SKU-COKE-750,2026-07-29,SKU-COKE-750,Coca-Cola 750 ml,5,40,130,125,0,0
TXN-20260729-SKU-COLGATE-200,2026-07-29,SKU-COLGATE-200,Colgate Toothpaste 200 g,2,115,41,39,0,0
TXN-20260729-SKU-DALIA-500,2026-07-29,SKU-DALIA-500,Dalia 500 g,2,34,29,27,0,0
TXN-20260729-SKU-DETTOL-250,2026-07-29,SKU-DETTOL-250,Dettol Liquid 250 ml,2,175,24,22,0,0
TXN-20260729-SKU-FROOTI-600,2026-07-29,SKU-FROOTI-600,Frooti 600 ml,4,35,106,102,0,0
TXN-20260729-SKU-GHEE-1L,2026-07-29,SKU-GHEE-1L,Amul Ghee 1 L,1,620,22,21,0,0
TXN-20260729-SKU-HALDI-100,2026-07-29,SKU-HALDI-100,Turmeric Powder 100 g,1,32,50,49,0,0
TXN-20260729-SKU-HARPIC-500,2026-07-29,SKU-HARPIC-500,Harpic 500 ml,1,105,32,31,0,0
TXN-20260729-SKU-LAYS-52,2026-07-29,SKU-LAYS-52,Lays Classic 52 g,10,20,161,151,0,0
TXN-20260729-SKU-LIFEBUOY-4,2026-07-29,SKU-LIFEBUOY-4,Lifebuoy Soap 4 x 100 g,2,135,50,48,0,0
TXN-20260729-SKU-MAGGI-280,2026-07-29,SKU-MAGGI-280,Maggi Noodles 280 g,5,56,122,117,0,0
TXN-20260729-SKU-MAIDA-1K,2026-07-29,SKU-MAIDA-1K,Maida 1 kg,3,42,73,70,0,0
TXN-20260729-SKU-MIRCH-100,2026-07-29,SKU-MIRCH-100,Red Chilli Powder 100 g,2,40,48,46,0,0
TXN-20260729-SKU-MOONG-1K,2026-07-29,SKU-MOONG-1K,Moong Dal 1 kg,3,130,66,63,0,0
TXN-20260729-SKU-MUST-1L,2026-07-29,SKU-MUST-1L,Fortune Mustard Oil 1 L,5,170,98,93,0,0
TXN-20260729-SKU-OIL-1L,2026-07-29,SKU-OIL-1L,Sunpure Cooking Oil 1 L,8,135,170,162,0,0
TXN-20260729-SKU-PARLE-G,2026-07-29,SKU-PARLE-G,Parle-G Biscuit 250 g,14,25,219,205,0,0
TXN-20260729-SKU-POHA-500,2026-07-29,SKU-POHA-500,Poha 500 g,3,36,67,64,0,0
TXN-20260729-SKU-RAJMA-1K,2026-07-29,SKU-RAJMA-1K,Rajma 1 kg,2,155,52,50,0,0
TXN-20260729-SKU-RICE-1K,2026-07-29,SKU-RICE-1K,Sona Masoori Rice 1 kg,6,70,171,165,0,0
TXN-20260729-SKU-SALT-1K,2026-07-29,SKU-SALT-1K,Tata Salt 1 kg,9,28,194,185,0,0
TXN-20260729-SKU-SPRITE-750,2026-07-29,SKU-SPRITE-750,Sprite 750 ml,4,40,90,86,0,0
TXN-20260729-SKU-SUG-1K,2026-07-29,SKU-SUG-1K,Sugar 1 kg,10,48,210,200,0,0
TXN-20260729-SKU-SUJI-500,2026-07-29,SKU-SUJI-500,Suji 500 g,2,30,53,51,0,0
TXN-20260729-SKU-SURF-1K,2026-07-29,SKU-SURF-1K,Surf Excel 1 kg,3,140,44,41,0,0
TXN-20260729-SKU-TEA-250,2026-07-29,SKU-TEA-250,Tata Tea Gold 250 g,5,160,81,76,0,0
TXN-20260729-SKU-TOOR-1K,2026-07-29,SKU-TOOR-1K,Toor Dal 1 kg,5,150,110,105,0,0
TXN-20260729-SKU-VIM-500,2026-07-29,SKU-VIM-500,Vim Bar 500 g,3,45,70,67,0,0
TXN-20260729-SKU-WATER-1L,2026-07-29,SKU-WATER-1L,Bisleri Water 1 L,9,20,269,260,0,0
TXN-20260730-SKU-ATTA-5K,2026-07-30,SKU-ATTA-5K,Aashirvaad Atta 5 kg,5,260,105,100,0,0
TXN-20260730-SKU-BAS-5K,2026-07-30,SKU-BAS-5K,India Gate Basmati 5 kg,1,600,24,23,0,0
TXN-20260730-SKU-BESAN-500,2026-07-30,SKU-BESAN-500,Besan 500 g,3,56,69,66,0,0
TXN-20260730-SKU-BREAD-400,2026-07-30,SKU-BREAD-400,Brown Bread 400 g,4,45,101,97,0,0
TXN-20260730-SKU-CHANA-1K,2026-07-30,SKU-CHANA-1K,Kabuli Chana 1 kg,3,140,44,41,0,0
TXN-20260730-SKU-COKE-750,2026-07-30,SKU-COKE-750,Coca-Cola 750 ml,5,40,125,120,0,0
TXN-20260730-SKU-COLGATE-200,2026-07-30,SKU-COLGATE-200,Colgate Toothpaste 200 g,2,115,39,37,0,0
TXN-20260730-SKU-DALIA-500,2026-07-30,SKU-DALIA-500,Dalia 500 g,1,34,27,26,0,0
TXN-20260730-SKU-DETTOL-250,2026-07-30,SKU-DETTOL-250,Dettol Liquid 250 ml,1,175,22,21,0,0
TXN-20260730-SKU-FROOTI-600,2026-07-30,SKU-FROOTI-600,Frooti 600 ml,6,35,102,96,0,0
TXN-20260730-SKU-GHEE-1L,2026-07-30,SKU-GHEE-1L,Amul Ghee 1 L,1,620,21,20,0,0
TXN-20260730-SKU-HALDI-100,2026-07-30,SKU-HALDI-100,Turmeric Powder 100 g,3,32,49,46,0,0
TXN-20260730-SKU-HARPIC-500,2026-07-30,SKU-HARPIC-500,Harpic 500 ml,1,105,31,30,0,0
TXN-20260730-SKU-LAYS-52,2026-07-30,SKU-LAYS-52,Lays Classic 52 g,6,20,151,145,0,0
TXN-20260730-SKU-LIFEBUOY-4,2026-07-30,SKU-LIFEBUOY-4,Lifebuoy Soap 4 x 100 g,2,135,48,46,0,0
TXN-20260730-SKU-MAGGI-280,2026-07-30,SKU-MAGGI-280,Maggi Noodles 280 g,5,56,117,112,0,0
TXN-20260730-SKU-MAIDA-1K,2026-07-30,SKU-MAIDA-1K,Maida 1 kg,3,42,70,67,0,0
TXN-20260730-SKU-MIRCH-100,2026-07-30,SKU-MIRCH-100,Red Chilli Powder 100 g,3,40,46,43,0,0
TXN-20260730-SKU-MOONG-1K,2026-07-30,SKU-MOONG-1K,Moong Dal 1 kg,3,130,63,60,0,0
TXN-20260730-SKU-MUST-1L,2026-07-30,SKU-MUST-1L,Fortune Mustard Oil 1 L,1,170,93,92,0,0
TXN-20260730-SKU-OIL-1L,2026-07-30,SKU-OIL-1L,Sunpure Cooking Oil 1 L,8,135,162,154,0,0
TXN-20260730-SKU-PARLE-G,2026-07-30,SKU-PARLE-G,Parle-G Biscuit 250 g,9,25,205,196,0,0
TXN-20260730-SKU-POHA-500,2026-07-30,SKU-POHA-500,Poha 500 g,4,36,64,60,0,0
TXN-20260730-SKU-RAJMA-1K,2026-07-30,SKU-RAJMA-1K,Rajma 1 kg,2,155,50,48,0,0
TXN-20260730-SKU-RICE-1K,2026-07-30,SKU-RICE-1K,Sona Masoori Rice 1 kg,5,70,165,160,0,0
TXN-20260730-SKU-SALT-1K,2026-07-30,SKU-SALT-1K,Tata Salt 1 kg,6,28,185,179,0,0
TXN-20260730-SKU-SPRITE-750,2026-07-30,SKU-SPRITE-750,Sprite 750 ml,3,40,86,83,0,0
TXN-20260730-SKU-SUG-1K,2026-07-30,SKU-SUG-1K,Sugar 1 kg,10,48,200,190,0,0
TXN-20260730-SKU-SUJI-500,2026-07-30,SKU-SUJI-500,Suji 500 g,1,30,51,50,0,0
TXN-20260730-SKU-SURF-1K,2026-07-30,SKU-SURF-1K,Surf Excel 1 kg,2,140,41,39,0,0
TXN-20260730-SKU-TEA-250,2026-07-30,SKU-TEA-250,Tata Tea Gold 250 g,4,160,76,72,0,0
TXN-20260730-SKU-TOOR-1K,2026-07-30,SKU-TOOR-1K,Toor Dal 1 kg,5,150,105,100,0,0
TXN-20260730-SKU-VIM-500,2026-07-30,SKU-VIM-500,Vim Bar 500 g,3,45,67,64,0,0
TXN-20260730-SKU-WATER-1L,2026-07-30,SKU-WATER-1L,Bisleri Water 1 L,19,20,260,241,0,0
TXN-20260731-SKU-ATTA-5K,2026-07-31,SKU-ATTA-5K,Aashirvaad Atta 5 kg,5,260,100,95,0,0
TXN-20260731-SKU-BAS-5K,2026-07-31,SKU-BAS-5K,India Gate Basmati 5 kg,1,600,23,22,0,0
TXN-20260731-SKU-BESAN-500,2026-07-31,SKU-BESAN-500,Besan 500 g,4,56,66,62,0,0
TXN-20260731-SKU-BREAD-400,2026-07-31,SKU-BREAD-400,Brown Bread 400 g,6,45,97,91,0,0
TXN-20260731-SKU-CHANA-1K,2026-07-31,SKU-CHANA-1K,Kabuli Chana 1 kg,1,140,41,40,0,0
TXN-20260731-SKU-COKE-750,2026-07-31,SKU-COKE-750,Coca-Cola 750 ml,8,40,120,112,0,0
TXN-20260731-SKU-COLGATE-200,2026-07-31,SKU-COLGATE-200,Colgate Toothpaste 200 g,1,115,37,36,0,0
TXN-20260731-SKU-DALIA-500,2026-07-31,SKU-DALIA-500,Dalia 500 g,1,34,26,25,0,0
TXN-20260731-SKU-DETTOL-250,2026-07-31,SKU-DETTOL-250,Dettol Liquid 250 ml,0,175,21,21,0,0
TXN-20260731-SKU-FROOTI-600,2026-07-31,SKU-FROOTI-600,Frooti 600 ml,4,35,96,92,0,0
TXN-20260731-SKU-GHEE-1L,2026-07-31,SKU-GHEE-1L,Amul Ghee 1 L,1,620,20,19,0,0
TXN-20260731-SKU-HALDI-100,2026-07-31,SKU-HALDI-100,Turmeric Powder 100 g,1,32,46,45,0,0
TXN-20260731-SKU-HARPIC-500,2026-07-31,SKU-HARPIC-500,Harpic 500 ml,1,105,30,29,0,0
TXN-20260731-SKU-LAYS-52,2026-07-31,SKU-LAYS-52,Lays Classic 52 g,7,20,145,138,0,0
TXN-20260731-SKU-LIFEBUOY-4,2026-07-31,SKU-LIFEBUOY-4,Lifebuoy Soap 4 x 100 g,3,135,46,43,0,0
TXN-20260731-SKU-MAGGI-280,2026-07-31,SKU-MAGGI-280,Maggi Noodles 280 g,7,56,112,105,0,0
TXN-20260731-SKU-MAIDA-1K,2026-07-31,SKU-MAIDA-1K,Maida 1 kg,5,42,67,62,0,0
TXN-20260731-SKU-MIRCH-100,2026-07-31,SKU-MIRCH-100,Red Chilli Powder 100 g,2,40,43,41,0,0
TXN-20260731-SKU-MOONG-1K,2026-07-31,SKU-MOONG-1K,Moong Dal 1 kg,3,130,60,57,0,0
TXN-20260731-SKU-MUST-1L,2026-07-31,SKU-MUST-1L,Fortune Mustard Oil 1 L,5,170,92,87,0,0
TXN-20260731-SKU-OIL-1L,2026-07-31,SKU-OIL-1L,Sunpure Cooking Oil 1 L,8,135,154,146,0,0
TXN-20260731-SKU-PARLE-G,2026-07-31,SKU-PARLE-G,Parle-G Biscuit 250 g,14,25,196,182,0,0
TXN-20260731-SKU-POHA-500,2026-07-31,SKU-POHA-500,Poha 500 g,3,36,60,57,0,0
TXN-20260731-SKU-RAJMA-1K,2026-07-31,SKU-RAJMA-1K,Rajma 1 kg,3,155,48,45,0,0
TXN-20260731-SKU-RICE-1K,2026-07-31,SKU-RICE-1K,Sona Masoori Rice 1 kg,7,70,160,153,0,0
TXN-20260731-SKU-SALT-1K,2026-07-31,SKU-SALT-1K,Tata Salt 1 kg,9,28,179,170,0,0
TXN-20260731-SKU-SPRITE-750,2026-07-31,SKU-SPRITE-750,Sprite 750 ml,5,40,83,78,0,0
TXN-20260731-SKU-SUG-1K,2026-07-31,SKU-SUG-1K,Sugar 1 kg,10,48,190,180,0,0
TXN-20260731-SKU-SUJI-500,2026-07-31,SKU-SUJI-500,Suji 500 g,2,30,50,48,0,0
TXN-20260731-SKU-SURF-1K,2026-07-31,SKU-SURF-1K,Surf Excel 1 kg,2,140,39,37,0,0
TXN-20260731-SKU-TEA-250,2026-07-31,SKU-TEA-250,Tata Tea Gold 250 g,3,160,72,69,0,0
TXN-20260731-SKU-TOOR-1K,2026-07-31,SKU-TOOR-1K,Toor Dal 1 kg,5,150,100,95,0,0
TXN-20260731-SKU-VIM-500,2026-07-31,SKU-VIM-500,Vim Bar 500 g,4,45,64,60,0,0
TXN-20260731-SKU-WATER-1L,2026-07-31,SKU-WATER-1L,Bisleri Water 1 L,12,20,241,229,0,0
TXN-20260801-SKU-ATTA-5K,2026-08-01,SKU-ATTA-5K,Aashirvaad Atta 5 kg,5,260,95,90,0,0
TXN-20260801-SKU-BAS-5K,2026-08-01,SKU-BAS-5K,India Gate Basmati 5 kg,2,600,22,20,0,0
TXN-20260801-SKU-BESAN-500,2026-08-01,SKU-BESAN-500,Besan 500 g,2,56,62,60,0,0
TXN-20260801-SKU-BREAD-400,2026-08-01,SKU-BREAD-400,Brown Bread 400 g,5,45,91,86,0,0
TXN-20260801-SKU-CHANA-1K,2026-08-01,SKU-CHANA-1K,Kabuli Chana 1 kg,2,140,40,38,0,0
TXN-20260801-SKU-COKE-750,2026-08-01,SKU-COKE-750,Coca-Cola 750 ml,5,40,112,107,0,0
TXN-20260801-SKU-COLGATE-200,2026-08-01,SKU-COLGATE-200,Colgate Toothpaste 200 g,0,115,36,36,0,0
TXN-20260801-SKU-DALIA-500,2026-08-01,SKU-DALIA-500,Dalia 500 g,1,34,25,24,0,0
TXN-20260801-SKU-DETTOL-250,2026-08-01,SKU-DETTOL-250,Dettol Liquid 250 ml,1,175,21,20,0,0
TXN-20260801-SKU-FROOTI-600,2026-08-01,SKU-FROOTI-600,Frooti 600 ml,3,35,92,89,0,0
TXN-20260801-SKU-GHEE-1L,2026-08-01,SKU-GHEE-1L,Amul Ghee 1 L,1,620,19,18,0,0
TXN-20260801-SKU-HALDI-100,2026-08-01,SKU-HALDI-100,Turmeric Powder 100 g,2,32,45,43,0,0
TXN-20260801-SKU-HARPIC-500,2026-08-01,SKU-HARPIC-500,Harpic 500 ml,1,105,29,28,0,0
TXN-20260801-SKU-LAYS-52,2026-08-01,SKU-LAYS-52,Lays Classic 52 g,11,20,138,127,0,0
TXN-20260801-SKU-LIFEBUOY-4,2026-08-01,SKU-LIFEBUOY-4,Lifebuoy Soap 4 x 100 g,2,135,43,41,0,0
TXN-20260801-SKU-MAGGI-280,2026-08-01,SKU-MAGGI-280,Maggi Noodles 280 g,6,56,105,99,0,0
TXN-20260801-SKU-MAIDA-1K,2026-08-01,SKU-MAIDA-1K,Maida 1 kg,4,42,62,58,0,0
TXN-20260801-SKU-MIRCH-100,2026-08-01,SKU-MIRCH-100,Red Chilli Powder 100 g,2,40,41,39,0,0
TXN-20260801-SKU-MOONG-1K,2026-08-01,SKU-MOONG-1K,Moong Dal 1 kg,3,130,57,54,0,0
TXN-20260801-SKU-MUST-1L,2026-08-01,SKU-MUST-1L,Fortune Mustard Oil 1 L,5,170,87,82,0,0
TXN-20260801-SKU-OIL-1L,2026-08-01,SKU-OIL-1L,Sunpure Cooking Oil 1 L,8,135,146,138,0,0
TXN-20260801-SKU-PARLE-G,2026-08-01,SKU-PARLE-G,Parle-G Biscuit 250 g,6,25,182,176,0,0
TXN-20260801-SKU-POHA-500,2026-08-01,SKU-POHA-500,Poha 500 g,3,36,57,54,0,0
TXN-20260801-SKU-RAJMA-1K,2026-08-01,SKU-RAJMA-1K,Rajma 1 kg,2,155,45,43,0,0
TXN-20260801-SKU-RICE-1K,2026-08-01,SKU-RICE-1K,Sona Masoori Rice 1 kg,8,70,153,145,0,0
TXN-20260801-SKU-SALT-1K,2026-08-01,SKU-SALT-1K,Tata Salt 1 kg,10,28,170,160,0,0
TXN-20260801-SKU-SPRITE-750,2026-08-01,SKU-SPRITE-750,Sprite 750 ml,4,40,78,74,0,0
TXN-20260801-SKU-SUG-1K,2026-08-01,SKU-SUG-1K,Sugar 1 kg,10,48,180,170,0,0
TXN-20260801-SKU-SUJI-500,2026-08-01,SKU-SUJI-500,Suji 500 g,3,30,48,45,0,0
TXN-20260801-SKU-SURF-1K,2026-08-01,SKU-SURF-1K,Surf Excel 1 kg,1,140,37,36,0,0
TXN-20260801-SKU-TEA-250,2026-08-01,SKU-TEA-250,Tata Tea Gold 250 g,3,160,69,66,0,0
TXN-20260801-SKU-TOOR-1K,2026-08-01,SKU-TOOR-1K,Toor Dal 1 kg,5,150,95,90,0,0
TXN-20260801-SKU-VIM-500,2026-08-01,SKU-VIM-500,Vim Bar 500 g,3,45,60,57,0,0
TXN-20260801-SKU-WATER-1L,2026-08-01,SKU-WATER-1L,Bisleri Water 1 L,13,20,229,216,0,0
TXN-20260802-SKU-ATTA-5K,2026-08-02,SKU-ATTA-5K,Aashirvaad Atta 5 kg,5,260,90,85,0,0
TXN-20260802-SKU-BAS-5K,2026-08-02,SKU-BAS-5K,India Gate Basmati 5 kg,2,600,20,18,0,0
TXN-20260802-SKU-BESAN-500,2026-08-02,SKU-BESAN-500,Besan 500 g,3,56,60,57,0,0
TXN-20260802-SKU-BREAD-400,2026-08-02,SKU-BREAD-400,Brown Bread 400 g,4,45,86,82,0,0
TXN-20260802-SKU-CHANA-1K,2026-08-02,SKU-CHANA-1K,Kabuli Chana 1 kg,2,140,38,36,0,0
TXN-20260802-SKU-COKE-750,2026-08-02,SKU-COKE-750,Coca-Cola 750 ml,5,40,107,102,0,0
TXN-20260802-SKU-COLGATE-200,2026-08-02,SKU-COLGATE-200,Colgate Toothpaste 200 g,1,115,36,35,0,0
TXN-20260802-SKU-DALIA-500,2026-08-02,SKU-DALIA-500,Dalia 500 g,0,34,24,24,0,0
TXN-20260802-SKU-DETTOL-250,2026-08-02,SKU-DETTOL-250,Dettol Liquid 250 ml,1,175,20,19,0,0
TXN-20260802-SKU-FROOTI-600,2026-08-02,SKU-FROOTI-600,Frooti 600 ml,6,35,89,83,0,0
TXN-20260802-SKU-GHEE-1L,2026-08-02,SKU-GHEE-1L,Amul Ghee 1 L,1,620,18,17,0,0
TXN-20260802-SKU-HALDI-100,2026-08-02,SKU-HALDI-100,Turmeric Powder 100 g,2,32,43,41,0,0
TXN-20260802-SKU-HARPIC-500,2026-08-02,SKU-HARPIC-500,Harpic 500 ml,2,105,28,26,0,0
TXN-20260802-SKU-LAYS-52,2026-08-02,SKU-LAYS-52,Lays Classic 52 g,9,20,127,118,0,0
TXN-20260802-SKU-LIFEBUOY-4,2026-08-02,SKU-LIFEBUOY-4,Lifebuoy Soap 4 x 100 g,2,135,41,39,0,0
TXN-20260802-SKU-MAGGI-280,2026-08-02,SKU-MAGGI-280,Maggi Noodles 280 g,3,56,99,96,0,0
TXN-20260802-SKU-MAIDA-1K,2026-08-02,SKU-MAIDA-1K,Maida 1 kg,3,42,58,55,0,0
TXN-20260802-SKU-MIRCH-100,2026-08-02,SKU-MIRCH-100,Red Chilli Powder 100 g,3,40,39,36,0,0
TXN-20260802-SKU-MOONG-1K,2026-08-02,SKU-MOONG-1K,Moong Dal 1 kg,3,130,54,51,0,0
TXN-20260802-SKU-MUST-1L,2026-08-02,SKU-MUST-1L,Fortune Mustard Oil 1 L,5,170,82,77,0,0
TXN-20260802-SKU-OIL-1L,2026-08-02,SKU-OIL-1L,Sunpure Cooking Oil 1 L,8,135,138,130,0,0
TXN-20260802-SKU-PARLE-G,2026-08-02,SKU-PARLE-G,Parle-G Biscuit 250 g,7,25,176,169,0,0
TXN-20260802-SKU-POHA-500,2026-08-02,SKU-POHA-500,Poha 500 g,3,36,54,51,0,0
TXN-20260802-SKU-RAJMA-1K,2026-08-02,SKU-RAJMA-1K,Rajma 1 kg,3,155,43,40,0,0
TXN-20260802-SKU-RICE-1K,2026-08-02,SKU-RICE-1K,Sona Masoori Rice 1 kg,8,70,145,137,0,0
TXN-20260802-SKU-SALT-1K,2026-08-02,SKU-SALT-1K,Tata Salt 1 kg,9,28,160,151,0,0
TXN-20260802-SKU-SPRITE-750,2026-08-02,SKU-SPRITE-750,Sprite 750 ml,4,40,74,70,0,0
TXN-20260802-SKU-SUG-1K,2026-08-02,SKU-SUG-1K,Sugar 1 kg,10,48,170,160,0,0
TXN-20260802-SKU-SUJI-500,2026-08-02,SKU-SUJI-500,Suji 500 g,3,30,45,42,0,0
TXN-20260802-SKU-SURF-1K,2026-08-02,SKU-SURF-1K,Surf Excel 1 kg,2,140,36,34,0,0
TXN-20260802-SKU-TEA-250,2026-08-02,SKU-TEA-250,Tata Tea Gold 250 g,2,160,66,64,0,0
TXN-20260802-SKU-TOOR-1K,2026-08-02,SKU-TOOR-1K,Toor Dal 1 kg,5,150,90,85,0,0
TXN-20260802-SKU-VIM-500,2026-08-02,SKU-VIM-500,Vim Bar 500 g,4,45,57,53,0,0
TXN-20260802-SKU-WATER-1L,2026-08-02,SKU-WATER-1L,Bisleri Water 1 L,11,20,216,205,0,0
TXN-20260803-SKU-ATTA-5K,2026-08-03,SKU-ATTA-5K,Aashirvaad Atta 5 kg,5,260,85,80,0,0
TXN-20260803-SKU-BAS-5K,2026-08-03,SKU-BAS-5K,India Gate Basmati 5 kg,0,600,18,18,0,0
TXN-20260803-SKU-BESAN-500,2026-08-03,SKU-BESAN-500,Besan 500 g,3,56,57,54,0,0
TXN-20260803-SKU-BREAD-400,2026-08-03,SKU-BREAD-400,Brown Bread 400 g,4,45,82,77,1,0
TXN-20260803-SKU-CHANA-1K,2026-08-03,SKU-CHANA-1K,Kabuli Chana 1 kg,3,140,36,33,0,0
TXN-20260803-SKU-COKE-750,2026-08-03,SKU-COKE-750,Coca-Cola 750 ml,7,40,102,95,0,0
TXN-20260803-SKU-COLGATE-200,2026-08-03,SKU-COLGATE-200,Colgate Toothpaste 200 g,2,115,35,33,0,0
TXN-20260803-SKU-DALIA-500,2026-08-03,SKU-DALIA-500,Dalia 500 g,1,34,24,23,0,0
TXN-20260803-SKU-DETTOL-250,2026-08-03,SKU-DETTOL-250,Dettol Liquid 250 ml,0,175,19,19,0,0
TXN-20260803-SKU-FROOTI-600,2026-08-03,SKU-FROOTI-600,Frooti 600 ml,7,35,83,76,0,0
TXN-20260803-SKU-GHEE-1L,2026-08-03,SKU-GHEE-1L,Amul Ghee 1 L,0,620,17,17,0,0
TXN-20260803-SKU-HALDI-100,2026-08-03,SKU-HALDI-100,Turmeric Powder 100 g,2,32,41,39,0,0
TXN-20260803-SKU-HARPIC-500,2026-08-03,SKU-HARPIC-500,Harpic 500 ml,1,105,26,25,0,0
TXN-20260803-SKU-LAYS-52,2026-08-03,SKU-LAYS-52,Lays Classic 52 g,4,20,118,114,0,0
TXN-20260803-SKU-LIFEBUOY-4,2026-08-03,SKU-LIFEBUOY-4,Lifebuoy Soap 4 x 100 g,2,135,39,37,0,0
TXN-20260803-SKU-MAGGI-280,2026-08-03,SKU-MAGGI-280,Maggi Noodles 280 g,6,56,96,90,0,0
TXN-20260803-SKU-MAIDA-1K,2026-08-03,SKU-MAIDA-1K,Maida 1 kg,3,42,55,52,0,0
TXN-20260803-SKU-MIRCH-100,2026-08-03,SKU-MIRCH-100,Red Chilli Powder 100 g,3,40,36,33,0,0
TXN-20260803-SKU-MOONG-1K,2026-08-03,SKU-MOONG-1K,Moong Dal 1 kg,2,130,51,49,0,0
TXN-20260803-SKU-MUST-1L,2026-08-03,SKU-MUST-1L,Fortune Mustard Oil 1 L,5,170,77,72,0,0
TXN-20260803-SKU-OIL-1L,2026-08-03,SKU-OIL-1L,Sunpure Cooking Oil 1 L,8,135,130,122,0,0
TXN-20260803-SKU-PARLE-G,2026-08-03,SKU-PARLE-G,Parle-G Biscuit 250 g,12,25,169,157,0,0
TXN-20260803-SKU-POHA-500,2026-08-03,SKU-POHA-500,Poha 500 g,3,36,51,48,0,0
TXN-20260803-SKU-RAJMA-1K,2026-08-03,SKU-RAJMA-1K,Rajma 1 kg,2,155,40,38,0,0
TXN-20260803-SKU-RICE-1K,2026-08-03,SKU-RICE-1K,Sona Masoori Rice 1 kg,9,70,137,128,0,0
TXN-20260803-SKU-SALT-1K,2026-08-03,SKU-SALT-1K,Tata Salt 1 kg,12,28,151,139,0,0
TXN-20260803-SKU-SPRITE-750,2026-08-03,SKU-SPRITE-750,Sprite 750 ml,5,40,70,65,0,0
TXN-20260803-SKU-SUG-1K,2026-08-03,SKU-SUG-1K,Sugar 1 kg,10,48,160,150,0,0
TXN-20260803-SKU-SUJI-500,2026-08-03,SKU-SUJI-500,Suji 500 g,3,30,42,39,0,0
TXN-20260803-SKU-SURF-1K,2026-08-03,SKU-SURF-1K,Surf Excel 1 kg,2,140,34,32,0,0
TXN-20260803-SKU-TEA-250,2026-08-03,SKU-TEA-250,Tata Tea Gold 250 g,3,160,64,61,0,0
TXN-20260803-SKU-TOOR-1K,2026-08-03,SKU-TOOR-1K,Toor Dal 1 kg,5,150,85,80,0,0
TXN-20260803-SKU-VIM-500,2026-08-03,SKU-VIM-500,Vim Bar 500 g,3,45,53,50,0,0
TXN-20260803-SKU-WATER-1L,2026-08-03,SKU-WATER-1L,Bisleri Water 1 L,10,20,205,195,0,0
TXN-20260804-SKU-ATTA-5K,2026-08-04,SKU-ATTA-5K,Aashirvaad Atta 5 kg,5,260,80,75,0,0
TXN-20260804-SKU-BAS-5K,2026-08-04,SKU-BAS-5K,India Gate Basmati 5 kg,0,600,18,18,0,0
TXN-20260804-SKU-BESAN-500,2026-08-04,SKU-BESAN-500,Besan 500 g,3,56,54,51,0,0
TXN-20260804-SKU-BREAD-400,2026-08-04,SKU-BREAD-400,Brown Bread 400 g,3,45,77,74,0,0
TXN-20260804-SKU-CHANA-1K,2026-08-04,SKU-CHANA-1K,Kabuli Chana 1 kg,2,140,33,31,0,0
TXN-20260804-SKU-COKE-750,2026-08-04,SKU-COKE-750,Coca-Cola 750 ml,6,40,95,89,0,0
TXN-20260804-SKU-COLGATE-200,2026-08-04,SKU-COLGATE-200,Colgate Toothpaste 200 g,2,115,33,31,0,0
TXN-20260804-SKU-DALIA-500,2026-08-04,SKU-DALIA-500,Dalia 500 g,1,34,23,22,0,0
TXN-20260804-SKU-DETTOL-250,2026-08-04,SKU-DETTOL-250,Dettol Liquid 250 ml,1,175,19,18,0,0
TXN-20260804-SKU-FROOTI-600,2026-08-04,SKU-FROOTI-600,Frooti 600 ml,5,35,76,71,0,0
TXN-20260804-SKU-GHEE-1L,2026-08-04,SKU-GHEE-1L,Amul Ghee 1 L,0,620,17,17,0,0
TXN-20260804-SKU-HALDI-100,2026-08-04,SKU-HALDI-100,Turmeric Powder 100 g,1,32,39,38,0,0
TXN-20260804-SKU-HARPIC-500,2026-08-04,SKU-HARPIC-500,Harpic 500 ml,1,105,25,24,0,0
TXN-20260804-SKU-LAYS-52,2026-08-04,SKU-LAYS-52,Lays Classic 52 g,8,20,114,106,0,0
TXN-20260804-SKU-LIFEBUOY-4,2026-08-04,SKU-LIFEBUOY-4,Lifebuoy Soap 4 x 100 g,3,135,37,34,0,0
TXN-20260804-SKU-MAGGI-280,2026-08-04,SKU-MAGGI-280,Maggi Noodles 280 g,7,56,90,83,0,0
TXN-20260804-SKU-MAIDA-1K,2026-08-04,SKU-MAIDA-1K,Maida 1 kg,4,42,52,48,0,0
TXN-20260804-SKU-MIRCH-100,2026-08-04,SKU-MIRCH-100,Red Chilli Powder 100 g,2,40,33,31,0,0
TXN-20260804-SKU-MOONG-1K,2026-08-04,SKU-MOONG-1K,Moong Dal 1 kg,3,130,49,46,0,0
TXN-20260804-SKU-MUST-1L,2026-08-04,SKU-MUST-1L,Fortune Mustard Oil 1 L,5,170,72,67,0,0
TXN-20260804-SKU-OIL-1L,2026-08-04,SKU-OIL-1L,Sunpure Cooking Oil 1 L,8,135,122,114,0,0
TXN-20260804-SKU-PARLE-G,2026-08-04,SKU-PARLE-G,Parle-G Biscuit 250 g,13,25,157,144,0,0
TXN-20260804-SKU-POHA-500,2026-08-04,SKU-POHA-500,Poha 500 g,3,36,48,45,0,0
TXN-20260804-SKU-RAJMA-1K,2026-08-04,SKU-RAJMA-1K,Rajma 1 kg,2,155,38,36,0,0
TXN-20260804-SKU-RICE-1K,2026-08-04,SKU-RICE-1K,Sona Masoori Rice 1 kg,7,70,128,121,0,0
TXN-20260804-SKU-SALT-1K,2026-08-04,SKU-SALT-1K,Tata Salt 1 kg,9,28,139,130,0,0
TXN-20260804-SKU-SPRITE-750,2026-08-04,SKU-SPRITE-750,Sprite 750 ml,4,40,65,61,0,0
TXN-20260804-SKU-SUG-1K,2026-08-04,SKU-SUG-1K,Sugar 1 kg,10,48,150,140,0,0
TXN-20260804-SKU-SUJI-500,2026-08-04,SKU-SUJI-500,Suji 500 g,2,30,39,37,0,0
TXN-20260804-SKU-SURF-1K,2026-08-04,SKU-SURF-1K,Surf Excel 1 kg,3,140,32,29,0,0
TXN-20260804-SKU-TEA-250,2026-08-04,SKU-TEA-250,Tata Tea Gold 250 g,4,160,61,57,0,0
TXN-20260804-SKU-TOOR-1K,2026-08-04,SKU-TOOR-1K,Toor Dal 1 kg,5,150,80,75,0,0
TXN-20260804-SKU-VIM-500,2026-08-04,SKU-VIM-500,Vim Bar 500 g,3,45,50,47,0,0
TXN-20260804-SKU-WATER-1L,2026-08-04,SKU-WATER-1L,Bisleri Water 1 L,15,20,195,180,0,0
TXN-20260805-SKU-ATTA-5K,2026-08-05,SKU-ATTA-5K,Aashirvaad Atta 5 kg,5,260,75,70,0,0
TXN-20260805-SKU-BAS-5K,2026-08-05,SKU-BAS-5K,India Gate Basmati 5 kg,1,600,18,17,0,0
TXN-20260805-SKU-BESAN-500,2026-08-05,SKU-BESAN-500,Besan 500 g,2,56,51,179,0,0
TXN-20260805-SKU-BREAD-400,2026-08-05,SKU-BREAD-400,Brown Bread 400 g,7,45,74,67,0,0
TXN-20260805-SKU-CHANA-1K,2026-08-05,SKU-CHANA-1K,Kabuli Chana 1 kg,2,140,31,29,0,0
TXN-20260805-SKU-COKE-750,2026-08-05,SKU-COKE-750,Coca-Cola 750 ml,7,40,89,82,0,0
TXN-20260805-SKU-COLGATE-200,2026-08-05,SKU-COLGATE-200,Colgate Toothpaste 200 g,3,115,31,28,0,0
TXN-20260805-SKU-DALIA-500,2026-08-05,SKU-DALIA-500,Dalia 500 g,1,34,22,21,0,0
TXN-20260805-SKU-DETTOL-250,2026-08-05,SKU-DETTOL-250,Dettol Liquid 250 ml,2,175,18,16,0,0
TXN-20260805-SKU-FROOTI-600,2026-08-05,SKU-FROOTI-600,Frooti 600 ml,2,35,71,69,0,0
TXN-20260805-SKU-GHEE-1L,2026-08-05,SKU-GHEE-1L,Amul Ghee 1 L,3,620,17,64,0,0
TXN-20260805-SKU-HALDI-100,2026-08-05,SKU-HALDI-100,Turmeric Powder 100 g,2,32,38,126,0,0
TXN-20260805-SKU-HARPIC-500,2026-08-05,SKU-HARPIC-500,Harpic 500 ml,1,105,24,23,0,0
TXN-20260805-SKU-LAYS-52,2026-08-05,SKU-LAYS-52,Lays Classic 52 g,5,20,106,101,0,0
TXN-20260805-SKU-LIFEBUOY-4,2026-08-05,SKU-LIFEBUOY-4,Lifebuoy Soap 4 x 100 g,2,135,34,32,0,0
TXN-20260805-SKU-MAGGI-280,2026-08-05,SKU-MAGGI-280,Maggi Noodles 280 g,8,56,83,75,0,0
TXN-20260805-SKU-MAIDA-1K,2026-08-05,SKU-MAIDA-1K,Maida 1 kg,4,42,48,44,0,0
TXN-20260805-SKU-MIRCH-100,2026-08-05,SKU-MIRCH-100,Red Chilli Powder 100 g,3,40,31,118,0,0
TXN-20260805-SKU-MOONG-1K,2026-08-05,SKU-MOONG-1K,Moong Dal 1 kg,3,130,46,173,0,0
TXN-20260805-SKU-MUST-1L,2026-08-05,SKU-MUST-1L,Fortune Mustard Oil 1 L,3,170,67,214,0,0
TXN-20260805-SKU-OIL-1L,2026-08-05,SKU-OIL-1L,Sunpure Cooking Oil 1 L,8,135,114,426,0,0
TXN-20260805-SKU-PARLE-G,2026-08-05,SKU-PARLE-G,Parle-G Biscuit 250 g,16,25,144,128,0,0
TXN-20260805-SKU-POHA-500,2026-08-05,SKU-POHA-500,Poha 500 g,4,36,45,171,0,0
TXN-20260805-SKU-RAJMA-1K,2026-08-05,SKU-RAJMA-1K,Rajma 1 kg,3,155,36,33,0,0
TXN-20260805-SKU-RICE-1K,2026-08-05,SKU-RICE-1K,Sona Masoori Rice 1 kg,8,70,121,113,0,0
TXN-20260805-SKU-SALT-1K,2026-08-05,SKU-SALT-1K,Tata Salt 1 kg,11,28,130,509,0,0
TXN-20260805-SKU-SPRITE-750,2026-08-05,SKU-SPRITE-750,Sprite 750 ml,3,40,61,58,0,0
TXN-20260805-SKU-SUG-1K,2026-08-05,SKU-SUG-1K,Sugar 1 kg,10,48,140,530,0,0
TXN-20260805-SKU-SUJI-500,2026-08-05,SKU-SUJI-500,Suji 500 g,2,30,37,35,0,0
TXN-20260805-SKU-SURF-1K,2026-08-05,SKU-SURF-1K,Surf Excel 1 kg,2,140,29,27,0,0
TXN-20260805-SKU-TEA-250,2026-08-05,SKU-TEA-250,Tata Tea Gold 250 g,5,160,57,222,0,0
TXN-20260805-SKU-TOOR-1K,2026-08-05,SKU-TOOR-1K,Toor Dal 1 kg,5,150,75,270,0,0
TXN-20260805-SKU-VIM-500,2026-08-05,SKU-VIM-500,Vim Bar 500 g,3,45,47,44,0,0
TXN-20260805-SKU-WATER-1L,2026-08-05,SKU-WATER-1L,Bisleri Water 1 L,14,20,180,166,0,0
TXN-20260806-SKU-ATTA-5K,2026-08-06,SKU-ATTA-5K,Aashirvaad Atta 5 kg,5,260,70,65,0,0
TXN-20260806-SKU-BAS-5K,2026-08-06,SKU-BAS-5K,India Gate Basmati 5 kg,1,600,17,16,0,0
TXN-20260806-SKU-BESAN-500,2026-08-06,SKU-BESAN-500,Besan 500 g,3,56,179,176,0,0
TXN-20260806-SKU-BREAD-400,2026-08-06,SKU-BREAD-400,Brown Bread 400 g,6,45,67,261,0,0
TXN-20260806-SKU-CHANA-1K,2026-08-06,SKU-CHANA-1K,Kabuli Chana 1 kg,2,140,29,27,0,0
TXN-20260806-SKU-COKE-750,2026-08-06,SKU-COKE-750,Coca-Cola 750 ml,6,40,82,386,0,0
TXN-20260806-SKU-COLGATE-200,2026-08-06,SKU-COLGATE-200,Colgate Toothpaste 200 g,2,115,28,116,0,0
TXN-20260806-SKU-DALIA-500,2026-08-06,SKU-DALIA-500,Dalia 500 g,1,34,21,20,0,0
TXN-20260806-SKU-DETTOL-250,2026-08-06,SKU-DETTOL-250,Dettol Liquid 250 ml,1,175,16,55,0,0
TXN-20260806-SKU-FROOTI-600,2026-08-06,SKU-FROOTI-600,Frooti 600 ml,3,35,69,326,0,0
TXN-20260806-SKU-GHEE-1L,2026-08-06,SKU-GHEE-1L,Amul Ghee 1 L,1,620,64,63,0,0
TXN-20260806-SKU-HALDI-100,2026-08-06,SKU-HALDI-100,Turmeric Powder 100 g,2,32,126,124,0,0
TXN-20260806-SKU-HARPIC-500,2026-08-06,SKU-HARPIC-500,Harpic 500 ml,1,105,23,62,0,0
TXN-20260806-SKU-LAYS-52,2026-08-06,SKU-LAYS-52,Lays Classic 52 g,5,20,101,356,0,0
TXN-20260806-SKU-LIFEBUOY-4,2026-08-06,SKU-LIFEBUOY-4,Lifebuoy Soap 4 x 100 g,2,135,32,110,0,0
TXN-20260806-SKU-MAGGI-280,2026-08-06,SKU-MAGGI-280,Maggi Noodles 280 g,4,56,75,291,0,0
TXN-20260806-SKU-MAIDA-1K,2026-08-06,SKU-MAIDA-1K,Maida 1 kg,2,42,44,42,0,0
TXN-20260806-SKU-MIRCH-100,2026-08-06,SKU-MIRCH-100,Red Chilli Powder 100 g,1,40,118,117,0,0
TXN-20260806-SKU-MOONG-1K,2026-08-06,SKU-MOONG-1K,Moong Dal 1 kg,4,130,173,169,0,0
TXN-20260806-SKU-MUST-1L,2026-08-06,SKU-MUST-1L,Fortune Mustard Oil 1 L,4,170,214,210,0,0
TXN-20260806-SKU-OIL-1L,2026-08-06,SKU-OIL-1L,Sunpure Cooking Oil 1 L,8,135,426,418,0,0
TXN-20260806-SKU-PARLE-G,2026-08-06,SKU-PARLE-G,Parle-G Biscuit 250 g,8,25,128,480,0,0
TXN-20260806-SKU-POHA-500,2026-08-06,SKU-POHA-500,Poha 500 g,4,36,171,167,0,0
TXN-20260806-SKU-RAJMA-1K,2026-08-06,SKU-RAJMA-1K,Rajma 1 kg,3,155,33,30,0,0
TXN-20260806-SKU-RICE-1K,2026-08-06,SKU-RICE-1K,Sona Masoori Rice 1 kg,6,70,113,107,0,0
TXN-20260806-SKU-SALT-1K,2026-08-06,SKU-SALT-1K,Tata Salt 1 kg,12,28,509,497,0,0
TXN-20260806-SKU-SPRITE-750,2026-08-06,SKU-SPRITE-750,Sprite 750 ml,4,40,58,284,0,0
TXN-20260806-SKU-SUG-1K,2026-08-06,SKU-SUG-1K,Sugar 1 kg,10,48,530,520,0,0
TXN-20260806-SKU-SUJI-500,2026-08-06,SKU-SUJI-500,Suji 500 g,2,30,35,33,0,0
TXN-20260806-SKU-SURF-1K,2026-08-06,SKU-SURF-1K,Surf Excel 1 kg,3,140,27,104,0,0
TXN-20260806-SKU-TEA-250,2026-08-06,SKU-TEA-250,Tata Tea Gold 250 g,3,160,222,219,0,0
TXN-20260806-SKU-TOOR-1K,2026-08-06,SKU-TOOR-1K,Toor Dal 1 kg,5,150,270,265,0,0
TXN-20260806-SKU-VIM-500,2026-08-06,SKU-VIM-500,Vim Bar 500 g,5,45,44,169,0,0
TXN-20260806-SKU-WATER-1L,2026-08-06,SKU-WATER-1L,Bisleri Water 1 L,15,20,166,801,0,0
TXN-20260807-SKU-ATTA-5K,2026-08-07,SKU-ATTA-5K,Aashirvaad Atta 5 kg,5,260,65,60,0,0
TXN-20260807-SKU-BAS-5K,2026-08-07,SKU-BAS-5K,India Gate Basmati 5 kg,1,600,16,15,0,0
TXN-20260807-SKU-BESAN-500,2026-08-07,SKU-BESAN-500,Besan 500 g,4,56,176,172,0,0
TXN-20260807-SKU-BREAD-400,2026-08-07,SKU-BREAD-400,Brown Bread 400 g,5,45,261,256,0,0
TXN-20260807-SKU-CHANA-1K,2026-08-07,SKU-CHANA-1K,Kabuli Chana 1 kg,1,140,27,26,0,0
TXN-20260807-SKU-COKE-750,2026-08-07,SKU-COKE-750,Coca-Cola 750 ml,25,40,386,361,0,0
TXN-20260807-SKU-COLGATE-200,2026-08-07,SKU-COLGATE-200,Colgate Toothpaste 200 g,1,115,116,115,0,0
TXN-20260807-SKU-DALIA-500,2026-08-07,SKU-DALIA-500,Dalia 500 g,1,34,20,19,0,0
TXN-20260807-SKU-DETTOL-250,2026-08-07,SKU-DETTOL-250,Dettol Liquid 250 ml,1,175,55,54,0,0
TXN-20260807-SKU-FROOTI-600,2026-08-07,SKU-FROOTI-600,Frooti 600 ml,12,35,326,314,0,0
TXN-20260807-SKU-GHEE-1L,2026-08-07,SKU-GHEE-1L,Amul Ghee 1 L,1,620,63,62,0,0
TXN-20260807-SKU-HALDI-100,2026-08-07,SKU-HALDI-100,Turmeric Powder 100 g,2,32,124,122,0,0
TXN-20260807-SKU-HARPIC-500,2026-08-07,SKU-HARPIC-500,Harpic 500 ml,0,105,62,62,0,0
TXN-20260807-SKU-LAYS-52,2026-08-07,SKU-LAYS-52,Lays Classic 52 g,8,20,356,348,0,0
TXN-20260807-SKU-LIFEBUOY-4,2026-08-07,SKU-LIFEBUOY-4,Lifebuoy Soap 4 x 100 g,1,135,110,109,0,0
TXN-20260807-SKU-MAGGI-280,2026-08-07,SKU-MAGGI-280,Maggi Noodles 280 g,3,56,291,288,0,0
TXN-20260807-SKU-MAIDA-1K,2026-08-07,SKU-MAIDA-1K,Maida 1 kg,3,42,42,39,0,0
TXN-20260807-SKU-MIRCH-100,2026-08-07,SKU-MIRCH-100,Red Chilli Powder 100 g,2,40,117,115,0,0
TXN-20260807-SKU-MOONG-1K,2026-08-07,SKU-MOONG-1K,Moong Dal 1 kg,3,130,169,166,0,0
TXN-20260807-SKU-MUST-1L,2026-08-07,SKU-MUST-1L,Fortune Mustard Oil 1 L,4,170,210,206,0,0
TXN-20260807-SKU-OIL-1L,2026-08-07,SKU-OIL-1L,Sunpure Cooking Oil 1 L,8,135,418,410,0,0
TXN-20260807-SKU-PARLE-G,2026-08-07,SKU-PARLE-G,Parle-G Biscuit 250 g,10,25,480,470,0,0
TXN-20260807-SKU-POHA-500,2026-08-07,SKU-POHA-500,Poha 500 g,3,36,167,164,0,0
TXN-20260807-SKU-RAJMA-1K,2026-08-07,SKU-RAJMA-1K,Rajma 1 kg,2,155,30,28,0,0
TXN-20260807-SKU-RICE-1K,2026-08-07,SKU-RICE-1K,Sona Masoori Rice 1 kg,12,70,107,95,0,0
TXN-20260807-SKU-SALT-1K,2026-08-07,SKU-SALT-1K,Tata Salt 1 kg,12,28,497,485,0,0
TXN-20260807-SKU-SPRITE-750,2026-08-07,SKU-SPRITE-750,Sprite 750 ml,15,40,284,269,0,0
TXN-20260807-SKU-SUG-1K,2026-08-07,SKU-SUG-1K,Sugar 1 kg,10,48,520,510,0,0
TXN-20260807-SKU-SUJI-500,2026-08-07,SKU-SUJI-500,Suji 500 g,1,30,33,32,0,0
TXN-20260807-SKU-SURF-1K,2026-08-07,SKU-SURF-1K,Surf Excel 1 kg,1,140,104,103,0,0
TXN-20260807-SKU-TEA-250,2026-08-07,SKU-TEA-250,Tata Tea Gold 250 g,5,160,219,214,0,0
TXN-20260807-SKU-TOOR-1K,2026-08-07,SKU-TOOR-1K,Toor Dal 1 kg,5,150,265,260,0,0
TXN-20260807-SKU-VIM-500,2026-08-07,SKU-VIM-500,Vim Bar 500 g,3,45,169,166,0,0
TXN-20260807-SKU-WATER-1L,2026-08-07,SKU-WATER-1L,Bisleri Water 1 L,32,20,801,769,0,0
TXN-20260808-SKU-ATTA-5K,2026-08-08,SKU-ATTA-5K,Aashirvaad Atta 5 kg,5,260,60,255,0,0
TXN-20260808-SKU-BAS-5K,2026-08-08,SKU-BAS-5K,India Gate Basmati 5 kg,1,600,15,64,0,0
TXN-20260808-SKU-BESAN-500,2026-08-08,SKU-BESAN-500,Besan 500 g,3,56,172,169,0,0
TXN-20260808-SKU-BREAD-400,2026-08-08,SKU-BREAD-400,Brown Bread 400 g,5,45,256,251,0,0
TXN-20260808-SKU-CHANA-1K,2026-08-08,SKU-CHANA-1K,Kabuli Chana 1 kg,2,140,26,104,0,0
TXN-20260808-SKU-COKE-750,2026-08-08,SKU-COKE-750,Coca-Cola 750 ml,12,40,361,349,0,0
TXN-20260808-SKU-COLGATE-200,2026-08-08,SKU-COLGATE-200,Colgate Toothpaste 200 g,2,115,115,113,0,0
TXN-20260808-SKU-DALIA-500,2026-08-08,SKU-DALIA-500,Dalia 500 g,1,34,19,58,0,0
TXN-20260808-SKU-DETTOL-250,2026-08-08,SKU-DETTOL-250,Dettol Liquid 250 ml,1,175,54,53,0,0
TXN-20260808-SKU-FROOTI-600,2026-08-08,SKU-FROOTI-600,Frooti 600 ml,18,35,314,296,0,0
TXN-20260808-SKU-GHEE-1L,2026-08-08,SKU-GHEE-1L,Amul Ghee 1 L,1,620,62,61,0,0
TXN-20260808-SKU-HALDI-100,2026-08-08,SKU-HALDI-100,Turmeric Powder 100 g,2,32,122,120,0,0
TXN-20260808-SKU-HARPIC-500,2026-08-08,SKU-HARPIC-500,Harpic 500 ml,2,105,62,60,0,0
TXN-20260808-SKU-LAYS-52,2026-08-08,SKU-LAYS-52,Lays Classic 52 g,7,20,348,341,0,0
TXN-20260808-SKU-LIFEBUOY-4,2026-08-08,SKU-LIFEBUOY-4,Lifebuoy Soap 4 x 100 g,3,135,109,106,0,0
TXN-20260808-SKU-MAGGI-280,2026-08-08,SKU-MAGGI-280,Maggi Noodles 280 g,7,56,288,281,0,0
TXN-20260808-SKU-MAIDA-1K,2026-08-08,SKU-MAIDA-1K,Maida 1 kg,3,42,39,156,0,0
TXN-20260808-SKU-MIRCH-100,2026-08-08,SKU-MIRCH-100,Red Chilli Powder 100 g,3,40,115,112,0,0
TXN-20260808-SKU-MOONG-1K,2026-08-08,SKU-MOONG-1K,Moong Dal 1 kg,3,130,166,163,0,0
TXN-20260808-SKU-MUST-1L,2026-08-08,SKU-MUST-1L,Fortune Mustard Oil 1 L,5,170,206,201,0,0
TXN-20260808-SKU-OIL-1L,2026-08-08,SKU-OIL-1L,Sunpure Cooking Oil 1 L,8,135,410,402,0,0
TXN-20260808-SKU-PARLE-G,2026-08-08,SKU-PARLE-G,Parle-G Biscuit 250 g,7,25,470,463,0,0
TXN-20260808-SKU-POHA-500,2026-08-08,SKU-POHA-500,Poha 500 g,4,36,164,160,0,0
TXN-20260808-SKU-RAJMA-1K,2026-08-08,SKU-RAJMA-1K,Rajma 1 kg,2,155,28,106,0,0
TXN-20260808-SKU-RICE-1K,2026-08-08,SKU-RICE-1K,Sona Masoori Rice 1 kg,8,70,95,397,0,0
TXN-20260808-SKU-SALT-1K,2026-08-08,SKU-SALT-1K,Tata Salt 1 kg,7,28,485,478,0,0
TXN-20260808-SKU-SPRITE-750,2026-08-08,SKU-SPRITE-750,Sprite 750 ml,15,40,269,254,0,0
TXN-20260808-SKU-SUG-1K,2026-08-08,SKU-SUG-1K,Sugar 1 kg,10,48,510,500,0,0
TXN-20260808-SKU-SUJI-500,2026-08-08,SKU-SUJI-500,Suji 500 g,1,30,32,111,0,0
TXN-20260808-SKU-SURF-1K,2026-08-08,SKU-SURF-1K,Surf Excel 1 kg,1,140,103,102,0,0
TXN-20260808-SKU-TEA-250,2026-08-08,SKU-TEA-250,Tata Tea Gold 250 g,4,160,214,210,0,0
TXN-20260808-SKU-TOOR-1K,2026-08-08,SKU-TOOR-1K,Toor Dal 1 kg,5,150,260,255,0,0
TXN-20260808-SKU-VIM-500,2026-08-08,SKU-VIM-500,Vim Bar 500 g,3,45,166,163,0,0
TXN-20260808-SKU-WATER-1L,2026-08-08,SKU-WATER-1L,Bisleri Water 1 L,28,20,769,741,0,0
TXN-20260809-SKU-ATTA-5K,2026-08-09,SKU-ATTA-5K,Aashirvaad Atta 5 kg,5,260,255,250,0,0
TXN-20260809-SKU-BAS-5K,2026-08-09,SKU-BAS-5K,India Gate Basmati 5 kg,2,600,64,62,0,0
TXN-20260809-SKU-BESAN-500,2026-08-09,SKU-BESAN-500,Besan 500 g,3,56,169,166,0,0
TXN-20260809-SKU-BREAD-400,2026-08-09,SKU-BREAD-400,Brown Bread 400 g,7,45,251,244,0,0
TXN-20260809-SKU-CHANA-1K,2026-08-09,SKU-CHANA-1K,Kabuli Chana 1 kg,1,140,104,103,0,0
TXN-20260809-SKU-COKE-750,2026-08-09,SKU-COKE-750,Coca-Cola 750 ml,18,40,349,331,0,0
TXN-20260809-SKU-COLGATE-200,2026-08-09,SKU-COLGATE-200,Colgate Toothpaste 200 g,2,115,113,111,0,0
TXN-20260809-SKU-DALIA-500,2026-08-09,SKU-DALIA-500,Dalia 500 g,1,34,58,57,0,0
TXN-20260809-SKU-DETTOL-250,2026-08-09,SKU-DETTOL-250,Dettol Liquid 250 ml,1,175,53,52,0,0
TXN-20260809-SKU-FROOTI-600,2026-08-09,SKU-FROOTI-600,Frooti 600 ml,15,35,296,281,0,0
TXN-20260809-SKU-GHEE-1L,2026-08-09,SKU-GHEE-1L,Amul Ghee 1 L,1,620,61,60,0,0
TXN-20260809-SKU-HALDI-100,2026-08-09,SKU-HALDI-100,Turmeric Powder 100 g,2,32,120,118,0,0
TXN-20260809-SKU-HARPIC-500,2026-08-09,SKU-HARPIC-500,Harpic 500 ml,1,105,60,59,0,0
TXN-20260809-SKU-LAYS-52,2026-08-09,SKU-LAYS-52,Lays Classic 52 g,7,20,341,334,0,0
TXN-20260809-SKU-LIFEBUOY-4,2026-08-09,SKU-LIFEBUOY-4,Lifebuoy Soap 4 x 100 g,3,135,106,103,0,0
TXN-20260809-SKU-MAGGI-280,2026-08-09,SKU-MAGGI-280,Maggi Noodles 280 g,7,56,281,274,0,0
TXN-20260809-SKU-MAIDA-1K,2026-08-09,SKU-MAIDA-1K,Maida 1 kg,2,42,156,154,0,0
TXN-20260809-SKU-MIRCH-100,2026-08-09,SKU-MIRCH-100,Red Chilli Powder 100 g,3,40,112,109,0,0
TXN-20260809-SKU-MOONG-1K,2026-08-09,SKU-MOONG-1K,Moong Dal 1 kg,4,130,163,159,0,0
TXN-20260809-SKU-MUST-1L,2026-08-09,SKU-MUST-1L,Fortune Mustard Oil 1 L,4,170,201,197,0,0
TXN-20260809-SKU-OIL-1L,2026-08-09,SKU-OIL-1L,Sunpure Cooking Oil 1 L,8,135,402,394,0,0
TXN-20260809-SKU-PARLE-G,2026-08-09,SKU-PARLE-G,Parle-G Biscuit 250 g,12,25,463,451,0,0
TXN-20260809-SKU-POHA-500,2026-08-09,SKU-POHA-500,Poha 500 g,2,36,160,158,0,0
TXN-20260809-SKU-RAJMA-1K,2026-08-09,SKU-RAJMA-1K,Rajma 1 kg,2,155,106,104,0,0
TXN-20260809-SKU-RICE-1K,2026-08-09,SKU-RICE-1K,Sona Masoori Rice 1 kg,9,70,397,388,0,0
TXN-20260809-SKU-SALT-1K,2026-08-09,SKU-SALT-1K,Tata Salt 1 kg,8,28,478,470,0,0
TXN-20260809-SKU-SPRITE-750,2026-08-09,SKU-SPRITE-750,Sprite 750 ml,12,40,254,242,0,0
TXN-20260809-SKU-SUG-1K,2026-08-09,SKU-SUG-1K,Sugar 1 kg,10,48,500,490,0,0
TXN-20260809-SKU-SUJI-500,2026-08-09,SKU-SUJI-500,Suji 500 g,2,30,111,109,0,0
TXN-20260809-SKU-SURF-1K,2026-08-09,SKU-SURF-1K,Surf Excel 1 kg,2,140,102,100,0,0
TXN-20260809-SKU-TEA-250,2026-08-09,SKU-TEA-250,Tata Tea Gold 250 g,4,160,210,206,0,0
TXN-20260809-SKU-TOOR-1K,2026-08-09,SKU-TOOR-1K,Toor Dal 1 kg,5,150,255,250,0,0
TXN-20260809-SKU-VIM-500,2026-08-09,SKU-VIM-500,Vim Bar 500 g,3,45,163,160,0,0
TXN-20260809-SKU-WATER-1L,2026-08-09,SKU-WATER-1L,Bisleri Water 1 L,18,20,741,723,0,0
TXN-20260810-SKU-ATTA-5K,2026-08-10,SKU-ATTA-5K,Aashirvaad Atta 5 kg,5,260,250,245,0,0
TXN-20260810-SKU-BAS-5K,2026-08-10,SKU-BAS-5K,India Gate Basmati 5 kg,2,600,62,60,0,0
TXN-20260810-SKU-BESAN-500,2026-08-10,SKU-BESAN-500,Besan 500 g,4,56,166,162,0,0
TXN-20260810-SKU-BREAD-400,2026-08-10,SKU-BREAD-400,Brown Bread 400 g,5,45,244,239,0,0
TXN-20260810-SKU-CHANA-1K,2026-08-10,SKU-CHANA-1K,Kabuli Chana 1 kg,2,140,103,101,0,0
TXN-20260810-SKU-COKE-750,2026-08-10,SKU-COKE-750,Coca-Cola 750 ml,10,40,331,321,0,0
TXN-20260810-SKU-COLGATE-200,2026-08-10,SKU-COLGATE-200,Colgate Toothpaste 200 g,3,115,111,108,0,0
TXN-20260810-SKU-DALIA-500,2026-08-10,SKU-DALIA-500,Dalia 500 g,1,34,57,56,0,0
TXN-20260810-SKU-DETTOL-250,2026-08-10,SKU-DETTOL-250,Dettol Liquid 250 ml,1,175,52,51,0,0
TXN-20260810-SKU-FROOTI-600,2026-08-10,SKU-FROOTI-600,Frooti 600 ml,12,35,281,269,0,0
TXN-20260810-SKU-GHEE-1L,2026-08-10,SKU-GHEE-1L,Amul Ghee 1 L,1,620,60,59,0,0
TXN-20260810-SKU-HALDI-100,2026-08-10,SKU-HALDI-100,Turmeric Powder 100 g,3,32,118,115,0,0
TXN-20260810-SKU-HARPIC-500,2026-08-10,SKU-HARPIC-500,Harpic 500 ml,2,105,59,57,0,0
TXN-20260810-SKU-LAYS-52,2026-08-10,SKU-LAYS-52,Lays Classic 52 g,7,20,334,327,0,0
TXN-20260810-SKU-LIFEBUOY-4,2026-08-10,SKU-LIFEBUOY-4,Lifebuoy Soap 4 x 100 g,1,135,103,102,0,0
TXN-20260810-SKU-MAGGI-280,2026-08-10,SKU-MAGGI-280,Maggi Noodles 280 g,7,56,274,267,0,0
TXN-20260810-SKU-MAIDA-1K,2026-08-10,SKU-MAIDA-1K,Maida 1 kg,3,42,154,151,0,0
TXN-20260810-SKU-MIRCH-100,2026-08-10,SKU-MIRCH-100,Red Chilli Powder 100 g,2,40,109,107,0,0
TXN-20260810-SKU-MOONG-1K,2026-08-10,SKU-MOONG-1K,Moong Dal 1 kg,4,130,159,155,0,0
TXN-20260810-SKU-MUST-1L,2026-08-10,SKU-MUST-1L,Fortune Mustard Oil 1 L,4,170,197,193,0,0
TXN-20260810-SKU-OIL-1L,2026-08-10,SKU-OIL-1L,Sunpure Cooking Oil 1 L,8,135,394,386,0,0
TXN-20260810-SKU-PARLE-G,2026-08-10,SKU-PARLE-G,Parle-G Biscuit 250 g,10,25,451,441,0,0
TXN-20260810-SKU-POHA-500,2026-08-10,SKU-POHA-500,Poha 500 g,3,36,158,155,0,0
TXN-20260810-SKU-RAJMA-1K,2026-08-10,SKU-RAJMA-1K,Rajma 1 kg,2,155,104,102,0,0
TXN-20260810-SKU-RICE-1K,2026-08-10,SKU-RICE-1K,Sona Masoori Rice 1 kg,8,70,388,380,0,0
TXN-20260810-SKU-SALT-1K,2026-08-10,SKU-SALT-1K,Tata Salt 1 kg,12,28,470,458,0,0
TXN-20260810-SKU-SPRITE-750,2026-08-10,SKU-SPRITE-750,Sprite 750 ml,10,40,242,232,0,0
TXN-20260810-SKU-SUG-1K,2026-08-10,SKU-SUG-1K,Sugar 1 kg,10,48,490,480,0,0
TXN-20260810-SKU-SUJI-500,2026-08-10,SKU-SUJI-500,Suji 500 g,2,30,109,107,0,0
TXN-20260810-SKU-SURF-1K,2026-08-10,SKU-SURF-1K,Surf Excel 1 kg,1,140,100,99,0,0
TXN-20260810-SKU-TEA-250,2026-08-10,SKU-TEA-250,Tata Tea Gold 250 g,2,160,206,204,0,0
TXN-20260810-SKU-TOOR-1K,2026-08-10,SKU-TOOR-1K,Toor Dal 1 kg,5,150,250,245,0,0
TXN-20260810-SKU-VIM-500,2026-08-10,SKU-VIM-500,Vim Bar 500 g,3,45,160,157,0,0
TXN-20260810-SKU-WATER-1L,2026-08-10,SKU-WATER-1L,Bisleri Water 1 L,30,20,723,693,0,0
TXN-20260811-SKU-ATTA-5K,2026-08-11,SKU-ATTA-5K,Aashirvaad Atta 5 kg,5,260,245,240,0,0
TXN-20260811-SKU-BAS-5K,2026-08-11,SKU-BAS-5K,India Gate Basmati 5 kg,1,600,60,59,0,0
TXN-20260811-SKU-BESAN-500,2026-08-11,SKU-BESAN-500,Besan 500 g,3,56,162,159,0,0
TXN-20260811-SKU-BREAD-400,2026-08-11,SKU-BREAD-400,Brown Bread 400 g,7,45,239,232,0,0
TXN-20260811-SKU-CHANA-1K,2026-08-11,SKU-CHANA-1K,Kabuli Chana 1 kg,3,140,101,98,0,0
TXN-20260811-SKU-COKE-750,2026-08-11,SKU-COKE-750,Coca-Cola 750 ml,12,40,321,309,0,0
TXN-20260811-SKU-COLGATE-200,2026-08-11,SKU-COLGATE-200,Colgate Toothpaste 200 g,2,115,108,106,0,0
TXN-20260811-SKU-DALIA-500,2026-08-11,SKU-DALIA-500,Dalia 500 g,1,34,56,55,0,0
TXN-20260811-SKU-DETTOL-250,2026-08-11,SKU-DETTOL-250,Dettol Liquid 250 ml,1,175,51,50,0,0
TXN-20260811-SKU-FROOTI-600,2026-08-11,SKU-FROOTI-600,Frooti 600 ml,10,35,269,259,0,0
TXN-20260811-SKU-GHEE-1L,2026-08-11,SKU-GHEE-1L,Amul Ghee 1 L,2,620,59,57,0,0
TXN-20260811-SKU-HALDI-100,2026-08-11,SKU-HALDI-100,Turmeric Powder 100 g,2,32,115,113,0,0
TXN-20260811-SKU-HARPIC-500,2026-08-11,SKU-HARPIC-500,Harpic 500 ml,1,105,57,56,0,0
TXN-20260811-SKU-LAYS-52,2026-08-11,SKU-LAYS-52,Lays Classic 52 g,7,20,327,320,0,0
TXN-20260811-SKU-LIFEBUOY-4,2026-08-11,SKU-LIFEBUOY-4,Lifebuoy Soap 4 x 100 g,2,135,102,100,0,0
TXN-20260811-SKU-MAGGI-280,2026-08-11,SKU-MAGGI-280,Maggi Noodles 280 g,6,56,267,261,0,0
TXN-20260811-SKU-MAIDA-1K,2026-08-11,SKU-MAIDA-1K,Maida 1 kg,3,42,151,148,0,0
TXN-20260811-SKU-MIRCH-100,2026-08-11,SKU-MIRCH-100,Red Chilli Powder 100 g,3,40,107,104,0,0
TXN-20260811-SKU-MOONG-1K,2026-08-11,SKU-MOONG-1K,Moong Dal 1 kg,2,130,155,153,0,0
TXN-20260811-SKU-MUST-1L,2026-08-11,SKU-MUST-1L,Fortune Mustard Oil 1 L,4,170,193,189,0,0
TXN-20260811-SKU-OIL-1L,2026-08-11,SKU-OIL-1L,Sunpure Cooking Oil 1 L,8,135,386,378,0,0
TXN-20260811-SKU-PARLE-G,2026-08-11,SKU-PARLE-G,Parle-G Biscuit 250 g,13,25,441,428,0,0
TXN-20260811-SKU-POHA-500,2026-08-11,SKU-POHA-500,Poha 500 g,4,36,155,151,0,0
TXN-20260811-SKU-RAJMA-1K,2026-08-11,SKU-RAJMA-1K,Rajma 1 kg,2,155,102,100,0,0
TXN-20260811-SKU-RICE-1K,2026-08-11,SKU-RICE-1K,Sona Masoori Rice 1 kg,7,70,380,373,0,0
TXN-20260811-SKU-SALT-1K,2026-08-11,SKU-SALT-1K,Tata Salt 1 kg,9,28,458,449,0,0
TXN-20260811-SKU-SPRITE-750,2026-08-11,SKU-SPRITE-750,Sprite 750 ml,8,40,232,224,0,0
TXN-20260811-SKU-SUG-1K,2026-08-11,SKU-SUG-1K,Sugar 1 kg,10,48,480,470,0,0
TXN-20260811-SKU-SUJI-500,2026-08-11,SKU-SUJI-500,Suji 500 g,2,30,107,105,0,0
TXN-20260811-SKU-SURF-1K,2026-08-11,SKU-SURF-1K,Surf Excel 1 kg,2,140,99,97,0,0
TXN-20260811-SKU-TEA-250,2026-08-11,SKU-TEA-250,Tata Tea Gold 250 g,6,160,204,198,0,0
TXN-20260811-SKU-TOOR-1K,2026-08-11,SKU-TOOR-1K,Toor Dal 1 kg,5,150,245,240,0,0
TXN-20260811-SKU-VIM-500,2026-08-11,SKU-VIM-500,Vim Bar 500 g,4,45,157,153,0,0
TXN-20260811-SKU-WATER-1L,2026-08-11,SKU-WATER-1L,Bisleri Water 1 L,38,20,693,655,0,0
TXN-20260812-SKU-ATTA-5K,2026-08-12,SKU-ATTA-5K,Aashirvaad Atta 5 kg,5,260,240,235,0,0
TXN-20260812-SKU-BAS-5K,2026-08-12,SKU-BAS-5K,India Gate Basmati 5 kg,1,600,59,58,0,0
TXN-20260812-SKU-BESAN-500,2026-08-12,SKU-BESAN-500,Besan 500 g,3,56,159,156,0,0
TXN-20260812-SKU-BREAD-400,2026-08-12,SKU-BREAD-400,Brown Bread 400 g,4,45,232,228,0,0
TXN-20260812-SKU-CHANA-1K,2026-08-12,SKU-CHANA-1K,Kabuli Chana 1 kg,2,140,98,96,0,0
TXN-20260812-SKU-COKE-750,2026-08-12,SKU-COKE-750,Coca-Cola 750 ml,20,40,309,289,0,0
TXN-20260812-SKU-COLGATE-200,2026-08-12,SKU-COLGATE-200,Colgate Toothpaste 200 g,3,115,106,103,0,0
TXN-20260812-SKU-DALIA-500,2026-08-12,SKU-DALIA-500,Dalia 500 g,1,34,55,54,0,0
TXN-20260812-SKU-DETTOL-250,2026-08-12,SKU-DETTOL-250,Dettol Liquid 250 ml,1,175,50,49,0,0
TXN-20260812-SKU-FROOTI-600,2026-08-12,SKU-FROOTI-600,Frooti 600 ml,10,35,259,249,0,0
TXN-20260812-SKU-GHEE-1L,2026-08-12,SKU-GHEE-1L,Amul Ghee 1 L,2,620,57,55,0,0
TXN-20260812-SKU-HALDI-100,2026-08-12,SKU-HALDI-100,Turmeric Powder 100 g,3,32,113,110,0,0
TXN-20260812-SKU-HARPIC-500,2026-08-12,SKU-HARPIC-500,Harpic 500 ml,1,105,56,55,0,0
TXN-20260812-SKU-LAYS-52,2026-08-12,SKU-LAYS-52,Lays Classic 52 g,8,20,320,312,0,0
TXN-20260812-SKU-LIFEBUOY-4,2026-08-12,SKU-LIFEBUOY-4,Lifebuoy Soap 4 x 100 g,2,135,100,98,0,0
TXN-20260812-SKU-MAGGI-280,2026-08-12,SKU-MAGGI-280,Maggi Noodles 280 g,7,56,261,254,0,0
TXN-20260812-SKU-MAIDA-1K,2026-08-12,SKU-MAIDA-1K,Maida 1 kg,3,42,148,145,0,0
TXN-20260812-SKU-MIRCH-100,2026-08-12,SKU-MIRCH-100,Red Chilli Powder 100 g,2,40,104,102,0,0
TXN-20260812-SKU-MOONG-1K,2026-08-12,SKU-MOONG-1K,Moong Dal 1 kg,3,130,153,150,0,0
TXN-20260812-SKU-MUST-1L,2026-08-12,SKU-MUST-1L,Fortune Mustard Oil 1 L,5,170,189,184,0,0
TXN-20260812-SKU-OIL-1L,2026-08-12,SKU-OIL-1L,Sunpure Cooking Oil 1 L,8,135,378,370,0,0
TXN-20260812-SKU-PARLE-G,2026-08-12,SKU-PARLE-G,Parle-G Biscuit 250 g,11,25,428,417,0,0
TXN-20260812-SKU-POHA-500,2026-08-12,SKU-POHA-500,Poha 500 g,3,36,151,148,0,0
TXN-20260812-SKU-RAJMA-1K,2026-08-12,SKU-RAJMA-1K,Rajma 1 kg,2,155,100,98,0,0
TXN-20260812-SKU-RICE-1K,2026-08-12,SKU-RICE-1K,Sona Masoori Rice 1 kg,10,70,373,363,0,0
TXN-20260812-SKU-SALT-1K,2026-08-12,SKU-SALT-1K,Tata Salt 1 kg,8,28,449,441,0,0
TXN-20260812-SKU-SPRITE-750,2026-08-12,SKU-SPRITE-750,Sprite 750 ml,12,40,224,212,0,0
TXN-20260812-SKU-SUG-1K,2026-08-12,SKU-SUG-1K,Sugar 1 kg,10,48,470,460,0,0
TXN-20260812-SKU-SUJI-500,2026-08-12,SKU-SUJI-500,Suji 500 g,1,30,105,104,0,0
TXN-20260812-SKU-SURF-1K,2026-08-12,SKU-SURF-1K,Surf Excel 1 kg,3,140,97,94,0,0
TXN-20260812-SKU-TEA-250,2026-08-12,SKU-TEA-250,Tata Tea Gold 250 g,4,160,198,194,0,0
TXN-20260812-SKU-TOOR-1K,2026-08-12,SKU-TOOR-1K,Toor Dal 1 kg,5,150,240,235,0,0
TXN-20260812-SKU-VIM-500,2026-08-12,SKU-VIM-500,Vim Bar 500 g,3,45,153,150,0,0
TXN-20260812-SKU-WATER-1L,2026-08-12,SKU-WATER-1L,Bisleri Water 1 L,28,20,655,627,0,0
TXN-20260813-SKU-ATTA-5K,2026-08-13,SKU-ATTA-5K,Aashirvaad Atta 5 kg,5,260,235,230,0,0
TXN-20260813-SKU-BAS-5K,2026-08-13,SKU-BAS-5K,India Gate Basmati 5 kg,2,600,58,56,0,0
TXN-20260813-SKU-BESAN-500,2026-08-13,SKU-BESAN-500,Besan 500 g,3,56,156,153,0,0
TXN-20260813-SKU-BREAD-400,2026-08-13,SKU-BREAD-400,Brown Bread 400 g,7,45,228,221,0,0
TXN-20260813-SKU-CHANA-1K,2026-08-13,SKU-CHANA-1K,Kabuli Chana 1 kg,3,140,96,93,0,0
TXN-20260813-SKU-COKE-750,2026-08-13,SKU-COKE-750,Coca-Cola 750 ml,12,40,289,277,0,0
TXN-20260813-SKU-COLGATE-200,2026-08-13,SKU-COLGATE-200,Colgate Toothpaste 200 g,2,115,103,101,0,0
TXN-20260813-SKU-DALIA-500,2026-08-13,SKU-DALIA-500,Dalia 500 g,2,34,54,52,0,0
TXN-20260813-SKU-DETTOL-250,2026-08-13,SKU-DETTOL-250,Dettol Liquid 250 ml,0,175,49,49,0,0
TXN-20260813-SKU-FROOTI-600,2026-08-13,SKU-FROOTI-600,Frooti 600 ml,12,35,249,237,0,0
TXN-20260813-SKU-GHEE-1L,2026-08-13,SKU-GHEE-1L,Amul Ghee 1 L,1,620,55,54,0,0
TXN-20260813-SKU-HALDI-100,2026-08-13,SKU-HALDI-100,Turmeric Powder 100 g,4,32,110,106,0,0
TXN-20260813-SKU-HARPIC-500,2026-08-13,SKU-HARPIC-500,Harpic 500 ml,1,105,55,54,0,0
TXN-20260813-SKU-LAYS-52,2026-08-13,SKU-LAYS-52,Lays Classic 52 g,3,20,312,309,0,0
TXN-20260813-SKU-LIFEBUOY-4,2026-08-13,SKU-LIFEBUOY-4,Lifebuoy Soap 4 x 100 g,1,135,98,97,0,0
TXN-20260813-SKU-MAGGI-280,2026-08-13,SKU-MAGGI-280,Maggi Noodles 280 g,3,56,254,251,0,0
TXN-20260813-SKU-MAIDA-1K,2026-08-13,SKU-MAIDA-1K,Maida 1 kg,3,42,145,142,0,0
TXN-20260813-SKU-MIRCH-100,2026-08-13,SKU-MIRCH-100,Red Chilli Powder 100 g,3,40,102,99,0,0
TXN-20260813-SKU-MOONG-1K,2026-08-13,SKU-MOONG-1K,Moong Dal 1 kg,4,130,150,146,0,0
TXN-20260813-SKU-MUST-1L,2026-08-13,SKU-MUST-1L,Fortune Mustard Oil 1 L,4,170,184,180,0,0
TXN-20260813-SKU-OIL-1L,2026-08-13,SKU-OIL-1L,Sunpure Cooking Oil 1 L,8,135,370,362,0,0
TXN-20260813-SKU-PARLE-G,2026-08-13,SKU-PARLE-G,Parle-G Biscuit 250 g,11,25,417,406,0,0
TXN-20260813-SKU-POHA-500,2026-08-13,SKU-POHA-500,Poha 500 g,2,36,148,146,0,0
TXN-20260813-SKU-RAJMA-1K,2026-08-13,SKU-RAJMA-1K,Rajma 1 kg,3,155,98,95,0,0
TXN-20260813-SKU-RICE-1K,2026-08-13,SKU-RICE-1K,Sona Masoori Rice 1 kg,10,70,363,353,0,0
TXN-20260813-SKU-SALT-1K,2026-08-13,SKU-SALT-1K,Tata Salt 1 kg,12,28,441,429,0,0
TXN-20260813-SKU-SPRITE-750,2026-08-13,SKU-SPRITE-750,Sprite 750 ml,10,40,212,202,0,0
TXN-20260813-SKU-SUG-1K,2026-08-13,SKU-SUG-1K,Sugar 1 kg,10,48,460,450,0,0
TXN-20260813-SKU-SUJI-500,2026-08-13,SKU-SUJI-500,Suji 500 g,2,30,104,102,0,0
TXN-20260813-SKU-SURF-1K,2026-08-13,SKU-SURF-1K,Surf Excel 1 kg,3,140,94,91,0,0
TXN-20260813-SKU-TEA-250,2026-08-13,SKU-TEA-250,Tata Tea Gold 250 g,5,160,194,189,0,0
TXN-20260813-SKU-TOOR-1K,2026-08-13,SKU-TOOR-1K,Toor Dal 1 kg,5,150,235,230,0,0
TXN-20260813-SKU-VIM-500,2026-08-13,SKU-VIM-500,Vim Bar 500 g,4,45,150,146,0,0
TXN-20260813-SKU-WATER-1L,2026-08-13,SKU-WATER-1L,Bisleri Water 1 L,40,20,627,587,0,0
TXN-20260814-SKU-ATTA-5K,2026-08-14,SKU-ATTA-5K,Aashirvaad Atta 5 kg,5,260,230,225,0,0
TXN-20260814-SKU-BAS-5K,2026-08-14,SKU-BAS-5K,India Gate Basmati 5 kg,0,600,56,56,0,0
TXN-20260814-SKU-BESAN-500,2026-08-14,SKU-BESAN-500,Besan 500 g,4,56,153,149,0,0
TXN-20260814-SKU-BREAD-400,2026-08-14,SKU-BREAD-400,Brown Bread 400 g,5,45,221,216,0,0
TXN-20260814-SKU-CHANA-1K,2026-08-14,SKU-CHANA-1K,Kabuli Chana 1 kg,1,140,93,92,0,0
TXN-20260814-SKU-COKE-750,2026-08-14,SKU-COKE-750,Coca-Cola 750 ml,20,40,277,257,0,0
TXN-20260814-SKU-COLGATE-200,2026-08-14,SKU-COLGATE-200,Colgate Toothpaste 200 g,3,115,101,98,0,0
TXN-20260814-SKU-DALIA-500,2026-08-14,SKU-DALIA-500,Dalia 500 g,1,34,52,51,0,0
TXN-20260814-SKU-DETTOL-250,2026-08-14,SKU-DETTOL-250,Dettol Liquid 250 ml,1,175,49,48,0,0
TXN-20260814-SKU-FROOTI-600,2026-08-14,SKU-FROOTI-600,Frooti 600 ml,10,35,237,227,0,0
TXN-20260814-SKU-GHEE-1L,2026-08-14,SKU-GHEE-1L,Amul Ghee 1 L,1,620,54,53,0,0
TXN-20260814-SKU-HALDI-100,2026-08-14,SKU-HALDI-100,Turmeric Powder 100 g,2,32,106,104,0,0
TXN-20260814-SKU-HARPIC-500,2026-08-14,SKU-HARPIC-500,Harpic 500 ml,0,105,54,54,0,0
TXN-20260814-SKU-LAYS-52,2026-08-14,SKU-LAYS-52,Lays Classic 52 g,7,20,309,302,0,0
TXN-20260814-SKU-LIFEBUOY-4,2026-08-14,SKU-LIFEBUOY-4,Lifebuoy Soap 4 x 100 g,3,135,97,94,0,0
TXN-20260814-SKU-MAGGI-280,2026-08-14,SKU-MAGGI-280,Maggi Noodles 280 g,10,56,251,241,0,0
TXN-20260814-SKU-MAIDA-1K,2026-08-14,SKU-MAIDA-1K,Maida 1 kg,4,42,142,138,0,0
TXN-20260814-SKU-MIRCH-100,2026-08-14,SKU-MIRCH-100,Red Chilli Powder 100 g,2,40,99,97,0,0
TXN-20260814-SKU-MOONG-1K,2026-08-14,SKU-MOONG-1K,Moong Dal 1 kg,3,130,146,143,0,0
TXN-20260814-SKU-MUST-1L,2026-08-14,SKU-MUST-1L,Fortune Mustard Oil 1 L,5,170,180,175,0,0
TXN-20260814-SKU-OIL-1L,2026-08-14,SKU-OIL-1L,Sunpure Cooking Oil 1 L,8,135,362,354,0,0
TXN-20260814-SKU-PARLE-G,2026-08-14,SKU-PARLE-G,Parle-G Biscuit 250 g,7,25,406,399,0,0
TXN-20260814-SKU-POHA-500,2026-08-14,SKU-POHA-500,Poha 500 g,2,36,146,144,0,0
TXN-20260814-SKU-RAJMA-1K,2026-08-14,SKU-RAJMA-1K,Rajma 1 kg,2,155,95,93,0,0
TXN-20260814-SKU-RICE-1K,2026-08-14,SKU-RICE-1K,Sona Masoori Rice 1 kg,7,70,353,346,0,0
TXN-20260814-SKU-SALT-1K,2026-08-14,SKU-SALT-1K,Tata Salt 1 kg,12,28,429,417,0,0
TXN-20260814-SKU-SPRITE-750,2026-08-14,SKU-SPRITE-750,Sprite 750 ml,10,40,202,192,0,0
TXN-20260814-SKU-SUG-1K,2026-08-14,SKU-SUG-1K,Sugar 1 kg,10,48,450,440,0,0
TXN-20260814-SKU-SUJI-500,2026-08-14,SKU-SUJI-500,Suji 500 g,2,30,102,100,0,0
TXN-20260814-SKU-SURF-1K,2026-08-14,SKU-SURF-1K,Surf Excel 1 kg,2,140,91,89,0,0
TXN-20260814-SKU-TEA-250,2026-08-14,SKU-TEA-250,Tata Tea Gold 250 g,5,160,189,184,0,0
TXN-20260814-SKU-TOOR-1K,2026-08-14,SKU-TOOR-1K,Toor Dal 1 kg,5,150,230,225,0,0
TXN-20260814-SKU-VIM-500,2026-08-14,SKU-VIM-500,Vim Bar 500 g,1,45,146,145,0,0
TXN-20260814-SKU-WATER-1L,2026-08-14,SKU-WATER-1L,Bisleri Water 1 L,20,20,587,567,0,0
TXN-20260815-SKU-ATTA-5K,2026-08-15,SKU-ATTA-5K,Aashirvaad Atta 5 kg,5,260,225,220,0,0
TXN-20260815-SKU-BAS-5K,2026-08-15,SKU-BAS-5K,India Gate Basmati 5 kg,0,600,56,56,0,0
TXN-20260815-SKU-BESAN-500,2026-08-15,SKU-BESAN-500,Besan 500 g,3,56,149,146,0,0
TXN-20260815-SKU-BREAD-400,2026-08-15,SKU-BREAD-400,Brown Bread 400 g,6,45,216,210,0,0
TXN-20260815-SKU-CHANA-1K,2026-08-15,SKU-CHANA-1K,Kabuli Chana 1 kg,2,140,92,90,0,0
TXN-20260815-SKU-COKE-750,2026-08-15,SKU-COKE-750,Coca-Cola 750 ml,5,40,257,252,0,0
TXN-20260815-SKU-COLGATE-200,2026-08-15,SKU-COLGATE-200,Colgate Toothpaste 200 g,2,115,98,96,0,0
TXN-20260815-SKU-DALIA-500,2026-08-15,SKU-DALIA-500,Dalia 500 g,1,34,51,50,0,0
TXN-20260815-SKU-DETTOL-250,2026-08-15,SKU-DETTOL-250,Dettol Liquid 250 ml,0,175,48,48,0,0
TXN-20260815-SKU-FROOTI-600,2026-08-15,SKU-FROOTI-600,Frooti 600 ml,12,35,227,215,0,0
TXN-20260815-SKU-GHEE-1L,2026-08-15,SKU-GHEE-1L,Amul Ghee 1 L,2,620,53,51,0,0
TXN-20260815-SKU-HALDI-100,2026-08-15,SKU-HALDI-100,Turmeric Powder 100 g,1,32,104,103,0,0
TXN-20260815-SKU-HARPIC-500,2026-08-15,SKU-HARPIC-500,Harpic 500 ml,1,105,54,53,0,0
TXN-20260815-SKU-LAYS-52,2026-08-15,SKU-LAYS-52,Lays Classic 52 g,8,20,302,294,0,0
TXN-20260815-SKU-LIFEBUOY-4,2026-08-15,SKU-LIFEBUOY-4,Lifebuoy Soap 4 x 100 g,1,135,94,93,0,0
TXN-20260815-SKU-MAGGI-280,2026-08-15,SKU-MAGGI-280,Maggi Noodles 280 g,6,56,241,235,0,0
TXN-20260815-SKU-MAIDA-1K,2026-08-15,SKU-MAIDA-1K,Maida 1 kg,3,42,138,135,0,0
TXN-20260815-SKU-MIRCH-100,2026-08-15,SKU-MIRCH-100,Red Chilli Powder 100 g,2,40,97,95,0,0
TXN-20260815-SKU-MOONG-1K,2026-08-15,SKU-MOONG-1K,Moong Dal 1 kg,2,130,143,141,0,0
TXN-20260815-SKU-MUST-1L,2026-08-15,SKU-MUST-1L,Fortune Mustard Oil 1 L,3,170,175,172,0,0
TXN-20260815-SKU-OIL-1L,2026-08-15,SKU-OIL-1L,Sunpure Cooking Oil 1 L,8,135,354,346,0,0
TXN-20260815-SKU-PARLE-G,2026-08-15,SKU-PARLE-G,Parle-G Biscuit 250 g,9,25,399,390,0,0
TXN-20260815-SKU-POHA-500,2026-08-15,SKU-POHA-500,Poha 500 g,3,36,144,141,0,0
TXN-20260815-SKU-RAJMA-1K,2026-08-15,SKU-RAJMA-1K,Rajma 1 kg,3,155,93,90,0,0
TXN-20260815-SKU-RICE-1K,2026-08-15,SKU-RICE-1K,Sona Masoori Rice 1 kg,5,70,346,341,0,0
TXN-20260815-SKU-SALT-1K,2026-08-15,SKU-SALT-1K,Tata Salt 1 kg,8,28,417,409,0,0
TXN-20260815-SKU-SPRITE-750,2026-08-15,SKU-SPRITE-750,Sprite 750 ml,8,40,192,184,0,0
TXN-20260815-SKU-SUG-1K,2026-08-15,SKU-SUG-1K,Sugar 1 kg,10,48,440,430,0,0
TXN-20260815-SKU-SUJI-500,2026-08-15,SKU-SUJI-500,Suji 500 g,2,30,100,98,0,0
TXN-20260815-SKU-SURF-1K,2026-08-15,SKU-SURF-1K,Surf Excel 1 kg,2,140,89,87,0,0
TXN-20260815-SKU-TEA-250,2026-08-15,SKU-TEA-250,Tata Tea Gold 250 g,3,160,184,181,0,0
TXN-20260815-SKU-TOOR-1K,2026-08-15,SKU-TOOR-1K,Toor Dal 1 kg,5,150,225,220,0,0
TXN-20260815-SKU-VIM-500,2026-08-15,SKU-VIM-500,Vim Bar 500 g,3,45,145,142,0,0
TXN-20260815-SKU-WATER-1L,2026-08-15,SKU-WATER-1L,Bisleri Water 1 L,22,20,567,545,0,0
TXN-20260816-SKU-ATTA-5K,2026-08-16,SKU-ATTA-5K,Aashirvaad Atta 5 kg,5,260,220,215,0,0
TXN-20260816-SKU-BAS-5K,2026-08-16,SKU-BAS-5K,India Gate Basmati 5 kg,2,600,56,54,0,0
TXN-20260816-SKU-BESAN-500,2026-08-16,SKU-BESAN-500,Besan 500 g,2,56,146,144,0,0
TXN-20260816-SKU-BREAD-400,2026-08-16,SKU-BREAD-400,Brown Bread 400 g,6,45,210,204,0,0
TXN-20260816-SKU-CHANA-1K,2026-08-16,SKU-CHANA-1K,Kabuli Chana 1 kg,2,140,90,88,0,0
TXN-20260816-SKU-COKE-750,2026-08-16,SKU-COKE-750,Coca-Cola 750 ml,12,40,252,240,0,0
TXN-20260816-SKU-COLGATE-200,2026-08-16,SKU-COLGATE-200,Colgate Toothpaste 200 g,2,115,96,94,0,0
TXN-20260816-SKU-DALIA-500,2026-08-16,SKU-DALIA-500,Dalia 500 g,2,34,50,48,0,0
TXN-20260816-SKU-DETTOL-250,2026-08-16,SKU-DETTOL-250,Dettol Liquid 250 ml,2,175,48,46,0,0
TXN-20260816-SKU-FROOTI-600,2026-08-16,SKU-FROOTI-600,Frooti 600 ml,10,35,215,205,0,0
TXN-20260816-SKU-GHEE-1L,2026-08-16,SKU-GHEE-1L,Amul Ghee 1 L,1,620,51,50,0,0
TXN-20260816-SKU-HALDI-100,2026-08-16,SKU-HALDI-100,Turmeric Powder 100 g,2,32,103,101,0,0
TXN-20260816-SKU-HARPIC-500,2026-08-16,SKU-HARPIC-500,Harpic 500 ml,0,105,53,53,0,0
TXN-20260816-SKU-LAYS-52,2026-08-16,SKU-LAYS-52,Lays Classic 52 g,7,20,294,287,0,0
TXN-20260816-SKU-LIFEBUOY-4,2026-08-16,SKU-LIFEBUOY-4,Lifebuoy Soap 4 x 100 g,3,135,93,90,0,0
TXN-20260816-SKU-MAGGI-280,2026-08-16,SKU-MAGGI-280,Maggi Noodles 280 g,6,56,235,229,0,0
TXN-20260816-SKU-MAIDA-1K,2026-08-16,SKU-MAIDA-1K,Maida 1 kg,3,42,135,132,0,0
TXN-20260816-SKU-MIRCH-100,2026-08-16,SKU-MIRCH-100,Red Chilli Powder 100 g,1,40,95,94,0,0
TXN-20260816-SKU-MOONG-1K,2026-08-16,SKU-MOONG-1K,Moong Dal 1 kg,2,130,141,139,0,0
TXN-20260816-SKU-MUST-1L,2026-08-16,SKU-MUST-1L,Fortune Mustard Oil 1 L,4,170,172,168,0,0
TXN-20260816-SKU-OIL-1L,2026-08-16,SKU-OIL-1L,Sunpure Cooking Oil 1 L,8,135,346,338,0,0
TXN-20260816-SKU-PARLE-G,2026-08-16,SKU-PARLE-G,Parle-G Biscuit 250 g,11,25,390,379,0,0
TXN-20260816-SKU-POHA-500,2026-08-16,SKU-POHA-500,Poha 500 g,3,36,141,138,0,0
TXN-20260816-SKU-RAJMA-1K,2026-08-16,SKU-RAJMA-1K,Rajma 1 kg,2,155,90,88,0,0
TXN-20260816-SKU-RICE-1K,2026-08-16,SKU-RICE-1K,Sona Masoori Rice 1 kg,5,70,341,336,0,0
TXN-20260816-SKU-SALT-1K,2026-08-16,SKU-SALT-1K,Tata Salt 1 kg,12,28,409,397,0,0
TXN-20260816-SKU-SPRITE-750,2026-08-16,SKU-SPRITE-750,Sprite 750 ml,15,40,184,169,0,0
TXN-20260816-SKU-SUG-1K,2026-08-16,SKU-SUG-1K,Sugar 1 kg,10,48,430,420,0,0
TXN-20260816-SKU-SUJI-500,2026-08-16,SKU-SUJI-500,Suji 500 g,2,30,98,96,0,0
TXN-20260816-SKU-SURF-1K,2026-08-16,SKU-SURF-1K,Surf Excel 1 kg,3,140,87,84,0,0
TXN-20260816-SKU-TEA-250,2026-08-16,SKU-TEA-250,Tata Tea Gold 250 g,4,160,181,177,0,0
TXN-20260816-SKU-TOOR-1K,2026-08-16,SKU-TOOR-1K,Toor Dal 1 kg,5,150,220,215,0,0
TXN-20260816-SKU-VIM-500,2026-08-16,SKU-VIM-500,Vim Bar 500 g,4,45,142,138,0,0
TXN-20260816-SKU-WATER-1L,2026-08-16,SKU-WATER-1L,Bisleri Water 1 L,30,20,545,515,0,0
TXN-20260817-SKU-ATTA-5K,2026-08-17,SKU-ATTA-5K,Aashirvaad Atta 5 kg,5,260,215,210,0,0
TXN-20260817-SKU-BAS-5K,2026-08-17,SKU-BAS-5K,India Gate Basmati 5 kg,2,600,54,52,0,0
TXN-20260817-SKU-BESAN-500,2026-08-17,SKU-BESAN-500,Besan 500 g,3,56,144,141,0,0
TXN-20260817-SKU-BREAD-400,2026-08-17,SKU-BREAD-400,Brown Bread 400 g,3,45,204,200,1,0
TXN-20260817-SKU-CHANA-1K,2026-08-17,SKU-CHANA-1K,Kabuli Chana 1 kg,2,140,88,86,0,0
TXN-20260817-SKU-COKE-750,2026-08-17,SKU-COKE-750,Coca-Cola 750 ml,5,40,240,235,0,0
TXN-20260817-SKU-COLGATE-200,2026-08-17,SKU-COLGATE-200,Colgate Toothpaste 200 g,1,115,94,93,0,0
TXN-20260817-SKU-DALIA-500,2026-08-17,SKU-DALIA-500,Dalia 500 g,0,34,48,48,0,0
TXN-20260817-SKU-DETTOL-250,2026-08-17,SKU-DETTOL-250,Dettol Liquid 250 ml,1,175,46,45,0,0
TXN-20260817-SKU-FROOTI-600,2026-08-17,SKU-FROOTI-600,Frooti 600 ml,4,35,205,201,0,0
TXN-20260817-SKU-GHEE-1L,2026-08-17,SKU-GHEE-1L,Amul Ghee 1 L,1,620,50,49,0,0
TXN-20260817-SKU-HALDI-100,2026-08-17,SKU-HALDI-100,Turmeric Powder 100 g,1,32,101,100,0,0
TXN-20260817-SKU-HARPIC-500,2026-08-17,SKU-HARPIC-500,Harpic 500 ml,1,105,53,52,0,0
TXN-20260817-SKU-LAYS-52,2026-08-17,SKU-LAYS-52,Lays Classic 52 g,7,20,287,280,0,0
TXN-20260817-SKU-LIFEBUOY-4,2026-08-17,SKU-LIFEBUOY-4,Lifebuoy Soap 4 x 100 g,2,135,90,88,0,0
TXN-20260817-SKU-MAGGI-280,2026-08-17,SKU-MAGGI-280,Maggi Noodles 280 g,6,56,229,223,0,0
TXN-20260817-SKU-MAIDA-1K,2026-08-17,SKU-MAIDA-1K,Maida 1 kg,5,42,132,127,0,0
TXN-20260817-SKU-MIRCH-100,2026-08-17,SKU-MIRCH-100,Red Chilli Powder 100 g,2,40,94,92,0,0
TXN-20260817-SKU-MOONG-1K,2026-08-17,SKU-MOONG-1K,Moong Dal 1 kg,1,130,139,138,0,0
TXN-20260817-SKU-MUST-1L,2026-08-17,SKU-MUST-1L,Fortune Mustard Oil 1 L,2,170,168,166,0,0
TXN-20260817-SKU-OIL-1L,2026-08-17,SKU-OIL-1L,Sunpure Cooking Oil 1 L,8,135,338,330,0,0
TXN-20260817-SKU-PARLE-G,2026-08-17,SKU-PARLE-G,Parle-G Biscuit 250 g,8,25,379,371,0,0
TXN-20260817-SKU-POHA-500,2026-08-17,SKU-POHA-500,Poha 500 g,4,36,138,134,0,0
TXN-20260817-SKU-RAJMA-1K,2026-08-17,SKU-RAJMA-1K,Rajma 1 kg,1,155,88,87,0,0
TXN-20260817-SKU-RICE-1K,2026-08-17,SKU-RICE-1K,Sona Masoori Rice 1 kg,7,70,336,329,0,0
TXN-20260817-SKU-SALT-1K,2026-08-17,SKU-SALT-1K,Tata Salt 1 kg,8,28,397,389,0,0
TXN-20260817-SKU-SPRITE-750,2026-08-17,SKU-SPRITE-750,Sprite 750 ml,4,40,169,165,0,0
TXN-20260817-SKU-SUG-1K,2026-08-17,SKU-SUG-1K,Sugar 1 kg,10,48,420,410,0,0
TXN-20260817-SKU-SUJI-500,2026-08-17,SKU-SUJI-500,Suji 500 g,2,30,96,94,0,0
TXN-20260817-SKU-SURF-1K,2026-08-17,SKU-SURF-1K,Surf Excel 1 kg,2,140,84,82,0,0
TXN-20260817-SKU-TEA-250,2026-08-17,SKU-TEA-250,Tata Tea Gold 250 g,5,160,177,172,0,0
TXN-20260817-SKU-TOOR-1K,2026-08-17,SKU-TOOR-1K,Toor Dal 1 kg,5,150,215,210,0,0
TXN-20260817-SKU-VIM-500,2026-08-17,SKU-VIM-500,Vim Bar 500 g,4,45,138,134,0,0
TXN-20260817-SKU-WATER-1L,2026-08-17,SKU-WATER-1L,Bisleri Water 1 L,10,20,515,505,0,0
TXN-20260818-SKU-ATTA-5K,2026-08-18,SKU-ATTA-5K,Aashirvaad Atta 5 kg,5,260,210,205,0,0
TXN-20260818-SKU-BAS-5K,2026-08-18,SKU-BAS-5K,India Gate Basmati 5 kg,0,600,52,52,0,0
TXN-20260818-SKU-BESAN-500,2026-08-18,SKU-BESAN-500,Besan 500 g,3,56,141,138,0,0
TXN-20260818-SKU-BREAD-400,2026-08-18,SKU-BREAD-400,Brown Bread 400 g,5,45,200,195,0,0
TXN-20260818-SKU-CHANA-1K,2026-08-18,SKU-CHANA-1K,Kabuli Chana 1 kg,2,140,86,84,0,0
TXN-20260818-SKU-COKE-750,2026-08-18,SKU-COKE-750,Coca-Cola 750 ml,7,40,235,228,0,0
TXN-20260818-SKU-COLGATE-200,2026-08-18,SKU-COLGATE-200,Colgate Toothpaste 200 g,2,115,93,91,0,0
TXN-20260818-SKU-DALIA-500,2026-08-18,SKU-DALIA-500,Dalia 500 g,1,34,48,47,0,0
TXN-20260818-SKU-DETTOL-250,2026-08-18,SKU-DETTOL-250,Dettol Liquid 250 ml,1,175,45,44,0,0
TXN-20260818-SKU-FROOTI-600,2026-08-18,SKU-FROOTI-600,Frooti 600 ml,7,35,201,194,0,0
TXN-20260818-SKU-GHEE-1L,2026-08-18,SKU-GHEE-1L,Amul Ghee 1 L,0,620,49,49,0,0
TXN-20260818-SKU-HALDI-100,2026-08-18,SKU-HALDI-100,Turmeric Powder 100 g,2,32,100,98,0,0
TXN-20260818-SKU-HARPIC-500,2026-08-18,SKU-HARPIC-500,Harpic 500 ml,1,105,52,51,0,0
TXN-20260818-SKU-LAYS-52,2026-08-18,SKU-LAYS-52,Lays Classic 52 g,8,20,280,272,0,0
TXN-20260818-SKU-LIFEBUOY-4,2026-08-18,SKU-LIFEBUOY-4,Lifebuoy Soap 4 x 100 g,2,135,88,86,0,0
TXN-20260818-SKU-MAGGI-280,2026-08-18,SKU-MAGGI-280,Maggi Noodles 280 g,5,56,223,218,0,0
TXN-20260818-SKU-MAIDA-1K,2026-08-18,SKU-MAIDA-1K,Maida 1 kg,3,42,127,124,0,0
TXN-20260818-SKU-MIRCH-100,2026-08-18,SKU-MIRCH-100,Red Chilli Powder 100 g,3,40,92,89,0,0
TXN-20260818-SKU-MOONG-1K,2026-08-18,SKU-MOONG-1K,Moong Dal 1 kg,2,130,138,136,0,0
TXN-20260818-SKU-MUST-1L,2026-08-18,SKU-MUST-1L,Fortune Mustard Oil 1 L,4,170,166,162,0,0
TXN-20260818-SKU-OIL-1L,2026-08-18,SKU-OIL-1L,Sunpure Cooking Oil 1 L,8,135,330,322,0,0
TXN-20260818-SKU-PARLE-G,2026-08-18,SKU-PARLE-G,Parle-G Biscuit 250 g,10,25,371,361,0,0
TXN-20260818-SKU-POHA-500,2026-08-18,SKU-POHA-500,Poha 500 g,4,36,134,130,0,0
TXN-20260818-SKU-RAJMA-1K,2026-08-18,SKU-RAJMA-1K,Rajma 1 kg,1,155,87,86,0,0
TXN-20260818-SKU-RICE-1K,2026-08-18,SKU-RICE-1K,Sona Masoori Rice 1 kg,11,70,329,318,0,0
TXN-20260818-SKU-SALT-1K,2026-08-18,SKU-SALT-1K,Tata Salt 1 kg,8,28,389,381,0,0
TXN-20260818-SKU-SPRITE-750,2026-08-18,SKU-SPRITE-750,Sprite 750 ml,5,40,165,160,0,0
TXN-20260818-SKU-SUG-1K,2026-08-18,SKU-SUG-1K,Sugar 1 kg,10,48,410,400,0,0
TXN-20260818-SKU-SUJI-500,2026-08-18,SKU-SUJI-500,Suji 500 g,2,30,94,92,0,0
TXN-20260818-SKU-SURF-1K,2026-08-18,SKU-SURF-1K,Surf Excel 1 kg,3,140,82,79,0,0
TXN-20260818-SKU-TEA-250,2026-08-18,SKU-TEA-250,Tata Tea Gold 250 g,5,160,172,167,0,0
TXN-20260818-SKU-TOOR-1K,2026-08-18,SKU-TOOR-1K,Toor Dal 1 kg,5,150,210,205,0,0
TXN-20260818-SKU-VIM-500,2026-08-18,SKU-VIM-500,Vim Bar 500 g,4,45,134,130,0,0
TXN-20260818-SKU-WATER-1L,2026-08-18,SKU-WATER-1L,Bisleri Water 1 L,10,20,505,495,0,0
TXN-20260819-SKU-ATTA-5K,2026-08-19,SKU-ATTA-5K,Aashirvaad Atta 5 kg,5,260,205,200,0,0
TXN-20260819-SKU-BAS-5K,2026-08-19,SKU-BAS-5K,India Gate Basmati 5 kg,1,600,52,51,0,0
TXN-20260819-SKU-BESAN-500,2026-08-19,SKU-BESAN-500,Besan 500 g,2,56,138,136,0,0
TXN-20260819-SKU-BREAD-400,2026-08-19,SKU-BREAD-400,Brown Bread 400 g,7,45,195,188,0,0
TXN-20260819-SKU-CHANA-1K,2026-08-19,SKU-CHANA-1K,Kabuli Chana 1 kg,3,140,84,81,0,0
TXN-20260819-SKU-COKE-750,2026-08-19,SKU-COKE-750,Coca-Cola 750 ml,5,40,228,223,0,0
TXN-20260819-SKU-COLGATE-200,2026-08-19,SKU-COLGATE-200,Colgate Toothpaste 200 g,2,115,91,89,0,0
TXN-20260819-SKU-DALIA-500,2026-08-19,SKU-DALIA-500,Dalia 500 g,1,34,47,46,0,0
TXN-20260819-SKU-DETTOL-250,2026-08-19,SKU-DETTOL-250,Dettol Liquid 250 ml,0,175,44,44,0,0
TXN-20260819-SKU-FROOTI-600,2026-08-19,SKU-FROOTI-600,Frooti 600 ml,3,35,194,191,0,0
TXN-20260819-SKU-GHEE-1L,2026-08-19,SKU-GHEE-1L,Amul Ghee 1 L,0,620,49,49,0,0
TXN-20260819-SKU-HALDI-100,2026-08-19,SKU-HALDI-100,Turmeric Powder 100 g,2,32,98,96,0,0
TXN-20260819-SKU-HARPIC-500,2026-08-19,SKU-HARPIC-500,Harpic 500 ml,1,105,51,50,0,0
TXN-20260819-SKU-LAYS-52,2026-08-19,SKU-LAYS-52,Lays Classic 52 g,10,20,272,262,0,0
TXN-20260819-SKU-LIFEBUOY-4,2026-08-19,SKU-LIFEBUOY-4,Lifebuoy Soap 4 x 100 g,2,135,86,84,0,0
TXN-20260819-SKU-MAGGI-280,2026-08-19,SKU-MAGGI-280,Maggi Noodles 280 g,4,56,218,214,0,0
TXN-20260819-SKU-MAIDA-1K,2026-08-19,SKU-MAIDA-1K,Maida 1 kg,1,42,124,123,0,0
TXN-20260819-SKU-MIRCH-100,2026-08-19,SKU-MIRCH-100,Red Chilli Powder 100 g,2,40,89,87,0,0
TXN-20260819-SKU-MOONG-1K,2026-08-19,SKU-MOONG-1K,Moong Dal 1 kg,3,130,136,133,0,0
TXN-20260819-SKU-MUST-1L,2026-08-19,SKU-MUST-1L,Fortune Mustard Oil 1 L,3,170,162,159,0,0
TXN-20260819-SKU-OIL-1L,2026-08-19,SKU-OIL-1L,Sunpure Cooking Oil 1 L,8,135,322,314,0,0
TXN-20260819-SKU-PARLE-G,2026-08-19,SKU-PARLE-G,Parle-G Biscuit 250 g,7,25,361,354,0,0
TXN-20260819-SKU-POHA-500,2026-08-19,SKU-POHA-500,Poha 500 g,2,36,130,128,0,0
TXN-20260819-SKU-RAJMA-1K,2026-08-19,SKU-RAJMA-1K,Rajma 1 kg,3,155,86,83,0,0
TXN-20260819-SKU-RICE-1K,2026-08-19,SKU-RICE-1K,Sona Masoori Rice 1 kg,12,70,318,306,0,0
TXN-20260819-SKU-SALT-1K,2026-08-19,SKU-SALT-1K,Tata Salt 1 kg,12,28,381,369,0,0
TXN-20260819-SKU-SPRITE-750,2026-08-19,SKU-SPRITE-750,Sprite 750 ml,3,40,160,157,0,0
TXN-20260819-SKU-SUG-1K,2026-08-19,SKU-SUG-1K,Sugar 1 kg,10,48,400,390,0,0
TXN-20260819-SKU-SUJI-500,2026-08-19,SKU-SUJI-500,Suji 500 g,2,30,92,90,0,0
TXN-20260819-SKU-SURF-1K,2026-08-19,SKU-SURF-1K,Surf Excel 1 kg,1,140,79,78,0,0
TXN-20260819-SKU-TEA-250,2026-08-19,SKU-TEA-250,Tata Tea Gold 250 g,5,160,167,162,0,0
TXN-20260819-SKU-TOOR-1K,2026-08-19,SKU-TOOR-1K,Toor Dal 1 kg,5,150,205,200,0,0
TXN-20260819-SKU-VIM-500,2026-08-19,SKU-VIM-500,Vim Bar 500 g,3,45,130,127,0,0
TXN-20260819-SKU-WATER-1L,2026-08-19,SKU-WATER-1L,Bisleri Water 1 L,14,20,495,481,0,0
TXN-20260820-SKU-ATTA-5K,2026-08-20,SKU-ATTA-5K,Aashirvaad Atta 5 kg,5,260,200,195,0,0
TXN-20260820-SKU-BAS-5K,2026-08-20,SKU-BAS-5K,India Gate Basmati 5 kg,1,600,51,110,0,0
TXN-20260820-SKU-BESAN-500,2026-08-20,SKU-BESAN-500,Besan 500 g,4,56,136,132,0,0
TXN-20260820-SKU-BREAD-400,2026-08-20,SKU-BREAD-400,Brown Bread 400 g,6,45,188,182,0,0
TXN-20260820-SKU-CHANA-1K,2026-08-20,SKU-CHANA-1K,Kabuli Chana 1 kg,3,140,81,78,0,0
TXN-20260820-SKU-COKE-750,2026-08-20,SKU-COKE-750,Coca-Cola 750 ml,6,40,223,217,0,0
TXN-20260820-SKU-COLGATE-200,2026-08-20,SKU-COLGATE-200,Colgate Toothpaste 200 g,3,115,89,86,0,0
TXN-20260820-SKU-DALIA-500,2026-08-20,SKU-DALIA-500,Dalia 500 g,0,34,46,46,0,0
TXN-20260820-SKU-DETTOL-250,2026-08-20,SKU-DETTOL-250,Dettol Liquid 250 ml,3,175,44,41,0,0
TXN-20260820-SKU-FROOTI-600,2026-08-20,SKU-FROOTI-600,Frooti 600 ml,4,35,191,187,0,0
TXN-20260820-SKU-GHEE-1L,2026-08-20,SKU-GHEE-1L,Amul Ghee 1 L,1,620,49,48,0,0
TXN-20260820-SKU-HALDI-100,2026-08-20,SKU-HALDI-100,Turmeric Powder 100 g,2,32,96,94,0,0
TXN-20260820-SKU-HARPIC-500,2026-08-20,SKU-HARPIC-500,Harpic 500 ml,1,105,50,49,0,0
TXN-20260820-SKU-LAYS-52,2026-08-20,SKU-LAYS-52,Lays Classic 52 g,7,20,262,255,0,0
TXN-20260820-SKU-LIFEBUOY-4,2026-08-20,SKU-LIFEBUOY-4,Lifebuoy Soap 4 x 100 g,2,135,84,82,0,0
TXN-20260820-SKU-MAGGI-280,2026-08-20,SKU-MAGGI-280,Maggi Noodles 280 g,9,56,214,205,0,0
TXN-20260820-SKU-MAIDA-1K,2026-08-20,SKU-MAIDA-1K,Maida 1 kg,4,42,123,119,0,0
TXN-20260820-SKU-MIRCH-100,2026-08-20,SKU-MIRCH-100,Red Chilli Powder 100 g,2,40,87,85,0,0
TXN-20260820-SKU-MOONG-1K,2026-08-20,SKU-MOONG-1K,Moong Dal 1 kg,4,130,133,129,0,0
TXN-20260820-SKU-MUST-1L,2026-08-20,SKU-MUST-1L,Fortune Mustard Oil 1 L,3,170,159,156,0,0
TXN-20260820-SKU-OIL-1L,2026-08-20,SKU-OIL-1L,Sunpure Cooking Oil 1 L,8,135,314,306,0,0
TXN-20260820-SKU-PARLE-G,2026-08-20,SKU-PARLE-G,Parle-G Biscuit 250 g,7,25,354,347,0,0
TXN-20260820-SKU-POHA-500,2026-08-20,SKU-POHA-500,Poha 500 g,4,36,128,124,0,0
TXN-20260820-SKU-RAJMA-1K,2026-08-20,SKU-RAJMA-1K,Rajma 1 kg,3,155,83,80,0,0
TXN-20260820-SKU-RICE-1K,2026-08-20,SKU-RICE-1K,Sona Masoori Rice 1 kg,9,70,306,297,0,0
TXN-20260820-SKU-SALT-1K,2026-08-20,SKU-SALT-1K,Tata Salt 1 kg,15,28,369,354,0,0
TXN-20260820-SKU-SPRITE-750,2026-08-20,SKU-SPRITE-750,Sprite 750 ml,3,40,157,154,0,0
TXN-20260820-SKU-SUG-1K,2026-08-20,SKU-SUG-1K,Sugar 1 kg,10,48,390,380,0,0
TXN-20260820-SKU-SUJI-500,2026-08-20,SKU-SUJI-500,Suji 500 g,1,30,90,89,0,0
TXN-20260820-SKU-SURF-1K,2026-08-20,SKU-SURF-1K,Surf Excel 1 kg,2,140,78,76,0,0
TXN-20260820-SKU-TEA-250,2026-08-20,SKU-TEA-250,Tata Tea Gold 250 g,6,160,162,156,0,0
TXN-20260820-SKU-TOOR-1K,2026-08-20,SKU-TOOR-1K,Toor Dal 1 kg,5,150,200,195,0,0
TXN-20260820-SKU-VIM-500,2026-08-20,SKU-VIM-500,Vim Bar 500 g,2,45,127,125,0,0
TXN-20260820-SKU-WATER-1L,2026-08-20,SKU-WATER-1L,Bisleri Water 1 L,14,20,481,467,0,0
TXN-20260821-SKU-ATTA-5K,2026-08-21,SKU-ATTA-5K,Aashirvaad Atta 5 kg,5,260,195,190,0,0
TXN-20260821-SKU-BAS-5K,2026-08-21,SKU-BAS-5K,India Gate Basmati 5 kg,2,600,110,108,0,0
TXN-20260821-SKU-BESAN-500,2026-08-21,SKU-BESAN-500,Besan 500 g,4,56,132,128,0,0
TXN-20260821-SKU-BREAD-400,2026-08-21,SKU-BREAD-400,Brown Bread 400 g,6,45,182,176,0,0
TXN-20260821-SKU-CHANA-1K,2026-08-21,SKU-CHANA-1K,Kabuli Chana 1 kg,1,140,78,77,0,0
TXN-20260821-SKU-COKE-750,2026-08-21,SKU-COKE-750,Coca-Cola 750 ml,7,40,217,210,0,0
TXN-20260821-SKU-COLGATE-200,2026-08-21,SKU-COLGATE-200,Colgate Toothpaste 200 g,2,115,86,84,0,0
TXN-20260821-SKU-DALIA-500,2026-08-21,SKU-DALIA-500,Dalia 500 g,1,34,46,45,0,0
TXN-20260821-SKU-DETTOL-250,2026-08-21,SKU-DETTOL-250,Dettol Liquid 250 ml,2,175,41,39,0,0
TXN-20260821-SKU-FROOTI-600,2026-08-21,SKU-FROOTI-600,Frooti 600 ml,3,35,187,184,0,0
TXN-20260821-SKU-GHEE-1L,2026-08-21,SKU-GHEE-1L,Amul Ghee 1 L,1,620,48,47,0,0
TXN-20260821-SKU-HALDI-100,2026-08-21,SKU-HALDI-100,Turmeric Powder 100 g,2,32,94,92,0,0
TXN-20260821-SKU-HARPIC-500,2026-08-21,SKU-HARPIC-500,Harpic 500 ml,2,105,49,47,0,0
TXN-20260821-SKU-LAYS-52,2026-08-21,SKU-LAYS-52,Lays Classic 52 g,5,20,255,250,0,0
TXN-20260821-SKU-LIFEBUOY-4,2026-08-21,SKU-LIFEBUOY-4,Lifebuoy Soap 4 x 100 g,1,135,82,81,0,0
TXN-20260821-SKU-MAGGI-280,2026-08-21,SKU-MAGGI-280,Maggi Noodles 280 g,7,56,205,198,0,0
TXN-20260821-SKU-MAIDA-1K,2026-08-21,SKU-MAIDA-1K,Maida 1 kg,3,42,119,116,0,0
TXN-20260821-SKU-MIRCH-100,2026-08-21,SKU-MIRCH-100,Red Chilli Powder 100 g,3,40,85,82,0,0
TXN-20260821-SKU-MOONG-1K,2026-08-21,SKU-MOONG-1K,Moong Dal 1 kg,3,130,129,126,0,0
TXN-20260821-SKU-MUST-1L,2026-08-21,SKU-MUST-1L,Fortune Mustard Oil 1 L,4,170,156,152,0,0
TXN-20260821-SKU-OIL-1L,2026-08-21,SKU-OIL-1L,Sunpure Cooking Oil 1 L,8,135,306,298,0,0
TXN-20260821-SKU-PARLE-G,2026-08-21,SKU-PARLE-G,Parle-G Biscuit 250 g,8,25,347,339,0,0
TXN-20260821-SKU-POHA-500,2026-08-21,SKU-POHA-500,Poha 500 g,4,36,124,120,0,0
TXN-20260821-SKU-RAJMA-1K,2026-08-21,SKU-RAJMA-1K,Rajma 1 kg,2,155,80,78,0,0
TXN-20260821-SKU-RICE-1K,2026-08-21,SKU-RICE-1K,Sona Masoori Rice 1 kg,9,70,297,288,0,0
TXN-20260821-SKU-SALT-1K,2026-08-21,SKU-SALT-1K,Tata Salt 1 kg,12,28,354,342,0,0
TXN-20260821-SKU-SPRITE-750,2026-08-21,SKU-SPRITE-750,Sprite 750 ml,7,40,154,147,0,0
TXN-20260821-SKU-SUG-1K,2026-08-21,SKU-SUG-1K,Sugar 1 kg,10,48,380,370,0,0
TXN-20260821-SKU-SUJI-500,2026-08-21,SKU-SUJI-500,Suji 500 g,2,30,89,87,0,0
TXN-20260821-SKU-SURF-1K,2026-08-21,SKU-SURF-1K,Surf Excel 1 kg,2,140,76,74,0,0
TXN-20260821-SKU-TEA-250,2026-08-21,SKU-TEA-250,Tata Tea Gold 250 g,3,160,156,153,0,0
TXN-20260821-SKU-TOOR-1K,2026-08-21,SKU-TOOR-1K,Toor Dal 1 kg,5,150,195,190,0,0
TXN-20260821-SKU-VIM-500,2026-08-21,SKU-VIM-500,Vim Bar 500 g,2,45,125,123,0,0
TXN-20260821-SKU-WATER-1L,2026-08-21,SKU-WATER-1L,Bisleri Water 1 L,13,20,467,454,0,0
TXN-20260822-SKU-ATTA-5K,2026-08-22,SKU-ATTA-5K,Aashirvaad Atta 5 kg,5,260,190,185,0,0
TXN-20260822-SKU-BAS-5K,2026-08-22,SKU-BAS-5K,India Gate Basmati 5 kg,1,600,108,107,0,0
TXN-20260822-SKU-BESAN-500,2026-08-22,SKU-BESAN-500,Besan 500 g,3,56,128,125,0,0
TXN-20260822-SKU-BREAD-400,2026-08-22,SKU-BREAD-400,Brown Bread 400 g,5,45,176,171,0,0
TXN-20260822-SKU-CHANA-1K,2026-08-22,SKU-CHANA-1K,Kabuli Chana 1 kg,3,140,77,74,0,0
TXN-20260822-SKU-COKE-750,2026-08-22,SKU-COKE-750,Coca-Cola 750 ml,4,40,210,206,0,0
TXN-20260822-SKU-COLGATE-200,2026-08-22,SKU-COLGATE-200,Colgate Toothpaste 200 g,3,115,84,81,0,0
TXN-20260822-SKU-DALIA-500,2026-08-22,SKU-DALIA-500,Dalia 500 g,1,34,45,44,0,0
TXN-20260822-SKU-DETTOL-250,2026-08-22,SKU-DETTOL-250,Dettol Liquid 250 ml,0,175,39,39,0,0
TXN-20260822-SKU-FROOTI-600,2026-08-22,SKU-FROOTI-600,Frooti 600 ml,5,35,184,179,0,0
TXN-20260822-SKU-GHEE-1L,2026-08-22,SKU-GHEE-1L,Amul Ghee 1 L,0,620,47,47,0,0
TXN-20260822-SKU-HALDI-100,2026-08-22,SKU-HALDI-100,Turmeric Powder 100 g,2,32,92,90,0,0
TXN-20260822-SKU-HARPIC-500,2026-08-22,SKU-HARPIC-500,Harpic 500 ml,2,105,47,45,0,0
TXN-20260822-SKU-LAYS-52,2026-08-22,SKU-LAYS-52,Lays Classic 52 g,5,20,250,245,0,0
TXN-20260822-SKU-LIFEBUOY-4,2026-08-22,SKU-LIFEBUOY-4,Lifebuoy Soap 4 x 100 g,3,135,81,78,0,0
TXN-20260822-SKU-MAGGI-280,2026-08-22,SKU-MAGGI-280,Maggi Noodles 280 g,7,56,198,191,0,0
TXN-20260822-SKU-MAIDA-1K,2026-08-22,SKU-MAIDA-1K,Maida 1 kg,5,42,116,111,0,0
TXN-20260822-SKU-MIRCH-100,2026-08-22,SKU-MIRCH-100,Red Chilli Powder 100 g,3,40,82,79,0,0
TXN-20260822-SKU-MOONG-1K,2026-08-22,SKU-MOONG-1K,Moong Dal 1 kg,3,130,126,123,0,0
TXN-20260822-SKU-MUST-1L,2026-08-22,SKU-MUST-1L,Fortune Mustard Oil 1 L,4,170,152,148,0,0
TXN-20260822-SKU-OIL-1L,2026-08-22,SKU-OIL-1L,Sunpure Cooking Oil 1 L,8,135,298,290,0,0
TXN-20260822-SKU-PARLE-G,2026-08-22,SKU-PARLE-G,Parle-G Biscuit 250 g,5,25,339,334,0,0
TXN-20260822-SKU-POHA-500,2026-08-22,SKU-POHA-500,Poha 500 g,3,36,120,117,0,0
TXN-20260822-SKU-RAJMA-1K,2026-08-22,SKU-RAJMA-1K,Rajma 1 kg,2,155,78,76,0,0
TXN-20260822-SKU-RICE-1K,2026-08-22,SKU-RICE-1K,Sona Masoori Rice 1 kg,6,70,288,282,0,0
TXN-20260822-SKU-SALT-1K,2026-08-22,SKU-SALT-1K,Tata Salt 1 kg,8,28,342,334,0,0
TXN-20260822-SKU-SPRITE-750,2026-08-22,SKU-SPRITE-750,Sprite 750 ml,2,40,147,145,0,0
TXN-20260822-SKU-SUG-1K,2026-08-22,SKU-SUG-1K,Sugar 1 kg,10,48,370,360,0,0
TXN-20260822-SKU-SUJI-500,2026-08-22,SKU-SUJI-500,Suji 500 g,2,30,87,85,0,0
TXN-20260822-SKU-SURF-1K,2026-08-22,SKU-SURF-1K,Surf Excel 1 kg,3,140,74,71,0,0
TXN-20260822-SKU-TEA-250,2026-08-22,SKU-TEA-250,Tata Tea Gold 250 g,5,160,153,148,0,0
TXN-20260822-SKU-TOOR-1K,2026-08-22,SKU-TOOR-1K,Toor Dal 1 kg,5,150,190,185,0,0
TXN-20260822-SKU-VIM-500,2026-08-22,SKU-VIM-500,Vim Bar 500 g,5,45,123,118,0,0
TXN-20260822-SKU-WATER-1L,2026-08-22,SKU-WATER-1L,Bisleri Water 1 L,14,20,454,440,0,0
TXN-20260823-SKU-ATTA-5K,2026-08-23,SKU-ATTA-5K,Aashirvaad Atta 5 kg,5,260,185,180,0,0
TXN-20260823-SKU-BAS-5K,2026-08-23,SKU-BAS-5K,India Gate Basmati 5 kg,1,600,107,106,0,0
TXN-20260823-SKU-BESAN-500,2026-08-23,SKU-BESAN-500,Besan 500 g,3,56,125,122,0,0
TXN-20260823-SKU-BREAD-400,2026-08-23,SKU-BREAD-400,Brown Bread 400 g,6,45,171,165,0,0
TXN-20260823-SKU-CHANA-1K,2026-08-23,SKU-CHANA-1K,Kabuli Chana 1 kg,2,140,74,72,0,0
TXN-20260823-SKU-COKE-750,2026-08-23,SKU-COKE-750,Coca-Cola 750 ml,5,40,206,201,0,0
TXN-20260823-SKU-COLGATE-200,2026-08-23,SKU-COLGATE-200,Colgate Toothpaste 200 g,3,115,81,78,0,0
TXN-20260823-SKU-DALIA-500,2026-08-23,SKU-DALIA-500,Dalia 500 g,1,34,44,43,0,0
TXN-20260823-SKU-DETTOL-250,2026-08-23,SKU-DETTOL-250,Dettol Liquid 250 ml,0,175,39,39,0,0
TXN-20260823-SKU-FROOTI-600,2026-08-23,SKU-FROOTI-600,Frooti 600 ml,5,35,179,174,0,0
TXN-20260823-SKU-GHEE-1L,2026-08-23,SKU-GHEE-1L,Amul Ghee 1 L,0,620,47,47,0,0
TXN-20260823-SKU-HALDI-100,2026-08-23,SKU-HALDI-100,Turmeric Powder 100 g,2,32,90,88,0,0
TXN-20260823-SKU-HARPIC-500,2026-08-23,SKU-HARPIC-500,Harpic 500 ml,2,105,45,43,0,0
TXN-20260823-SKU-LAYS-52,2026-08-23,SKU-LAYS-52,Lays Classic 52 g,6,20,245,239,0,0
TXN-20260823-SKU-LIFEBUOY-4,2026-08-23,SKU-LIFEBUOY-4,Lifebuoy Soap 4 x 100 g,2,135,78,76,0,0
TXN-20260823-SKU-MAGGI-280,2026-08-23,SKU-MAGGI-280,Maggi Noodles 280 g,8,56,191,183,0,0
TXN-20260823-SKU-MAIDA-1K,2026-08-23,SKU-MAIDA-1K,Maida 1 kg,3,42,111,108,0,0
TXN-20260823-SKU-MIRCH-100,2026-08-23,SKU-MIRCH-100,Red Chilli Powder 100 g,2,40,79,77,0,0
TXN-20260823-SKU-MOONG-1K,2026-08-23,SKU-MOONG-1K,Moong Dal 1 kg,3,130,123,120,0,0
TXN-20260823-SKU-MUST-1L,2026-08-23,SKU-MUST-1L,Fortune Mustard Oil 1 L,4,170,148,144,0,0
TXN-20260823-SKU-OIL-1L,2026-08-23,SKU-OIL-1L,Sunpure Cooking Oil 1 L,8,135,290,282,0,0
TXN-20260823-SKU-PARLE-G,2026-08-23,SKU-PARLE-G,Parle-G Biscuit 250 g,10,25,334,324,0,0
TXN-20260823-SKU-POHA-500,2026-08-23,SKU-POHA-500,Poha 500 g,2,36,117,115,0,0
TXN-20260823-SKU-RAJMA-1K,2026-08-23,SKU-RAJMA-1K,Rajma 1 kg,2,155,76,74,0,0
TXN-20260823-SKU-RICE-1K,2026-08-23,SKU-RICE-1K,Sona Masoori Rice 1 kg,9,70,282,273,0,0
TXN-20260823-SKU-SALT-1K,2026-08-23,SKU-SALT-1K,Tata Salt 1 kg,9,28,334,325,0,0
TXN-20260823-SKU-SPRITE-750,2026-08-23,SKU-SPRITE-750,Sprite 750 ml,5,40,145,140,0,0
TXN-20260823-SKU-SUG-1K,2026-08-23,SKU-SUG-1K,Sugar 1 kg,10,48,360,350,0,0
TXN-20260823-SKU-SUJI-500,2026-08-23,SKU-SUJI-500,Suji 500 g,2,30,85,83,0,0
TXN-20260823-SKU-SURF-1K,2026-08-23,SKU-SURF-1K,Surf Excel 1 kg,1,140,71,70,0,0
TXN-20260823-SKU-TEA-250,2026-08-23,SKU-TEA-250,Tata Tea Gold 250 g,3,160,148,145,0,0
TXN-20260823-SKU-TOOR-1K,2026-08-23,SKU-TOOR-1K,Toor Dal 1 kg,5,150,185,180,0,0
TXN-20260823-SKU-VIM-500,2026-08-23,SKU-VIM-500,Vim Bar 500 g,2,45,118,116,0,0
TXN-20260823-SKU-WATER-1L,2026-08-23,SKU-WATER-1L,Bisleri Water 1 L,12,20,440,428,0,0
TXN-20260824-SKU-ATTA-5K,2026-08-24,SKU-ATTA-5K,Aashirvaad Atta 5 kg,5,260,180,175,0,0
TXN-20260824-SKU-BAS-5K,2026-08-24,SKU-BAS-5K,India Gate Basmati 5 kg,0,600,106,106,0,0
TXN-20260824-SKU-BESAN-500,2026-08-24,SKU-BESAN-500,Besan 500 g,2,56,122,120,0,0
TXN-20260824-SKU-BREAD-400,2026-08-24,SKU-BREAD-400,Brown Bread 400 g,5,45,165,160,0,0
TXN-20260824-SKU-CHANA-1K,2026-08-24,SKU-CHANA-1K,Kabuli Chana 1 kg,2,140,72,70,0,0
TXN-20260824-SKU-COKE-750,2026-08-24,SKU-COKE-750,Coca-Cola 750 ml,7,40,201,194,0,0
TXN-20260824-SKU-COLGATE-200,2026-08-24,SKU-COLGATE-200,Colgate Toothpaste 200 g,1,115,78,77,0,0
TXN-20260824-SKU-DALIA-500,2026-08-24,SKU-DALIA-500,Dalia 500 g,0,34,43,43,0,0
TXN-20260824-SKU-DETTOL-250,2026-08-24,SKU-DETTOL-250,Dettol Liquid 250 ml,1,175,39,38,0,0
TXN-20260824-SKU-FROOTI-600,2026-08-24,SKU-FROOTI-600,Frooti 600 ml,4,35,174,170,0,0
TXN-20260824-SKU-GHEE-1L,2026-08-24,SKU-GHEE-1L,Amul Ghee 1 L,1,620,47,46,0,0
TXN-20260824-SKU-HALDI-100,2026-08-24,SKU-HALDI-100,Turmeric Powder 100 g,3,32,88,85,0,0
TXN-20260824-SKU-HARPIC-500,2026-08-24,SKU-HARPIC-500,Harpic 500 ml,1,105,43,42,0,0
TXN-20260824-SKU-LAYS-52,2026-08-24,SKU-LAYS-52,Lays Classic 52 g,9,20,239,230,0,0
TXN-20260824-SKU-LIFEBUOY-4,2026-08-24,SKU-LIFEBUOY-4,Lifebuoy Soap 4 x 100 g,2,135,76,74,0,0
TXN-20260824-SKU-MAGGI-280,2026-08-24,SKU-MAGGI-280,Maggi Noodles 280 g,4,56,183,179,0,0
TXN-20260824-SKU-MAIDA-1K,2026-08-24,SKU-MAIDA-1K,Maida 1 kg,2,42,108,106,0,0
TXN-20260824-SKU-MIRCH-100,2026-08-24,SKU-MIRCH-100,Red Chilli Powder 100 g,2,40,77,75,0,0
TXN-20260824-SKU-MOONG-1K,2026-08-24,SKU-MOONG-1K,Moong Dal 1 kg,4,130,120,116,0,0
TXN-20260824-SKU-MUST-1L,2026-08-24,SKU-MUST-1L,Fortune Mustard Oil 1 L,3,170,144,141,0,0
TXN-20260824-SKU-OIL-1L,2026-08-24,SKU-OIL-1L,Sunpure Cooking Oil 1 L,8,135,282,274,0,0
TXN-20260824-SKU-PARLE-G,2026-08-24,SKU-PARLE-G,Parle-G Biscuit 250 g,9,25,324,315,0,0
TXN-20260824-SKU-POHA-500,2026-08-24,SKU-POHA-500,Poha 500 g,4,36,115,111,0,0
TXN-20260824-SKU-RAJMA-1K,2026-08-24,SKU-RAJMA-1K,Rajma 1 kg,2,155,74,72,0,0
TXN-20260824-SKU-RICE-1K,2026-08-24,SKU-RICE-1K,Sona Masoori Rice 1 kg,10,70,273,263,0,0
TXN-20260824-SKU-SALT-1K,2026-08-24,SKU-SALT-1K,Tata Salt 1 kg,8,28,325,317,0,0
TXN-20260824-SKU-SPRITE-750,2026-08-24,SKU-SPRITE-750,Sprite 750 ml,5,40,140,135,0,0
TXN-20260824-SKU-SUG-1K,2026-08-24,SKU-SUG-1K,Sugar 1 kg,10,48,350,340,0,0
TXN-20260824-SKU-SUJI-500,2026-08-24,SKU-SUJI-500,Suji 500 g,2,30,83,81,0,0
TXN-20260824-SKU-SURF-1K,2026-08-24,SKU-SURF-1K,Surf Excel 1 kg,2,140,70,68,0,0
TXN-20260824-SKU-TEA-250,2026-08-24,SKU-TEA-250,Tata Tea Gold 250 g,5,160,145,140,0,0
TXN-20260824-SKU-TOOR-1K,2026-08-24,SKU-TOOR-1K,Toor Dal 1 kg,5,150,180,175,0,0
TXN-20260824-SKU-VIM-500,2026-08-24,SKU-VIM-500,Vim Bar 500 g,5,45,116,111,0,0
TXN-20260824-SKU-WATER-1L,2026-08-24,SKU-WATER-1L,Bisleri Water 1 L,14,20,428,414,0,0
TXN-20260825-SKU-ATTA-5K,2026-08-25,SKU-ATTA-5K,Aashirvaad Atta 5 kg,5,260,175,170,0,0
TXN-20260825-SKU-BAS-5K,2026-08-25,SKU-BAS-5K,India Gate Basmati 5 kg,1,600,106,105,0,0
TXN-20260825-SKU-BESAN-500,2026-08-25,SKU-BESAN-500,Besan 500 g,3,56,120,117,0,0
TXN-20260825-SKU-BREAD-400,2026-08-25,SKU-BREAD-400,Brown Bread 400 g,4,45,160,156,0,0
TXN-20260825-SKU-CHANA-1K,2026-08-25,SKU-CHANA-1K,Kabuli Chana 1 kg,1,140,70,69,0,0
TXN-20260825-SKU-COKE-750,2026-08-25,SKU-COKE-750,Coca-Cola 750 ml,7,40,194,187,0,0
TXN-20260825-SKU-COLGATE-200,2026-08-25,SKU-COLGATE-200,Colgate Toothpaste 200 g,3,115,77,74,0,0
TXN-20260825-SKU-DALIA-500,2026-08-25,SKU-DALIA-500,Dalia 500 g,0,34,43,43,0,0
TXN-20260825-SKU-DETTOL-250,2026-08-25,SKU-DETTOL-250,Dettol Liquid 250 ml,1,175,38,37,0,0
TXN-20260825-SKU-FROOTI-600,2026-08-25,SKU-FROOTI-600,Frooti 600 ml,5,35,170,165,0,0
TXN-20260825-SKU-GHEE-1L,2026-08-25,SKU-GHEE-1L,Amul Ghee 1 L,0,620,46,46,0,0
TXN-20260825-SKU-HALDI-100,2026-08-25,SKU-HALDI-100,Turmeric Powder 100 g,3,32,85,82,0,0
TXN-20260825-SKU-HARPIC-500,2026-08-25,SKU-HARPIC-500,Harpic 500 ml,1,105,42,41,0,0
TXN-20260825-SKU-LAYS-52,2026-08-25,SKU-LAYS-52,Lays Classic 52 g,7,20,230,223,0,0
TXN-20260825-SKU-LIFEBUOY-4,2026-08-25,SKU-LIFEBUOY-4,Lifebuoy Soap 4 x 100 g,3,135,74,71,0,0
TXN-20260825-SKU-MAGGI-280,2026-08-25,SKU-MAGGI-280,Maggi Noodles 280 g,5,56,179,174,0,0
TXN-20260825-SKU-MAIDA-1K,2026-08-25,SKU-MAIDA-1K,Maida 1 kg,2,42,106,104,0,0
TXN-20260825-SKU-MIRCH-100,2026-08-25,SKU-MIRCH-100,Red Chilli Powder 100 g,1,40,75,74,0,0
TXN-20260825-SKU-MOONG-1K,2026-08-25,SKU-MOONG-1K,Moong Dal 1 kg,3,130,116,113,0,0
TXN-20260825-SKU-MUST-1L,2026-08-25,SKU-MUST-1L,Fortune Mustard Oil 1 L,3,170,141,138,0,0
TXN-20260825-SKU-OIL-1L,2026-08-25,SKU-OIL-1L,Sunpure Cooking Oil 1 L,8,135,274,266,0,0
TXN-20260825-SKU-PARLE-G,2026-08-25,SKU-PARLE-G,Parle-G Biscuit 250 g,7,25,315,308,0,0
TXN-20260825-SKU-POHA-500,2026-08-25,SKU-POHA-500,Poha 500 g,4,36,111,107,0,0
TXN-20260825-SKU-RAJMA-1K,2026-08-25,SKU-RAJMA-1K,Rajma 1 kg,1,155,72,71,0,0
TXN-20260825-SKU-RICE-1K,2026-08-25,SKU-RICE-1K,Sona Masoori Rice 1 kg,7,70,263,256,0,0
TXN-20260825-SKU-SALT-1K,2026-08-25,SKU-SALT-1K,Tata Salt 1 kg,12,28,317,305,0,0
TXN-20260825-SKU-SPRITE-750,2026-08-25,SKU-SPRITE-750,Sprite 750 ml,2,40,135,133,0,0
TXN-20260825-SKU-SUG-1K,2026-08-25,SKU-SUG-1K,Sugar 1 kg,10,48,340,330,0,0
TXN-20260825-SKU-SUJI-500,2026-08-25,SKU-SUJI-500,Suji 500 g,2,30,81,79,0,0
TXN-20260825-SKU-SURF-1K,2026-08-25,SKU-SURF-1K,Surf Excel 1 kg,2,140,68,66,0,0
TXN-20260825-SKU-TEA-250,2026-08-25,SKU-TEA-250,Tata Tea Gold 250 g,2,160,140,138,0,0
TXN-20260825-SKU-TOOR-1K,2026-08-25,SKU-TOOR-1K,Toor Dal 1 kg,5,150,175,170,0,0
TXN-20260825-SKU-VIM-500,2026-08-25,SKU-VIM-500,Vim Bar 500 g,2,45,111,109,0,0
TXN-20260825-SKU-WATER-1L,2026-08-25,SKU-WATER-1L,Bisleri Water 1 L,12,20,414,402,0,0
TXN-20260826-SKU-ATTA-5K,2026-08-26,SKU-ATTA-5K,Aashirvaad Atta 5 kg,5,260,170,165,0,0
TXN-20260826-SKU-BAS-5K,2026-08-26,SKU-BAS-5K,India Gate Basmati 5 kg,1,600,105,104,0,0
TXN-20260826-SKU-BESAN-500,2026-08-26,SKU-BESAN-500,Besan 500 g,3,56,117,114,0,0
TXN-20260826-SKU-BREAD-400,2026-08-26,SKU-BREAD-400,Brown Bread 400 g,2,45,156,154,0,0
TXN-20260826-SKU-CHANA-1K,2026-08-26,SKU-CHANA-1K,Kabuli Chana 1 kg,2,140,69,67,0,0
TXN-20260826-SKU-COKE-750,2026-08-26,SKU-COKE-750,Coca-Cola 750 ml,2,40,187,185,0,0
TXN-20260826-SKU-COLGATE-200,2026-08-26,SKU-COLGATE-200,Colgate Toothpaste 200 g,2,115,74,72,0,0
TXN-20260826-SKU-DALIA-500,2026-08-26,SKU-DALIA-500,Dalia 500 g,1,34,43,42,0,0
TXN-20260826-SKU-DETTOL-250,2026-08-26,SKU-DETTOL-250,Dettol Liquid 250 ml,0,175,37,37,0,0
TXN-20260826-SKU-FROOTI-600,2026-08-26,SKU-FROOTI-600,Frooti 600 ml,6,35,165,159,0,0
TXN-20260826-SKU-GHEE-1L,2026-08-26,SKU-GHEE-1L,Amul Ghee 1 L,1,620,46,45,0,0
TXN-20260826-SKU-HALDI-100,2026-08-26,SKU-HALDI-100,Turmeric Powder 100 g,3,32,82,79,0,0
TXN-20260826-SKU-HARPIC-500,2026-08-26,SKU-HARPIC-500,Harpic 500 ml,2,105,41,39,0,0
TXN-20260826-SKU-LAYS-52,2026-08-26,SKU-LAYS-52,Lays Classic 52 g,3,20,223,220,0,0
TXN-20260826-SKU-LIFEBUOY-4,2026-08-26,SKU-LIFEBUOY-4,Lifebuoy Soap 4 x 100 g,2,135,71,69,0,0
TXN-20260826-SKU-MAGGI-280,2026-08-26,SKU-MAGGI-280,Maggi Noodles 280 g,6,56,174,168,0,0
TXN-20260826-SKU-MAIDA-1K,2026-08-26,SKU-MAIDA-1K,Maida 1 kg,3,42,104,101,0,0
TXN-20260826-SKU-MIRCH-100,2026-08-26,SKU-MIRCH-100,Red Chilli Powder 100 g,2,40,74,72,0,0
TXN-20260826-SKU-MOONG-1K,2026-08-26,SKU-MOONG-1K,Moong Dal 1 kg,3,130,113,110,0,0
TXN-20260826-SKU-MUST-1L,2026-08-26,SKU-MUST-1L,Fortune Mustard Oil 1 L,5,170,138,133,0,0
TXN-20260826-SKU-OIL-1L,2026-08-26,SKU-OIL-1L,Sunpure Cooking Oil 1 L,8,135,266,258,0,0
TXN-20260826-SKU-PARLE-G,2026-08-26,SKU-PARLE-G,Parle-G Biscuit 250 g,16,25,308,292,0,0
TXN-20260826-SKU-POHA-500,2026-08-26,SKU-POHA-500,Poha 500 g,2,36,107,105,0,0
TXN-20260826-SKU-RAJMA-1K,2026-08-26,SKU-RAJMA-1K,Rajma 1 kg,2,155,71,69,0,0
TXN-20260826-SKU-RICE-1K,2026-08-26,SKU-RICE-1K,Sona Masoori Rice 1 kg,9,70,256,247,0,0
TXN-20260826-SKU-SALT-1K,2026-08-26,SKU-SALT-1K,Tata Salt 1 kg,12,28,305,293,0,0
TXN-20260826-SKU-SPRITE-750,2026-08-26,SKU-SPRITE-750,Sprite 750 ml,3,40,133,130,0,0
TXN-20260826-SKU-SUG-1K,2026-08-26,SKU-SUG-1K,Sugar 1 kg,10,48,330,320,0,0
TXN-20260826-SKU-SUJI-500,2026-08-26,SKU-SUJI-500,Suji 500 g,2,30,79,77,0,0
TXN-20260826-SKU-SURF-1K,2026-08-26,SKU-SURF-1K,Surf Excel 1 kg,2,140,66,64,0,0
TXN-20260826-SKU-TEA-250,2026-08-26,SKU-TEA-250,Tata Tea Gold 250 g,4,160,138,134,0,0
TXN-20260826-SKU-TOOR-1K,2026-08-26,SKU-TOOR-1K,Toor Dal 1 kg,5,150,170,165,0,0
TXN-20260826-SKU-VIM-500,2026-08-26,SKU-VIM-500,Vim Bar 500 g,4,45,109,105,0,0
TXN-20260826-SKU-WATER-1L,2026-08-26,SKU-WATER-1L,Bisleri Water 1 L,11,20,402,391,0,0
TXN-20260827-SKU-ATTA-5K,2026-08-27,SKU-ATTA-5K,Aashirvaad Atta 5 kg,5,260,165,160,0,0
TXN-20260827-SKU-BAS-5K,2026-08-27,SKU-BAS-5K,India Gate Basmati 5 kg,0,600,104,104,0,0
TXN-20260827-SKU-BESAN-500,2026-08-27,SKU-BESAN-500,Besan 500 g,3,56,114,111,0,0
TXN-20260827-SKU-BREAD-400,2026-08-27,SKU-BREAD-400,Brown Bread 400 g,6,45,154,148,0,0
TXN-20260827-SKU-CHANA-1K,2026-08-27,SKU-CHANA-1K,Kabuli Chana 1 kg,2,140,67,65,0,0
TXN-20260827-SKU-COKE-750,2026-08-27,SKU-COKE-750,Coca-Cola 750 ml,6,40,185,179,0,0
TXN-20260827-SKU-COLGATE-200,2026-08-27,SKU-COLGATE-200,Colgate Toothpaste 200 g,1,115,72,71,0,0
TXN-20260827-SKU-DALIA-500,2026-08-27,SKU-DALIA-500,Dalia 500 g,1,34,42,41,0,0
TXN-20260827-SKU-DETTOL-250,2026-08-27,SKU-DETTOL-250,Dettol Liquid 250 ml,1,175,37,36,0,0
TXN-20260827-SKU-FROOTI-600,2026-08-27,SKU-FROOTI-600,Frooti 600 ml,7,35,159,152,0,0
TXN-20260827-SKU-GHEE-1L,2026-08-27,SKU-GHEE-1L,Amul Ghee 1 L,2,620,45,43,0,0
TXN-20260827-SKU-HALDI-100,2026-08-27,SKU-HALDI-100,Turmeric Powder 100 g,1,32,79,78,0,0
TXN-20260827-SKU-HARPIC-500,2026-08-27,SKU-HARPIC-500,Harpic 500 ml,2,105,39,37,0,0
TXN-20260827-SKU-LAYS-52,2026-08-27,SKU-LAYS-52,Lays Classic 52 g,7,20,220,213,0,0
TXN-20260827-SKU-LIFEBUOY-4,2026-08-27,SKU-LIFEBUOY-4,Lifebuoy Soap 4 x 100 g,2,135,69,67,0,0
TXN-20260827-SKU-MAGGI-280,2026-08-27,SKU-MAGGI-280,Maggi Noodles 280 g,4,56,168,164,0,0
TXN-20260827-SKU-MAIDA-1K,2026-08-27,SKU-MAIDA-1K,Maida 1 kg,3,42,101,98,0,0
TXN-20260827-SKU-MIRCH-100,2026-08-27,SKU-MIRCH-100,Red Chilli Powder 100 g,2,40,72,70,0,0
TXN-20260827-SKU-MOONG-1K,2026-08-27,SKU-MOONG-1K,Moong Dal 1 kg,4,130,110,106,0,0
TXN-20260827-SKU-MUST-1L,2026-08-27,SKU-MUST-1L,Fortune Mustard Oil 1 L,4,170,133,129,0,0
TXN-20260827-SKU-OIL-1L,2026-08-27,SKU-OIL-1L,Sunpure Cooking Oil 1 L,8,135,258,250,0,0
TXN-20260827-SKU-PARLE-G,2026-08-27,SKU-PARLE-G,Parle-G Biscuit 250 g,2,25,292,290,0,0
TXN-20260827-SKU-POHA-500,2026-08-27,SKU-POHA-500,Poha 500 g,4,36,105,101,0,0
TXN-20260827-SKU-RAJMA-1K,2026-08-27,SKU-RAJMA-1K,Rajma 1 kg,3,155,69,66,0,0
TXN-20260827-SKU-RICE-1K,2026-08-27,SKU-RICE-1K,Sona Masoori Rice 1 kg,5,70,247,242,0,0
TXN-20260827-SKU-SALT-1K,2026-08-27,SKU-SALT-1K,Tata Salt 1 kg,5,28,293,288,0,0
TXN-20260827-SKU-SPRITE-750,2026-08-27,SKU-SPRITE-750,Sprite 750 ml,3,40,130,127,0,0
TXN-20260827-SKU-SUG-1K,2026-08-27,SKU-SUG-1K,Sugar 1 kg,10,48,320,310,0,0
TXN-20260827-SKU-SUJI-500,2026-08-27,SKU-SUJI-500,Suji 500 g,2,30,77,75,0,0
TXN-20260827-SKU-SURF-1K,2026-08-27,SKU-SURF-1K,Surf Excel 1 kg,2,140,64,62,0,0
TXN-20260827-SKU-TEA-250,2026-08-27,SKU-TEA-250,Tata Tea Gold 250 g,3,160,134,131,0,0
TXN-20260827-SKU-TOOR-1K,2026-08-27,SKU-TOOR-1K,Toor Dal 1 kg,5,150,165,160,0,0
TXN-20260827-SKU-VIM-500,2026-08-27,SKU-VIM-500,Vim Bar 500 g,3,45,105,102,0,0
TXN-20260827-SKU-WATER-1L,2026-08-27,SKU-WATER-1L,Bisleri Water 1 L,13,20,391,378,0,0
TXN-20260828-SKU-ATTA-5K,2026-08-28,SKU-ATTA-5K,Aashirvaad Atta 5 kg,5,260,160,155,0,0
TXN-20260828-SKU-BAS-5K,2026-08-28,SKU-BAS-5K,India Gate Basmati 5 kg,1,600,104,103,0,0
TXN-20260828-SKU-BESAN-500,2026-08-28,SKU-BESAN-500,Besan 500 g,4,56,111,107,0,0
TXN-20260828-SKU-BREAD-400,2026-08-28,SKU-BREAD-400,Brown Bread 400 g,3,45,148,145,0,0
TXN-20260828-SKU-CHANA-1K,2026-08-28,SKU-CHANA-1K,Kabuli Chana 1 kg,2,140,65,63,0,0
TXN-20260828-SKU-COKE-750,2026-08-28,SKU-COKE-750,Coca-Cola 750 ml,7,40,179,172,0,0
TXN-20260828-SKU-COLGATE-200,2026-08-28,SKU-COLGATE-200,Colgate Toothpaste 200 g,3,115,71,68,0,0
TXN-20260828-SKU-DALIA-500,2026-08-28,SKU-DALIA-500,Dalia 500 g,1,34,41,40,0,0
TXN-20260828-SKU-DETTOL-250,2026-08-28,SKU-DETTOL-250,Dettol Liquid 250 ml,0,175,36,36,0,0
TXN-20260828-SKU-FROOTI-600,2026-08-28,SKU-FROOTI-600,Frooti 600 ml,5,35,152,147,0,0
TXN-20260828-SKU-GHEE-1L,2026-08-28,SKU-GHEE-1L,Amul Ghee 1 L,1,620,43,42,0,0
TXN-20260828-SKU-HALDI-100,2026-08-28,SKU-HALDI-100,Turmeric Powder 100 g,2,32,78,76,0,0
TXN-20260828-SKU-HARPIC-500,2026-08-28,SKU-HARPIC-500,Harpic 500 ml,1,105,37,36,0,0
TXN-20260828-SKU-LAYS-52,2026-08-28,SKU-LAYS-52,Lays Classic 52 g,4,20,213,209,0,0
TXN-20260828-SKU-LIFEBUOY-4,2026-08-28,SKU-LIFEBUOY-4,Lifebuoy Soap 4 x 100 g,2,135,67,65,0,0
TXN-20260828-SKU-MAGGI-280,2026-08-28,SKU-MAGGI-280,Maggi Noodles 280 g,6,56,164,158,0,0
TXN-20260828-SKU-MAIDA-1K,2026-08-28,SKU-MAIDA-1K,Maida 1 kg,3,42,98,95,0,0
TXN-20260828-SKU-MIRCH-100,2026-08-28,SKU-MIRCH-100,Red Chilli Powder 100 g,1,40,70,69,0,0
TXN-20260828-SKU-MOONG-1K,2026-08-28,SKU-MOONG-1K,Moong Dal 1 kg,3,130,106,103,0,0
TXN-20260828-SKU-MUST-1L,2026-08-28,SKU-MUST-1L,Fortune Mustard Oil 1 L,4,170,129,125,0,0
TXN-20260828-SKU-OIL-1L,2026-08-28,SKU-OIL-1L,Sunpure Cooking Oil 1 L,8,135,250,242,0,0
TXN-20260828-SKU-PARLE-G,2026-08-28,SKU-PARLE-G,Parle-G Biscuit 250 g,14,25,290,276,0,0
TXN-20260828-SKU-POHA-500,2026-08-28,SKU-POHA-500,Poha 500 g,3,36,101,98,0,0
TXN-20260828-SKU-RAJMA-1K,2026-08-28,SKU-RAJMA-1K,Rajma 1 kg,1,155,66,65,0,0
TXN-20260828-SKU-RICE-1K,2026-08-28,SKU-RICE-1K,Sona Masoori Rice 1 kg,7,70,242,235,0,0
TXN-20260828-SKU-SALT-1K,2026-08-28,SKU-SALT-1K,Tata Salt 1 kg,6,28,288,282,0,0
TXN-20260828-SKU-SPRITE-750,2026-08-28,SKU-SPRITE-750,Sprite 750 ml,4,40,127,123,0,0
TXN-20260828-SKU-SUG-1K,2026-08-28,SKU-SUG-1K,Sugar 1 kg,10,48,310,300,0,0
TXN-20260828-SKU-SUJI-500,2026-08-28,SKU-SUJI-500,Suji 500 g,2,30,75,73,0,0
TXN-20260828-SKU-SURF-1K,2026-08-28,SKU-SURF-1K,Surf Excel 1 kg,2,140,62,60,0,0
TXN-20260828-SKU-TEA-250,2026-08-28,SKU-TEA-250,Tata Tea Gold 250 g,4,160,131,127,0,0
TXN-20260828-SKU-TOOR-1K,2026-08-28,SKU-TOOR-1K,Toor Dal 1 kg,5,150,160,155,0,0
TXN-20260828-SKU-VIM-500,2026-08-28,SKU-VIM-500,Vim Bar 500 g,3,45,102,99,0,0
TXN-20260828-SKU-WATER-1L,2026-08-28,SKU-WATER-1L,Bisleri Water 1 L,13,20,378,365,0,0
TXN-20260829-SKU-ATTA-5K,2026-08-29,SKU-ATTA-5K,Aashirvaad Atta 5 kg,5,260,155,150,0,0
TXN-20260829-SKU-BAS-5K,2026-08-29,SKU-BAS-5K,India Gate Basmati 5 kg,2,600,103,101,0,0
TXN-20260829-SKU-BESAN-500,2026-08-29,SKU-BESAN-500,Besan 500 g,3,56,107,104,0,0
TXN-20260829-SKU-BREAD-400,2026-08-29,SKU-BREAD-400,Brown Bread 400 g,5,45,145,140,0,0
TXN-20260829-SKU-CHANA-1K,2026-08-29,SKU-CHANA-1K,Kabuli Chana 1 kg,2,140,63,61,0,0
TXN-20260829-SKU-COKE-750,2026-08-29,SKU-COKE-750,Coca-Cola 750 ml,7,40,172,165,0,0
TXN-20260829-SKU-COLGATE-200,2026-08-29,SKU-COLGATE-200,Colgate Toothpaste 200 g,3,115,68,65,0,0
TXN-20260829-SKU-DALIA-500,2026-08-29,SKU-DALIA-500,Dalia 500 g,1,34,40,39,0,0
TXN-20260829-SKU-DETTOL-250,2026-08-29,SKU-DETTOL-250,Dettol Liquid 250 ml,1,175,36,35,0,0
TXN-20260829-SKU-FROOTI-600,2026-08-29,SKU-FROOTI-600,Frooti 600 ml,7,35,147,140,0,0
TXN-20260829-SKU-GHEE-1L,2026-08-29,SKU-GHEE-1L,Amul Ghee 1 L,3,620,42,39,0,0
TXN-20260829-SKU-HALDI-100,2026-08-29,SKU-HALDI-100,Turmeric Powder 100 g,4,32,76,72,0,0
TXN-20260829-SKU-HARPIC-500,2026-08-29,SKU-HARPIC-500,Harpic 500 ml,1,105,36,35,0,0
TXN-20260829-SKU-LAYS-52,2026-08-29,SKU-LAYS-52,Lays Classic 52 g,7,20,209,202,0,0
TXN-20260829-SKU-LIFEBUOY-4,2026-08-29,SKU-LIFEBUOY-4,Lifebuoy Soap 4 x 100 g,1,135,65,64,0,0
TXN-20260829-SKU-MAGGI-280,2026-08-29,SKU-MAGGI-280,Maggi Noodles 280 g,6,56,158,152,0,0
TXN-20260829-SKU-MAIDA-1K,2026-08-29,SKU-MAIDA-1K,Maida 1 kg,3,42,95,92,0,0
TXN-20260829-SKU-MIRCH-100,2026-08-29,SKU-MIRCH-100,Red Chilli Powder 100 g,3,40,69,66,0,0
TXN-20260829-SKU-MOONG-1K,2026-08-29,SKU-MOONG-1K,Moong Dal 1 kg,4,130,103,99,0,0
TXN-20260829-SKU-MUST-1L,2026-08-29,SKU-MUST-1L,Fortune Mustard Oil 1 L,3,170,125,122,0,0
TXN-20260829-SKU-OIL-1L,2026-08-29,SKU-OIL-1L,Sunpure Cooking Oil 1 L,8,135,242,234,0,0
TXN-20260829-SKU-PARLE-G,2026-08-29,SKU-PARLE-G,Parle-G Biscuit 250 g,11,25,276,265,0,0
TXN-20260829-SKU-POHA-500,2026-08-29,SKU-POHA-500,Poha 500 g,3,36,98,95,0,0
TXN-20260829-SKU-RAJMA-1K,2026-08-29,SKU-RAJMA-1K,Rajma 1 kg,3,155,65,62,0,0
TXN-20260829-SKU-RICE-1K,2026-08-29,SKU-RICE-1K,Sona Masoori Rice 1 kg,6,70,235,229,0,0
TXN-20260829-SKU-SALT-1K,2026-08-29,SKU-SALT-1K,Tata Salt 1 kg,13,28,282,269,0,0
TXN-20260829-SKU-SPRITE-750,2026-08-29,SKU-SPRITE-750,Sprite 750 ml,3,40,123,120,0,0
TXN-20260829-SKU-SUG-1K,2026-08-29,SKU-SUG-1K,Sugar 1 kg,10,48,300,290,0,0
TXN-20260829-SKU-SUJI-500,2026-08-29,SKU-SUJI-500,Suji 500 g,3,30,73,70,0,0
TXN-20260829-SKU-SURF-1K,2026-08-29,SKU-SURF-1K,Surf Excel 1 kg,2,140,60,58,0,0
TXN-20260829-SKU-TEA-250,2026-08-29,SKU-TEA-250,Tata Tea Gold 250 g,3,160,127,124,0,0
TXN-20260829-SKU-TOOR-1K,2026-08-29,SKU-TOOR-1K,Toor Dal 1 kg,5,150,155,150,0,0
TXN-20260829-SKU-VIM-500,2026-08-29,SKU-VIM-500,Vim Bar 500 g,4,45,99,95,0,0
TXN-20260829-SKU-WATER-1L,2026-08-29,SKU-WATER-1L,Bisleri Water 1 L,16,20,365,349,0,0
TXN-20260830-SKU-ATTA-5K,2026-08-30,SKU-ATTA-5K,Aashirvaad Atta 5 kg,5,260,150,145,0,0
TXN-20260830-SKU-BAS-5K,2026-08-30,SKU-BAS-5K,India Gate Basmati 5 kg,2,600,101,99,0,0
TXN-20260830-SKU-BESAN-500,2026-08-30,SKU-BESAN-500,Besan 500 g,4,56,104,100,0,0
TXN-20260830-SKU-BREAD-400,2026-08-30,SKU-BREAD-400,Brown Bread 400 g,4,45,140,136,0,0
TXN-20260830-SKU-CHANA-1K,2026-08-30,SKU-CHANA-1K,Kabuli Chana 1 kg,1,140,61,60,0,0
TXN-20260830-SKU-COKE-750,2026-08-30,SKU-COKE-750,Coca-Cola 750 ml,5,40,165,160,0,0
TXN-20260830-SKU-COLGATE-200,2026-08-30,SKU-COLGATE-200,Colgate Toothpaste 200 g,1,115,65,64,0,0
TXN-20260830-SKU-DALIA-500,2026-08-30,SKU-DALIA-500,Dalia 500 g,1,34,39,38,0,0
TXN-20260830-SKU-DETTOL-250,2026-08-30,SKU-DETTOL-250,Dettol Liquid 250 ml,1,175,35,34,0,0
TXN-20260830-SKU-FROOTI-600,2026-08-30,SKU-FROOTI-600,Frooti 600 ml,5,35,140,135,0,0
TXN-20260830-SKU-GHEE-1L,2026-08-30,SKU-GHEE-1L,Amul Ghee 1 L,2,620,39,37,0,0
TXN-20260830-SKU-HALDI-100,2026-08-30,SKU-HALDI-100,Turmeric Powder 100 g,1,32,72,71,0,0
TXN-20260830-SKU-HARPIC-500,2026-08-30,SKU-HARPIC-500,Harpic 500 ml,1,105,35,34,0,0
TXN-20260830-SKU-LAYS-52,2026-08-30,SKU-LAYS-52,Lays Classic 52 g,6,20,202,196,0,0
TXN-20260830-SKU-LIFEBUOY-4,2026-08-30,SKU-LIFEBUOY-4,Lifebuoy Soap 4 x 100 g,2,135,64,62,0,0
TXN-20260830-SKU-MAGGI-280,2026-08-30,SKU-MAGGI-280,Maggi Noodles 280 g,5,56,152,147,0,0
TXN-20260830-SKU-MAIDA-1K,2026-08-30,SKU-MAIDA-1K,Maida 1 kg,2,42,92,90,0,0
TXN-20260830-SKU-MIRCH-100,2026-08-30,SKU-MIRCH-100,Red Chilli Powder 100 g,3,40,66,63,0,0
TXN-20260830-SKU-MOONG-1K,2026-08-30,SKU-MOONG-1K,Moong Dal 1 kg,3,130,99,96,0,0
TXN-20260830-SKU-MUST-1L,2026-08-30,SKU-MUST-1L,Fortune Mustard Oil 1 L,2,170,122,120,0,0
TXN-20260830-SKU-OIL-1L,2026-08-30,SKU-OIL-1L,Sunpure Cooking Oil 1 L,8,135,234,226,0,0
TXN-20260830-SKU-PARLE-G,2026-08-30,SKU-PARLE-G,Parle-G Biscuit 250 g,9,25,265,256,0,0
TXN-20260830-SKU-POHA-500,2026-08-30,SKU-POHA-500,Poha 500 g,5,36,95,90,0,0
TXN-20260830-SKU-RAJMA-1K,2026-08-30,SKU-RAJMA-1K,Rajma 1 kg,2,155,62,60,0,0
TXN-20260830-SKU-RICE-1K,2026-08-30,SKU-RICE-1K,Sona Masoori Rice 1 kg,9,70,229,220,0,0
TXN-20260830-SKU-SALT-1K,2026-08-30,SKU-SALT-1K,Tata Salt 1 kg,6,28,269,263,0,0
TXN-20260830-SKU-SPRITE-750,2026-08-30,SKU-SPRITE-750,Sprite 750 ml,4,40,120,116,0,0
TXN-20260830-SKU-SUG-1K,2026-08-30,SKU-SUG-1K,Sugar 1 kg,10,48,290,280,0,0
TXN-20260830-SKU-SUJI-500,2026-08-30,SKU-SUJI-500,Suji 500 g,3,30,70,67,0,0
TXN-20260830-SKU-SURF-1K,2026-08-30,SKU-SURF-1K,Surf Excel 1 kg,1,140,58,57,0,0
TXN-20260830-SKU-TEA-250,2026-08-30,SKU-TEA-250,Tata Tea Gold 250 g,3,160,124,121,0,0
TXN-20260830-SKU-TOOR-1K,2026-08-30,SKU-TOOR-1K,Toor Dal 1 kg,5,150,150,145,0,0
TXN-20260830-SKU-VIM-500,2026-08-30,SKU-VIM-500,Vim Bar 500 g,3,45,95,92,0,0
TXN-20260830-SKU-WATER-1L,2026-08-30,SKU-WATER-1L,Bisleri Water 1 L,16,20,349,333,0,0
TXN-20260831-SKU-ATTA-5K,2026-08-31,SKU-ATTA-5K,Aashirvaad Atta 5 kg,5,260,145,140,0,0
TXN-20260831-SKU-BAS-5K,2026-08-31,SKU-BAS-5K,India Gate Basmati 5 kg,1,600,99,98,0,0
TXN-20260831-SKU-BESAN-500,2026-08-31,SKU-BESAN-500,Besan 500 g,3,56,100,97,0,0
TXN-20260831-SKU-BREAD-400,2026-08-31,SKU-BREAD-400,Brown Bread 400 g,5,45,136,131,0,0
TXN-20260831-SKU-CHANA-1K,2026-08-31,SKU-CHANA-1K,Kabuli Chana 1 kg,1,140,60,59,0,0
TXN-20260831-SKU-COKE-750,2026-08-31,SKU-COKE-750,Coca-Cola 750 ml,7,40,160,153,0,0
TXN-20260831-SKU-COLGATE-200,2026-08-31,SKU-COLGATE-200,Colgate Toothpaste 200 g,2,115,64,62,0,0
TXN-20260831-SKU-DALIA-500,2026-08-31,SKU-DALIA-500,Dalia 500 g,0,34,38,38,0,0
TXN-20260831-SKU-DETTOL-250,2026-08-31,SKU-DETTOL-250,Dettol Liquid 250 ml,1,175,34,33,0,0
TXN-20260831-SKU-FROOTI-600,2026-08-31,SKU-FROOTI-600,Frooti 600 ml,5,35,135,130,0,0
TXN-20260831-SKU-GHEE-1L,2026-08-31,SKU-GHEE-1L,Amul Ghee 1 L,1,620,37,36,0,0
TXN-20260831-SKU-HALDI-100,2026-08-31,SKU-HALDI-100,Turmeric Powder 100 g,2,32,71,69,0,0
TXN-20260831-SKU-HARPIC-500,2026-08-31,SKU-HARPIC-500,Harpic 500 ml,1,105,34,33,0,0
TXN-20260831-SKU-LAYS-52,2026-08-31,SKU-LAYS-52,Lays Classic 52 g,6,20,196,190,0,0
TXN-20260831-SKU-LIFEBUOY-4,2026-08-31,SKU-LIFEBUOY-4,Lifebuoy Soap 4 x 100 g,2,135,62,60,0,0
TXN-20260831-SKU-MAGGI-280,2026-08-31,SKU-MAGGI-280,Maggi Noodles 280 g,4,56,147,143,0,0
TXN-20260831-SKU-MAIDA-1K,2026-08-31,SKU-MAIDA-1K,Maida 1 kg,3,42,90,87,0,0
TXN-20260831-SKU-MIRCH-100,2026-08-31,SKU-MIRCH-100,Red Chilli Powder 100 g,2,40,63,61,0,0
TXN-20260831-SKU-MOONG-1K,2026-08-31,SKU-MOONG-1K,Moong Dal 1 kg,4,130,96,92,0,0
TXN-20260831-SKU-MUST-1L,2026-08-31,SKU-MUST-1L,Fortune Mustard Oil 1 L,3,170,120,117,0,0
TXN-20260831-SKU-OIL-1L,2026-08-31,SKU-OIL-1L,Sunpure Cooking Oil 1 L,8,135,226,218,0,0
TXN-20260831-SKU-PARLE-G,2026-08-31,SKU-PARLE-G,Parle-G Biscuit 250 g,8,25,256,248,0,0
TXN-20260831-SKU-POHA-500,2026-08-31,SKU-POHA-500,Poha 500 g,4,36,90,86,0,0
TXN-20260831-SKU-RAJMA-1K,2026-08-31,SKU-RAJMA-1K,Rajma 1 kg,1,155,60,59,0,0
TXN-20260831-SKU-RICE-1K,2026-08-31,SKU-RICE-1K,Sona Masoori Rice 1 kg,7,70,220,213,0,0
TXN-20260831-SKU-SALT-1K,2026-08-31,SKU-SALT-1K,Tata Salt 1 kg,9,28,263,254,0,0
TXN-20260831-SKU-SPRITE-750,2026-08-31,SKU-SPRITE-750,Sprite 750 ml,4,40,116,112,0,0
TXN-20260831-SKU-SUG-1K,2026-08-31,SKU-SUG-1K,Sugar 1 kg,10,48,280,270,0,0
TXN-20260831-SKU-SUJI-500,2026-08-31,SKU-SUJI-500,Suji 500 g,3,30,67,64,0,0
TXN-20260831-SKU-SURF-1K,2026-08-31,SKU-SURF-1K,Surf Excel 1 kg,1,140,57,56,0,0
TXN-20260831-SKU-TEA-250,2026-08-31,SKU-TEA-250,Tata Tea Gold 250 g,4,160,121,117,0,0
TXN-20260831-SKU-TOOR-1K,2026-08-31,SKU-TOOR-1K,Toor Dal 1 kg,5,150,145,140,0,0
TXN-20260831-SKU-VIM-500,2026-08-31,SKU-VIM-500,Vim Bar 500 g,3,45,92,89,0,0
TXN-20260831-SKU-WATER-1L,2026-08-31,SKU-WATER-1L,Bisleri Water 1 L,8,20,333,325,0,0
TXN-20260901-SKU-ATTA-5K,2026-09-01,SKU-ATTA-5K,Aashirvaad Atta 5 kg,5,260,140,135,0,0
TXN-20260901-SKU-BAS-5K,2026-09-01,SKU-BAS-5K,India Gate Basmati 5 kg,1,600,98,97,0,0
TXN-20260901-SKU-BESAN-500,2026-09-01,SKU-BESAN-500,Besan 500 g,2,56,97,95,0,0
TXN-20260901-SKU-BREAD-400,2026-09-01,SKU-BREAD-400,Brown Bread 400 g,3,45,131,128,0,0
TXN-20260901-SKU-CHANA-1K,2026-09-01,SKU-CHANA-1K,Kabuli Chana 1 kg,2,140,59,57,0,0
TXN-20260901-SKU-COKE-750,2026-09-01,SKU-COKE-750,Coca-Cola 750 ml,5,40,153,148,0,0
TXN-20260901-SKU-COLGATE-200,2026-09-01,SKU-COLGATE-200,Colgate Toothpaste 200 g,3,115,62,59,0,0
TXN-20260901-SKU-DALIA-500,2026-09-01,SKU-DALIA-500,Dalia 500 g,0,34,38,38,0,0
TXN-20260901-SKU-DETTOL-250,2026-09-01,SKU-DETTOL-250,Dettol Liquid 250 ml,1,175,33,32,0,0
TXN-20260901-SKU-FROOTI-600,2026-09-01,SKU-FROOTI-600,Frooti 600 ml,6,35,130,124,0,0
TXN-20260901-SKU-GHEE-1L,2026-09-01,SKU-GHEE-1L,Amul Ghee 1 L,1,620,36,35,0,0
TXN-20260901-SKU-HALDI-100,2026-09-01,SKU-HALDI-100,Turmeric Powder 100 g,0,32,69,69,0,0
TXN-20260901-SKU-HARPIC-500,2026-09-01,SKU-HARPIC-500,Harpic 500 ml,1,105,33,32,0,0
TXN-20260901-SKU-LAYS-52,2026-09-01,SKU-LAYS-52,Lays Classic 52 g,10,20,190,180,0,0
TXN-20260901-SKU-LIFEBUOY-4,2026-09-01,SKU-LIFEBUOY-4,Lifebuoy Soap 4 x 100 g,2,135,60,58,0,0
TXN-20260901-SKU-MAGGI-280,2026-09-01,SKU-MAGGI-280,Maggi Noodles 280 g,6,56,143,137,0,0
TXN-20260901-SKU-MAIDA-1K,2026-09-01,SKU-MAIDA-1K,Maida 1 kg,3,42,87,84,0,0
TXN-20260901-SKU-MIRCH-100,2026-09-01,SKU-MIRCH-100,Red Chilli Powder 100 g,1,40,61,60,0,0
TXN-20260901-SKU-MOONG-1K,2026-09-01,SKU-MOONG-1K,Moong Dal 1 kg,3,130,92,89,0,0
TXN-20260901-SKU-MUST-1L,2026-09-01,SKU-MUST-1L,Fortune Mustard Oil 1 L,4,170,117,113,0,0
TXN-20260901-SKU-OIL-1L,2026-09-01,SKU-OIL-1L,Sunpure Cooking Oil 1 L,8,135,218,210,0,0
TXN-20260901-SKU-PARLE-G,2026-09-01,SKU-PARLE-G,Parle-G Biscuit 250 g,14,25,248,234,0,0
TXN-20260901-SKU-POHA-500,2026-09-01,SKU-POHA-500,Poha 500 g,3,36,86,83,0,0
TXN-20260901-SKU-RAJMA-1K,2026-09-01,SKU-RAJMA-1K,Rajma 1 kg,1,155,59,58,0,0
TXN-20260901-SKU-RICE-1K,2026-09-01,SKU-RICE-1K,Sona Masoori Rice 1 kg,4,70,213,209,0,0
TXN-20260901-SKU-SALT-1K,2026-09-01,SKU-SALT-1K,Tata Salt 1 kg,11,28,254,243,0,0
TXN-20260901-SKU-SPRITE-750,2026-09-01,SKU-SPRITE-750,Sprite 750 ml,4,40,112,108,0,0
TXN-20260901-SKU-SUG-1K,2026-09-01,SKU-SUG-1K,Sugar 1 kg,10,48,270,260,0,0
TXN-20260901-SKU-SUJI-500,2026-09-01,SKU-SUJI-500,Suji 500 g,2,30,64,62,0,0
TXN-20260901-SKU-SURF-1K,2026-09-01,SKU-SURF-1K,Surf Excel 1 kg,2,140,56,54,0,0
TXN-20260901-SKU-TEA-250,2026-09-01,SKU-TEA-250,Tata Tea Gold 250 g,5,160,117,112,0,0
TXN-20260901-SKU-TOOR-1K,2026-09-01,SKU-TOOR-1K,Toor Dal 1 kg,5,150,140,135,0,0
TXN-20260901-SKU-VIM-500,2026-09-01,SKU-VIM-500,Vim Bar 500 g,2,45,89,87,0,0
TXN-20260901-SKU-WATER-1L,2026-09-01,SKU-WATER-1L,Bisleri Water 1 L,9,20,325,316,0,0
TXN-20260902-SKU-ATTA-5K,2026-09-02,SKU-ATTA-5K,Aashirvaad Atta 5 kg,5,260,135,130,0,0
TXN-20260902-SKU-BAS-5K,2026-09-02,SKU-BAS-5K,India Gate Basmati 5 kg,1,600,97,96,0,0
TXN-20260902-SKU-BESAN-500,2026-09-02,SKU-BESAN-500,Besan 500 g,4,56,95,91,0,0
TXN-20260902-SKU-BREAD-400,2026-09-02,SKU-BREAD-400,Brown Bread 400 g,5,45,128,123,0,0
TXN-20260902-SKU-CHANA-1K,2026-09-02,SKU-CHANA-1K,Kabuli Chana 1 kg,2,140,57,55,0,0
TXN-20260902-SKU-COKE-750,2026-09-02,SKU-COKE-750,Coca-Cola 750 ml,2,40,148,146,0,0
TXN-20260902-SKU-COLGATE-200,2026-09-02,SKU-COLGATE-200,Colgate Toothpaste 200 g,2,115,59,57,0,0
TXN-20260902-SKU-DALIA-500,2026-09-02,SKU-DALIA-500,Dalia 500 g,1,34,38,37,0,0
TXN-20260902-SKU-DETTOL-250,2026-09-02,SKU-DETTOL-250,Dettol Liquid 250 ml,1,175,32,31,0,0
TXN-20260902-SKU-FROOTI-600,2026-09-02,SKU-FROOTI-600,Frooti 600 ml,5,35,124,119,0,0
TXN-20260902-SKU-GHEE-1L,2026-09-02,SKU-GHEE-1L,Amul Ghee 1 L,2,620,35,33,0,0
TXN-20260902-SKU-HALDI-100,2026-09-02,SKU-HALDI-100,Turmeric Powder 100 g,3,32,69,66,0,0
TXN-20260902-SKU-HARPIC-500,2026-09-02,SKU-HARPIC-500,Harpic 500 ml,0,105,32,32,0,0
TXN-20260902-SKU-LAYS-52,2026-09-02,SKU-LAYS-52,Lays Classic 52 g,7,20,180,173,0,0
TXN-20260902-SKU-LIFEBUOY-4,2026-09-02,SKU-LIFEBUOY-4,Lifebuoy Soap 4 x 100 g,2,135,58,56,0,0
TXN-20260902-SKU-MAGGI-280,2026-09-02,SKU-MAGGI-280,Maggi Noodles 280 g,6,56,137,131,0,0
TXN-20260902-SKU-MAIDA-1K,2026-09-02,SKU-MAIDA-1K,Maida 1 kg,3,42,84,81,0,0
TXN-20260902-SKU-MIRCH-100,2026-09-02,SKU-MIRCH-100,Red Chilli Powder 100 g,3,40,60,57,0,0
TXN-20260902-SKU-MOONG-1K,2026-09-02,SKU-MOONG-1K,Moong Dal 1 kg,3,130,89,86,0,0
TXN-20260902-SKU-MUST-1L,2026-09-02,SKU-MUST-1L,Fortune Mustard Oil 1 L,4,170,113,109,0,0
TXN-20260902-SKU-OIL-1L,2026-09-02,SKU-OIL-1L,Sunpure Cooking Oil 1 L,8,135,210,202,0,0
TXN-20260902-SKU-PARLE-G,2026-09-02,SKU-PARLE-G,Parle-G Biscuit 250 g,10,25,234,224,0,0
TXN-20260902-SKU-POHA-500,2026-09-02,SKU-POHA-500,Poha 500 g,3,36,83,80,0,0
TXN-20260902-SKU-RAJMA-1K,2026-09-02,SKU-RAJMA-1K,Rajma 1 kg,2,155,58,56,0,0
TXN-20260902-SKU-RICE-1K,2026-09-02,SKU-RICE-1K,Sona Masoori Rice 1 kg,8,70,209,181,0,0
TXN-20260902-SKU-SALT-1K,2026-09-02,SKU-SALT-1K,Tata Salt 1 kg,6,28,243,237,0,0
TXN-20260902-SKU-SPRITE-750,2026-09-02,SKU-SPRITE-750,Sprite 750 ml,5,40,108,103,0,0
TXN-20260902-SKU-SUG-1K,2026-09-02,SKU-SUG-1K,Sugar 1 kg,10,48,260,250,0,0
TXN-20260902-SKU-SUJI-500,2026-09-02,SKU-SUJI-500,Suji 500 g,3,30,62,59,0,0
TXN-20260902-SKU-SURF-1K,2026-09-02,SKU-SURF-1K,Surf Excel 1 kg,2,140,54,52,0,0
TXN-20260902-SKU-TEA-250,2026-09-02,SKU-TEA-250,Tata Tea Gold 250 g,3,160,112,109,0,0
TXN-20260902-SKU-TOOR-1K,2026-09-02,SKU-TOOR-1K,Toor Dal 1 kg,5,150,135,130,0,0
TXN-20260902-SKU-VIM-500,2026-09-02,SKU-VIM-500,Vim Bar 500 g,2,45,87,85,0,0
TXN-20260902-SKU-WATER-1L,2026-09-02,SKU-WATER-1L,Bisleri Water 1 L,10,20,316,306,0,0
TXN-20260903-SKU-ATTA-5K,2026-09-03,SKU-ATTA-5K,Aashirvaad Atta 5 kg,5,260,130,125,0,0
TXN-20260903-SKU-BAS-5K,2026-09-03,SKU-BAS-5K,India Gate Basmati 5 kg,1,600,96,95,0,0
TXN-20260903-SKU-BESAN-500,2026-09-03,SKU-BESAN-500,Besan 500 g,4,56,91,87,0,0
TXN-20260903-SKU-BREAD-400,2026-09-03,SKU-BREAD-400,Brown Bread 400 g,7,45,123,115,1,0
TXN-20260903-SKU-CHANA-1K,2026-09-03,SKU-CHANA-1K,Kabuli Chana 1 kg,1,140,55,54,0,0
TXN-20260903-SKU-COKE-750,2026-09-03,SKU-COKE-750,Coca-Cola 750 ml,6,40,146,140,0,0
TXN-20260903-SKU-COLGATE-200,2026-09-03,SKU-COLGATE-200,Colgate Toothpaste 200 g,3,115,57,54,0,0
TXN-20260903-SKU-DALIA-500,2026-09-03,SKU-DALIA-500,Dalia 500 g,1,34,37,36,0,0
TXN-20260903-SKU-DETTOL-250,2026-09-03,SKU-DETTOL-250,Dettol Liquid 250 ml,1,175,31,30,0,0
TXN-20260903-SKU-FROOTI-600,2026-09-03,SKU-FROOTI-600,Frooti 600 ml,3,35,119,116,0,0
TXN-20260903-SKU-GHEE-1L,2026-09-03,SKU-GHEE-1L,Amul Ghee 1 L,1,620,33,32,0,0
TXN-20260903-SKU-HALDI-100,2026-09-03,SKU-HALDI-100,Turmeric Powder 100 g,3,32,66,63,0,0
TXN-20260903-SKU-HARPIC-500,2026-09-03,SKU-HARPIC-500,Harpic 500 ml,1,105,32,31,0,0
TXN-20260903-SKU-LAYS-52,2026-09-03,SKU-LAYS-52,Lays Classic 52 g,7,20,173,166,0,0
TXN-20260903-SKU-LIFEBUOY-4,2026-09-03,SKU-LIFEBUOY-4,Lifebuoy Soap 4 x 100 g,2,135,56,54,0,0
TXN-20260903-SKU-MAGGI-280,2026-09-03,SKU-MAGGI-280,Maggi Noodles 280 g,2,56,131,129,0,0
TXN-20260903-SKU-MAIDA-1K,2026-09-03,SKU-MAIDA-1K,Maida 1 kg,2,42,81,79,0,0
TXN-20260903-SKU-MIRCH-100,2026-09-03,SKU-MIRCH-100,Red Chilli Powder 100 g,0,40,57,57,0,0
TXN-20260903-SKU-MOONG-1K,2026-09-03,SKU-MOONG-1K,Moong Dal 1 kg,3,130,86,83,0,0
TXN-20260903-SKU-MUST-1L,2026-09-03,SKU-MUST-1L,Fortune Mustard Oil 1 L,3,170,109,106,0,0
TXN-20260903-SKU-OIL-1L,2026-09-03,SKU-OIL-1L,Sunpure Cooking Oil 1 L,8,135,202,194,0,0
TXN-20260903-SKU-PARLE-G,2026-09-03,SKU-PARLE-G,Parle-G Biscuit 250 g,7,25,224,217,0,0
TXN-20260903-SKU-POHA-500,2026-09-03,SKU-POHA-500,Poha 500 g,4,36,80,76,0,0
TXN-20260903-SKU-RAJMA-1K,2026-09-03,SKU-RAJMA-1K,Rajma 1 kg,2,155,56,54,0,0
TXN-20260903-SKU-RICE-1K,2026-09-03,SKU-RICE-1K,Sona Masoori Rice 1 kg,7,70,181,174,0,0
TXN-20260903-SKU-SALT-1K,2026-09-03,SKU-SALT-1K,Tata Salt 1 kg,9,28,237,228,0,0
TXN-20260903-SKU-SPRITE-750,2026-09-03,SKU-SPRITE-750,Sprite 750 ml,4,40,103,99,0,0
TXN-20260903-SKU-SUG-1K,2026-09-03,SKU-SUG-1K,Sugar 1 kg,10,48,250,240,0,0
TXN-20260903-SKU-SUJI-500,2026-09-03,SKU-SUJI-500,Suji 500 g,1,30,59,58,0,0
TXN-20260903-SKU-SURF-1K,2026-09-03,SKU-SURF-1K,Surf Excel 1 kg,2,140,52,50,0,0
TXN-20260903-SKU-TEA-250,2026-09-03,SKU-TEA-250,Tata Tea Gold 250 g,5,160,109,104,0,0
TXN-20260903-SKU-TOOR-1K,2026-09-03,SKU-TOOR-1K,Toor Dal 1 kg,5,150,130,125,0,0
TXN-20260903-SKU-VIM-500,2026-09-03,SKU-VIM-500,Vim Bar 500 g,3,45,85,82,0,0
TXN-20260903-SKU-WATER-1L,2026-09-03,SKU-WATER-1L,Bisleri Water 1 L,14,20,306,292,0,0
TXN-20260904-SKU-ATTA-5K,2026-09-04,SKU-ATTA-5K,Aashirvaad Atta 5 kg,5,260,125,120,0,0
TXN-20260904-SKU-BAS-5K,2026-09-04,SKU-BAS-5K,India Gate Basmati 5 kg,1,600,95,94,0,0
TXN-20260904-SKU-BESAN-500,2026-09-04,SKU-BESAN-500,Besan 500 g,2,56,87,85,0,0
TXN-20260904-SKU-BREAD-400,2026-09-04,SKU-BREAD-400,Brown Bread 400 g,7,45,115,108,0,0
TXN-20260904-SKU-CHANA-1K,2026-09-04,SKU-CHANA-1K,Kabuli Chana 1 kg,2,140,54,52,0,0
TXN-20260904-SKU-COKE-750,2026-09-04,SKU-COKE-750,Coca-Cola 750 ml,8,40,140,132,0,0
TXN-20260904-SKU-COLGATE-200,2026-09-04,SKU-COLGATE-200,Colgate Toothpaste 200 g,2,115,54,52,0,0
TXN-20260904-SKU-DALIA-500,2026-09-04,SKU-DALIA-500,Dalia 500 g,2,34,36,34,0,0
TXN-20260904-SKU-DETTOL-250,2026-09-04,SKU-DETTOL-250,Dettol Liquid 250 ml,0,175,30,30,0,0
TXN-20260904-SKU-FROOTI-600,2026-09-04,SKU-FROOTI-600,Frooti 600 ml,4,35,116,112,0,0
TXN-20260904-SKU-GHEE-1L,2026-09-04,SKU-GHEE-1L,Amul Ghee 1 L,1,620,32,31,0,0
TXN-20260904-SKU-HALDI-100,2026-09-04,SKU-HALDI-100,Turmeric Powder 100 g,3,32,63,60,0,0
TXN-20260904-SKU-HARPIC-500,2026-09-04,SKU-HARPIC-500,Harpic 500 ml,1,105,31,30,0,0
TXN-20260904-SKU-LAYS-52,2026-09-04,SKU-LAYS-52,Lays Classic 52 g,7,20,166,159,0,0
TXN-20260904-SKU-LIFEBUOY-4,2026-09-04,SKU-LIFEBUOY-4,Lifebuoy Soap 4 x 100 g,2,135,54,52,0,0
TXN-20260904-SKU-MAGGI-280,2026-09-04,SKU-MAGGI-280,Maggi Noodles 280 g,5,56,129,124,0,0
TXN-20260904-SKU-MAIDA-1K,2026-09-04,SKU-MAIDA-1K,Maida 1 kg,2,42,79,77,0,0
TXN-20260904-SKU-MIRCH-100,2026-09-04,SKU-MIRCH-100,Red Chilli Powder 100 g,3,40,57,54,0,0
TXN-20260904-SKU-MOONG-1K,2026-09-04,SKU-MOONG-1K,Moong Dal 1 kg,2,130,83,81,0,0
TXN-20260904-SKU-MUST-1L,2026-09-04,SKU-MUST-1L,Fortune Mustard Oil 1 L,4,170,106,102,0,0
TXN-20260904-SKU-OIL-1L,2026-09-04,SKU-OIL-1L,Sunpure Cooking Oil 1 L,8,135,194,186,0,0
TXN-20260904-SKU-PARLE-G,2026-09-04,SKU-PARLE-G,Parle-G Biscuit 250 g,8,25,217,209,0,0
TXN-20260904-SKU-POHA-500,2026-09-04,SKU-POHA-500,Poha 500 g,3,36,76,73,0,0
TXN-20260904-SKU-RAJMA-1K,2026-09-04,SKU-RAJMA-1K,Rajma 1 kg,1,155,54,53,0,0
TXN-20260904-SKU-RICE-1K,2026-09-04,SKU-RICE-1K,Sona Masoori Rice 1 kg,8,70,174,166,0,0
TXN-20260904-SKU-SALT-1K,2026-09-04,SKU-SALT-1K,Tata Salt 1 kg,9,28,228,219,0,0
TXN-20260904-SKU-SPRITE-750,2026-09-04,SKU-SPRITE-750,Sprite 750 ml,3,40,99,96,0,0
TXN-20260904-SKU-SUG-1K,2026-09-04,SKU-SUG-1K,Sugar 1 kg,10,48,240,230,0,0
TXN-20260904-SKU-SUJI-500,2026-09-04,SKU-SUJI-500,Suji 500 g,0,30,58,58,0,0
TXN-20260904-SKU-SURF-1K,2026-09-04,SKU-SURF-1K,Surf Excel 1 kg,2,140,50,48,0,0
TXN-20260904-SKU-TEA-250,2026-09-04,SKU-TEA-250,Tata Tea Gold 250 g,4,160,104,100,0,0
TXN-20260904-SKU-TOOR-1K,2026-09-04,SKU-TOOR-1K,Toor Dal 1 kg,5,150,125,120,0,0
TXN-20260904-SKU-VIM-500,2026-09-04,SKU-VIM-500,Vim Bar 500 g,5,45,82,77,0,0
TXN-20260904-SKU-WATER-1L,2026-09-04,SKU-WATER-1L,Bisleri Water 1 L,11,20,292,281,0,0
TXN-20260905-SKU-ATTA-5K,2026-09-05,SKU-ATTA-5K,Aashirvaad Atta 5 kg,5,260,120,115,0,0
TXN-20260905-SKU-BAS-5K,2026-09-05,SKU-BAS-5K,India Gate Basmati 5 kg,2,600,94,92,0,0
TXN-20260905-SKU-BESAN-500,2026-09-05,SKU-BESAN-500,Besan 500 g,4,56,85,81,0,0
TXN-20260905-SKU-BREAD-400,2026-09-05,SKU-BREAD-400,Brown Bread 400 g,6,45,108,102,0,0
TXN-20260905-SKU-CHANA-1K,2026-09-05,SKU-CHANA-1K,Kabuli Chana 1 kg,2,140,52,50,0,0
TXN-20260905-SKU-COKE-750,2026-09-05,SKU-COKE-750,Coca-Cola 750 ml,6,40,132,126,0,0
TXN-20260905-SKU-COLGATE-200,2026-09-05,SKU-COLGATE-200,Colgate Toothpaste 200 g,2,115,52,50,0,0
TXN-20260905-SKU-DALIA-500,2026-09-05,SKU-DALIA-500,Dalia 500 g,1,34,34,33,0,0
TXN-20260905-SKU-DETTOL-250,2026-09-05,SKU-DETTOL-250,Dettol Liquid 250 ml,1,175,30,29,0,0
TXN-20260905-SKU-FROOTI-600,2026-09-05,SKU-FROOTI-600,Frooti 600 ml,3,35,112,109,0,0
TXN-20260905-SKU-GHEE-1L,2026-09-05,SKU-GHEE-1L,Amul Ghee 1 L,2,620,31,29,0,0
TXN-20260905-SKU-HALDI-100,2026-09-05,SKU-HALDI-100,Turmeric Powder 100 g,3,32,60,57,0,0
TXN-20260905-SKU-HARPIC-500,2026-09-05,SKU-HARPIC-500,Harpic 500 ml,1,105,30,29,0,0
TXN-20260905-SKU-LAYS-52,2026-09-05,SKU-LAYS-52,Lays Classic 52 g,6,20,159,153,0,0
TXN-20260905-SKU-LIFEBUOY-4,2026-09-05,SKU-LIFEBUOY-4,Lifebuoy Soap 4 x 100 g,2,135,52,50,0,0
TXN-20260905-SKU-MAGGI-280,2026-09-05,SKU-MAGGI-280,Maggi Noodles 280 g,8,56,124,116,0,0
TXN-20260905-SKU-MAIDA-1K,2026-09-05,SKU-MAIDA-1K,Maida 1 kg,2,42,77,75,0,0
TXN-20260905-SKU-MIRCH-100,2026-09-05,SKU-MIRCH-100,Red Chilli Powder 100 g,2,40,54,52,0,0
TXN-20260905-SKU-MOONG-1K,2026-09-05,SKU-MOONG-1K,Moong Dal 1 kg,3,130,81,78,0,0
TXN-20260905-SKU-MUST-1L,2026-09-05,SKU-MUST-1L,Fortune Mustard Oil 1 L,4,170,102,98,0,0
TXN-20260905-SKU-OIL-1L,2026-09-05,SKU-OIL-1L,Sunpure Cooking Oil 1 L,8,135,186,178,0,0
TXN-20260905-SKU-PARLE-G,2026-09-05,SKU-PARLE-G,Parle-G Biscuit 250 g,12,25,209,197,0,0
TXN-20260905-SKU-POHA-500,2026-09-05,SKU-POHA-500,Poha 500 g,5,36,73,68,0,0
TXN-20260905-SKU-RAJMA-1K,2026-09-05,SKU-RAJMA-1K,Rajma 1 kg,2,155,53,51,0,0
TXN-20260905-SKU-RICE-1K,2026-09-05,SKU-RICE-1K,Sona Masoori Rice 1 kg,9,70,166,157,0,0
TXN-20260905-SKU-SALT-1K,2026-09-05,SKU-SALT-1K,Tata Salt 1 kg,7,28,219,212,0,0
TXN-20260905-SKU-SPRITE-750,2026-09-05,SKU-SPRITE-750,Sprite 750 ml,5,40,96,91,0,0
TXN-20260905-SKU-SUG-1K,2026-09-05,SKU-SUG-1K,Sugar 1 kg,10,48,230,220,0,0
TXN-20260905-SKU-SUJI-500,2026-09-05,SKU-SUJI-500,Suji 500 g,2,30,58,56,0,0
TXN-20260905-SKU-SURF-1K,2026-09-05,SKU-SURF-1K,Surf Excel 1 kg,2,140,48,46,0,0
TXN-20260905-SKU-TEA-250,2026-09-05,SKU-TEA-250,Tata Tea Gold 250 g,5,160,100,95,0,0
TXN-20260905-SKU-TOOR-1K,2026-09-05,SKU-TOOR-1K,Toor Dal 1 kg,5,150,120,115,0,0
TXN-20260905-SKU-VIM-500,2026-09-05,SKU-VIM-500,Vim Bar 500 g,3,45,77,74,0,0
TXN-20260905-SKU-WATER-1L,2026-09-05,SKU-WATER-1L,Bisleri Water 1 L,14,20,281,267,0,0
TXN-20260906-SKU-ATTA-5K,2026-09-06,SKU-ATTA-5K,Aashirvaad Atta 5 kg,5,260,115,110,0,0
TXN-20260906-SKU-BAS-5K,2026-09-06,SKU-BAS-5K,India Gate Basmati 5 kg,1,600,92,91,0,0
TXN-20260906-SKU-BESAN-500,2026-09-06,SKU-BESAN-500,Besan 500 g,2,56,81,79,0,0
TXN-20260906-SKU-BREAD-400,2026-09-06,SKU-BREAD-400,Brown Bread 400 g,4,45,102,98,0,0
TXN-20260906-SKU-CHANA-1K,2026-09-06,SKU-CHANA-1K,Kabuli Chana 1 kg,3,140,50,47,0,0
TXN-20260906-SKU-COKE-750,2026-09-06,SKU-COKE-750,Coca-Cola 750 ml,7,40,126,119,0,0
TXN-20260906-SKU-COLGATE-200,2026-09-06,SKU-COLGATE-200,Colgate Toothpaste 200 g,2,115,50,48,0,0
TXN-20260906-SKU-DALIA-500,2026-09-06,SKU-DALIA-500,Dalia 500 g,0,34,33,33,0,0
TXN-20260906-SKU-DETTOL-250,2026-09-06,SKU-DETTOL-250,Dettol Liquid 250 ml,0,175,29,29,0,0
TXN-20260906-SKU-FROOTI-600,2026-09-06,SKU-FROOTI-600,Frooti 600 ml,4,35,109,105,0,0
TXN-20260906-SKU-GHEE-1L,2026-09-06,SKU-GHEE-1L,Amul Ghee 1 L,1,620,29,28,0,0
TXN-20260906-SKU-HALDI-100,2026-09-06,SKU-HALDI-100,Turmeric Powder 100 g,2,32,57,55,0,0
TXN-20260906-SKU-HARPIC-500,2026-09-06,SKU-HARPIC-500,Harpic 500 ml,1,105,29,28,0,0
TXN-20260906-SKU-LAYS-52,2026-09-06,SKU-LAYS-52,Lays Classic 52 g,6,20,153,147,0,0
TXN-20260906-SKU-LIFEBUOY-4,2026-09-06,SKU-LIFEBUOY-4,Lifebuoy Soap 4 x 100 g,2,135,50,48,0,0
TXN-20260906-SKU-MAGGI-280,2026-09-06,SKU-MAGGI-280,Maggi Noodles 280 g,6,56,116,110,0,0
TXN-20260906-SKU-MAIDA-1K,2026-09-06,SKU-MAIDA-1K,Maida 1 kg,3,42,75,72,0,0
TXN-20260906-SKU-MIRCH-100,2026-09-06,SKU-MIRCH-100,Red Chilli Powder 100 g,2,40,52,50,0,0
TXN-20260906-SKU-MOONG-1K,2026-09-06,SKU-MOONG-1K,Moong Dal 1 kg,3,130,78,75,0,0
TXN-20260906-SKU-MUST-1L,2026-09-06,SKU-MUST-1L,Fortune Mustard Oil 1 L,4,170,98,94,0,0
TXN-20260906-SKU-OIL-1L,2026-09-06,SKU-OIL-1L,Sunpure Cooking Oil 1 L,8,135,178,170,0,0
TXN-20260906-SKU-PARLE-G,2026-09-06,SKU-PARLE-G,Parle-G Biscuit 250 g,8,25,197,189,0,0
TXN-20260906-SKU-POHA-500,2026-09-06,SKU-POHA-500,Poha 500 g,4,36,68,64,0,0
TXN-20260906-SKU-RAJMA-1K,2026-09-06,SKU-RAJMA-1K,Rajma 1 kg,2,155,51,49,0,0
TXN-20260906-SKU-RICE-1K,2026-09-06,SKU-RICE-1K,Sona Masoori Rice 1 kg,10,70,157,147,0,0
TXN-20260906-SKU-SALT-1K,2026-09-06,SKU-SALT-1K,Tata Salt 1 kg,12,28,212,200,0,0
TXN-20260906-SKU-SPRITE-750,2026-09-06,SKU-SPRITE-750,Sprite 750 ml,4,40,91,87,0,0
TXN-20260906-SKU-SUG-1K,2026-09-06,SKU-SUG-1K,Sugar 1 kg,10,48,220,210,0,0
TXN-20260906-SKU-SUJI-500,2026-09-06,SKU-SUJI-500,Suji 500 g,2,30,56,54,0,0
TXN-20260906-SKU-SURF-1K,2026-09-06,SKU-SURF-1K,Surf Excel 1 kg,1,140,46,45,0,0
TXN-20260906-SKU-TEA-250,2026-09-06,SKU-TEA-250,Tata Tea Gold 250 g,4,160,95,91,0,0
TXN-20260906-SKU-TOOR-1K,2026-09-06,SKU-TOOR-1K,Toor Dal 1 kg,5,150,115,110,0,0
TXN-20260906-SKU-VIM-500,2026-09-06,SKU-VIM-500,Vim Bar 500 g,3,45,74,71,0,0
TXN-20260906-SKU-WATER-1L,2026-09-06,SKU-WATER-1L,Bisleri Water 1 L,15,20,267,252,0,0
TXN-20260907-SKU-ATTA-5K,2026-09-07,SKU-ATTA-5K,Aashirvaad Atta 5 kg,5,260,110,105,0,0
TXN-20260907-SKU-BAS-5K,2026-09-07,SKU-BAS-5K,India Gate Basmati 5 kg,1,600,91,90,0,0
TXN-20260907-SKU-BESAN-500,2026-09-07,SKU-BESAN-500,Besan 500 g,3,56,79,76,0,0
TXN-20260907-SKU-BREAD-400,2026-09-07,SKU-BREAD-400,Brown Bread 400 g,6,45,98,92,0,0
TXN-20260907-SKU-CHANA-1K,2026-09-07,SKU-CHANA-1K,Kabuli Chana 1 kg,2,140,47,45,0,0
TXN-20260907-SKU-COKE-750,2026-09-07,SKU-COKE-750,Coca-Cola 750 ml,5,40,119,114,0,0
TXN-20260907-SKU-COLGATE-200,2026-09-07,SKU-COLGATE-200,Colgate Toothpaste 200 g,2,115,48,46,0,0
TXN-20260907-SKU-DALIA-500,2026-09-07,SKU-DALIA-500,Dalia 500 g,1,34,33,32,0,0
TXN-20260907-SKU-DETTOL-250,2026-09-07,SKU-DETTOL-250,Dettol Liquid 250 ml,1,175,29,28,0,0
TXN-20260907-SKU-FROOTI-600,2026-09-07,SKU-FROOTI-600,Frooti 600 ml,3,35,105,102,0,0
TXN-20260907-SKU-GHEE-1L,2026-09-07,SKU-GHEE-1L,Amul Ghee 1 L,1,620,28,27,0,0
TXN-20260907-SKU-HALDI-100,2026-09-07,SKU-HALDI-100,Turmeric Powder 100 g,1,32,55,54,0,0
TXN-20260907-SKU-HARPIC-500,2026-09-07,SKU-HARPIC-500,Harpic 500 ml,0,105,28,28,0,0
TXN-20260907-SKU-LAYS-52,2026-09-07,SKU-LAYS-52,Lays Classic 52 g,8,20,147,139,0,0
TXN-20260907-SKU-LIFEBUOY-4,2026-09-07,SKU-LIFEBUOY-4,Lifebuoy Soap 4 x 100 g,2,135,48,46,0,0
TXN-20260907-SKU-MAGGI-280,2026-09-07,SKU-MAGGI-280,Maggi Noodles 280 g,3,56,110,107,0,0
TXN-20260907-SKU-MAIDA-1K,2026-09-07,SKU-MAIDA-1K,Maida 1 kg,3,42,72,69,0,0
TXN-20260907-SKU-MIRCH-100,2026-09-07,SKU-MIRCH-100,Red Chilli Powder 100 g,1,40,50,49,0,0
TXN-20260907-SKU-MOONG-1K,2026-09-07,SKU-MOONG-1K,Moong Dal 1 kg,5,130,75,70,0,0
TXN-20260907-SKU-MUST-1L,2026-09-07,SKU-MUST-1L,Fortune Mustard Oil 1 L,4,170,94,90,0,0
TXN-20260907-SKU-OIL-1L,2026-09-07,SKU-OIL-1L,Sunpure Cooking Oil 1 L,8,135,170,162,0,0
TXN-20260907-SKU-PARLE-G,2026-09-07,SKU-PARLE-G,Parle-G Biscuit 250 g,12,25,189,177,0,0
TXN-20260907-SKU-POHA-500,2026-09-07,SKU-POHA-500,Poha 500 g,2,36,64,62,0,0
TXN-20260907-SKU-RAJMA-1K,2026-09-07,SKU-RAJMA-1K,Rajma 1 kg,3,155,49,46,0,0
TXN-20260907-SKU-RICE-1K,2026-09-07,SKU-RICE-1K,Sona Masoori Rice 1 kg,8,70,147,139,0,0
TXN-20260907-SKU-SALT-1K,2026-09-07,SKU-SALT-1K,Tata Salt 1 kg,9,28,200,191,0,0
TXN-20260907-SKU-SPRITE-750,2026-09-07,SKU-SPRITE-750,Sprite 750 ml,3,40,87,84,0,0
TXN-20260907-SKU-SUG-1K,2026-09-07,SKU-SUG-1K,Sugar 1 kg,10,48,210,200,0,0
TXN-20260907-SKU-SUJI-500,2026-09-07,SKU-SUJI-500,Suji 500 g,3,30,54,51,0,0
TXN-20260907-SKU-SURF-1K,2026-09-07,SKU-SURF-1K,Surf Excel 1 kg,2,140,45,43,0,0
TXN-20260907-SKU-TEA-250,2026-09-07,SKU-TEA-250,Tata Tea Gold 250 g,4,160,91,87,0,0
TXN-20260907-SKU-TOOR-1K,2026-09-07,SKU-TOOR-1K,Toor Dal 1 kg,5,150,110,105,0,0
TXN-20260907-SKU-VIM-500,2026-09-07,SKU-VIM-500,Vim Bar 500 g,3,45,71,68,0,0
TXN-20260907-SKU-WATER-1L,2026-09-07,SKU-WATER-1L,Bisleri Water 1 L,17,20,252,235,0,0
TXN-20260908-SKU-ATTA-5K,2026-09-08,SKU-ATTA-5K,Aashirvaad Atta 5 kg,5,260,105,100,0,0
TXN-20260908-SKU-BAS-5K,2026-09-08,SKU-BAS-5K,India Gate Basmati 5 kg,1,600,90,89,0,0
TXN-20260908-SKU-BESAN-500,2026-09-08,SKU-BESAN-500,Besan 500 g,4,56,76,72,0,0
TXN-20260908-SKU-BREAD-400,2026-09-08,SKU-BREAD-400,Brown Bread 400 g,7,45,92,85,0,0
TXN-20260908-SKU-CHANA-1K,2026-09-08,SKU-CHANA-1K,Kabuli Chana 1 kg,3,140,45,42,0,0
TXN-20260908-SKU-COKE-750,2026-09-08,SKU-COKE-750,Coca-Cola 750 ml,3,40,114,111,0,0
TXN-20260908-SKU-COLGATE-200,2026-09-08,SKU-COLGATE-200,Colgate Toothpaste 200 g,1,115,46,45,0,0
TXN-20260908-SKU-DALIA-500,2026-09-08,SKU-DALIA-500,Dalia 500 g,0,34,32,32,0,0
TXN-20260908-SKU-DETTOL-250,2026-09-08,SKU-DETTOL-250,Dettol Liquid 250 ml,1,175,28,27,0,0
TXN-20260908-SKU-FROOTI-600,2026-09-08,SKU-FROOTI-600,Frooti 600 ml,5,35,102,97,0,0
TXN-20260908-SKU-GHEE-1L,2026-09-08,SKU-GHEE-1L,Amul Ghee 1 L,1,620,27,26,0,0
TXN-20260908-SKU-HALDI-100,2026-09-08,SKU-HALDI-100,Turmeric Powder 100 g,1,32,54,53,0,0
TXN-20260908-SKU-HARPIC-500,2026-09-08,SKU-HARPIC-500,Harpic 500 ml,1,105,28,27,0,0
TXN-20260908-SKU-LAYS-52,2026-09-08,SKU-LAYS-52,Lays Classic 52 g,5,20,139,134,0,0
TXN-20260908-SKU-LIFEBUOY-4,2026-09-08,SKU-LIFEBUOY-4,Lifebuoy Soap 4 x 100 g,1,135,46,45,0,0
TXN-20260908-SKU-MAGGI-280,2026-09-08,SKU-MAGGI-280,Maggi Noodles 280 g,5,56,107,102,0,0
TXN-20260908-SKU-MAIDA-1K,2026-09-08,SKU-MAIDA-1K,Maida 1 kg,3,42,69,66,0,0
TXN-20260908-SKU-MIRCH-100,2026-09-08,SKU-MIRCH-100,Red Chilli Powder 100 g,2,40,49,47,0,0
TXN-20260908-SKU-MOONG-1K,2026-09-08,SKU-MOONG-1K,Moong Dal 1 kg,3,130,70,67,0,0
TXN-20260908-SKU-MUST-1L,2026-09-08,SKU-MUST-1L,Fortune Mustard Oil 1 L,4,170,90,86,0,0
TXN-20260908-SKU-OIL-1L,2026-09-08,SKU-OIL-1L,Sunpure Cooking Oil 1 L,8,135,162,154,0,0
TXN-20260908-SKU-PARLE-G,2026-09-08,SKU-PARLE-G,Parle-G Biscuit 250 g,9,25,177,168,0,0
TXN-20260908-SKU-POHA-500,2026-09-08,SKU-POHA-500,Poha 500 g,3,36,62,59,0,0
TXN-20260908-SKU-RAJMA-1K,2026-09-08,SKU-RAJMA-1K,Rajma 1 kg,2,155,46,44,0,0
TXN-20260908-SKU-RICE-1K,2026-09-08,SKU-RICE-1K,Sona Masoori Rice 1 kg,7,70,139,132,0,0
TXN-20260908-SKU-SALT-1K,2026-09-08,SKU-SALT-1K,Tata Salt 1 kg,9,28,191,182,0,0
TXN-20260908-SKU-SPRITE-750,2026-09-08,SKU-SPRITE-750,Sprite 750 ml,5,40,84,79,0,0
TXN-20260908-SKU-SUG-1K,2026-09-08,SKU-SUG-1K,Sugar 1 kg,10,48,200,190,0,0
TXN-20260908-SKU-SUJI-500,2026-09-08,SKU-SUJI-500,Suji 500 g,1,30,51,50,0,0
TXN-20260908-SKU-SURF-1K,2026-09-08,SKU-SURF-1K,Surf Excel 1 kg,2,140,43,41,0,0
TXN-20260908-SKU-TEA-250,2026-09-08,SKU-TEA-250,Tata Tea Gold 250 g,3,160,87,84,0,0
TXN-20260908-SKU-TOOR-1K,2026-09-08,SKU-TOOR-1K,Toor Dal 1 kg,5,150,105,100,0,0
TXN-20260908-SKU-VIM-500,2026-09-08,SKU-VIM-500,Vim Bar 500 g,4,45,68,64,0,0
TXN-20260908-SKU-WATER-1L,2026-09-08,SKU-WATER-1L,Bisleri Water 1 L,13,20,235,222,0,0
TXN-20260909-SKU-ATTA-5K,2026-09-09,SKU-ATTA-5K,Aashirvaad Atta 5 kg,5,260,100,95,0,0
TXN-20260909-SKU-BAS-5K,2026-09-09,SKU-BAS-5K,India Gate Basmati 5 kg,2,600,89,87,0,0
TXN-20260909-SKU-BESAN-500,2026-09-09,SKU-BESAN-500,Besan 500 g,3,56,72,69,0,0
TXN-20260909-SKU-BREAD-400,2026-09-09,SKU-BREAD-400,Brown Bread 400 g,6,45,85,219,0,0
TXN-20260909-SKU-CHANA-1K,2026-09-09,SKU-CHANA-1K,Kabuli Chana 1 kg,2,140,42,40,0,0
TXN-20260909-SKU-COKE-750,2026-09-09,SKU-COKE-750,Coca-Cola 750 ml,8,40,111,273,0,0
TXN-20260909-SKU-COLGATE-200,2026-09-09,SKU-COLGATE-200,Colgate Toothpaste 200 g,2,115,45,103,0,0
TXN-20260909-SKU-DALIA-500,2026-09-09,SKU-DALIA-500,Dalia 500 g,1,34,32,31,0,0
TXN-20260909-SKU-DETTOL-250,2026-09-09,SKU-DETTOL-250,Dettol Liquid 250 ml,1,175,27,56,0,0
TXN-20260909-SKU-FROOTI-600,2026-09-09,SKU-FROOTI-600,Frooti 600 ml,5,35,97,242,0,0
TXN-20260909-SKU-GHEE-1L,2026-09-09,SKU-GHEE-1L,Amul Ghee 1 L,1,620,26,25,0,0
TXN-20260909-SKU-HALDI-100,2026-09-09,SKU-HALDI-100,Turmeric Powder 100 g,3,32,53,50,0,0
TXN-20260909-SKU-HARPIC-500,2026-09-09,SKU-HARPIC-500,Harpic 500 ml,0,105,27,57,0,0
TXN-20260909-SKU-LAYS-52,2026-09-09,SKU-LAYS-52,Lays Classic 52 g,10,20,134,324,0,0
TXN-20260909-SKU-LIFEBUOY-4,2026-09-09,SKU-LIFEBUOY-4,Lifebuoy Soap 4 x 100 g,2,135,45,103,0,0
TXN-20260909-SKU-MAGGI-280,2026-09-09,SKU-MAGGI-280,Maggi Noodles 280 g,5,56,102,257,0,0
TXN-20260909-SKU-MAIDA-1K,2026-09-09,SKU-MAIDA-1K,Maida 1 kg,3,42,66,63,0,0
TXN-20260909-SKU-MIRCH-100,2026-09-09,SKU-MIRCH-100,Red Chilli Powder 100 g,1,40,47,46,0,0
TXN-20260909-SKU-MOONG-1K,2026-09-09,SKU-MOONG-1K,Moong Dal 1 kg,3,130,67,64,0,0
TXN-20260909-SKU-MUST-1L,2026-09-09,SKU-MUST-1L,Fortune Mustard Oil 1 L,4,170,86,82,0,0
TXN-20260909-SKU-OIL-1L,2026-09-09,SKU-OIL-1L,Sunpure Cooking Oil 1 L,8,135,154,146,0,0
TXN-20260909-SKU-PARLE-G,2026-09-09,SKU-PARLE-G,Parle-G Biscuit 250 g,10,25,168,438,0,0
TXN-20260909-SKU-POHA-500,2026-09-09,SKU-POHA-500,Poha 500 g,2,36,59,57,0,0
TXN-20260909-SKU-RAJMA-1K,2026-09-09,SKU-RAJMA-1K,Rajma 1 kg,3,155,44,41,0,0
TXN-20260909-SKU-RICE-1K,2026-09-09,SKU-RICE-1K,Sona Masoori Rice 1 kg,8,70,132,124,0,0
TXN-20260909-SKU-SALT-1K,2026-09-09,SKU-SALT-1K,Tata Salt 1 kg,10,28,182,172,0,0
TXN-20260909-SKU-SPRITE-750,2026-09-09,SKU-SPRITE-750,Sprite 750 ml,3,40,79,196,0,0
TXN-20260909-SKU-SUG-1K,2026-09-09,SKU-SUG-1K,Sugar 1 kg,10,48,190,180,0,0
TXN-20260909-SKU-SUJI-500,2026-09-09,SKU-SUJI-500,Suji 500 g,1,30,50,49,0,0
TXN-20260909-SKU-SURF-1K,2026-09-09,SKU-SURF-1K,Surf Excel 1 kg,1,140,41,100,0,0
TXN-20260909-SKU-TEA-250,2026-09-09,SKU-TEA-250,Tata Tea Gold 250 g,4,160,84,80,0,0
TXN-20260909-SKU-TOOR-1K,2026-09-09,SKU-TOOR-1K,Toor Dal 1 kg,5,150,100,95,0,0
TXN-20260909-SKU-VIM-500,2026-09-09,SKU-VIM-500,Vim Bar 500 g,3,45,64,151,0,0
TXN-20260909-SKU-WATER-1L,2026-09-09,SKU-WATER-1L,Bisleri Water 1 L,11,20,222,541,0,0
TXN-20260910-SKU-ATTA-5K,2026-09-10,SKU-ATTA-5K,Aashirvaad Atta 5 kg,5,260,95,90,0,0
TXN-20260910-SKU-BAS-5K,2026-09-10,SKU-BAS-5K,India Gate Basmati 5 kg,1,600,87,86,0,0
TXN-20260910-SKU-BESAN-500,2026-09-10,SKU-BESAN-500,Besan 500 g,3,56,69,146,0,0
TXN-20260910-SKU-BREAD-400,2026-09-10,SKU-BREAD-400,Brown Bread 400 g,4,45,219,215,0,0
TXN-20260910-SKU-CHANA-1K,2026-09-10,SKU-CHANA-1K,Kabuli Chana 1 kg,3,140,40,37,0,0
TXN-20260910-SKU-COKE-750,2026-09-10,SKU-COKE-750,Coca-Cola 750 ml,6,40,273,267,0,0
TXN-20260910-SKU-COLGATE-200,2026-09-10,SKU-COLGATE-200,Colgate Toothpaste 200 g,4,115,103,99,0,0
TXN-20260910-SKU-DALIA-500,2026-09-10,SKU-DALIA-500,Dalia 500 g,1,34,31,30,0,0
TXN-20260910-SKU-DETTOL-250,2026-09-10,SKU-DETTOL-250,Dettol Liquid 250 ml,0,175,56,56,0,0
TXN-20260910-SKU-FROOTI-600,2026-09-10,SKU-FROOTI-600,Frooti 600 ml,6,35,242,236,0,0
TXN-20260910-SKU-GHEE-1L,2026-09-10,SKU-GHEE-1L,Amul Ghee 1 L,0,620,25,55,0,0
TXN-20260910-SKU-HALDI-100,2026-09-10,SKU-HALDI-100,Turmeric Powder 100 g,3,32,50,107,0,0
TXN-20260910-SKU-HARPIC-500,2026-09-10,SKU-HARPIC-500,Harpic 500 ml,0,105,57,57,0,0
TXN-20260910-SKU-LAYS-52,2026-09-10,SKU-LAYS-52,Lays Classic 52 g,10,20,324,314,0,0
TXN-20260910-SKU-LIFEBUOY-4,2026-09-10,SKU-LIFEBUOY-4,Lifebuoy Soap 4 x 100 g,2,135,103,101,0,0
TXN-20260910-SKU-MAGGI-280,2026-09-10,SKU-MAGGI-280,Maggi Noodles 280 g,7,56,257,250,0,0
TXN-20260910-SKU-MAIDA-1K,2026-09-10,SKU-MAIDA-1K,Maida 1 kg,4,42,63,59,0,0
TXN-20260910-SKU-MIRCH-100,2026-09-10,SKU-MIRCH-100,Red Chilli Powder 100 g,2,40,46,104,0,0
TXN-20260910-SKU-MOONG-1K,2026-09-10,SKU-MOONG-1K,Moong Dal 1 kg,3,130,64,151,0,0
TXN-20260910-SKU-MUST-1L,2026-09-10,SKU-MUST-1L,Fortune Mustard Oil 1 L,4,170,82,188,0,0
TXN-20260910-SKU-OIL-1L,2026-09-10,SKU-OIL-1L,Sunpure Cooking Oil 1 L,8,135,146,348,0,0
TXN-20260910-SKU-PARLE-G,2026-09-10,SKU-PARLE-G,Parle-G Biscuit 250 g,9,25,438,429,0,0
TXN-20260910-SKU-POHA-500,2026-09-10,SKU-POHA-500,Poha 500 g,2,36,57,135,0,0
TXN-20260910-SKU-RAJMA-1K,2026-09-10,SKU-RAJMA-1K,Rajma 1 kg,2,155,41,39,0,0
TXN-20260910-SKU-RICE-1K,2026-09-10,SKU-RICE-1K,Sona Masoori Rice 1 kg,9,70,124,115,0,0
TXN-20260910-SKU-SALT-1K,2026-09-10,SKU-SALT-1K,Tata Salt 1 kg,7,28,172,385,0,0
TXN-20260910-SKU-SPRITE-750,2026-09-10,SKU-SPRITE-750,Sprite 750 ml,4,40,196,192,0,0
TXN-20260910-SKU-SUG-1K,2026-09-10,SKU-SUG-1K,Sugar 1 kg,10,48,180,440,0,0
TXN-20260910-SKU-SUJI-500,2026-09-10,SKU-SUJI-500,Suji 500 g,1,30,49,48,0,0
TXN-20260910-SKU-SURF-1K,2026-09-10,SKU-SURF-1K,Surf Excel 1 kg,2,140,100,98,0,0
TXN-20260910-SKU-TEA-250,2026-09-10,SKU-TEA-250,Tata Tea Gold 250 g,5,160,80,195,0,0
TXN-20260910-SKU-TOOR-1K,2026-09-10,SKU-TOOR-1K,Toor Dal 1 kg,5,150,95,230,0,0
TXN-20260910-SKU-VIM-500,2026-09-10,SKU-VIM-500,Vim Bar 500 g,3,45,151,148,0,0
TXN-20260910-SKU-WATER-1L,2026-09-10,SKU-WATER-1L,Bisleri Water 1 L,12,20,541,529,0,0
TXN-20260911-SKU-ATTA-5K,2026-09-11,SKU-ATTA-5K,Aashirvaad Atta 5 kg,5,260,90,85,0,0
TXN-20260911-SKU-BAS-5K,2026-09-11,SKU-BAS-5K,India Gate Basmati 5 kg,1,600,86,85,0,0
TXN-20260911-SKU-BESAN-500,2026-09-11,SKU-BESAN-500,Besan 500 g,2,56,146,144,0,0
TXN-20260911-SKU-BREAD-400,2026-09-11,SKU-BREAD-400,Brown Bread 400 g,4,45,215,211,0,0
TXN-20260911-SKU-CHANA-1K,2026-09-11,SKU-CHANA-1K,Kabuli Chana 1 kg,1,140,37,36,0,0
TXN-20260911-SKU-COKE-750,2026-09-11,SKU-COKE-750,Coca-Cola 750 ml,5,40,267,262,0,0
TXN-20260911-SKU-COLGATE-200,2026-09-11,SKU-COLGATE-200,Colgate Toothpaste 200 g,3,115,99,96,0,0
TXN-20260911-SKU-DALIA-500,2026-09-11,SKU-DALIA-500,Dalia 500 g,2,34,30,28,0,0
TXN-20260911-SKU-DETTOL-250,2026-09-11,SKU-DETTOL-250,Dettol Liquid 250 ml,1,175,56,55,0,0
TXN-20260911-SKU-FROOTI-600,2026-09-11,SKU-FROOTI-600,Frooti 600 ml,6,35,236,230,0,0
TXN-20260911-SKU-GHEE-1L,2026-09-11,SKU-GHEE-1L,Amul Ghee 1 L,1,620,55,54,0,0
TXN-20260911-SKU-HALDI-100,2026-09-11,SKU-HALDI-100,Turmeric Powder 100 g,2,32,107,105,0,0
TXN-20260911-SKU-HARPIC-500,2026-09-11,SKU-HARPIC-500,Harpic 500 ml,1,105,57,56,0,0
TXN-20260911-SKU-LAYS-52,2026-09-11,SKU-LAYS-52,Lays Classic 52 g,7,20,314,307,0,0
TXN-20260911-SKU-LIFEBUOY-4,2026-09-11,SKU-LIFEBUOY-4,Lifebuoy Soap 4 x 100 g,2,135,101,99,0,0
TXN-20260911-SKU-MAGGI-280,2026-09-11,SKU-MAGGI-280,Maggi Noodles 280 g,6,56,250,244,0,0
TXN-20260911-SKU-MAIDA-1K,2026-09-11,SKU-MAIDA-1K,Maida 1 kg,4,42,59,55,0,0
TXN-20260911-SKU-MIRCH-100,2026-09-11,SKU-MIRCH-100,Red Chilli Powder 100 g,2,40,104,102,0,0
TXN-20260911-SKU-MOONG-1K,2026-09-11,SKU-MOONG-1K,Moong Dal 1 kg,5,130,151,146,0,0
TXN-20260911-SKU-MUST-1L,2026-09-11,SKU-MUST-1L,Fortune Mustard Oil 1 L,5,170,188,183,0,0
TXN-20260911-SKU-OIL-1L,2026-09-11,SKU-OIL-1L,Sunpure Cooking Oil 1 L,8,135,348,340,0,0
TXN-20260911-SKU-PARLE-G,2026-09-11,SKU-PARLE-G,Parle-G Biscuit 250 g,10,25,429,419,0,0
TXN-20260911-SKU-POHA-500,2026-09-11,SKU-POHA-500,Poha 500 g,2,36,135,133,0,0
TXN-20260911-SKU-RAJMA-1K,2026-09-11,SKU-RAJMA-1K,Rajma 1 kg,2,155,39,37,0,0
TXN-20260911-SKU-RICE-1K,2026-09-11,SKU-RICE-1K,Sona Masoori Rice 1 kg,6,70,115,109,0,0
TXN-20260911-SKU-SALT-1K,2026-09-11,SKU-SALT-1K,Tata Salt 1 kg,9,28,385,376,0,0
TXN-20260911-SKU-SPRITE-750,2026-09-11,SKU-SPRITE-750,Sprite 750 ml,5,40,192,187,0,0
TXN-20260911-SKU-SUG-1K,2026-09-11,SKU-SUG-1K,Sugar 1 kg,10,48,440,430,0,0
TXN-20260911-SKU-SUJI-500,2026-09-11,SKU-SUJI-500,Suji 500 g,1,30,48,47,0,0
TXN-20260911-SKU-SURF-1K,2026-09-11,SKU-SURF-1K,Surf Excel 1 kg,2,140,98,96,0,0
TXN-20260911-SKU-TEA-250,2026-09-11,SKU-TEA-250,Tata Tea Gold 250 g,4,160,195,191,0,0
TXN-20260911-SKU-TOOR-1K,2026-09-11,SKU-TOOR-1K,Toor Dal 1 kg,5,150,230,225,0,0
TXN-20260911-SKU-VIM-500,2026-09-11,SKU-VIM-500,Vim Bar 500 g,3,45,148,145,0,0
TXN-20260911-SKU-WATER-1L,2026-09-11,SKU-WATER-1L,Bisleri Water 1 L,9,20,529,520,0,0
TXN-20260912-SKU-ATTA-5K,2026-09-12,SKU-ATTA-5K,Aashirvaad Atta 5 kg,5,260,85,210,0,0
TXN-20260912-SKU-BAS-5K,2026-09-12,SKU-BAS-5K,India Gate Basmati 5 kg,1,600,85,114,0,0
TXN-20260912-SKU-BESAN-500,2026-09-12,SKU-BESAN-500,Besan 500 g,3,56,144,141,0,0
TXN-20260912-SKU-BREAD-400,2026-09-12,SKU-BREAD-400,Brown Bread 400 g,7,45,211,204,0,0
TXN-20260912-SKU-CHANA-1K,2026-09-12,SKU-CHANA-1K,Kabuli Chana 1 kg,1,140,36,85,0,0
TXN-20260912-SKU-COKE-750,2026-09-12,SKU-COKE-750,Coca-Cola 750 ml,5,40,262,257,0,0
TXN-20260912-SKU-COLGATE-200,2026-09-12,SKU-COLGATE-200,Colgate Toothpaste 200 g,2,115,96,94,0,0
TXN-20260912-SKU-DALIA-500,2026-09-12,SKU-DALIA-500,Dalia 500 g,1,34,28,57,0,0
TXN-20260912-SKU-DETTOL-250,2026-09-12,SKU-DETTOL-250,Dettol Liquid 250 ml,0,175,55,55,0,0
TXN-20260912-SKU-FROOTI-600,2026-09-12,SKU-FROOTI-600,Frooti 600 ml,5,35,230,225,0,0
TXN-20260912-SKU-GHEE-1L,2026-09-12,SKU-GHEE-1L,Amul Ghee 1 L,2,620,54,52,0,0
TXN-20260912-SKU-HALDI-100,2026-09-12,SKU-HALDI-100,Turmeric Powder 100 g,2,32,105,103,0,0
TXN-20260912-SKU-HARPIC-500,2026-09-12,SKU-HARPIC-500,Harpic 500 ml,0,105,56,56,0,0
TXN-20260912-SKU-LAYS-52,2026-09-12,SKU-LAYS-52,Lays Classic 52 g,2,20,307,305,0,0
TXN-20260912-SKU-LIFEBUOY-4,2026-09-12,SKU-LIFEBUOY-4,Lifebuoy Soap 4 x 100 g,2,135,99,97,0,0
TXN-20260912-SKU-MAGGI-280,2026-09-12,SKU-MAGGI-280,Maggi Noodles 280 g,4,56,244,240,0,0
TXN-20260912-SKU-MAIDA-1K,2026-09-12,SKU-MAIDA-1K,Maida 1 kg,3,42,55,132,0,0
TXN-20260912-SKU-MIRCH-100,2026-09-12,SKU-MIRCH-100,Red Chilli Powder 100 g,3,40,102,99,0,0
TXN-20260912-SKU-MOONG-1K,2026-09-12,SKU-MOONG-1K,Moong Dal 1 kg,4,130,146,142,0,0
TXN-20260912-SKU-MUST-1L,2026-09-12,SKU-MUST-1L,Fortune Mustard Oil 1 L,4,170,183,179,0,0
TXN-20260912-SKU-OIL-1L,2026-09-12,SKU-OIL-1L,Sunpure Cooking Oil 1 L,8,135,340,332,0,0
TXN-20260912-SKU-PARLE-G,2026-09-12,SKU-PARLE-G,Parle-G Biscuit 250 g,10,25,419,409,0,0
TXN-20260912-SKU-POHA-500,2026-09-12,SKU-POHA-500,Poha 500 g,4,36,133,129,0,0
TXN-20260912-SKU-RAJMA-1K,2026-09-12,SKU-RAJMA-1K,Rajma 1 kg,3,155,37,94,0,0
TXN-20260912-SKU-RICE-1K,2026-09-12,SKU-RICE-1K,Sona Masoori Rice 1 kg,11,70,109,318,0,0
TXN-20260912-SKU-SALT-1K,2026-09-12,SKU-SALT-1K,Tata Salt 1 kg,7,28,376,369,0,0
TXN-20260912-SKU-SPRITE-750,2026-09-12,SKU-SPRITE-750,Sprite 750 ml,2,40,187,185,0,0
TXN-20260912-SKU-SUG-1K,2026-09-12,SKU-SUG-1K,Sugar 1 kg,10,48,430,420,0,0
TXN-20260912-SKU-SUJI-500,2026-09-12,SKU-SUJI-500,Suji 500 g,2,30,47,95,0,0
TXN-20260912-SKU-SURF-1K,2026-09-12,SKU-SURF-1K,Surf Excel 1 kg,3,140,96,93,0,0
TXN-20260912-SKU-TEA-250,2026-09-12,SKU-TEA-250,Tata Tea Gold 250 g,4,160,191,187,0,0
TXN-20260912-SKU-TOOR-1K,2026-09-12,SKU-TOOR-1K,Toor Dal 1 kg,5,150,225,220,0,0
TXN-20260912-SKU-VIM-500,2026-09-12,SKU-VIM-500,Vim Bar 500 g,3,45,145,142,0,0
TXN-20260912-SKU-WATER-1L,2026-09-12,SKU-WATER-1L,Bisleri Water 1 L,12,20,520,508,0,0
TXN-20260913-SKU-ATTA-5K,2026-09-13,SKU-ATTA-5K,Aashirvaad Atta 5 kg,5,260,210,205,0,0
TXN-20260913-SKU-BAS-5K,2026-09-13,SKU-BAS-5K,India Gate Basmati 5 kg,2,600,114,112,0,0
TXN-20260913-SKU-BESAN-500,2026-09-13,SKU-BESAN-500,Besan 500 g,2,56,141,139,0,0
TXN-20260913-SKU-BREAD-400,2026-09-13,SKU-BREAD-400,Brown Bread 400 g,5,45,204,199,0,0
TXN-20260913-SKU-CHANA-1K,2026-09-13,SKU-CHANA-1K,Kabuli Chana 1 kg,1,140,85,84,0,0
TXN-20260913-SKU-COKE-750,2026-09-13,SKU-COKE-750,Coca-Cola 750 ml,6,40,257,251,0,0
TXN-20260913-SKU-COLGATE-200,2026-09-13,SKU-COLGATE-200,Colgate Toothpaste 200 g,2,115,94,92,0,0
TXN-20260913-SKU-DALIA-500,2026-09-13,SKU-DALIA-500,Dalia 500 g,0,34,57,57,0,0
TXN-20260913-SKU-DETTOL-250,2026-09-13,SKU-DETTOL-250,Dettol Liquid 250 ml,1,175,55,54,0,0
TXN-20260913-SKU-FROOTI-600,2026-09-13,SKU-FROOTI-600,Frooti 600 ml,5,35,225,220,0,0
TXN-20260913-SKU-GHEE-1L,2026-09-13,SKU-GHEE-1L,Amul Ghee 1 L,0,620,52,52,0,0
TXN-20260913-SKU-HALDI-100,2026-09-13,SKU-HALDI-100,Turmeric Powder 100 g,2,32,103,101,0,0
TXN-20260913-SKU-HARPIC-500,2026-09-13,SKU-HARPIC-500,Harpic 500 ml,1,105,56,55,0,0
TXN-20260913-SKU-LAYS-52,2026-09-13,SKU-LAYS-52,Lays Classic 52 g,7,20,305,298,0,0
TXN-20260913-SKU-LIFEBUOY-4,2026-09-13,SKU-LIFEBUOY-4,Lifebuoy Soap 4 x 100 g,2,135,97,95,0,0
TXN-20260913-SKU-MAGGI-280,2026-09-13,SKU-MAGGI-280,Maggi Noodles 280 g,7,56,240,233,0,0
TXN-20260913-SKU-MAIDA-1K,2026-09-13,SKU-MAIDA-1K,Maida 1 kg,2,42,132,130,0,0
TXN-20260913-SKU-MIRCH-100,2026-09-13,SKU-MIRCH-100,Red Chilli Powder 100 g,2,40,99,97,0,0
TXN-20260913-SKU-MOONG-1K,2026-09-13,SKU-MOONG-1K,Moong Dal 1 kg,4,130,142,138,0,0
TXN-20260913-SKU-MUST-1L,2026-09-13,SKU-MUST-1L,Fortune Mustard Oil 1 L,4,170,179,175,0,0
TXN-20260913-SKU-OIL-1L,2026-09-13,SKU-OIL-1L,Sunpure Cooking Oil 1 L,8,135,332,324,0,0
TXN-20260913-SKU-PARLE-G,2026-09-13,SKU-PARLE-G,Parle-G Biscuit 250 g,9,25,409,400,0,0
TXN-20260913-SKU-POHA-500,2026-09-13,SKU-POHA-500,Poha 500 g,2,36,129,127,0,0
TXN-20260913-SKU-RAJMA-1K,2026-09-13,SKU-RAJMA-1K,Rajma 1 kg,2,155,94,92,0,0
TXN-20260913-SKU-RICE-1K,2026-09-13,SKU-RICE-1K,Sona Masoori Rice 1 kg,12,70,318,306,0,0
TXN-20260913-SKU-SALT-1K,2026-09-13,SKU-SALT-1K,Tata Salt 1 kg,7,28,369,362,0,0
TXN-20260913-SKU-SPRITE-750,2026-09-13,SKU-SPRITE-750,Sprite 750 ml,5,40,185,180,0,0
TXN-20260913-SKU-SUG-1K,2026-09-13,SKU-SUG-1K,Sugar 1 kg,10,48,420,410,0,0
TXN-20260913-SKU-SUJI-500,2026-09-13,SKU-SUJI-500,Suji 500 g,1,30,95,94,0,0
TXN-20260913-SKU-SURF-1K,2026-09-13,SKU-SURF-1K,Surf Excel 1 kg,3,140,93,90,0,0
TXN-20260913-SKU-TEA-250,2026-09-13,SKU-TEA-250,Tata Tea Gold 250 g,5,160,187,182,0,0
TXN-20260913-SKU-TOOR-1K,2026-09-13,SKU-TOOR-1K,Toor Dal 1 kg,5,150,220,215,0,0
TXN-20260913-SKU-VIM-500,2026-09-13,SKU-VIM-500,Vim Bar 500 g,4,45,142,138,0,0
TXN-20260913-SKU-WATER-1L,2026-09-13,SKU-WATER-1L,Bisleri Water 1 L,16,20,508,492,0,0
TXN-20260914-SKU-ATTA-5K,2026-09-14,SKU-ATTA-5K,Aashirvaad Atta 5 kg,5,260,205,200,0,0
TXN-20260914-SKU-BAS-5K,2026-09-14,SKU-BAS-5K,India Gate Basmati 5 kg,1,600,112,111,0,0
TXN-20260914-SKU-BESAN-500,2026-09-14,SKU-BESAN-500,Besan 500 g,1,56,139,138,0,0
TXN-20260914-SKU-BREAD-400,2026-09-14,SKU-BREAD-400,Brown Bread 400 g,4,45,199,195,0,0
TXN-20260914-SKU-CHANA-1K,2026-09-14,SKU-CHANA-1K,Kabuli Chana 1 kg,2,140,84,82,0,0
TXN-20260914-SKU-COKE-750,2026-09-14,SKU-COKE-750,Coca-Cola 750 ml,7,40,251,244,0,0
TXN-20260914-SKU-COLGATE-200,2026-09-14,SKU-COLGATE-200,Colgate Toothpaste 200 g,1,115,92,91,0,0
TXN-20260914-SKU-DALIA-500,2026-09-14,SKU-DALIA-500,Dalia 500 g,0,34,57,57,0,0
TXN-20260914-SKU-DETTOL-250,2026-09-14,SKU-DETTOL-250,Dettol Liquid 250 ml,2,175,54,52,0,0
TXN-20260914-SKU-FROOTI-600,2026-09-14,SKU-FROOTI-600,Frooti 600 ml,6,35,220,214,0,0
TXN-20260914-SKU-GHEE-1L,2026-09-14,SKU-GHEE-1L,Amul Ghee 1 L,1,620,52,51,0,0
TXN-20260914-SKU-HALDI-100,2026-09-14,SKU-HALDI-100,Turmeric Powder 100 g,3,32,101,98,0,0
TXN-20260914-SKU-HARPIC-500,2026-09-14,SKU-HARPIC-500,Harpic 500 ml,2,105,55,53,0,0
TXN-20260914-SKU-LAYS-52,2026-09-14,SKU-LAYS-52,Lays Classic 52 g,8,20,298,290,0,0
TXN-20260914-SKU-LIFEBUOY-4,2026-09-14,SKU-LIFEBUOY-4,Lifebuoy Soap 4 x 100 g,2,135,95,93,0,0
TXN-20260914-SKU-MAGGI-280,2026-09-14,SKU-MAGGI-280,Maggi Noodles 280 g,5,56,233,228,0,0
TXN-20260914-SKU-MAIDA-1K,2026-09-14,SKU-MAIDA-1K,Maida 1 kg,2,42,130,128,0,0
TXN-20260914-SKU-MIRCH-100,2026-09-14,SKU-MIRCH-100,Red Chilli Powder 100 g,3,40,97,94,0,0
TXN-20260914-SKU-MOONG-1K,2026-09-14,SKU-MOONG-1K,Moong Dal 1 kg,3,130,138,135,0,0
TXN-20260914-SKU-MUST-1L,2026-09-14,SKU-MUST-1L,Fortune Mustard Oil 1 L,4,170,175,171,0,0
TXN-20260914-SKU-OIL-1L,2026-09-14,SKU-OIL-1L,Sunpure Cooking Oil 1 L,8,135,324,316,0,0
TXN-20260914-SKU-PARLE-G,2026-09-14,SKU-PARLE-G,Parle-G Biscuit 250 g,10,25,400,390,0,0
TXN-20260914-SKU-POHA-500,2026-09-14,SKU-POHA-500,Poha 500 g,3,36,127,124,0,0
TXN-20260914-SKU-RAJMA-1K,2026-09-14,SKU-RAJMA-1K,Rajma 1 kg,2,155,92,90,0,0
TXN-20260914-SKU-RICE-1K,2026-09-14,SKU-RICE-1K,Sona Masoori Rice 1 kg,7,70,306,299,0,0
TXN-20260914-SKU-SALT-1K,2026-09-14,SKU-SALT-1K,Tata Salt 1 kg,11,28,362,351,0,0
TXN-20260914-SKU-SPRITE-750,2026-09-14,SKU-SPRITE-750,Sprite 750 ml,5,40,180,175,0,0
TXN-20260914-SKU-SUG-1K,2026-09-14,SKU-SUG-1K,Sugar 1 kg,10,48,410,400,0,0
TXN-20260914-SKU-SUJI-500,2026-09-14,SKU-SUJI-500,Suji 500 g,2,30,94,92,0,0
TXN-20260914-SKU-SURF-1K,2026-09-14,SKU-SURF-1K,Surf Excel 1 kg,2,140,90,88,0,0
TXN-20260914-SKU-TEA-250,2026-09-14,SKU-TEA-250,Tata Tea Gold 250 g,5,160,182,177,0,0
TXN-20260914-SKU-TOOR-1K,2026-09-14,SKU-TOOR-1K,Toor Dal 1 kg,5,150,215,210,0,0
TXN-20260914-SKU-VIM-500,2026-09-14,SKU-VIM-500,Vim Bar 500 g,3,45,138,135,0,0
TXN-20260914-SKU-WATER-1L,2026-09-14,SKU-WATER-1L,Bisleri Water 1 L,14,20,492,478,0,0
TXN-20260915-SKU-ATTA-5K,2026-09-15,SKU-ATTA-5K,Aashirvaad Atta 5 kg,5,260,200,195,0,0
TXN-20260915-SKU-BAS-5K,2026-09-15,SKU-BAS-5K,India Gate Basmati 5 kg,2,600,111,109,0,0
TXN-20260915-SKU-BESAN-500,2026-09-15,SKU-BESAN-500,Besan 500 g,2,56,138,136,0,0
TXN-20260915-SKU-BREAD-400,2026-09-15,SKU-BREAD-400,Brown Bread 400 g,7,45,195,188,0,0
TXN-20260915-SKU-CHANA-1K,2026-09-15,SKU-CHANA-1K,Kabuli Chana 1 kg,3,140,82,79,0,0
TXN-20260915-SKU-COKE-750,2026-09-15,SKU-COKE-750,Coca-Cola 750 ml,8,40,244,236,0,0
TXN-20260915-SKU-COLGATE-200,2026-09-15,SKU-COLGATE-200,Colgate Toothpaste 200 g,2,115,91,89,0,0
TXN-20260915-SKU-DALIA-500,2026-09-15,SKU-DALIA-500,Dalia 500 g,1,34,57,56,0,0
TXN-20260915-SKU-DETTOL-250,2026-09-15,SKU-DETTOL-250,Dettol Liquid 250 ml,0,175,52,52,0,0
TXN-20260915-SKU-FROOTI-600,2026-09-15,SKU-FROOTI-600,Frooti 600 ml,5,35,214,209,0,0
TXN-20260915-SKU-GHEE-1L,2026-09-15,SKU-GHEE-1L,Amul Ghee 1 L,1,620,51,50,0,0
TXN-20260915-SKU-HALDI-100,2026-09-15,SKU-HALDI-100,Turmeric Powder 100 g,2,32,98,96,0,0
TXN-20260915-SKU-HARPIC-500,2026-09-15,SKU-HARPIC-500,Harpic 500 ml,1,105,53,52,0,0
TXN-20260915-SKU-LAYS-52,2026-09-15,SKU-LAYS-52,Lays Classic 52 g,8,20,290,282,0,0
TXN-20260915-SKU-LIFEBUOY-4,2026-09-15,SKU-LIFEBUOY-4,Lifebuoy Soap 4 x 100 g,1,135,93,92,0,0
TXN-20260915-SKU-MAGGI-280,2026-09-15,SKU-MAGGI-280,Maggi Noodles 280 g,5,56,228,223,0,0
TXN-20260915-SKU-MAIDA-1K,2026-09-15,SKU-MAIDA-1K,Maida 1 kg,3,42,128,125,0,0
TXN-20260915-SKU-MIRCH-100,2026-09-15,SKU-MIRCH-100,Red Chilli Powder 100 g,2,40,94,92,0,0
TXN-20260915-SKU-MOONG-1K,2026-09-15,SKU-MOONG-1K,Moong Dal 1 kg,4,130,135,131,0,0
TXN-20260915-SKU-MUST-1L,2026-09-15,SKU-MUST-1L,Fortune Mustard Oil 1 L,5,170,171,166,0,0
TXN-20260915-SKU-OIL-1L,2026-09-15,SKU-OIL-1L,Sunpure Cooking Oil 1 L,8,135,316,308,0,0
TXN-20260915-SKU-PARLE-G,2026-09-15,SKU-PARLE-G,Parle-G Biscuit 250 g,9,25,390,381,0,0
TXN-20260915-SKU-POHA-500,2026-09-15,SKU-POHA-500,Poha 500 g,2,36,124,122,0,0
TXN-20260915-SKU-RAJMA-1K,2026-09-15,SKU-RAJMA-1K,Rajma 1 kg,3,155,90,87,0,0
TXN-20260915-SKU-RICE-1K,2026-09-15,SKU-RICE-1K,Sona Masoori Rice 1 kg,7,70,299,292,0,0
TXN-20260915-SKU-SALT-1K,2026-09-15,SKU-SALT-1K,Tata Salt 1 kg,4,28,351,347,0,0
TXN-20260915-SKU-SPRITE-750,2026-09-15,SKU-SPRITE-750,Sprite 750 ml,6,40,175,169,0,0
TXN-20260915-SKU-SUG-1K,2026-09-15,SKU-SUG-1K,Sugar 1 kg,10,48,400,390,0,0
TXN-20260915-SKU-SUJI-500,2026-09-15,SKU-SUJI-500,Suji 500 g,1,30,92,91,0,0
TXN-20260915-SKU-SURF-1K,2026-09-15,SKU-SURF-1K,Surf Excel 1 kg,2,140,88,86,0,0
TXN-20260915-SKU-TEA-250,2026-09-15,SKU-TEA-250,Tata Tea Gold 250 g,5,160,177,172,0,0
TXN-20260915-SKU-TOOR-1K,2026-09-15,SKU-TOOR-1K,Toor Dal 1 kg,5,150,210,205,0,0
TXN-20260915-SKU-VIM-500,2026-09-15,SKU-VIM-500,Vim Bar 500 g,3,45,135,132,0,0
TXN-20260915-SKU-WATER-1L,2026-09-15,SKU-WATER-1L,Bisleri Water 1 L,9,20,478,469,0,0
TXN-20260916-SKU-ATTA-5K,2026-09-16,SKU-ATTA-5K,Aashirvaad Atta 5 kg,5,260,195,190,0,0
TXN-20260916-SKU-BAS-5K,2026-09-16,SKU-BAS-5K,India Gate Basmati 5 kg,0,600,109,109,0,0
TXN-20260916-SKU-BESAN-500,2026-09-16,SKU-BESAN-500,Besan 500 g,4,56,136,132,0,0
TXN-20260916-SKU-BREAD-400,2026-09-16,SKU-BREAD-400,Brown Bread 400 g,4,45,188,184,0,0
TXN-20260916-SKU-CHANA-1K,2026-09-16,SKU-CHANA-1K,Kabuli Chana 1 kg,3,140,79,76,0,0
TXN-20260916-SKU-COKE-750,2026-09-16,SKU-COKE-750,Coca-Cola 750 ml,6,40,236,230,0,0
TXN-20260916-SKU-COLGATE-200,2026-09-16,SKU-COLGATE-200,Colgate Toothpaste 200 g,2,115,89,87,0,0
TXN-20260916-SKU-DALIA-500,2026-09-16,SKU-DALIA-500,Dalia 500 g,1,34,56,55,0,0
TXN-20260916-SKU-DETTOL-250,2026-09-16,SKU-DETTOL-250,Dettol Liquid 250 ml,0,175,52,52,0,0
TXN-20260916-SKU-FROOTI-600,2026-09-16,SKU-FROOTI-600,Frooti 600 ml,5,35,209,204,0,0
TXN-20260916-SKU-GHEE-1L,2026-09-16,SKU-GHEE-1L,Amul Ghee 1 L,1,620,50,49,0,0
TXN-20260916-SKU-HALDI-100,2026-09-16,SKU-HALDI-100,Turmeric Powder 100 g,2,32,96,94,0,0
TXN-20260916-SKU-HARPIC-500,2026-09-16,SKU-HARPIC-500,Harpic 500 ml,1,105,52,51,0,0
TXN-20260916-SKU-LAYS-52,2026-09-16,SKU-LAYS-52,Lays Classic 52 g,9,20,282,273,0,0
TXN-20260916-SKU-LIFEBUOY-4,2026-09-16,SKU-LIFEBUOY-4,Lifebuoy Soap 4 x 100 g,2,135,92,90,0,0
TXN-20260916-SKU-MAGGI-280,2026-09-16,SKU-MAGGI-280,Maggi Noodles 280 g,6,56,223,217,0,0
TXN-20260916-SKU-MAIDA-1K,2026-09-16,SKU-MAIDA-1K,Maida 1 kg,3,42,125,122,0,0
TXN-20260916-SKU-MIRCH-100,2026-09-16,SKU-MIRCH-100,Red Chilli Powder 100 g,2,40,92,90,0,0
TXN-20260916-SKU-MOONG-1K,2026-09-16,SKU-MOONG-1K,Moong Dal 1 kg,2,130,131,129,0,0
TXN-20260916-SKU-MUST-1L,2026-09-16,SKU-MUST-1L,Fortune Mustard Oil 1 L,4,170,166,162,0,0
TXN-20260916-SKU-OIL-1L,2026-09-16,SKU-OIL-1L,Sunpure Cooking Oil 1 L,8,135,308,300,0,0
TXN-20260916-SKU-PARLE-G,2026-09-16,SKU-PARLE-G,Parle-G Biscuit 250 g,8,25,381,373,0,0
TXN-20260916-SKU-POHA-500,2026-09-16,SKU-POHA-500,Poha 500 g,3,36,122,119,0,0
TXN-20260916-SKU-RAJMA-1K,2026-09-16,SKU-RAJMA-1K,Rajma 1 kg,2,155,87,85,0,0
TXN-20260916-SKU-RICE-1K,2026-09-16,SKU-RICE-1K,Sona Masoori Rice 1 kg,10,70,292,282,0,0
TXN-20260916-SKU-SALT-1K,2026-09-16,SKU-SALT-1K,Tata Salt 1 kg,9,28,347,338,0,0
TXN-20260916-SKU-SPRITE-750,2026-09-16,SKU-SPRITE-750,Sprite 750 ml,4,40,169,165,0,0
TXN-20260916-SKU-SUG-1K,2026-09-16,SKU-SUG-1K,Sugar 1 kg,10,48,390,380,0,0
TXN-20260916-SKU-SUJI-500,2026-09-16,SKU-SUJI-500,Suji 500 g,2,30,91,89,0,0
TXN-20260916-SKU-SURF-1K,2026-09-16,SKU-SURF-1K,Surf Excel 1 kg,2,140,86,84,0,0
TXN-20260916-SKU-TEA-250,2026-09-16,SKU-TEA-250,Tata Tea Gold 250 g,3,160,172,169,0,0
TXN-20260916-SKU-TOOR-1K,2026-09-16,SKU-TOOR-1K,Toor Dal 1 kg,5,150,205,200,0,0
TXN-20260916-SKU-VIM-500,2026-09-16,SKU-VIM-500,Vim Bar 500 g,3,45,132,129,0,0
TXN-20260916-SKU-WATER-1L,2026-09-16,SKU-WATER-1L,Bisleri Water 1 L,10,20,469,459,0,0
TXN-20260917-SKU-ATTA-5K,2026-09-17,SKU-ATTA-5K,Aashirvaad Atta 5 kg,5,260,190,185,0,0
TXN-20260917-SKU-BAS-5K,2026-09-17,SKU-BAS-5K,India Gate Basmati 5 kg,2,600,109,107,0,0
TXN-20260917-SKU-BESAN-500,2026-09-17,SKU-BESAN-500,Besan 500 g,3,56,132,129,0,0
TXN-20260917-SKU-BREAD-400,2026-09-17,SKU-BREAD-400,Brown Bread 400 g,8,45,184,175,1,0
TXN-20260917-SKU-CHANA-1K,2026-09-17,SKU-CHANA-1K,Kabuli Chana 1 kg,2,140,76,74,0,0
TXN-20260917-SKU-COKE-750,2026-09-17,SKU-COKE-750,Coca-Cola 750 ml,8,40,230,222,0,0
TXN-20260917-SKU-COLGATE-200,2026-09-17,SKU-COLGATE-200,Colgate Toothpaste 200 g,3,115,87,84,0,0
TXN-20260917-SKU-DALIA-500,2026-09-17,SKU-DALIA-500,Dalia 500 g,1,34,55,54,0,0
TXN-20260917-SKU-DETTOL-250,2026-09-17,SKU-DETTOL-250,Dettol Liquid 250 ml,1,175,52,51,0,0
TXN-20260917-SKU-FROOTI-600,2026-09-17,SKU-FROOTI-600,Frooti 600 ml,7,35,204,197,0,0
TXN-20260917-SKU-GHEE-1L,2026-09-17,SKU-GHEE-1L,Amul Ghee 1 L,2,620,49,47,0,0
TXN-20260917-SKU-HALDI-100,2026-09-17,SKU-HALDI-100,Turmeric Powder 100 g,2,32,94,92,0,0
TXN-20260917-SKU-HARPIC-500,2026-09-17,SKU-HARPIC-500,Harpic 500 ml,1,105,51,50,0,0
TXN-20260917-SKU-LAYS-52,2026-09-17,SKU-LAYS-52,Lays Classic 52 g,10,20,273,263,0,0
TXN-20260917-SKU-LIFEBUOY-4,2026-09-17,SKU-LIFEBUOY-4,Lifebuoy Soap 4 x 100 g,2,135,90,88,0,0
TXN-20260917-SKU-MAGGI-280,2026-09-17,SKU-MAGGI-280,Maggi Noodles 280 g,7,56,217,210,0,0
TXN-20260917-SKU-MAIDA-1K,2026-09-17,SKU-MAIDA-1K,Maida 1 kg,3,42,122,119,0,0
TXN-20260917-SKU-MIRCH-100,2026-09-17,SKU-MIRCH-100,Red Chilli Powder 100 g,2,40,90,88,0,0
TXN-20260917-SKU-MOONG-1K,2026-09-17,SKU-MOONG-1K,Moong Dal 1 kg,4,130,129,125,0,0
TXN-20260917-SKU-MUST-1L,2026-09-17,SKU-MUST-1L,Fortune Mustard Oil 1 L,5,170,162,157,0,0
TXN-20260917-SKU-OIL-1L,2026-09-17,SKU-OIL-1L,Sunpure Cooking Oil 1 L,8,135,300,292,0,0
TXN-20260917-SKU-PARLE-G,2026-09-17,SKU-PARLE-G,Parle-G Biscuit 250 g,11,25,373,362,0,0
TXN-20260917-SKU-POHA-500,2026-09-17,SKU-POHA-500,Poha 500 g,3,36,119,116,0,0
TXN-20260917-SKU-RAJMA-1K,2026-09-17,SKU-RAJMA-1K,Rajma 1 kg,3,155,85,82,0,0
TXN-20260917-SKU-RICE-1K,2026-09-17,SKU-RICE-1K,Sona Masoori Rice 1 kg,11,70,282,271,0,0
TXN-20260917-SKU-SALT-1K,2026-09-17,SKU-SALT-1K,Tata Salt 1 kg,7,28,338,331,0,0
TXN-20260917-SKU-SPRITE-750,2026-09-17,SKU-SPRITE-750,Sprite 750 ml,5,40,165,160,0,0
TXN-20260917-SKU-SUG-1K,2026-09-17,SKU-SUG-1K,Sugar 1 kg,10,48,380,370,0,0
TXN-20260917-SKU-SUJI-500,2026-09-17,SKU-SUJI-500,Suji 500 g,2,30,89,87,0,0
TXN-20260917-SKU-SURF-1K,2026-09-17,SKU-SURF-1K,Surf Excel 1 kg,1,140,84,83,0,0
TXN-20260917-SKU-TEA-250,2026-09-17,SKU-TEA-250,Tata Tea Gold 250 g,5,160,169,164,0,0
TXN-20260917-SKU-TOOR-1K,2026-09-17,SKU-TOOR-1K,Toor Dal 1 kg,5,150,200,195,0,0
TXN-20260917-SKU-VIM-500,2026-09-17,SKU-VIM-500,Vim Bar 500 g,5,45,129,124,0,0
TXN-20260917-SKU-WATER-1L,2026-09-17,SKU-WATER-1L,Bisleri Water 1 L,12,20,459,447,0,0
TXN-20260918-SKU-ATTA-5K,2026-09-18,SKU-ATTA-5K,Aashirvaad Atta 5 kg,5,270,185,180,0,0
TXN-20260918-SKU-BAS-5K,2026-09-18,SKU-BAS-5K,India Gate Basmati 5 kg,2,600,107,105,0,0
TXN-20260918-SKU-BESAN-500,2026-09-18,SKU-BESAN-500,Besan 500 g,4,56,129,125,0,0
TXN-20260918-SKU-BREAD-400,2026-09-18,SKU-BREAD-400,Brown Bread 400 g,4,45,175,171,0,0
TXN-20260918-SKU-CHANA-1K,2026-09-18,SKU-CHANA-1K,Kabuli Chana 1 kg,2,140,74,72,0,0
TXN-20260918-SKU-COKE-750,2026-09-18,SKU-COKE-750,Coca-Cola 750 ml,7,40,222,215,0,0
TXN-20260918-SKU-COLGATE-200,2026-09-18,SKU-COLGATE-200,Colgate Toothpaste 200 g,1,115,84,83,0,0
TXN-20260918-SKU-DALIA-500,2026-09-18,SKU-DALIA-500,Dalia 500 g,2,34,54,52,0,0
TXN-20260918-SKU-DETTOL-250,2026-09-18,SKU-DETTOL-250,Dettol Liquid 250 ml,0,175,51,51,0,0
TXN-20260918-SKU-FROOTI-600,2026-09-18,SKU-FROOTI-600,Frooti 600 ml,3,35,197,194,0,0
TXN-20260918-SKU-GHEE-1L,2026-09-18,SKU-GHEE-1L,Amul Ghee 1 L,1,620,47,46,0,0
TXN-20260918-SKU-HALDI-100,2026-09-18,SKU-HALDI-100,Turmeric Powder 100 g,1,32,92,91,0,0
TXN-20260918-SKU-HARPIC-500,2026-09-18,SKU-HARPIC-500,Harpic 500 ml,2,105,50,48,0,0
TXN-20260918-SKU-LAYS-52,2026-09-18,SKU-LAYS-52,Lays Classic 52 g,7,20,263,256,0,0
TXN-20260918-SKU-LIFEBUOY-4,2026-09-18,SKU-LIFEBUOY-4,Lifebuoy Soap 4 x 100 g,3,135,88,85,0,0
TXN-20260918-SKU-MAGGI-280,2026-09-18,SKU-MAGGI-280,Maggi Noodles 280 g,4,56,210,206,0,0
TXN-20260918-SKU-MAIDA-1K,2026-09-18,SKU-MAIDA-1K,Maida 1 kg,3,42,119,116,0,0
TXN-20260918-SKU-MIRCH-100,2026-09-18,SKU-MIRCH-100,Red Chilli Powder 100 g,2,40,88,86,0,0
TXN-20260918-SKU-MOONG-1K,2026-09-18,SKU-MOONG-1K,Moong Dal 1 kg,3,130,125,122,0,0
TXN-20260918-SKU-MUST-1L,2026-09-18,SKU-MUST-1L,Fortune Mustard Oil 1 L,3,170,157,154,0,0
TXN-20260918-SKU-OIL-1L,2026-09-18,SKU-OIL-1L,Sunpure Cooking Oil 1 L,8,135,292,272,0,0
TXN-20260918-SKU-PARLE-G,2026-09-18,SKU-PARLE-G,Parle-G Biscuit 250 g,14,25,362,348,0,0
TXN-20260918-SKU-POHA-500,2026-09-18,SKU-POHA-500,Poha 500 g,4,36,116,112,0,0
TXN-20260918-SKU-RAJMA-1K,2026-09-18,SKU-RAJMA-1K,Rajma 1 kg,2,155,82,80,0,0
TXN-20260918-SKU-RICE-1K,2026-09-18,SKU-RICE-1K,Sona Masoori Rice 1 kg,9,70,271,262,0,0
TXN-20260918-SKU-SALT-1K,2026-09-18,SKU-SALT-1K,Tata Salt 1 kg,8,28,331,323,0,0
TXN-20260918-SKU-SPRITE-750,2026-09-18,SKU-SPRITE-750,Sprite 750 ml,3,40,160,157,0,0
TXN-20260918-SKU-SUG-1K,2026-09-18,SKU-SUG-1K,Sugar 1 kg,10,48,370,360,0,0
TXN-20260918-SKU-SUJI-500,2026-09-18,SKU-SUJI-500,Suji 500 g,2,30,87,85,0,0
TXN-20260918-SKU-SURF-1K,2026-09-18,SKU-SURF-1K,Surf Excel 1 kg,2,140,83,81,0,0
TXN-20260918-SKU-TEA-250,2026-09-18,SKU-TEA-250,Tata Tea Gold 250 g,5,160,164,159,0,0
TXN-20260918-SKU-TOOR-1K,2026-09-18,SKU-TOOR-1K,Toor Dal 1 kg,5,150,195,190,0,0
TXN-20260918-SKU-VIM-500,2026-09-18,SKU-VIM-500,Vim Bar 500 g,3,45,124,121,0,0
TXN-20260918-SKU-WATER-1L,2026-09-18,SKU-WATER-1L,Bisleri Water 1 L,14,20,447,433,0,0
TXN-20260919-SKU-ATTA-5K,2026-09-19,SKU-ATTA-5K,Aashirvaad Atta 5 kg,5,270,180,175,0,0
TXN-20260919-SKU-BAS-5K,2026-09-19,SKU-BAS-5K,India Gate Basmati 5 kg,0,600,105,105,0,0
TXN-20260919-SKU-BESAN-500,2026-09-19,SKU-BESAN-500,Besan 500 g,3,56,125,122,0,0
TXN-20260919-SKU-BREAD-400,2026-09-19,SKU-BREAD-400,Brown Bread 400 g,5,45,171,166,0,0
TXN-20260919-SKU-CHANA-1K,2026-09-19,SKU-CHANA-1K,Kabuli Chana 1 kg,2,140,72,70,0,0
TXN-20260919-SKU-COKE-750,2026-09-19,SKU-COKE-750,Coca-Cola 750 ml,3,40,215,212,0,0
TXN-20260919-SKU-COLGATE-200,2026-09-19,SKU-COLGATE-200,Colgate Toothpaste 200 g,1,115,83,82,0,0
TXN-20260919-SKU-DALIA-500,2026-09-19,SKU-DALIA-500,Dalia 500 g,0,34,52,52,0,0
TXN-20260919-SKU-DETTOL-250,2026-09-19,SKU-DETTOL-250,Dettol Liquid 250 ml,1,175,51,50,0,0
TXN-20260919-SKU-FROOTI-600,2026-09-19,SKU-FROOTI-600,Frooti 600 ml,3,35,194,191,0,0
TXN-20260919-SKU-GHEE-1L,2026-09-19,SKU-GHEE-1L,Amul Ghee 1 L,0,620,46,46,0,0
TXN-20260919-SKU-HALDI-100,2026-09-19,SKU-HALDI-100,Turmeric Powder 100 g,2,32,91,89,0,0
TXN-20260919-SKU-HARPIC-500,2026-09-19,SKU-HARPIC-500,Harpic 500 ml,1,105,48,47,0,0
TXN-20260919-SKU-LAYS-52,2026-09-19,SKU-LAYS-52,Lays Classic 52 g,5,20,256,251,0,0
TXN-20260919-SKU-LIFEBUOY-4,2026-09-19,SKU-LIFEBUOY-4,Lifebuoy Soap 4 x 100 g,2,135,85,83,0,0
TXN-20260919-SKU-MAGGI-280,2026-09-19,SKU-MAGGI-280,Maggi Noodles 280 g,8,56,206,198,0,0
TXN-20260919-SKU-MAIDA-1K,2026-09-19,SKU-MAIDA-1K,Maida 1 kg,4,42,116,112,0,0
TXN-20260919-SKU-MIRCH-100,2026-09-19,SKU-MIRCH-100,Red Chilli Powder 100 g,3,40,86,83,0,0
TXN-20260919-SKU-MOONG-1K,2026-09-19,SKU-MOONG-1K,Moong Dal 1 kg,2,130,122,120,0,0
TXN-20260919-SKU-MUST-1L,2026-09-19,SKU-MUST-1L,Fortune Mustard Oil 1 L,3,170,154,151,0,0
TXN-20260919-SKU-OIL-1L,2026-09-19,SKU-OIL-1L,Sunpure Cooking Oil 1 L,8,135,272,264,0,0
TXN-20260919-SKU-PARLE-G,2026-09-19,SKU-PARLE-G,Parle-G Biscuit 250 g,10,25,348,338,0,0
TXN-20260919-SKU-POHA-500,2026-09-19,SKU-POHA-500,Poha 500 g,3,36,112,109,0,0
TXN-20260919-SKU-RAJMA-1K,2026-09-19,SKU-RAJMA-1K,Rajma 1 kg,2,155,80,78,0,0
TXN-20260919-SKU-RICE-1K,2026-09-19,SKU-RICE-1K,Sona Masoori Rice 1 kg,6,70,262,256,0,0
TXN-20260919-SKU-SALT-1K,2026-09-19,SKU-SALT-1K,Tata Salt 1 kg,5,28,323,318,0,0
TXN-20260919-SKU-SPRITE-750,2026-09-19,SKU-SPRITE-750,Sprite 750 ml,2,40,157,155,0,0
TXN-20260919-SKU-SUG-1K,2026-09-19,SKU-SUG-1K,Sugar 1 kg,10,48,360,350,0,0
TXN-20260919-SKU-SUJI-500,2026-09-19,SKU-SUJI-500,Suji 500 g,1,30,85,84,0,0
TXN-20260919-SKU-SURF-1K,2026-09-19,SKU-SURF-1K,Surf Excel 1 kg,2,140,81,79,0,0
TXN-20260919-SKU-TEA-250,2026-09-19,SKU-TEA-250,Tata Tea Gold 250 g,4,160,159,155,0,0
TXN-20260919-SKU-TOOR-1K,2026-09-19,SKU-TOOR-1K,Toor Dal 1 kg,5,150,190,185,0,0
TXN-20260919-SKU-VIM-500,2026-09-19,SKU-VIM-500,Vim Bar 500 g,2,45,121,119,0,0
TXN-20260919-SKU-WATER-1L,2026-09-19,SKU-WATER-1L,Bisleri Water 1 L,12,20,433,421,0,0
TXN-20260920-SKU-ATTA-5K,2026-09-20,SKU-ATTA-5K,Aashirvaad Atta 5 kg,5,270,175,170,0,0
TXN-20260920-SKU-BAS-5K,2026-09-20,SKU-BAS-5K,India Gate Basmati 5 kg,1,600,105,104,0,0
TXN-20260920-SKU-BESAN-500,2026-09-20,SKU-BESAN-500,Besan 500 g,4,56,122,118,0,0
TXN-20260920-SKU-BREAD-400,2026-09-20,SKU-BREAD-400,Brown Bread 400 g,4,45,166,162,0,0
TXN-20260920-SKU-CHANA-1K,2026-09-20,SKU-CHANA-1K,Kabuli Chana 1 kg,1,140,70,69,0,0
TXN-20260920-SKU-COKE-750,2026-09-20,SKU-COKE-750,Coca-Cola 750 ml,8,40,212,204,0,0
TXN-20260920-SKU-COLGATE-200,2026-09-20,SKU-COLGATE-200,Colgate Toothpaste 200 g,2,115,82,80,0,0
TXN-20260920-SKU-DALIA-500,2026-09-20,SKU-DALIA-500,Dalia 500 g,1,34,52,51,0,0
TXN-20260920-SKU-DETTOL-250,2026-09-20,SKU-DETTOL-250,Dettol Liquid 250 ml,1,175,50,49,0,0
TXN-20260920-SKU-FROOTI-600,2026-09-20,SKU-FROOTI-600,Frooti 600 ml,7,35,191,184,0,0
TXN-20260920-SKU-GHEE-1L,2026-09-20,SKU-GHEE-1L,Amul Ghee 1 L,1,620,46,45,0,0
TXN-20260920-SKU-HALDI-100,2026-09-20,SKU-HALDI-100,Turmeric Powder 100 g,2,32,89,87,0,0
TXN-20260920-SKU-HARPIC-500,2026-09-20,SKU-HARPIC-500,Harpic 500 ml,1,105,47,46,0,0
TXN-20260920-SKU-LAYS-52,2026-09-20,SKU-LAYS-52,Lays Classic 52 g,7,20,251,244,0,0
TXN-20260920-SKU-LIFEBUOY-4,2026-09-20,SKU-LIFEBUOY-4,Lifebuoy Soap 4 x 100 g,2,135,83,81,0,0
TXN-20260920-SKU-MAGGI-280,2026-09-20,SKU-MAGGI-280,Maggi Noodles 280 g,7,56,198,191,0,0
TXN-20260920-SKU-MAIDA-1K,2026-09-20,SKU-MAIDA-1K,Maida 1 kg,3,42,112,109,0,0
TXN-20260920-SKU-MIRCH-100,2026-09-20,SKU-MIRCH-100,Red Chilli Powder 100 g,2,40,83,81,0,0
TXN-20260920-SKU-MOONG-1K,2026-09-20,SKU-MOONG-1K,Moong Dal 1 kg,2,130,120,118,0,0
TXN-20260920-SKU-MUST-1L,2026-09-20,SKU-MUST-1L,Fortune Mustard Oil 1 L,4,170,151,147,0,0
TXN-20260920-SKU-OIL-1L,2026-09-20,SKU-OIL-1L,Sunpure Cooking Oil 1 L,8,135,264,256,0,0
TXN-20260920-SKU-PARLE-G,2026-09-20,SKU-PARLE-G,Parle-G Biscuit 250 g,10,25,338,328,0,0
TXN-20260920-SKU-POHA-500,2026-09-20,SKU-POHA-500,Poha 500 g,3,36,109,106,0,0
TXN-20260920-SKU-RAJMA-1K,2026-09-20,SKU-RAJMA-1K,Rajma 1 kg,1,155,78,77,0,0
TXN-20260920-SKU-RICE-1K,2026-09-20,SKU-RICE-1K,Sona Masoori Rice 1 kg,11,70,256,245,0,0
TXN-20260920-SKU-SALT-1K,2026-09-20,SKU-SALT-1K,Tata Salt 1 kg,8,28,318,310,0,0
TXN-20260920-SKU-SPRITE-750,2026-09-20,SKU-SPRITE-750,Sprite 750 ml,4,40,155,151,0,0
TXN-20260920-SKU-SUG-1K,2026-09-20,SKU-SUG-1K,Sugar 1 kg,10,48,350,340,0,0
TXN-20260920-SKU-SUJI-500,2026-09-20,SKU-SUJI-500,Suji 500 g,2,30,84,82,0,0
TXN-20260920-SKU-SURF-1K,2026-09-20,SKU-SURF-1K,Surf Excel 1 kg,2,140,79,77,0,0
TXN-20260920-SKU-TEA-250,2026-09-20,SKU-TEA-250,Tata Tea Gold 250 g,5,160,155,150,0,0
TXN-20260920-SKU-TOOR-1K,2026-09-20,SKU-TOOR-1K,Toor Dal 1 kg,5,150,185,180,0,0
TXN-20260920-SKU-VIM-500,2026-09-20,SKU-VIM-500,Vim Bar 500 g,3,45,119,116,0,0
TXN-20260920-SKU-WATER-1L,2026-09-20,SKU-WATER-1L,Bisleri Water 1 L,14,20,421,407,0,0
TXN-20260921-SKU-ATTA-5K,2026-09-21,SKU-ATTA-5K,Aashirvaad Atta 5 kg,5,270,170,165,0,0
TXN-20260921-SKU-BAS-5K,2026-09-21,SKU-BAS-5K,India Gate Basmati 5 kg,1,600,104,103,0,0
TXN-20260921-SKU-BESAN-500,2026-09-21,SKU-BESAN-500,Besan 500 g,3,56,118,115,0,0
TXN-20260921-SKU-BREAD-400,2026-09-21,SKU-BREAD-400,Brown Bread 400 g,4,45,162,158,0,0
TXN-20260921-SKU-CHANA-1K,2026-09-21,SKU-CHANA-1K,Kabuli Chana 1 kg,2,140,69,67,0,0
TXN-20260921-SKU-COKE-750,2026-09-21,SKU-COKE-750,Coca-Cola 750 ml,5,40,204,199,0,0
TXN-20260921-SKU-COLGATE-200,2026-09-21,SKU-COLGATE-200,Colgate Toothpaste 200 g,3,115,80,77,0,0
TXN-20260921-SKU-DALIA-500,2026-09-21,SKU-DALIA-500,Dalia 500 g,1,34,51,50,0,0
TXN-20260921-SKU-DETTOL-250,2026-09-21,SKU-DETTOL-250,Dettol Liquid 250 ml,1,175,49,48,0,0
TXN-20260921-SKU-FROOTI-600,2026-09-21,SKU-FROOTI-600,Frooti 600 ml,6,35,184,178,0,0
TXN-20260921-SKU-GHEE-1L,2026-09-21,SKU-GHEE-1L,Amul Ghee 1 L,0,620,45,45,0,0
TXN-20260921-SKU-HALDI-100,2026-09-21,SKU-HALDI-100,Turmeric Powder 100 g,1,32,87,86,0,0
TXN-20260921-SKU-HARPIC-500,2026-09-21,SKU-HARPIC-500,Harpic 500 ml,1,105,46,45,0,0
TXN-20260921-SKU-LAYS-52,2026-09-21,SKU-LAYS-52,Lays Classic 52 g,6,20,244,238,0,0
TXN-20260921-SKU-LIFEBUOY-4,2026-09-21,SKU-LIFEBUOY-4,Lifebuoy Soap 4 x 100 g,2,135,81,79,0,0
TXN-20260921-SKU-MAGGI-280,2026-09-21,SKU-MAGGI-280,Maggi Noodles 280 g,3,56,191,188,0,0
TXN-20260921-SKU-MAIDA-1K,2026-09-21,SKU-MAIDA-1K,Maida 1 kg,3,42,109,106,0,0
TXN-20260921-SKU-MIRCH-100,2026-09-21,SKU-MIRCH-100,Red Chilli Powder 100 g,2,40,81,79,0,0
TXN-20260921-SKU-MOONG-1K,2026-09-21,SKU-MOONG-1K,Moong Dal 1 kg,3,130,118,115,0,0
TXN-20260921-SKU-MUST-1L,2026-09-21,SKU-MUST-1L,Fortune Mustard Oil 1 L,6,170,147,141,0,0
TXN-20260921-SKU-OIL-1L,2026-09-21,SKU-OIL-1L,Sunpure Cooking Oil 1 L,8,135,256,248,0,0
TXN-20260921-SKU-PARLE-G,2026-09-21,SKU-PARLE-G,Parle-G Biscuit 250 g,12,25,328,316,0,0
TXN-20260921-SKU-POHA-500,2026-09-21,SKU-POHA-500,Poha 500 g,2,36,106,104,0,0
TXN-20260921-SKU-RAJMA-1K,2026-09-21,SKU-RAJMA-1K,Rajma 1 kg,2,155,77,75,0,0
TXN-20260921-SKU-RICE-1K,2026-09-21,SKU-RICE-1K,Sona Masoori Rice 1 kg,12,70,245,233,0,0
TXN-20260921-SKU-SALT-1K,2026-09-21,SKU-SALT-1K,Tata Salt 1 kg,9,28,310,301,0,0
TXN-20260921-SKU-SPRITE-750,2026-09-21,SKU-SPRITE-750,Sprite 750 ml,3,40,151,148,0,0
TXN-20260921-SKU-SUG-1K,2026-09-21,SKU-SUG-1K,Sugar 1 kg,10,48,340,330,0,0
TXN-20260921-SKU-SUJI-500,2026-09-21,SKU-SUJI-500,Suji 500 g,2,30,82,80,0,0
TXN-20260921-SKU-SURF-1K,2026-09-21,SKU-SURF-1K,Surf Excel 1 kg,2,140,77,75,0,0
TXN-20260921-SKU-TEA-250,2026-09-21,SKU-TEA-250,Tata Tea Gold 250 g,4,160,150,146,0,0
TXN-20260921-SKU-TOOR-1K,2026-09-21,SKU-TOOR-1K,Toor Dal 1 kg,5,150,180,175,0,0
TXN-20260921-SKU-VIM-500,2026-09-21,SKU-VIM-500,Vim Bar 500 g,3,45,116,113,0,0
TXN-20260921-SKU-WATER-1L,2026-09-21,SKU-WATER-1L,Bisleri Water 1 L,9,20,407,398,0,0
TXN-20260922-SKU-ATTA-5K,2026-09-22,SKU-ATTA-5K,Aashirvaad Atta 5 kg,5,270,165,160,0,0
TXN-20260922-SKU-BAS-5K,2026-09-22,SKU-BAS-5K,India Gate Basmati 5 kg,1,600,103,102,0,0
TXN-20260922-SKU-BESAN-500,2026-09-22,SKU-BESAN-500,Besan 500 g,3,56,115,112,0,0
TXN-20260922-SKU-BREAD-400,2026-09-22,SKU-BREAD-400,Brown Bread 400 g,5,45,158,153,0,0
TXN-20260922-SKU-CHANA-1K,2026-09-22,SKU-CHANA-1K,Kabuli Chana 1 kg,3,140,67,64,0,0
TXN-20260922-SKU-COKE-750,2026-09-22,SKU-COKE-750,Coca-Cola 750 ml,7,40,199,192,0,0
TXN-20260922-SKU-COLGATE-200,2026-09-22,SKU-COLGATE-200,Colgate Toothpaste 200 g,2,115,77,75,0,0
TXN-20260922-SKU-DALIA-500,2026-09-22,SKU-DALIA-500,Dalia 500 g,2,34,50,48,0,0
TXN-20260922-SKU-DETTOL-250,2026-09-22,SKU-DETTOL-250,Dettol Liquid 250 ml,1,175,48,47,0,0
TXN-20260922-SKU-FROOTI-600,2026-09-22,SKU-FROOTI-600,Frooti 600 ml,5,35,178,173,0,0
TXN-20260922-SKU-GHEE-1L,2026-09-22,SKU-GHEE-1L,Amul Ghee 1 L,1,620,45,44,0,0
TXN-20260922-SKU-HALDI-100,2026-09-22,SKU-HALDI-100,Turmeric Powder 100 g,1,32,86,85,0,0
TXN-20260922-SKU-HARPIC-500,2026-09-22,SKU-HARPIC-500,Harpic 500 ml,2,105,45,43,0,0
TXN-20260922-SKU-LAYS-52,2026-09-22,SKU-LAYS-52,Lays Classic 52 g,7,20,238,231,0,0
TXN-20260922-SKU-LIFEBUOY-4,2026-09-22,SKU-LIFEBUOY-4,Lifebuoy Soap 4 x 100 g,2,135,79,77,0,0
TXN-20260922-SKU-MAGGI-280,2026-09-22,SKU-MAGGI-280,Maggi Noodles 280 g,5,56,188,183,0,0
TXN-20260922-SKU-MAIDA-1K,2026-09-22,SKU-MAIDA-1K,Maida 1 kg,3,42,106,103,0,0
TXN-20260922-SKU-MIRCH-100,2026-09-22,SKU-MIRCH-100,Red Chilli Powder 100 g,1,40,79,78,0,0
TXN-20260922-SKU-MOONG-1K,2026-09-22,SKU-MOONG-1K,Moong Dal 1 kg,2,130,115,113,0,0
TXN-20260922-SKU-MUST-1L,2026-09-22,SKU-MUST-1L,Fortune Mustard Oil 1 L,6,170,141,135,0,0
TXN-20260922-SKU-OIL-1L,2026-09-22,SKU-OIL-1L,Sunpure Cooking Oil 1 L,8,135,248,240,0,0
TXN-20260922-SKU-PARLE-G,2026-09-22,SKU-PARLE-G,Parle-G Biscuit 250 g,11,25,316,305,0,0
TXN-20260922-SKU-POHA-500,2026-09-22,SKU-POHA-500,Poha 500 g,3,36,104,101,0,0
TXN-20260922-SKU-RAJMA-1K,2026-09-22,SKU-RAJMA-1K,Rajma 1 kg,2,155,75,73,0,0
TXN-20260922-SKU-RICE-1K,2026-09-22,SKU-RICE-1K,Sona Masoori Rice 1 kg,8,70,233,225,0,0
TXN-20260922-SKU-SALT-1K,2026-09-22,SKU-SALT-1K,Tata Salt 1 kg,9,28,301,292,0,0
TXN-20260922-SKU-SPRITE-750,2026-09-22,SKU-SPRITE-750,Sprite 750 ml,5,40,148,143,0,0
TXN-20260922-SKU-SUG-1K,2026-09-22,SKU-SUG-1K,Sugar 1 kg,10,48,330,320,0,0
TXN-20260922-SKU-SUJI-500,2026-09-22,SKU-SUJI-500,Suji 500 g,3,30,80,77,0,0
TXN-20260922-SKU-SURF-1K,2026-09-22,SKU-SURF-1K,Surf Excel 1 kg,3,140,75,72,0,0
TXN-20260922-SKU-TEA-250,2026-09-22,SKU-TEA-250,Tata Tea Gold 250 g,5,160,146,141,0,0
TXN-20260922-SKU-TOOR-1K,2026-09-22,SKU-TOOR-1K,Toor Dal 1 kg,5,150,175,170,0,0
TXN-20260922-SKU-VIM-500,2026-09-22,SKU-VIM-500,Vim Bar 500 g,3,45,113,110,0,0
TXN-20260922-SKU-WATER-1L,2026-09-22,SKU-WATER-1L,Bisleri Water 1 L,11,20,398,387,0,0
TXN-20260923-SKU-ATTA-5K,2026-09-23,SKU-ATTA-5K,Aashirvaad Atta 5 kg,5,270,160,155,0,0
TXN-20260923-SKU-BAS-5K,2026-09-23,SKU-BAS-5K,India Gate Basmati 5 kg,0,600,102,102,0,0
TXN-20260923-SKU-BESAN-500,2026-09-23,SKU-BESAN-500,Besan 500 g,2,56,112,110,0,0
TXN-20260923-SKU-BREAD-400,2026-09-23,SKU-BREAD-400,Brown Bread 400 g,5,45,153,148,0,0
TXN-20260923-SKU-CHANA-1K,2026-09-23,SKU-CHANA-1K,Kabuli Chana 1 kg,2,140,64,62,0,0
TXN-20260923-SKU-COKE-750,2026-09-23,SKU-COKE-750,Coca-Cola 750 ml,5,40,192,187,0,0
TXN-20260923-SKU-COLGATE-200,2026-09-23,SKU-COLGATE-200,Colgate Toothpaste 200 g,4,115,75,71,0,0
TXN-20260923-SKU-DALIA-500,2026-09-23,SKU-DALIA-500,Dalia 500 g,1,34,48,47,0,0
TXN-20260923-SKU-DETTOL-250,2026-09-23,SKU-DETTOL-250,Dettol Liquid 250 ml,2,175,47,45,0,0
TXN-20260923-SKU-FROOTI-600,2026-09-23,SKU-FROOTI-600,Frooti 600 ml,5,35,173,168,0,0
TXN-20260923-SKU-GHEE-1L,2026-09-23,SKU-GHEE-1L,Amul Ghee 1 L,2,620,44,42,0,0
TXN-20260923-SKU-HALDI-100,2026-09-23,SKU-HALDI-100,Turmeric Powder 100 g,1,32,85,84,0,0
TXN-20260923-SKU-HARPIC-500,2026-09-23,SKU-HARPIC-500,Harpic 500 ml,0,105,43,43,0,0
TXN-20260923-SKU-LAYS-52,2026-09-23,SKU-LAYS-52,Lays Classic 52 g,7,20,231,224,0,0
TXN-20260923-SKU-LIFEBUOY-4,2026-09-23,SKU-LIFEBUOY-4,Lifebuoy Soap 4 x 100 g,2,135,77,75,0,0
TXN-20260923-SKU-MAGGI-280,2026-09-23,SKU-MAGGI-280,Maggi Noodles 280 g,8,56,183,175,0,0
TXN-20260923-SKU-MAIDA-1K,2026-09-23,SKU-MAIDA-1K,Maida 1 kg,4,42,103,99,0,0
TXN-20260923-SKU-MIRCH-100,2026-09-23,SKU-MIRCH-100,Red Chilli Powder 100 g,1,40,78,77,0,0
TXN-20260923-SKU-MOONG-1K,2026-09-23,SKU-MOONG-1K,Moong Dal 1 kg,4,130,113,109,0,0
TXN-20260923-SKU-MUST-1L,2026-09-23,SKU-MUST-1L,Fortune Mustard Oil 1 L,3,170,135,132,0,0
TXN-20260923-SKU-OIL-1L,2026-09-23,SKU-OIL-1L,Sunpure Cooking Oil 1 L,8,135,240,232,0,0
TXN-20260923-SKU-PARLE-G,2026-09-23,SKU-PARLE-G,Parle-G Biscuit 250 g,11,25,305,294,0,0
TXN-20260923-SKU-POHA-500,2026-09-23,SKU-POHA-500,Poha 500 g,2,36,101,99,0,0
TXN-20260923-SKU-RAJMA-1K,2026-09-23,SKU-RAJMA-1K,Rajma 1 kg,3,155,73,70,0,0
TXN-20260923-SKU-RICE-1K,2026-09-23,SKU-RICE-1K,Sona Masoori Rice 1 kg,11,70,225,214,0,0
TXN-20260923-SKU-SALT-1K,2026-09-23,SKU-SALT-1K,Tata Salt 1 kg,4,28,292,288,0,0
TXN-20260923-SKU-SPRITE-750,2026-09-23,SKU-SPRITE-750,Sprite 750 ml,4,40,143,139,0,0
TXN-20260923-SKU-SUG-1K,2026-09-23,SKU-SUG-1K,Sugar 1 kg,10,48,320,310,0,0
TXN-20260923-SKU-SUJI-500,2026-09-23,SKU-SUJI-500,Suji 500 g,1,30,77,76,0,0
TXN-20260923-SKU-SURF-1K,2026-09-23,SKU-SURF-1K,Surf Excel 1 kg,3,140,72,69,0,0
TXN-20260923-SKU-TEA-250,2026-09-23,SKU-TEA-250,Tata Tea Gold 250 g,5,160,141,136,0,0
TXN-20260923-SKU-TOOR-1K,2026-09-23,SKU-TOOR-1K,Toor Dal 1 kg,5,150,170,165,0,0
TXN-20260923-SKU-VIM-500,2026-09-23,SKU-VIM-500,Vim Bar 500 g,4,45,110,106,0,0
TXN-20260923-SKU-WATER-1L,2026-09-23,SKU-WATER-1L,Bisleri Water 1 L,13,20,387,374,0,0
TXN-20260924-SKU-ATTA-5K,2026-09-24,SKU-ATTA-5K,Aashirvaad Atta 5 kg,5,270,155,150,0,0
TXN-20260924-SKU-BAS-5K,2026-09-24,SKU-BAS-5K,India Gate Basmati 5 kg,2,600,102,100,0,0
TXN-20260924-SKU-BESAN-500,2026-09-24,SKU-BESAN-500,Besan 500 g,4,56,110,106,0,0
TXN-20260924-SKU-BREAD-400,2026-09-24,SKU-BREAD-400,Brown Bread 400 g,6,45,148,142,0,0
TXN-20260924-SKU-CHANA-1K,2026-09-24,SKU-CHANA-1K,Kabuli Chana 1 kg,2,140,62,60,0,0
TXN-20260924-SKU-COKE-750,2026-09-24,SKU-COKE-750,Coca-Cola 750 ml,2,40,187,185,0,0
TXN-20260924-SKU-COLGATE-200,2026-09-24,SKU-COLGATE-200,Colgate Toothpaste 200 g,3,115,71,68,0,0
TXN-20260924-SKU-DALIA-500,2026-09-24,SKU-DALIA-500,Dalia 500 g,0,34,47,47,0,0
TXN-20260924-SKU-DETTOL-250,2026-09-24,SKU-DETTOL-250,Dettol Liquid 250 ml,1,175,45,44,0,0
TXN-20260924-SKU-FROOTI-600,2026-09-24,SKU-FROOTI-600,Frooti 600 ml,5,35,168,163,0,0
TXN-20260924-SKU-GHEE-1L,2026-09-24,SKU-GHEE-1L,Amul Ghee 1 L,2,620,42,40,0,0
TXN-20260924-SKU-HALDI-100,2026-09-24,SKU-HALDI-100,Turmeric Powder 100 g,3,32,84,81,0,0
TXN-20260924-SKU-HARPIC-500,2026-09-24,SKU-HARPIC-500,Harpic 500 ml,1,105,43,42,0,0
TXN-20260924-SKU-LAYS-52,2026-09-24,SKU-LAYS-52,Lays Classic 52 g,6,20,224,218,0,0
TXN-20260924-SKU-LIFEBUOY-4,2026-09-24,SKU-LIFEBUOY-4,Lifebuoy Soap 4 x 100 g,2,135,75,73,0,0
TXN-20260924-SKU-MAGGI-280,2026-09-24,SKU-MAGGI-280,Maggi Noodles 280 g,4,56,175,171,0,0
TXN-20260924-SKU-MAIDA-1K,2026-09-24,SKU-MAIDA-1K,Maida 1 kg,4,42,99,95,0,0
TXN-20260924-SKU-MIRCH-100,2026-09-24,SKU-MIRCH-100,Red Chilli Powder 100 g,3,40,77,74,0,0
TXN-20260924-SKU-MOONG-1K,2026-09-24,SKU-MOONG-1K,Moong Dal 1 kg,4,130,109,105,0,0
TXN-20260924-SKU-MUST-1L,2026-09-24,SKU-MUST-1L,Fortune Mustard Oil 1 L,4,170,132,128,0,0
TXN-20260924-SKU-OIL-1L,2026-09-24,SKU-OIL-1L,Sunpure Cooking Oil 1 L,8,135,232,224,0,0
TXN-20260924-SKU-PARLE-G,2026-09-24,SKU-PARLE-G,Parle-G Biscuit 250 g,11,25,294,283,0,0
TXN-20260924-SKU-POHA-500,2026-09-24,SKU-POHA-500,Poha 500 g,2,36,99,97,0,0
TXN-20260924-SKU-RAJMA-1K,2026-09-24,SKU-RAJMA-1K,Rajma 1 kg,2,155,70,68,0,0
TXN-20260924-SKU-RICE-1K,2026-09-24,SKU-RICE-1K,Sona Masoori Rice 1 kg,7,70,214,207,0,0
TXN-20260924-SKU-SALT-1K,2026-09-24,SKU-SALT-1K,Tata Salt 1 kg,8,28,288,280,0,0
TXN-20260924-SKU-SPRITE-750,2026-09-24,SKU-SPRITE-750,Sprite 750 ml,6,40,139,133,0,0
TXN-20260924-SKU-SUG-1K,2026-09-24,SKU-SUG-1K,Sugar 1 kg,10,48,310,300,0,0
TXN-20260924-SKU-SUJI-500,2026-09-24,SKU-SUJI-500,Suji 500 g,1,30,76,75,0,0
TXN-20260924-SKU-SURF-1K,2026-09-24,SKU-SURF-1K,Surf Excel 1 kg,2,140,69,67,0,0
TXN-20260924-SKU-TEA-250,2026-09-24,SKU-TEA-250,Tata Tea Gold 250 g,4,160,136,132,0,0
TXN-20260924-SKU-TOOR-1K,2026-09-24,SKU-TOOR-1K,Toor Dal 1 kg,5,150,165,160,0,0
TXN-20260924-SKU-VIM-500,2026-09-24,SKU-VIM-500,Vim Bar 500 g,3,45,106,103,0,0
TXN-20260924-SKU-WATER-1L,2026-09-24,SKU-WATER-1L,Bisleri Water 1 L,15,20,374,359,0,0
