transaction_id,transaction_date,product_id,product_name,quantity_sold,unit_selling_price,opening_stock,closing_stock,recorded_damage,recorded_returns
TXN-20260512-SKU-ATTA-5K,2026-05-12,SKU-ATTA-5K,Aashirvaad Atta 5 kg,6,238,72,66,0,0
TXN-20260512-SKU-BAS-5K,2026-05-12,SKU-BAS-5K,India Gate Basmati 5 kg,0,597,12,12,0,0
TXN-20260512-SKU-BESAN-500,2026-05-12,SKU-BESAN-500,Besan 500 g,6,60,48,42,0,0
TXN-20260512-SKU-BREAD-400,2026-05-12,SKU-BREAD-400,Brown Bread 400 g,5,51,72,67,0,0
TXN-20260512-SKU-CHANA-1K,2026-05-12,SKU-CHANA-1K,Kabuli Chana 1 kg,2,151,36,34,0,0
TXN-20260512-SKU-COKE-750,2026-05-12,SKU-COKE-750,Coca-Cola 750 ml,9,35,84,75,0,0
TXN-20260512-SKU-COLGATE-200,2026-05-12,SKU-COLGATE-200,Colgate Toothpaste 200 g,3,114,24,21,0,0
TXN-20260512-SKU-DALIA-500,2026-05-12,SKU-DALIA-500,Dalia 500 g,1,32,12,11,0,0
TXN-20260512-SKU-HALDI-100,2026-05-12,SKU-HALDI-100,Turmeric Powder 100 g,1,26,36,35,0,0
TXN-20260512-SKU-HARPIC-500,2026-05-12,SKU-HARPIC-500,Harpic 500 ml,1,114,12,11,0,0
TXN-20260512-SKU-LAYS-52,2026-05-12,SKU-LAYS-52,Lays Classic 52 g,13,19,108,95,0,0
TXN-20260512-SKU-LIFEBUOY-4,2026-05-12,SKU-LIFEBUOY-4,Lifebuoy Soap 4 x 100 g,3,122,24,21,0,0
TXN-20260512-SKU-MAGGI-280,2026-05-12,SKU-MAGGI-280,Maggi Noodles 280 g,8,59,96,88,0,0
TXN-20260512-SKU-MAIDA-1K,2026-05-12,SKU-MAIDA-1K,Maida 1 kg,4,43,48,44,0,0
TXN-20260512-SKU-MIRCH-100,2026-05-12,SKU-MIRCH-100,Red Chilli Powder 100 g,2,37,24,22,0,0
TXN-20260512-SKU-MOONG-1K,2026-05-12,SKU-MOONG-1K,Moong Dal 1 kg,3,125,36,33,0,0
TXN-20260512-SKU-MUST-1L,2026-05-12,SKU-MUST-1L,Fortune Mustard Oil 1 L,3,206,48,45,0,0
TXN-20260512-SKU-OIL-1L,2026-05-12,SKU-OIL-1L,Sunpure Cooking Oil 1 L,6,124,72,66,0,0
TXN-20260512-SKU-PARLE-G,2026-05-12,SKU-PARLE-G,Parle-G Biscuit 250 g,13,23,168,155,0,0
TXN-20260512-SKU-POHA-500,2026-05-12,SKU-POHA-500,Poha 500 g,1,30,24,23,0,0
TXN-20260512-SKU-RAJMA-1K,2026-05-12,SKU-RAJMA-1K,Rajma 1 kg,4,159,36,32,0,0
TXN-20260512-SKU-RICE-1K,2026-05-12,SKU-RICE-1K,Sona Masoori Rice 1 kg,11,66,132,121,0,0
TXN-20260512-SKU-SALT-1K,2026-05-12,SKU-SALT-1K,Tata Salt 1 kg,10,26,108,98,0,0
TXN-20260512-SKU-SUG-1K,2026-05-12,SKU-SUG-1K,Sugar 1 kg,8,46,96,88,0,0
TXN-20260512-SKU-SUJI-500,2026-05-12,SKU-SUJI-500,Suji 500 g,2,31,24,22,0,0
TXN-20260512-SKU-TEA-250,2026-05-12,SKU-TEA-250,Tata Tea Gold 250 g,5,160,60,55,0,0
TXN-20260512-SKU-TOOR-1K,2026-05-12,SKU-TOOR-1K,Toor Dal 1 kg,9,167,72,63,0,0
TXN-20260512-SKU-VIM-500,2026-05-12,SKU-VIM-500,Vim Bar 500 g,2,46,36,34,0,0
TXN-20260512-SKU-WATER-1L,2026-05-12,SKU-WATER-1L,Bisleri Water 1 L,10,18,120,110,0,0
TXN-20260513-SKU-ATTA-5K,2026-05-13,SKU-ATTA-5K,Aashirvaad Atta 5 kg,5,238,66,61,0,0
TXN-20260513-SKU-BAS-5K,2026-05-13,SKU-BAS-5K,India Gate Basmati 5 kg,2,597,12,10,0,0
TXN-20260513-SKU-BESAN-500,2026-05-13,SKU-BESAN-500,Besan 500 g,4,60,42,38,0,0
TXN-20260513-SKU-BREAD-400,2026-05-13,SKU-BREAD-400,Brown Bread 400 g,6,51,67,61,0,0
TXN-20260513-SKU-CHANA-1K,2026-05-13,SKU-CHANA-1K,Kabuli Chana 1 kg,3,151,34,31,0,0
TXN-20260513-SKU-COKE-750,2026-05-13,SKU-COKE-750,Coca-Cola 750 ml,11,35,75,64,0,0
TXN-20260513-SKU-COLGATE-200,2026-05-13,SKU-COLGATE-200,Colgate Toothpaste 200 g,3,114,21,18,0,0
TXN-20260513-SKU-DALIA-500,2026-05-13,SKU-DALIA-500,Dalia 500 g,2,32,11,9,0,0
TXN-20260513-SKU-HALDI-100,2026-05-13,SKU-HALDI-100,Turmeric Powder 100 g,1,26,35,34,0,0
TXN-20260513-SKU-HARPIC-500,2026-05-13,SKU-HARPIC-500,Harpic 500 ml,1,114,11,10,0,0
TXN-20260513-SKU-LAYS-52,2026-05-13,SKU-LAYS-52,Lays Classic 52 g,5,19,95,90,0,0
TXN-20260513-SKU-LIFEBUOY-4,2026-05-13,SKU-LIFEBUOY-4,Lifebuoy Soap 4 x 100 g,1,122,21,20,0,0
TXN-20260513-SKU-MAGGI-280,2026-05-13,SKU-MAGGI-280,Maggi Noodles 280 g,4,59,88,84,0,0
TXN-20260513-SKU-MAIDA-1K,2026-05-13,SKU-MAIDA-1K,Maida 1 kg,4,43,44,40,0,0
TXN-20260513-SKU-MIRCH-100,2026-05-13,SKU-MIRCH-100,Red Chilli Powder 100 g,2,37,22,20,0,0
TXN-20260513-SKU-MOONG-1K,2026-05-13,SKU-MOONG-1K,Moong Dal 1 kg,4,125,33,29,0,0
TXN-20260513-SKU-MUST-1L,2026-05-13,SKU-MUST-1L,Fortune Mustard Oil 1 L,2,206,45,43,0,0
TXN-20260513-SKU-OIL-1L,2026-05-13,SKU-OIL-1L,Sunpure Cooking Oil 1 L,5,124,66,61,0,0
TXN-20260513-SKU-PARLE-G,2026-05-13,SKU-PARLE-G,Parle-G Biscuit 250 g,17,23,155,138,0,0
TXN-20260513-SKU-POHA-500,2026-05-13,SKU-POHA-500,Poha 500 g,2,30,23,21,0,0
TXN-20260513-SKU-RAJMA-1K,2026-05-13,SKU-RAJMA-1K,Rajma 1 kg,3,159,32,29,0,0
TXN-20260513-SKU-RICE-1K,2026-05-13,SKU-RICE-1K,Sona Masoori Rice 1 kg,16,66,121,105,0,0
TXN-20260513-SKU-SALT-1K,2026-05-13,SKU-SALT-1K,Tata Salt 1 kg,7,26,98,91,0,0
TXN-20260513-SKU-SUG-1K,2026-05-13,SKU-SUG-1K,Sugar 1 kg,8,46,88,80,0,0
TXN-20260513-SKU-SUJI-500,2026-05-13,SKU-SUJI-500,Suji 500 g,2,31,22,20,0,0
TXN-20260513-SKU-TEA-250,2026-05-13,SKU-TEA-250,Tata Tea Gold 250 g,2,160,55,53,0,0
TXN-20260513-SKU-TOOR-1K,2026-05-13,SKU-TOOR-1K,Toor Dal 1 kg,8,167,63,55,0,0
TXN-20260513-SKU-VIM-500,2026-05-13,SKU-VIM-500,Vim Bar 500 g,3,46,34,31,0,0
TXN-20260513-SKU-WATER-1L,2026-05-13,SKU-WATER-1L,Bisleri Water 1 L,10,18,110,100,0,0
TXN-20260514-SKU-ATTA-5K,2026-05-14,SKU-ATTA-5K,Aashirvaad Atta 5 kg,8,238,61,53,0,0
TXN-20260514-SKU-BAS-5K,2026-05-14,SKU-BAS-5K,India Gate Basmati 5 kg,2,597,10,8,0,0
TXN-20260514-SKU-BESAN-500,2026-05-14,SKU-BESAN-500,Besan 500 g,3,60,38,35,0,0
TXN-20260514-SKU-BREAD-400,2026-05-14,SKU-BREAD-400,Brown Bread 400 g,5,51,61,56,0,0
TXN-20260514-SKU-CHANA-1K,2026-05-14,SKU-CHANA-1K,Kabuli Chana 1 kg,2,151,31,29,0,0
TXN-20260514-SKU-COKE-750,2026-05-14,SKU-COKE-750,Coca-Cola 750 ml,1,35,64,63,0,0
TXN-20260514-SKU-COLGATE-200,2026-05-14,SKU-COLGATE-200,Colgate Toothpaste 200 g,2,114,18,16,0,0
TXN-20260514-SKU-DALIA-500,2026-05-14,SKU-DALIA-500,Dalia 500 g,1,32,9,8,0,0
TXN-20260514-SKU-HALDI-100,2026-05-14,SKU-HALDI-100,Turmeric Powder 100 g,4,26,34,30,0,0
TXN-20260514-SKU-HARPIC-500,2026-05-14,SKU-HARPIC-500,Harpic 500 ml,1,114,10,9,0,0
TXN-20260514-SKU-LAYS-52,2026-05-14,SKU-LAYS-52,Lays Classic 52 g,11,19,90,79,0,0
TXN-20260514-SKU-LIFEBUOY-4,2026-05-14,SKU-LIFEBUOY-4,Lifebuoy Soap 4 x 100 g,2,122,20,18,0,0
TXN-20260514-SKU-MAGGI-280,2026-05-14,SKU-MAGGI-280,Maggi Noodles 280 g,9,59,84,75,0,0
TXN-20260514-SKU-MAIDA-1K,2026-05-14,SKU-MAIDA-1K,Maida 1 kg,5,43,40,35,0,0
TXN-20260514-SKU-MIRCH-100,2026-05-14,SKU-MIRCH-100,Red Chilli Powder 100 g,2,37,20,18,0,0
TXN-20260514-SKU-MOONG-1K,2026-05-14,SKU-MOONG-1K,Moong Dal 1 kg,2,125,29,27,0,0
TXN-20260514-SKU-MUST-1L,2026-05-14,SKU-MUST-1L,Fortune Mustard Oil 1 L,4,206,43,39,0,0
TXN-20260514-SKU-OIL-1L,2026-05-14,SKU-OIL-1L,Sunpure Cooking Oil 1 L,5,124,61,56,0,0
TXN-20260514-SKU-PARLE-G,2026-05-14,SKU-PARLE-G,Parle-G Biscuit 250 g,13,23,138,125,0,0
TXN-20260514-SKU-POHA-500,2026-05-14,SKU-POHA-500,Poha 500 g,2,30,21,19,0,0
TXN-20260514-SKU-RAJMA-1K,2026-05-14,SKU-RAJMA-1K,Rajma 1 kg,3,159,29,26,0,0
TXN-20260514-SKU-RICE-1K,2026-05-14,SKU-RICE-1K,Sona Masoori Rice 1 kg,9,66,105,96,0,0
TXN-20260514-SKU-SALT-1K,2026-05-14,SKU-SALT-1K,Tata Salt 1 kg,8,26,91,83,0,0
TXN-20260514-SKU-SUG-1K,2026-05-14,SKU-SUG-1K,Sugar 1 kg,6,46,80,74,0,0
TXN-20260514-SKU-SUJI-500,2026-05-14,SKU-SUJI-500,Suji 500 g,2,31,20,18,0,0
TXN-20260514-SKU-TEA-250,2026-05-14,SKU-TEA-250,Tata Tea Gold 250 g,4,160,53,49,0,0
TXN-20260514-SKU-TOOR-1K,2026-05-14,SKU-TOOR-1K,Toor Dal 1 kg,5,167,55,50,0,0
TXN-20260514-SKU-VIM-500,2026-05-14,SKU-VIM-500,Vim Bar 500 g,2,46,31,29,0,0
TXN-20260514-SKU-WATER-1L,2026-05-14,SKU-WATER-1L,Bisleri Water 1 L,9,18,100,91,0,0
TXN-20260515-SKU-ATTA-5K,2026-05-15,SKU-ATTA-5K,Aashirvaad Atta 5 kg,6,238,53,267,0,0
TXN-20260515-SKU-BAS-5K,2026-05-15,SKU-BAS-5K,India Gate Basmati 5 kg,2,597,8,46,0,0
TXN-20260515-SKU-BESAN-500,2026-05-15,SKU-BESAN-500,Besan 500 g,3,60,35,172,0,0
TXN-20260515-SKU-BREAD-400,2026-05-15,SKU-BREAD-400,Brown Bread 400 g,6,51,56,310,0,0
TXN-20260515-SKU-CHANA-1K,2026-05-15,SKU-CHANA-1K,Kabuli Chana 1 kg,3,151,29,136,0,0
TXN-20260515-SKU-COKE-750,2026-05-15,SKU-COKE-750,Coca-Cola 750 ml,9,35,63,474,0,0
TXN-20260515-SKU-COLGATE-200,2026-05-15,SKU-COLGATE-200,Colgate Toothpaste 200 g,2,114,16,104,0,0
TXN-20260515-SKU-DALIA-500,2026-05-15,SKU-DALIA-500,Dalia 500 g,1,32,8,47,0,0
TXN-20260515-SKU-HALDI-100,2026-05-15,SKU-HALDI-100,Turmeric Powder 100 g,3,26,30,137,0,0
TXN-20260515-SKU-HARPIC-500,2026-05-15,SKU-HARPIC-500,Harpic 500 ml,1,114,9,58,0,0
TXN-20260515-SKU-LAYS-52,2026-05-15,SKU-LAYS-52,Lays Classic 52 g,10,19,79,479,0,0
TXN-20260515-SKU-LIFEBUOY-4,2026-05-15,SKU-LIFEBUOY-4,Lifebuoy Soap 4 x 100 g,2,122,18,106,0,0
TXN-20260515-SKU-MAGGI-280,2026-05-15,SKU-MAGGI-280,Maggi Noodles 280 g,7,59,75,438,0,0
TXN-20260515-SKU-MAIDA-1K,2026-05-15,SKU-MAIDA-1K,Maida 1 kg,4,43,35,181,0,0
TXN-20260515-SKU-MIRCH-100,2026-05-15,SKU-MIRCH-100,Red Chilli Powder 100 g,3,37,18,95,0,0
TXN-20260515-SKU-MOONG-1K,2026-05-15,SKU-MOONG-1K,Moong Dal 1 kg,3,125,27,144,0,0
TXN-20260515-SKU-MUST-1L,2026-05-15,SKU-MUST-1L,Fortune Mustard Oil 1 L,4,206,39,185,0,0
TXN-20260515-SKU-OIL-1L,2026-05-15,SKU-OIL-1L,Sunpure Cooking Oil 1 L,8,124,56,278,0,0
TXN-20260515-SKU-PARLE-G,2026-05-15,SKU-PARLE-G,Parle-G Biscuit 250 g,16,23,125,699,0,0
TXN-20260515-SKU-POHA-500,2026-05-15,SKU-POHA-500,Poha 500 g,1,30,19,98,0,0
TXN-20260515-SKU-RAJMA-1K,2026-05-15,SKU-RAJMA-1K,Rajma 1 kg,2,159,26,134,0,0
TXN-20260515-SKU-RICE-1K,2026-05-15,SKU-RICE-1K,Sona Masoori Rice 1 kg,11,66,96,475,0,0
TXN-20260515-SKU-SALT-1K,2026-05-15,SKU-SALT-1K,Tata Salt 1 kg,10,26,83,383,0,0
TXN-20260515-SKU-SUG-1K,2026-05-15,SKU-SUG-1K,Sugar 1 kg,8,46,74,356,0,0
TXN-20260515-SKU-SUJI-500,2026-05-15,SKU-SUJI-500,Suji 500 g,2,31,18,96,0,0
TXN-20260515-SKU-TEA-250,2026-05-15,SKU-TEA-250,Tata Tea Gold 250 g,6,160,49,233,0,0
TXN-20260515-SKU-TOOR-1K,2026-05-15,SKU-TOOR-1K,Toor Dal 1 kg,5,167,50,285,0,0
TXN-20260515-SKU-VIM-500,2026-05-15,SKU-VIM-500,Vim Bar 500 g,4,46,29,145,0,0
TXN-20260515-SKU-WATER-1L,2026-05-15,SKU-WATER-1L,Bisleri Water 1 L,9,18,91,642,0,0
TXN-20260516-SKU-ATTA-5K,2026-05-16,SKU-ATTA-5K,Aashirvaad Atta 5 kg,6,238,267,261,0,0
TXN-20260516-SKU-BAS-5K,2026-05-16,SKU-BAS-5K,India Gate Basmati 5 kg,1,597,46,45,0,0
TXN-20260516-SKU-BESAN-500,2026-05-16,SKU-BESAN-500,Besan 500 g,3,60,172,169,0,0
TXN-20260516-SKU-BREAD-400,2026-05-16,SKU-BREAD-400,Brown Bread 400 g,6,51,310,304,0,0
TXN-20260516-SKU-CHANA-1K,2026-05-16,SKU-CHANA-1K,Kabuli Chana 1 kg,2,151,136,134,0,0
TXN-20260516-SKU-COKE-750,2026-05-16,SKU-COKE-750,Coca-Cola 750 ml,9,35,474,465,0,0
TXN-20260516-SKU-COLGATE-200,2026-05-16,SKU-COLGATE-200,Colgate Toothpaste 200 g,1,114,104,103,0,0
TXN-20260516-SKU-DALIA-500,2026-05-16,SKU-DALIA-500,Dalia 500 g,1,32,47,46,0,0
TXN-20260516-SKU-HALDI-100,2026-05-16,SKU-HALDI-100,Turmeric Powder 100 g,3,26,137,134,0,0
TXN-20260516-SKU-HARPIC-500,2026-05-16,SKU-HARPIC-500,Harpic 500 ml,0,114,58,58,0,0
TXN-20260516-SKU-LAYS-52,2026-05-16,SKU-LAYS-52,Lays Classic 52 g,11,19,479,468,0,0
TXN-20260516-SKU-LIFEBUOY-4,2026-05-16,SKU-LIFEBUOY-4,Lifebuoy Soap 4 x 100 g,3,122,106,103,0,0
TXN-20260516-SKU-MAGGI-280,2026-05-16,SKU-MAGGI-280,Maggi Noodles 280 g,10,59,438,428,0,0
TXN-20260516-SKU-MAIDA-1K,2026-05-16,SKU-MAIDA-1K,Maida 1 kg,5,43,181,176,0,0
TXN-20260516-SKU-MIRCH-100,2026-05-16,SKU-MIRCH-100,Red Chilli Powder 100 g,2,37,95,93,0,0
TXN-20260516-SKU-MOONG-1K,2026-05-16,SKU-MOONG-1K,Moong Dal 1 kg,3,125,144,141,0,0
TXN-20260516-SKU-MUST-1L,2026-05-16,SKU-MUST-1L,Fortune Mustard Oil 1 L,3,206,185,182,0,0
TXN-20260516-SKU-OIL-1L,2026-05-16,SKU-OIL-1L,Sunpure Cooking Oil 1 L,8,124,278,270,0,0
TXN-20260516-SKU-PARLE-G,2026-05-16,SKU-PARLE-G,Parle-G Biscuit 250 g,15,23,699,684,0,0
TXN-20260516-SKU-POHA-500,2026-05-16,SKU-POHA-500,Poha 500 g,2,30,98,96,0,0
TXN-20260516-SKU-RAJMA-1K,2026-05-16,SKU-RAJMA-1K,Rajma 1 kg,2,159,134,132,0,0
TXN-20260516-SKU-RICE-1K,2026-05-16,SKU-RICE-1K,Sona Masoori Rice 1 kg,12,66,475,463,0,0
TXN-20260516-SKU-SALT-1K,2026-05-16,SKU-SALT-1K,Tata Salt 1 kg,8,26,383,375,0,0
TXN-20260516-SKU-SUG-1K,2026-05-16,SKU-SUG-1K,Sugar 1 kg,7,46,356,349,0,0
TXN-20260516-SKU-SUJI-500,2026-05-16,SKU-SUJI-500,Suji 500 g,3,31,96,93,0,0
TXN-20260516-SKU-TEA-250,2026-05-16,SKU-TEA-250,Tata Tea Gold 250 g,6,160,233,227,0,0
TXN-20260516-SKU-TOOR-1K,2026-05-16,SKU-TOOR-1K,Toor Dal 1 kg,6,167,285,279,0,0
TXN-20260516-SKU-VIM-500,2026-05-16,SKU-VIM-500,Vim Bar 500 g,4,46,145,141,0,0
TXN-20260516-SKU-WATER-1L,2026-05-16,SKU-WATER-1L,Bisleri Water 1 L,9,18,642,633,0,0
TXN-20260517-SKU-ATTA-5K,2026-05-17,SKU-ATTA-5K,Aashirvaad Atta 5 kg,5,238,261,256,0,0
TXN-20260517-SKU-BAS-5K,2026-05-17,SKU-BAS-5K,India Gate Basmati 5 kg,0,597,45,45,0,0
TXN-20260517-SKU-BESAN-500,2026-05-17,SKU-BESAN-500,Besan 500 g,3,60,169,166,0,0
TXN-20260517-SKU-BREAD-400,2026-05-17,SKU-BREAD-400,Brown Bread 400 g,4,51,304,300,0,0
TXN-20260517-SKU-CHANA-1K,2026-05-17,SKU-CHANA-1K,Kabuli Chana 1 kg,3,151,134,131,0,0
TXN-20260517-SKU-COKE-750,2026-05-17,SKU-COKE-750,Coca-Cola 750 ml,6,35,465,459,0,0
TXN-20260517-SKU-COLGATE-200,2026-05-17,SKU-COLGATE-200,Colgate Toothpaste 200 g,2,114,103,101,0,0
TXN-20260517-SKU-DALIA-500,2026-05-17,SKU-DALIA-500,Dalia 500 g,2,32,46,44,0,0
TXN-20260517-SKU-HALDI-100,2026-05-17,SKU-HALDI-100,Turmeric Powder 100 g,3,26,134,131,0,0
TXN-20260517-SKU-HARPIC-500,2026-05-17,SKU-HARPIC-500,Harpic 500 ml,1,114,58,57,0,0
TXN-20260517-SKU-LAYS-52,2026-05-17,SKU-LAYS-52,Lays Classic 52 g,7,19,468,461,0,0
TXN-20260517-SKU-LIFEBUOY-4,2026-05-17,SKU-LIFEBUOY-4,Lifebuoy Soap 4 x 100 g,2,122,103,101,0,0
TXN-20260517-SKU-MAGGI-280,2026-05-17,SKU-MAGGI-280,Maggi Noodles 280 g,6,59,428,422,0,0
TXN-20260517-SKU-MAIDA-1K,2026-05-17,SKU-MAIDA-1K,Maida 1 kg,5,43,176,171,0,0
TXN-20260517-SKU-MIRCH-100,2026-05-17,SKU-MIRCH-100,Red Chilli Powder 100 g,2,37,93,91,0,0
TXN-20260517-SKU-MOONG-1K,2026-05-17,SKU-MOONG-1K,Moong Dal 1 kg,5,125,141,136,0,0
TXN-20260517-SKU-MUST-1L,2026-05-17,SKU-MUST-1L,Fortune Mustard Oil 1 L,3,206,182,179,0,0
TXN-20260517-SKU-OIL-1L,2026-05-17,SKU-OIL-1L,Sunpure Cooking Oil 1 L,8,124,270,262,0,0
TXN-20260517-SKU-PARLE-G,2026-05-17,SKU-PARLE-G,Parle-G Biscuit 250 g,4,22,684,680,0,0
TXN-20260517-SKU-POHA-500,2026-05-17,SKU-POHA-500,Poha 500 g,2,30,96,94,0,0
TXN-20260517-SKU-RAJMA-1K,2026-05-17,SKU-RAJMA-1K,Rajma 1 kg,4,159,132,128,0,0
TXN-20260517-SKU-RICE-1K,2026-05-17,SKU-RICE-1K,Sona Masoori Rice 1 kg,10,66,463,453,0,0
TXN-20260517-SKU-SALT-1K,2026-05-17,SKU-SALT-1K,Tata Salt 1 kg,11,26,375,364,0,0
TXN-20260517-SKU-SUG-1K,2026-05-17,SKU-SUG-1K,Sugar 1 kg,7,46,349,342,0,0
TXN-20260517-SKU-SUJI-500,2026-05-17,SKU-SUJI-500,Suji 500 g,2,31,93,91,0,0
TXN-20260517-SKU-TEA-250,2026-05-17,SKU-TEA-250,Tata Tea Gold 250 g,5,160,227,222,0,0
TXN-20260517-SKU-TOOR-1K,2026-05-17,SKU-TOOR-1K,Toor Dal 1 kg,8,167,279,271,0,0
TXN-20260517-SKU-VIM-500,2026-05-17,SKU-VIM-500,Vim Bar 500 g,4,46,141,137,0,0
TXN-20260517-SKU-WATER-1L,2026-05-17,SKU-WATER-1L,Bisleri Water 1 L,11,18,633,622,0,0
TXN-20260518-SKU-ATTA-5K,2026-05-18,SKU-ATTA-5K,Aashirvaad Atta 5 kg,8,238,256,248,0,0
TXN-20260518-SKU-BAS-5K,2026-05-18,SKU-BAS-5K,India Gate Basmati 5 kg,0,597,45,45,0,0
TXN-20260518-SKU-BESAN-500,2026-05-18,SKU-BESAN-500,Besan 500 g,4,60,166,162,0,0
TXN-20260518-SKU-BREAD-400,2026-05-18,SKU-BREAD-400,Brown Bread 400 g,6,51,300,294,0,0
TXN-20260518-SKU-CHANA-1K,2026-05-18,SKU-CHANA-1K,Kabuli Chana 1 kg,3,151,131,128,0,0
TXN-20260518-SKU-COKE-750,2026-05-18,SKU-COKE-750,Coca-Cola 750 ml,10,35,459,449,0,0
TXN-20260518-SKU-COLGATE-200,2026-05-18,SKU-COLGATE-200,Colgate Toothpaste 200 g,2,114,101,99,0,0
TXN-20260518-SKU-DALIA-500,2026-05-18,SKU-DALIA-500,Dalia 500 g,1,32,44,43,0,0
TXN-20260518-SKU-HALDI-100,2026-05-18,SKU-HALDI-100,Turmeric Powder 100 g,3,26,131,128,0,0
TXN-20260518-SKU-HARPIC-500,2026-05-18,SKU-HARPIC-500,Harpic 500 ml,1,114,57,56,0,0
TXN-20260518-SKU-LAYS-52,2026-05-18,SKU-LAYS-52,Lays Classic 52 g,7,19,461,454,0,0
TXN-20260518-SKU-LIFEBUOY-4,2026-05-18,SKU-LIFEBUOY-4,Lifebuoy Soap 4 x 100 g,1,122,101,100,0,0
TXN-20260518-SKU-MAGGI-280,2026-05-18,SKU-MAGGI-280,Maggi Noodles 280 g,10,59,422,412,0,0
TXN-20260518-SKU-MAIDA-1K,2026-05-18,SKU-MAIDA-1K,Maida 1 kg,2,43,171,169,0,0
TXN-20260518-SKU-MIRCH-100,2026-05-18,SKU-MIRCH-100,Red Chilli Powder 100 g,1,37,91,90,0,0
TXN-20260518-SKU-MOONG-1K,2026-05-18,SKU-MOONG-1K,Moong Dal 1 kg,3,125,136,133,0,0
TXN-20260518-SKU-MUST-1L,2026-05-18,SKU-MUST-1L,Fortune Mustard Oil 1 L,5,206,179,174,0,0
TXN-20260518-SKU-OIL-1L,2026-05-18,SKU-OIL-1L,Sunpure Cooking Oil 1 L,5,124,262,257,0,0
TXN-20260518-SKU-PARLE-G,2026-05-18,SKU-PARLE-G,Parle-G Biscuit 250 g,17,22,680,663,0,0
TXN-20260518-SKU-POHA-500,2026-05-18,SKU-POHA-500,Poha 500 g,2,30,94,92,0,0
TXN-20260518-SKU-RAJMA-1K,2026-05-18,SKU-RAJMA-1K,Rajma 1 kg,3,159,128,125,0,0
TXN-20260518-SKU-RICE-1K,2026-05-18,SKU-RICE-1K,Sona Masoori Rice 1 kg,9,66,453,444,0,0
TXN-20260518-SKU-SALT-1K,2026-05-18,SKU-SALT-1K,Tata Salt 1 kg,8,26,364,356,0,0
TXN-20260518-SKU-SUG-1K,2026-05-18,SKU-SUG-1K,Sugar 1 kg,7,46,342,335,0,0
TXN-20260518-SKU-SUJI-500,2026-05-18,SKU-SUJI-500,Suji 500 g,2,31,91,89,0,0
TXN-20260518-SKU-TEA-250,2026-05-18,SKU-TEA-250,Tata Tea Gold 250 g,4,160,222,218,0,0
TXN-20260518-SKU-TOOR-1K,2026-05-18,SKU-TOOR-1K,Toor Dal 1 kg,5,167,271,266,0,0
TXN-20260518-SKU-VIM-500,2026-05-18,SKU-VIM-500,Vim Bar 500 g,2,46,137,135,0,0
TXN-20260518-SKU-WATER-1L,2026-05-18,SKU-WATER-1L,Bisleri Water 1 L,11,18,622,611,0,0
TXN-20260519-SKU-ATTA-5K,2026-05-19,SKU-ATTA-5K,Aashirvaad Atta 5 kg,5,238,248,243,0,0
TXN-20260519-SKU-BAS-5K,2026-05-19,SKU-BAS-5K,India Gate Basmati 5 kg,2,597,45,43,0,0
TXN-20260519-SKU-BESAN-500,2026-05-19,SKU-BESAN-500,Besan 500 g,4,60,162,158,0,0
TXN-20260519-SKU-BREAD-400,2026-05-19,SKU-BREAD-400,Brown Bread 400 g,5,51,294,289,0,0
TXN-20260519-SKU-CHANA-1K,2026-05-19,SKU-CHANA-1K,Kabuli Chana 1 kg,2,151,128,126,0,0
TXN-20260519-SKU-COKE-750,2026-05-19,SKU-COKE-750,Coca-Cola 750 ml,6,35,449,443,0,0
TXN-20260519-SKU-COLGATE-200,2026-05-19,SKU-COLGATE-200,Colgate Toothpaste 200 g,2,114,99,97,0,0
TXN-20260519-SKU-DALIA-500,2026-05-19,SKU-DALIA-500,Dalia 500 g,1,32,43,42,0,0
TXN-20260519-SKU-HALDI-100,2026-05-19,SKU-HALDI-100,Turmeric Powder 100 g,2,26,128,126,0,0
TXN-20260519-SKU-HARPIC-500,2026-05-19,SKU-HARPIC-500,Harpic 500 ml,1,114,56,55,0,0
TXN-20260519-SKU-LAYS-52,2026-05-19,SKU-LAYS-52,Lays Classic 52 g,3,19,454,451,0,0
TXN-20260519-SKU-LIFEBUOY-4,2026-05-19,SKU-LIFEBUOY-4,Lifebuoy Soap 4 x 100 g,2,122,100,98,0,0
TXN-20260519-SKU-MAGGI-280,2026-05-19,SKU-MAGGI-280,Maggi Noodles 280 g,9,59,412,403,0,0
TXN-20260519-SKU-MAIDA-1K,2026-05-19,SKU-MAIDA-1K,Maida 1 kg,6,43,169,163,0,0
TXN-20260519-SKU-MIRCH-100,2026-05-19,SKU-MIRCH-100,Red Chilli Powder 100 g,2,37,90,88,0,0
TXN-20260519-SKU-MOONG-1K,2026-05-19,SKU-MOONG-1K,Moong Dal 1 kg,4,125,133,129,0,0
TXN-20260519-SKU-MUST-1L,2026-05-19,SKU-MUST-1L,Fortune Mustard Oil 1 L,3,206,174,171,0,0
TXN-20260519-SKU-OIL-1L,2026-05-19,SKU-OIL-1L,Sunpure Cooking Oil 1 L,7,124,257,250,0,0
TXN-20260519-SKU-PARLE-G,2026-05-19,SKU-PARLE-G,Parle-G Biscuit 250 g,17,22,663,646,0,0
TXN-20260519-SKU-POHA-500,2026-05-19,SKU-POHA-500,Poha 500 g,2,30,92,90,0,0
TXN-20260519-SKU-RAJMA-1K,2026-05-19,SKU-RAJMA-1K,Rajma 1 kg,2,159,125,123,0,0
TXN-20260519-SKU-RICE-1K,2026-05-19,SKU-RICE-1K,Sona Masoori Rice 1 kg,11,66,444,433,0,0
TXN-20260519-SKU-SALT-1K,2026-05-19,SKU-SALT-1K,Tata Salt 1 kg,13,26,356,343,0,0
TXN-20260519-SKU-SUG-1K,2026-05-19,SKU-SUG-1K,Sugar 1 kg,8,46,335,327,0,0
TXN-20260519-SKU-SUJI-500,2026-05-19,SKU-SUJI-500,Suji 500 g,2,31,89,87,0,0
TXN-20260519-SKU-TEA-250,2026-05-19,SKU-TEA-250,Tata Tea Gold 250 g,4,160,218,214,0,0
TXN-20260519-SKU-TOOR-1K,2026-05-19,SKU-TOOR-1K,Toor Dal 1 kg,7,167,266,259,0,0
TXN-20260519-SKU-VIM-500,2026-05-19,SKU-VIM-500,Vim Bar 500 g,3,46,135,132,0,0
TXN-20260519-SKU-WATER-1L,2026-05-19,SKU-WATER-1L,Bisleri Water 1 L,8,18,611,603,0,0
TXN-20260520-SKU-ATTA-5K,2026-05-20,SKU-ATTA-5K,Aashirvaad Atta 5 kg,6,238,243,237,0,0
TXN-20260520-SKU-BAS-5K,2026-05-20,SKU-BAS-5K,India Gate Basmati 5 kg,2,597,43,41,0,0
TXN-20260520-SKU-BESAN-500,2026-05-20,SKU-BESAN-500,Besan 500 g,4,60,158,154,0,0
TXN-20260520-SKU-BREAD-400,2026-05-20,SKU-BREAD-400,Brown Bread 400 g,7,51,289,282,0,0
TXN-20260520-SKU-CHANA-1K,2026-05-20,SKU-CHANA-1K,Kabuli Chana 1 kg,2,151,126,124,0,0
TXN-20260520-SKU-COKE-750,2026-05-20,SKU-COKE-750,Coca-Cola 750 ml,8,35,443,435,0,0
TXN-20260520-SKU-COLGATE-200,2026-05-20,SKU-COLGATE-200,Colgate Toothpaste 200 g,2,114,97,95,0,0
TXN-20260520-SKU-DALIA-500,2026-05-20,SKU-DALIA-500,Dalia 500 g,0,32,42,42,0,0
TXN-20260520-SKU-HALDI-100,2026-05-20,SKU-HALDI-100,Turmeric Powder 100 g,3,26,126,123,0,0
TXN-20260520-SKU-HARPIC-500,2026-05-20,SKU-HARPIC-500,Harpic 500 ml,1,114,55,54,0,0
TXN-20260520-SKU-LAYS-52,2026-05-20,SKU-LAYS-52,Lays Classic 52 g,12,19,451,439,0,0
TXN-20260520-SKU-LIFEBUOY-4,2026-05-20,SKU-LIFEBUOY-4,Lifebuoy Soap 4 x 100 g,3,122,98,95,0,0
TXN-20260520-SKU-MAGGI-280,2026-05-20,SKU-MAGGI-280,Maggi Noodles 280 g,5,59,403,398,0,0
TXN-20260520-SKU-MAIDA-1K,2026-05-20,SKU-MAIDA-1K,Maida 1 kg,6,43,163,157,0,0
TXN-20260520-SKU-MIRCH-100,2026-05-20,SKU-MIRCH-100,Red Chilli Powder 100 g,1,37,88,87,0,0
TXN-20260520-SKU-MOONG-1K,2026-05-20,SKU-MOONG-1K,Moong Dal 1 kg,3,125,129,126,0,0
TXN-20260520-SKU-MUST-1L,2026-05-20,SKU-MUST-1L,Fortune Mustard Oil 1 L,4,206,171,167,0,0
TXN-20260520-SKU-OIL-1L,2026-05-20,SKU-OIL-1L,Sunpure Cooking Oil 1 L,5,124,250,245,0,0
TXN-20260520-SKU-PARLE-G,2026-05-20,SKU-PARLE-G,Parle-G Biscuit 250 g,16,22,646,630,0,0
TXN-20260520-SKU-POHA-500,2026-05-20,SKU-POHA-500,Poha 500 g,2,30,90,88,0,0
TXN-20260520-SKU-RAJMA-1K,2026-05-20,SKU-RAJMA-1K,Rajma 1 kg,4,159,123,119,0,0
TXN-20260520-SKU-RICE-1K,2026-05-20,SKU-RICE-1K,Sona Masoori Rice 1 kg,6,66,433,427,0,0
TXN-20260520-SKU-SALT-1K,2026-05-20,SKU-SALT-1K,Tata Salt 1 kg,8,26,343,335,0,0
TXN-20260520-SKU-SUG-1K,2026-05-20,SKU-SUG-1K,Sugar 1 kg,7,46,327,320,0,0
TXN-20260520-SKU-SUJI-500,2026-05-20,SKU-SUJI-500,Suji 500 g,2,31,87,85,0,0
TXN-20260520-SKU-TEA-250,2026-05-20,SKU-TEA-250,Tata Tea Gold 250 g,5,160,214,209,0,0
TXN-20260520-SKU-TOOR-1K,2026-05-20,SKU-TOOR-1K,Toor Dal 1 kg,8,167,259,251,0,0
TXN-20260520-SKU-VIM-500,2026-05-20,SKU-VIM-500,Vim Bar 500 g,3,46,132,129,0,0
TXN-20260520-SKU-WATER-1L,2026-05-20,SKU-WATER-1L,Bisleri Water 1 L,11,18,603,592,0,0
TXN-20260521-SKU-ATTA-5K,2026-05-21,SKU-ATTA-5K,Aashirvaad Atta 5 kg,10,238,237,227,0,0
TXN-20260521-SKU-BAS-5K,2026-05-21,SKU-BAS-5K,India Gate Basmati 5 kg,1,597,41,40,0,0
TXN-20260521-SKU-BESAN-500,2026-05-21,SKU-BESAN-500,Besan 500 g,4,60,154,150,0,0
TXN-20260521-SKU-BREAD-400,2026-05-21,SKU-BREAD-400,Brown Bread 400 g,6,51,282,276,0,0
TXN-20260521-SKU-CHANA-1K,2026-05-21,SKU-CHANA-1K,Kabuli Chana 1 kg,3,151,124,121,0,0
TXN-20260521-SKU-COKE-750,2026-05-21,SKU-COKE-750,Coca-Cola 750 ml,4,35,435,431,0,0
TXN-20260521-SKU-COLGATE-200,2026-05-21,SKU-COLGATE-200,Colgate Toothpaste 200 g,2,114,95,93,0,0
TXN-20260521-SKU-DALIA-500,2026-05-21,SKU-DALIA-500,Dalia 500 g,1,32,42,41,0,0
TXN-20260521-SKU-HALDI-100,2026-05-21,SKU-HALDI-100,Turmeric Powder 100 g,2,26,123,121,0,0
TXN-20260521-SKU-HARPIC-500,2026-05-21,SKU-HARPIC-500,Harpic 500 ml,1,114,54,53,0,0
TXN-20260521-SKU-LAYS-52,2026-05-21,SKU-LAYS-52,Lays Classic 52 g,11,19,439,428,0,0
TXN-20260521-SKU-LIFEBUOY-4,2026-05-21,SKU-LIFEBUOY-4,Lifebuoy Soap 4 x 100 g,2,122,95,93,0,0
TXN-20260521-SKU-MAGGI-280,2026-05-21,SKU-MAGGI-280,Maggi Noodles 280 g,11,59,398,387,0,0
TXN-20260521-SKU-MAIDA-1K,2026-05-21,SKU-MAIDA-1K,Maida 1 kg,3,43,157,154,0,0
TXN-20260521-SKU-MIRCH-100,2026-05-21,SKU-MIRCH-100,Red Chilli Powder 100 g,3,37,87,84,0,0
TXN-20260521-SKU-MOONG-1K,2026-05-21,SKU-MOONG-1K,Moong Dal 1 kg,3,125,126,123,0,0
TXN-20260521-SKU-MUST-1L,2026-05-21,SKU-MUST-1L,Fortune Mustard Oil 1 L,5,206,167,162,0,0
TXN-20260521-SKU-OIL-1L,2026-05-21,SKU-OIL-1L,Sunpure Cooking Oil 1 L,8,124,245,237,0,0
TXN-20260521-SKU-PARLE-G,2026-05-21,SKU-PARLE-G,Parle-G Biscuit 250 g,18,22,630,612,0,0
TXN-20260521-SKU-POHA-500,2026-05-21,SKU-POHA-500,Poha 500 g,2,30,88,86,0,0
TXN-20260521-SKU-RAJMA-1K,2026-05-21,SKU-RAJMA-1K,Rajma 1 kg,3,159,119,116,0,0
TXN-20260521-SKU-RICE-1K,2026-05-21,SKU-RICE-1K,Sona Masoori Rice 1 kg,12,66,427,415,0,0
TXN-20260521-SKU-SALT-1K,2026-05-21,SKU-SALT-1K,Tata Salt 1 kg,12,26,335,323,0,0
TXN-20260521-SKU-SUG-1K,2026-05-21,SKU-SUG-1K,Sugar 1 kg,10,46,320,310,0,0
TXN-20260521-SKU-SUJI-500,2026-05-21,SKU-SUJI-500,Suji 500 g,1,31,85,84,0,0
TXN-20260521-SKU-TEA-250,2026-05-21,SKU-TEA-250,Tata Tea Gold 250 g,5,160,209,204,0,0
TXN-20260521-SKU-TOOR-1K,2026-05-21,SKU-TOOR-1K,Toor Dal 1 kg,4,167,251,247,0,0
TXN-20260521-SKU-VIM-500,2026-05-21,SKU-VIM-500,Vim Bar 500 g,3,46,129,126,0,0
TXN-20260521-SKU-WATER-1L,2026-05-21,SKU-WATER-1L,Bisleri Water 1 L,8,18,592,584,0,0
TXN-20260522-SKU-ATTA-5K,2026-05-22,SKU-ATTA-5K,Aashirvaad Atta 5 kg,6,238,227,221,0,0
TXN-20260522-SKU-BAS-5K,2026-05-22,SKU-BAS-5K,India Gate Basmati 5 kg,2,597,40,38,0,0
TXN-20260522-SKU-BESAN-500,2026-05-22,SKU-BESAN-500,Besan 500 g,3,60,150,147,0,0
TXN-20260522-SKU-BREAD-400,2026-05-22,SKU-BREAD-400,Brown Bread 400 g,5,51,276,271,0,0
TXN-20260522-SKU-CHANA-1K,2026-05-22,SKU-CHANA-1K,Kabuli Chana 1 kg,3,151,121,118,0,0
TXN-20260522-SKU-COKE-750,2026-05-22,SKU-COKE-750,Coca-Cola 750 ml,4,35,431,427,0,0
TXN-20260522-SKU-COLGATE-200,2026-05-22,SKU-COLGATE-200,Colgate Toothpaste 200 g,3,114,93,90,0,0
TXN-20260522-SKU-DALIA-500,2026-05-22,SKU-DALIA-500,Dalia 500 g,2,32,41,39,0,0
TXN-20260522-SKU-HALDI-100,2026-05-22,SKU-HALDI-100,Turmeric Powder 100 g,2,26,121,119,0,0
TXN-20260522-SKU-HARPIC-500,2026-05-22,SKU-HARPIC-500,Harpic 500 ml,1,114,53,52,0,0
TXN-20260522-SKU-LAYS-52,2026-05-22,SKU-LAYS-52,Lays Classic 52 g,10,19,428,418,0,0
TXN-20260522-SKU-LIFEBUOY-4,2026-05-22,SKU-LIFEBUOY-4,Lifebuoy Soap 4 x 100 g,1,122,93,92,0,0
TXN-20260522-SKU-MAGGI-280,2026-05-22,SKU-MAGGI-280,Maggi Noodles 280 g,5,59,387,382,0,0
TXN-20260522-SKU-MAIDA-1K,2026-05-22,SKU-MAIDA-1K,Maida 1 kg,4,43,154,150,0,0
TXN-20260522-SKU-MIRCH-100,2026-05-22,SKU-MIRCH-100,Red Chilli Powder 100 g,3,37,84,81,0,0
TXN-20260522-SKU-MOONG-1K,2026-05-22,SKU-MOONG-1K,Moong Dal 1 kg,3,125,123,120,0,0
TXN-20260522-SKU-MUST-1L,2026-05-22,SKU-MUST-1L,Fortune Mustard Oil 1 L,4,206,162,158,0,0
TXN-20260522-SKU-OIL-1L,2026-05-22,SKU-OIL-1L,Sunpure Cooking Oil 1 L,5,124,237,232,0,0
TXN-20260522-SKU-PARLE-G,2026-05-22,SKU-PARLE-G,Parle-G Biscuit 250 g,13,23,612,599,0,0
TXN-20260522-SKU-POHA-500,2026-05-22,SKU-POHA-500,Poha 500 g,1,30,86,85,0,0
TXN-20260522-SKU-RAJMA-1K,2026-05-22,SKU-RAJMA-1K,Rajma 1 kg,3,159,116,113,0,0
TXN-20260522-SKU-RICE-1K,2026-05-22,SKU-RICE-1K,Sona Masoori Rice 1 kg,8,66,415,407,0,0
TXN-20260522-SKU-SALT-1K,2026-05-22,SKU-SALT-1K,Tata Salt 1 kg,10,26,323,313,0,0
TXN-20260522-SKU-SUG-1K,2026-05-22,SKU-SUG-1K,Sugar 1 kg,8,46,310,302,0,0
TXN-20260522-SKU-SUJI-500,2026-05-22,SKU-SUJI-500,Suji 500 g,2,31,84,82,0,0
TXN-20260522-SKU-TEA-250,2026-05-22,SKU-TEA-250,Tata Tea Gold 250 g,5,160,204,199,0,0
TXN-20260522-SKU-TOOR-1K,2026-05-22,SKU-TOOR-1K,Toor Dal 1 kg,5,167,247,242,0,0
TXN-20260522-SKU-VIM-500,2026-05-22,SKU-VIM-500,Vim Bar 500 g,3,46,126,123,0,0
TXN-20260522-SKU-WATER-1L,2026-05-22,SKU-WATER-1L,Bisleri Water 1 L,8,18,584,576,0,0
TXN-20260523-SKU-ATTA-5K,2026-05-23,SKU-ATTA-5K,Aashirvaad Atta 5 kg,7,238,221,214,0,0
TXN-20260523-SKU-BAS-5K,2026-05-23,SKU-BAS-5K,India Gate Basmati 5 kg,0,597,38,38,0,0
TXN-20260523-SKU-BESAN-500,2026-05-23,SKU-BESAN-500,Besan 500 g,4,60,147,143,0,0
TXN-20260523-SKU-BREAD-400,2026-05-23,SKU-BREAD-400,Brown Bread 400 g,7,51,271,264,0,0
TXN-20260523-SKU-CHANA-1K,2026-05-23,SKU-CHANA-1K,Kabuli Chana 1 kg,4,151,118,114,0,0
TXN-20260523-SKU-COKE-750,2026-05-23,SKU-COKE-750,Coca-Cola 750 ml,3,35,427,424,0,0
TXN-20260523-SKU-COLGATE-200,2026-05-23,SKU-COLGATE-200,Colgate Toothpaste 200 g,2,114,90,88,0,0
TXN-20260523-SKU-DALIA-500,2026-05-23,SKU-DALIA-500,Dalia 500 g,1,32,39,38,0,0
TXN-20260523-SKU-HALDI-100,2026-05-23,SKU-HALDI-100,Turmeric Powder 100 g,2,26,119,117,0,0
TXN-20260523-SKU-HARPIC-500,2026-05-23,SKU-HARPIC-500,Harpic 500 ml,0,114,52,52,0,0
TXN-20260523-SKU-LAYS-52,2026-05-23,SKU-LAYS-52,Lays Classic 52 g,6,19,418,412,0,0
TXN-20260523-SKU-LIFEBUOY-4,2026-05-23,SKU-LIFEBUOY-4,Lifebuoy Soap 4 x 100 g,3,122,92,89,0,0
TXN-20260523-SKU-MAGGI-280,2026-05-23,SKU-MAGGI-280,Maggi Noodles 280 g,9,59,382,373,0,0
TXN-20260523-SKU-MAIDA-1K,2026-05-23,SKU-MAIDA-1K,Maida 1 kg,2,43,150,148,0,0
TXN-20260523-SKU-MIRCH-100,2026-05-23,SKU-MIRCH-100,Red Chilli Powder 100 g,2,37,81,79,0,0
TXN-20260523-SKU-MOONG-1K,2026-05-23,SKU-MOONG-1K,Moong Dal 1 kg,4,125,120,116,0,0
TXN-20260523-SKU-MUST-1L,2026-05-23,SKU-MUST-1L,Fortune Mustard Oil 1 L,4,206,158,154,0,0
TXN-20260523-SKU-OIL-1L,2026-05-23,SKU-OIL-1L,Sunpure Cooking Oil 1 L,5,124,232,227,0,0
TXN-20260523-SKU-PARLE-G,2026-05-23,SKU-PARLE-G,Parle-G Biscuit 250 g,18,23,599,581,0,0
TXN-20260523-SKU-POHA-500,2026-05-23,SKU-POHA-500,Poha 500 g,3,30,85,82,0,0
TXN-20260523-SKU-RAJMA-1K,2026-05-23,SKU-RAJMA-1K,Rajma 1 kg,3,159,113,110,0,0
TXN-20260523-SKU-RICE-1K,2026-05-23,SKU-RICE-1K,Sona Masoori Rice 1 kg,10,66,407,397,0,0
TXN-20260523-SKU-SALT-1K,2026-05-23,SKU-SALT-1K,Tata Salt 1 kg,3,26,313,310,0,0
TXN-20260523-SKU-SUG-1K,2026-05-23,SKU-SUG-1K,Sugar 1 kg,9,46,302,293,0,0
TXN-20260523-SKU-SUJI-500,2026-05-23,SKU-SUJI-500,Suji 500 g,2,31,82,80,0,0
TXN-20260523-SKU-TEA-250,2026-05-23,SKU-TEA-250,Tata Tea Gold 250 g,4,160,199,195,0,0
TXN-20260523-SKU-TOOR-1K,2026-05-23,SKU-TOOR-1K,Toor Dal 1 kg,9,167,242,233,0,0
TXN-20260523-SKU-VIM-500,2026-05-23,SKU-VIM-500,Vim Bar 500 g,4,46,123,119,0,0
TXN-20260523-SKU-WATER-1L,2026-05-23,SKU-WATER-1L,Bisleri Water 1 L,12,18,576,564,0,0
TXN-20260524-SKU-ATTA-5K,2026-05-24,SKU-ATTA-5K,Aashirvaad Atta 5 kg,7,238,214,207,0,0
TXN-20260524-SKU-BAS-5K,2026-05-24,SKU-BAS-5K,India Gate Basmati 5 kg,0,597,38,38,0,0
TXN-20260524-SKU-BESAN-500,2026-05-24,SKU-BESAN-500,Besan 500 g,2,60,143,141,0,0
TXN-20260524-SKU-BREAD-400,2026-05-24,SKU-BREAD-400,Brown Bread 400 g,4,51,264,260,0,0
TXN-20260524-SKU-CHANA-1K,2026-05-24,SKU-CHANA-1K,Kabuli Chana 1 kg,1,151,114,113,0,0
TXN-20260524-SKU-COKE-750,2026-05-24,SKU-COKE-750,Coca-Cola 750 ml,8,35,424,416,0,0
TXN-20260524-SKU-COLGATE-200,2026-05-24,SKU-COLGATE-200,Colgate Toothpaste 200 g,3,114,88,85,0,0
TXN-20260524-SKU-DALIA-500,2026-05-24,SKU-DALIA-500,Dalia 500 g,1,32,38,37,0,0
TXN-20260524-SKU-HALDI-100,2026-05-24,SKU-HALDI-100,Turmeric Powder 100 g,3,26,117,114,0,0
TXN-20260524-SKU-HARPIC-500,2026-05-24,SKU-HARPIC-500,Harpic 500 ml,1,114,52,51,0,0
TXN-20260524-SKU-LAYS-52,2026-05-24,SKU-LAYS-52,Lays Classic 52 g,9,19,412,403,0,0
TXN-20260524-SKU-LIFEBUOY-4,2026-05-24,SKU-LIFEBUOY-4,Lifebuoy Soap 4 x 100 g,2,122,89,87,0,0
TXN-20260524-SKU-MAGGI-280,2026-05-24,SKU-MAGGI-280,Maggi Noodles 280 g,7,59,373,366,0,0
TXN-20260524-SKU-MAIDA-1K,2026-05-24,SKU-MAIDA-1K,Maida 1 kg,3,43,148,145,0,0
TXN-20260524-SKU-MIRCH-100,2026-05-24,SKU-MIRCH-100,Red Chilli Powder 100 g,2,37,79,77,0,0
TXN-20260524-SKU-MOONG-1K,2026-05-24,SKU-MOONG-1K,Moong Dal 1 kg,3,125,116,113,0,0
TXN-20260524-SKU-MUST-1L,2026-05-24,SKU-MUST-1L,Fortune Mustard Oil 1 L,5,206,154,149,0,0
TXN-20260524-SKU-OIL-1L,2026-05-24,SKU-OIL-1L,Sunpure Cooking Oil 1 L,6,124,227,221,0,0
TXN-20260524-SKU-PARLE-G,2026-05-24,SKU-PARLE-G,Parle-G Biscuit 250 g,10,23,581,571,0,0
TXN-20260524-SKU-POHA-500,2026-05-24,SKU-POHA-500,Poha 500 g,1,30,82,81,0,0
TXN-20260524-SKU-RAJMA-1K,2026-05-24,SKU-RAJMA-1K,Rajma 1 kg,4,159,110,106,0,0
TXN-20260524-SKU-RICE-1K,2026-05-24,SKU-RICE-1K,Sona Masoori Rice 1 kg,10,66,397,387,0,0
TXN-20260524-SKU-SALT-1K,2026-05-24,SKU-SALT-1K,Tata Salt 1 kg,7,26,310,303,0,0
TXN-20260524-SKU-SUG-1K,2026-05-24,SKU-SUG-1K,Sugar 1 kg,6,46,293,287,0,0
TXN-20260524-SKU-SUJI-500,2026-05-24,SKU-SUJI-500,Suji 500 g,3,31,80,77,0,0
TXN-20260524-SKU-TEA-250,2026-05-24,SKU-TEA-250,Tata Tea Gold 250 g,7,160,195,188,0,0
TXN-20260524-SKU-TOOR-1K,2026-05-24,SKU-TOOR-1K,Toor Dal 1 kg,6,167,233,227,0,0
TXN-20260524-SKU-VIM-500,2026-05-24,SKU-VIM-500,Vim Bar 500 g,3,46,119,116,0,0
TXN-20260524-SKU-WATER-1L,2026-05-24,SKU-WATER-1L,Bisleri Water 1 L,12,18,564,552,0,0
TXN-20260525-SKU-ATTA-5K,2026-05-25,SKU-ATTA-5K,Aashirvaad Atta 5 kg,3,238,207,204,0,0
TXN-20260525-SKU-BAS-5K,2026-05-25,SKU-BAS-5K,India Gate Basmati 5 kg,0,597,38,38,0,0
TXN-20260525-SKU-BESAN-500,2026-05-25,SKU-BESAN-500,Besan 500 g,4,60,141,137,0,0
TXN-20260525-SKU-BREAD-400,2026-05-25,SKU-BREAD-400,Brown Bread 400 g,6,51,260,254,0,0
TXN-20260525-SKU-CHANA-1K,2026-05-25,SKU-CHANA-1K,Kabuli Chana 1 kg,4,151,113,109,0,0
TXN-20260525-SKU-COKE-750,2026-05-25,SKU-COKE-750,Coca-Cola 750 ml,9,35,416,407,0,0
TXN-20260525-SKU-COLGATE-200,2026-05-25,SKU-COLGATE-200,Colgate Toothpaste 200 g,2,114,85,83,0,0
TXN-20260525-SKU-DALIA-500,2026-05-25,SKU-DALIA-500,Dalia 500 g,0,32,37,37,0,0
TXN-20260525-SKU-HALDI-100,2026-05-25,SKU-HALDI-100,Turmeric Powder 100 g,3,26,114,111,0,0
TXN-20260525-SKU-HARPIC-500,2026-05-25,SKU-HARPIC-500,Harpic 500 ml,1,114,51,50,0,0
TXN-20260525-SKU-LAYS-52,2026-05-25,SKU-LAYS-52,Lays Classic 52 g,8,19,403,395,0,0
TXN-20260525-SKU-LIFEBUOY-4,2026-05-25,SKU-LIFEBUOY-4,Lifebuoy Soap 4 x 100 g,1,122,87,86,0,0
TXN-20260525-SKU-MAGGI-280,2026-05-25,SKU-MAGGI-280,Maggi Noodles 280 g,3,59,366,363,0,0
TXN-20260525-SKU-MAIDA-1K,2026-05-25,SKU-MAIDA-1K,Maida 1 kg,4,43,145,141,0,0
TXN-20260525-SKU-MIRCH-100,2026-05-25,SKU-MIRCH-100,Red Chilli Powder 100 g,2,37,77,75,0,0
TXN-20260525-SKU-MOONG-1K,2026-05-25,SKU-MOONG-1K,Moong Dal 1 kg,4,125,113,109,0,0
TXN-20260525-SKU-MUST-1L,2026-05-25,SKU-MUST-1L,Fortune Mustard Oil 1 L,4,206,149,145,0,0
TXN-20260525-SKU-OIL-1L,2026-05-25,SKU-OIL-1L,Sunpure Cooking Oil 1 L,8,124,221,213,0,0
TXN-20260525-SKU-PARLE-G,2026-05-25,SKU-PARLE-G,Parle-G Biscuit 250 g,6,23,571,565,0,0
TXN-20260525-SKU-POHA-500,2026-05-25,SKU-POHA-500,Poha 500 g,3,30,81,78,0,0
TXN-20260525-SKU-RAJMA-1K,2026-05-25,SKU-RAJMA-1K,Rajma 1 kg,1,159,106,105,0,0
TXN-20260525-SKU-RICE-1K,2026-05-25,SKU-RICE-1K,Sona Masoori Rice 1 kg,8,66,387,379,0,0
TXN-20260525-SKU-SALT-1K,2026-05-25,SKU-SALT-1K,Tata Salt 1 kg,9,26,303,294,0,0
TXN-20260525-SKU-SUG-1K,2026-05-25,SKU-SUG-1K,Sugar 1 kg,8,46,287,279,0,0
TXN-20260525-SKU-SUJI-500,2026-05-25,SKU-SUJI-500,Suji 500 g,2,31,77,75,0,0
TXN-20260525-SKU-TEA-250,2026-05-25,SKU-TEA-250,Tata Tea Gold 250 g,6,160,188,182,0,0
TXN-20260525-SKU-TOOR-1K,2026-05-25,SKU-TOOR-1K,Toor Dal 1 kg,6,167,227,221,0,0
TXN-20260525-SKU-VIM-500,2026-05-25,SKU-VIM-500,Vim Bar 500 g,3,46,116,113,0,0
TXN-20260525-SKU-WATER-1L,2026-05-25,SKU-WATER-1L,Bisleri Water 1 L,9,18,552,543,0,0
TXN-20260526-SKU-ATTA-5K,2026-05-26,SKU-ATTA-5K,Aashirvaad Atta 5 kg,4,238,204,200,0,0
TXN-20260526-SKU-BAS-5K,2026-05-26,SKU-BAS-5K,India Gate Basmati 5 kg,1,597,38,37,0,0
TXN-20260526-SKU-BESAN-500,2026-05-26,SKU-BESAN-500,Besan 500 g,3,60,137,134,0,0
TXN-20260526-SKU-BREAD-400,2026-05-26,SKU-BREAD-400,Brown Bread 400 g,5,51,254,249,0,0
TXN-20260526-SKU-CHANA-1K,2026-05-26,SKU-CHANA-1K,Kabuli Chana 1 kg,3,151,109,106,0,0
TXN-20260526-SKU-COKE-750,2026-05-26,SKU-COKE-750,Coca-Cola 750 ml,3,35,407,404,0,0
TXN-20260526-SKU-COLGATE-200,2026-05-26,SKU-COLGATE-200,Colgate Toothpaste 200 g,2,114,83,81,0,0
TXN-20260526-SKU-DALIA-500,2026-05-26,SKU-DALIA-500,Dalia 500 g,1,32,37,36,0,0
TXN-20260526-SKU-HALDI-100,2026-05-26,SKU-HALDI-100,Turmeric Powder 100 g,2,26,111,109,0,0
TXN-20260526-SKU-HARPIC-500,2026-05-26,SKU-HARPIC-500,Harpic 500 ml,0,114,50,50,0,0
TXN-20260526-SKU-LAYS-52,2026-05-26,SKU-LAYS-52,Lays Classic 52 g,14,19,395,381,0,0
TXN-20260526-SKU-LIFEBUOY-4,2026-05-26,SKU-LIFEBUOY-4,Lifebuoy Soap 4 x 100 g,2,122,86,84,0,0
TXN-20260526-SKU-MAGGI-280,2026-05-26,SKU-MAGGI-280,Maggi Noodles 280 g,7,59,363,356,0,0
TXN-20260526-SKU-MAIDA-1K,2026-05-26,SKU-MAIDA-1K,Maida 1 kg,3,43,141,138,0,0
TXN-20260526-SKU-MIRCH-100,2026-05-26,SKU-MIRCH-100,Red Chilli Powder 100 g,3,37,75,72,0,0
TXN-20260526-SKU-MOONG-1K,2026-05-26,SKU-MOONG-1K,Moong Dal 1 kg,4,125,109,105,0,0
TXN-20260526-SKU-MUST-1L,2026-05-26,SKU-MUST-1L,Fortune Mustard Oil 1 L,3,206,145,142,0,0
TXN-20260526-SKU-OIL-1L,2026-05-26,SKU-OIL-1L,Sunpure Cooking Oil 1 L,6,124,213,207,0,0
TXN-20260526-SKU-PARLE-G,2026-05-26,SKU-PARLE-G,Parle-G Biscuit 250 g,17,23,565,548,0,0
TXN-20260526-SKU-POHA-500,2026-05-26,SKU-POHA-500,Poha 500 g,1,30,78,77,0,0
TXN-20260526-SKU-RAJMA-1K,2026-05-26,SKU-RAJMA-1K,Rajma 1 kg,3,159,105,102,0,0
TXN-20260526-SKU-RICE-1K,2026-05-26,SKU-RICE-1K,Sona Masoori Rice 1 kg,8,66,379,371,0,0
TXN-20260526-SKU-SALT-1K,2026-05-26,SKU-SALT-1K,Tata Salt 1 kg,8,26,294,286,0,0
TXN-20260526-SKU-SUG-1K,2026-05-26,SKU-SUG-1K,Sugar 1 kg,7,46,279,272,0,0
TXN-20260526-SKU-SUJI-500,2026-05-26,SKU-SUJI-500,Suji 500 g,2,31,75,73,0,0
TXN-20260526-SKU-TEA-250,2026-05-26,SKU-TEA-250,Tata Tea Gold 250 g,5,160,182,177,0,0
TXN-20260526-SKU-TOOR-1K,2026-05-26,SKU-TOOR-1K,Toor Dal 1 kg,7,167,221,214,0,0
TXN-20260526-SKU-VIM-500,2026-05-26,SKU-VIM-500,Vim Bar 500 g,2,46,113,111,0,0
TXN-20260526-SKU-WATER-1L,2026-05-26,SKU-WATER-1L,Bisleri Water 1 L,10,18,543,533,0,0
TXN-20260527-SKU-ATTA-5K,2026-05-27,SKU-ATTA-5K,Aashirvaad Atta 5 kg,7,238,200,193,0,0
TXN-20260527-SKU-BAS-5K,2026-05-27,SKU-BAS-5K,India Gate Basmati 5 kg,1,597,37,36,0,0
TXN-20260527-SKU-BESAN-500,2026-05-27,SKU-BESAN-500,Besan 500 g,5,60,134,129,0,0
TXN-20260527-SKU-BREAD-400,2026-05-27,SKU-BREAD-400,Brown Bread 400 g,6,51,249,243,0,0
TXN-20260527-SKU-CHANA-1K,2026-05-27,SKU-CHANA-1K,Kabuli Chana 1 kg,2,151,106,104,0,0
TXN-20260527-SKU-COKE-750,2026-05-27,SKU-COKE-750,Coca-Cola 750 ml,8,35,404,396,0,0
TXN-20260527-SKU-COLGATE-200,2026-05-27,SKU-COLGATE-200,Colgate Toothpaste 200 g,1,114,81,80,0,0
TXN-20260527-SKU-DALIA-500,2026-05-27,SKU-DALIA-500,Dalia 500 g,1,32,36,35,0,0
TXN-20260527-SKU-HALDI-100,2026-05-27,SKU-HALDI-100,Turmeric Powder 100 g,3,26,109,106,0,0
TXN-20260527-SKU-HARPIC-500,2026-05-27,SKU-HARPIC-500,Harpic 500 ml,1,114,50,49,0,0
TXN-20260527-SKU-LAYS-52,2026-05-27,SKU-LAYS-52,Lays Classic 52 g,16,19,381,365,0,0
TXN-20260527-SKU-LIFEBUOY-4,2026-05-27,SKU-LIFEBUOY-4,Lifebuoy Soap 4 x 100 g,2,122,84,82,0,0
TXN-20260527-SKU-MAGGI-280,2026-05-27,SKU-MAGGI-280,Maggi Noodles 280 g,7,59,356,349,0,0
TXN-20260527-SKU-MAIDA-1K,2026-05-27,SKU-MAIDA-1K,Maida 1 kg,5,43,138,133,0,0
TXN-20260527-SKU-MIRCH-100,2026-05-27,SKU-MIRCH-100,Red Chilli Powder 100 g,2,37,72,70,0,0
TXN-20260527-SKU-MOONG-1K,2026-05-27,SKU-MOONG-1K,Moong Dal 1 kg,3,125,105,102,0,0
TXN-20260527-SKU-MUST-1L,2026-05-27,SKU-MUST-1L,Fortune Mustard Oil 1 L,6,206,142,136,0,0
TXN-20260527-SKU-OIL-1L,2026-05-27,SKU-OIL-1L,Sunpure Cooking Oil 1 L,5,124,207,202,0,0
TXN-20260527-SKU-PARLE-G,2026-05-27,SKU-PARLE-G,Parle-G Biscuit 250 g,19,23,548,529,0,0
TXN-20260527-SKU-POHA-500,2026-05-27,SKU-POHA-500,Poha 500 g,2,30,77,75,0,0
TXN-20260527-SKU-RAJMA-1K,2026-05-27,SKU-RAJMA-1K,Rajma 1 kg,4,159,102,98,0,0
TXN-20260527-SKU-RICE-1K,2026-05-27,SKU-RICE-1K,Sona Masoori Rice 1 kg,11,66,371,360,0,0
TXN-20260527-SKU-SALT-1K,2026-05-27,SKU-SALT-1K,Tata Salt 1 kg,10,26,286,276,0,0
TXN-20260527-SKU-SUG-1K,2026-05-27,SKU-SUG-1K,Sugar 1 kg,8,46,272,264,0,0
TXN-20260527-SKU-SUJI-500,2026-05-27,SKU-SUJI-500,Suji 500 g,2,31,73,71,0,0
TXN-20260527-SKU-TEA-250,2026-05-27,SKU-TEA-250,Tata Tea Gold 250 g,5,160,177,172,0,0
TXN-20260527-SKU-TOOR-1K,2026-05-27,SKU-TOOR-1K,Toor Dal 1 kg,6,167,214,208,0,0
TXN-20260527-SKU-VIM-500,2026-05-27,SKU-VIM-500,Vim Bar 500 g,3,46,111,108,0,0
TXN-20260527-SKU-WATER-1L,2026-05-27,SKU-WATER-1L,Bisleri Water 1 L,10,18,533,523,0,0
TXN-20260528-SKU-ATTA-5K,2026-05-28,SKU-ATTA-5K,Aashirvaad Atta 5 kg,5,238,193,188,0,0
TXN-20260528-SKU-BAS-5K,2026-05-28,SKU-BAS-5K,India Gate Basmati 5 kg,1,597,36,35,0,0
TXN-20260528-SKU-BESAN-500,2026-05-28,SKU-BESAN-500,Besan 500 g,4,60,129,125,0,0
TXN-20260528-SKU-BREAD-400,2026-05-28,SKU-BREAD-400,Brown Bread 400 g,9,51,243,234,0,0
TXN-20260528-SKU-CHANA-1K,2026-05-28,SKU-CHANA-1K,Kabuli Chana 1 kg,3,151,104,101,0,0
TXN-20260528-SKU-COKE-750,2026-05-28,SKU-COKE-750,Coca-Cola 750 ml,12,35,396,384,0,0
TXN-20260528-SKU-COLGATE-200,2026-05-28,SKU-COLGATE-200,Colgate Toothpaste 200 g,2,114,80,78,0,0
TXN-20260528-SKU-DALIA-500,2026-05-28,SKU-DALIA-500,Dalia 500 g,1,32,35,34,0,0
TXN-20260528-SKU-HALDI-100,2026-05-28,SKU-HALDI-100,Turmeric Powder 100 g,3,26,106,103,0,0
TXN-20260528-SKU-HARPIC-500,2026-05-28,SKU-HARPIC-500,Harpic 500 ml,2,114,49,47,0,0
TXN-20260528-SKU-LAYS-52,2026-05-28,SKU-LAYS-52,Lays Classic 52 g,12,19,365,353,0,0
TXN-20260528-SKU-LIFEBUOY-4,2026-05-28,SKU-LIFEBUOY-4,Lifebuoy Soap 4 x 100 g,2,122,82,80,0,0
TXN-20260528-SKU-MAGGI-280,2026-05-28,SKU-MAGGI-280,Maggi Noodles 280 g,10,59,349,339,0,0
TXN-20260528-SKU-MAIDA-1K,2026-05-28,SKU-MAIDA-1K,Maida 1 kg,2,43,133,131,0,0
TXN-20260528-SKU-MIRCH-100,2026-05-28,SKU-MIRCH-100,Red Chilli Powder 100 g,3,37,70,67,0,0
TXN-20260528-SKU-MOONG-1K,2026-05-28,SKU-MOONG-1K,Moong Dal 1 kg,4,125,102,98,0,0
TXN-20260528-SKU-MUST-1L,2026-05-28,SKU-MUST-1L,Fortune Mustard Oil 1 L,5,206,136,131,0,0
TXN-20260528-SKU-OIL-1L,2026-05-28,SKU-OIL-1L,Sunpure Cooking Oil 1 L,4,124,202,198,0,0
TXN-20260528-SKU-PARLE-G,2026-05-28,SKU-PARLE-G,Parle-G Biscuit 250 g,14,23,529,515,0,0
TXN-20260528-SKU-POHA-500,2026-05-28,SKU-POHA-500,Poha 500 g,2,30,75,73,0,0
TXN-20260528-SKU-RAJMA-1K,2026-05-28,SKU-RAJMA-1K,Rajma 1 kg,3,159,98,95,0,0
TXN-20260528-SKU-RICE-1K,2026-05-28,SKU-RICE-1K,Sona Masoori Rice 1 kg,9,66,360,351,0,0
TXN-20260528-SKU-SALT-1K,2026-05-28,SKU-SALT-1K,Tata Salt 1 kg,7,26,276,269,0,0
TXN-20260528-SKU-SUG-1K,2026-05-28,SKU-SUG-1K,Sugar 1 kg,8,46,264,256,0,0
TXN-20260528-SKU-SUJI-500,2026-05-28,SKU-SUJI-500,Suji 500 g,2,31,71,69,0,0
TXN-20260528-SKU-TEA-250,2026-05-28,SKU-TEA-250,Tata Tea Gold 250 g,6,160,172,166,0,0
TXN-20260528-SKU-TOOR-1K,2026-05-28,SKU-TOOR-1K,Toor Dal 1 kg,8,167,208,200,0,0
TXN-20260528-SKU-VIM-500,2026-05-28,SKU-VIM-500,Vim Bar 500 g,3,46,108,105,0,0
TXN-20260528-SKU-WATER-1L,2026-05-28,SKU-WATER-1L,Bisleri Water 1 L,11,18,523,512,0,0
TXN-20260529-SKU-ATTA-5K,2026-05-29,SKU-ATTA-5K,Aashirvaad Atta 5 kg,4,238,188,184,0,0
TXN-20260529-SKU-BAS-5K,2026-05-29,SKU-BAS-5K,India Gate Basmati 5 kg,1,597,35,34,0,0
TXN-20260529-SKU-BESAN-500,2026-05-29,SKU-BESAN-500,Besan 500 g,4,60,125,121,0,0
TXN-20260529-SKU-BREAD-400,2026-05-29,SKU-BREAD-400,Brown Bread 400 g,6,51,234,228,0,0
TXN-20260529-SKU-CHANA-1K,2026-05-29,SKU-CHANA-1K,Kabuli Chana 1 kg,4,151,101,97,0,0
TXN-20260529-SKU-COKE-750,2026-05-29,SKU-COKE-750,Coca-Cola 750 ml,8,35,384,376,0,0
TXN-20260529-SKU-COLGATE-200,2026-05-29,SKU-COLGATE-200,Colgate Toothpaste 200 g,2,114,78,76,0,0
TXN-20260529-SKU-DALIA-500,2026-05-29,SKU-DALIA-500,Dalia 500 g,1,32,34,33,0,0
TXN-20260529-SKU-HALDI-100,2026-05-29,SKU-HALDI-100,Turmeric Powder 100 g,3,26,103,100,0,0
TXN-20260529-SKU-HARPIC-500,2026-05-29,SKU-HARPIC-500,Harpic 500 ml,1,114,47,46,0,0
TXN-20260529-SKU-LAYS-52,2026-05-29,SKU-LAYS-52,Lays Classic 52 g,8,19,353,345,0,0
TXN-20260529-SKU-LIFEBUOY-4,2026-05-29,SKU-LIFEBUOY-4,Lifebuoy Soap 4 x 100 g,2,122,80,78,0,0
TXN-20260529-SKU-MAGGI-280,2026-05-29,SKU-MAGGI-280,Maggi Noodles 280 g,8,59,339,331,0,0
TXN-20260529-SKU-MAIDA-1K,2026-05-29,SKU-MAIDA-1K,Maida 1 kg,4,43,131,127,0,0
TXN-20260529-SKU-MIRCH-100,2026-05-29,SKU-MIRCH-100,Red Chilli Powder 100 g,2,37,67,65,0,0
TXN-20260529-SKU-MOONG-1K,2026-05-29,SKU-MOONG-1K,Moong Dal 1 kg,4,125,98,94,0,0
TXN-20260529-SKU-MUST-1L,2026-05-29,SKU-MUST-1L,Fortune Mustard Oil 1 L,2,206,131,129,0,0
TXN-20260529-SKU-OIL-1L,2026-05-29,SKU-OIL-1L,Sunpure Cooking Oil 1 L,6,124,198,192,0,0
TXN-20260529-SKU-PARLE-G,2026-05-29,SKU-PARLE-G,Parle-G Biscuit 250 g,17,23,515,498,0,0
TXN-20260529-SKU-POHA-500,2026-05-29,SKU-POHA-500,Poha 500 g,2,30,73,71,0,0
TXN-20260529-SKU-RAJMA-1K,2026-05-29,SKU-RAJMA-1K,Rajma 1 kg,2,159,95,93,0,0
TXN-20260529-SKU-RICE-1K,2026-05-29,SKU-RICE-1K,Sona Masoori Rice 1 kg,10,66,351,341,0,0
TXN-20260529-SKU-SALT-1K,2026-05-29,SKU-SALT-1K,Tata Salt 1 kg,10,26,269,259,0,0
TXN-20260529-SKU-SUG-1K,2026-05-29,SKU-SUG-1K,Sugar 1 kg,9,46,256,247,0,0
TXN-20260529-SKU-SUJI-500,2026-05-29,SKU-SUJI-500,Suji 500 g,3,31,69,66,0,0
TXN-20260529-SKU-TEA-250,2026-05-29,SKU-TEA-250,Tata Tea Gold 250 g,6,160,166,160,0,0
TXN-20260529-SKU-TOOR-1K,2026-05-29,SKU-TOOR-1K,Toor Dal 1 kg,8,167,200,192,0,0
TXN-20260529-SKU-VIM-500,2026-05-29,SKU-VIM-500,Vim Bar 500 g,4,46,105,101,0,0
TXN-20260529-SKU-WATER-1L,2026-05-29,SKU-WATER-1L,Bisleri Water 1 L,10,18,512,502,0,0
TXN-20260530-SKU-ATTA-5K,2026-05-30,SKU-ATTA-5K,Aashirvaad Atta 5 kg,5,238,184,179,0,0
TXN-20260530-SKU-BAS-5K,2026-05-30,SKU-BAS-5K,India Gate Basmati 5 kg,0,597,34,34,0,0
TXN-20260530-SKU-BESAN-500,2026-05-30,SKU-BESAN-500,Besan 500 g,5,60,121,116,0,0
TXN-20260530-SKU-BREAD-400,2026-05-30,SKU-BREAD-400,Brown Bread 400 g,6,51,228,222,0,0
TXN-20260530-SKU-CHANA-1K,2026-05-30,SKU-CHANA-1K,Kabuli Chana 1 kg,3,151,97,94,0,0
TXN-20260530-SKU-COKE-750,2026-05-30,SKU-COKE-750,Coca-Cola 750 ml,5,35,376,371,0,0
TXN-20260530-SKU-COLGATE-200,2026-05-30,SKU-COLGATE-200,Colgate Toothpaste 200 g,2,114,76,74,0,0
TXN-20260530-SKU-DALIA-500,2026-05-30,SKU-DALIA-500,Dalia 500 g,1,32,33,32,0,0
TXN-20260530-SKU-HALDI-100,2026-05-30,SKU-HALDI-100,Turmeric Powder 100 g,4,26,100,96,0,0
TXN-20260530-SKU-HARPIC-500,2026-05-30,SKU-HARPIC-500,Harpic 500 ml,1,114,46,45,0,0
TXN-20260530-SKU-LAYS-52,2026-05-30,SKU-LAYS-52,Lays Classic 52 g,10,19,345,335,0,0
TXN-20260530-SKU-LIFEBUOY-4,2026-05-30,SKU-LIFEBUOY-4,Lifebuoy Soap 4 x 100 g,3,122,78,75,0,0
TXN-20260530-SKU-MAGGI-280,2026-05-30,SKU-MAGGI-280,Maggi Noodles 280 g,12,59,331,319,0,0
TXN-20260530-SKU-MAIDA-1K,2026-05-30,SKU-MAIDA-1K,Maida 1 kg,5,43,127,122,0,0
TXN-20260530-SKU-MIRCH-100,2026-05-30,SKU-MIRCH-100,Red Chilli Powder 100 g,2,37,65,63,0,0
TXN-20260530-SKU-MOONG-1K,2026-05-30,SKU-MOONG-1K,Moong Dal 1 kg,3,125,94,91,0,0
TXN-20260530-SKU-MUST-1L,2026-05-30,SKU-MUST-1L,Fortune Mustard Oil 1 L,5,206,129,124,0,0
TXN-20260530-SKU-OIL-1L,2026-05-30,SKU-OIL-1L,Sunpure Cooking Oil 1 L,7,124,192,185,0,0
TXN-20260530-SKU-PARLE-G,2026-05-30,SKU-PARLE-G,Parle-G Biscuit 250 g,16,23,498,482,0,0
TXN-20260530-SKU-POHA-500,2026-05-30,SKU-POHA-500,Poha 500 g,2,30,71,69,0,0
TXN-20260530-SKU-RAJMA-1K,2026-05-30,SKU-RAJMA-1K,Rajma 1 kg,2,159,93,91,0,0
TXN-20260530-SKU-RICE-1K,2026-05-30,SKU-RICE-1K,Sona Masoori Rice 1 kg,13,66,341,328,0,0
TXN-20260530-SKU-SALT-1K,2026-05-30,SKU-SALT-1K,Tata Salt 1 kg,4,26,259,255,0,0
TXN-20260530-SKU-SUG-1K,2026-05-30,SKU-SUG-1K,Sugar 1 kg,6,46,247,241,0,0
TXN-20260530-SKU-SUJI-500,2026-05-30,SKU-SUJI-500,Suji 500 g,2,31,66,64,0,0
TXN-20260530-SKU-TEA-250,2026-05-30,SKU-TEA-250,Tata Tea Gold 250 g,4,160,160,156,0,0
TXN-20260530-SKU-TOOR-1K,2026-05-30,SKU-TOOR-1K,Toor Dal 1 kg,8,167,192,184,0,0
TXN-20260530-SKU-VIM-500,2026-05-30,SKU-VIM-500,Vim Bar 500 g,2,46,101,99,0,0
TXN-20260530-SKU-WATER-1L,2026-05-30,SKU-WATER-1L,Bisleri Water 1 L,11,18,502,491,0,0
TXN-20260531-SKU-ATTA-5K,2026-05-31,SKU-ATTA-5K,Aashirvaad Atta 5 kg,3,238,179,176,0,0
TXN-20260531-SKU-BAS-5K,2026-05-31,SKU-BAS-5K,India Gate Basmati 5 kg,1,597,34,33,0,0
TXN-20260531-SKU-BESAN-500,2026-05-31,SKU-BESAN-500,Besan 500 g,3,60,116,113,0,0
TXN-20260531-SKU-BREAD-400,2026-05-31,SKU-BREAD-400,Brown Bread 400 g,5,51,222,217,0,0
TXN-20260531-SKU-CHANA-1K,2026-05-31,SKU-CHANA-1K,Kabuli Chana 1 kg,3,151,94,91,0,0
TXN-20260531-SKU-COKE-750,2026-05-31,SKU-COKE-750,Coca-Cola 750 ml,8,35,371,363,0,0
TXN-20260531-SKU-COLGATE-200,2026-05-31,SKU-COLGATE-200,Colgate Toothpaste 200 g,1,114,74,73,0,0
TXN-20260531-SKU-DALIA-500,2026-05-31,SKU-DALIA-500,Dalia 500 g,1,32,32,31,0,0
TXN-20260531-SKU-HALDI-100,2026-05-31,SKU-HALDI-100,Turmeric Powder 100 g,4,26,96,92,0,0
TXN-20260531-SKU-HARPIC-500,2026-05-31,SKU-HARPIC-500,Harpic 500 ml,1,114,45,44,0,0
TXN-20260531-SKU-LAYS-52,2026-05-31,SKU-LAYS-52,Lays Classic 52 g,10,19,335,325,0,0
TXN-20260531-SKU-LIFEBUOY-4,2026-05-31,SKU-LIFEBUOY-4,Lifebuoy Soap 4 x 100 g,2,122,75,73,0,0
TXN-20260531-SKU-MAGGI-280,2026-05-31,SKU-MAGGI-280,Maggi Noodles 280 g,8,59,319,311,0,0
TXN-20260531-SKU-MAIDA-1K,2026-05-31,SKU-MAIDA-1K,Maida 1 kg,4,43,122,118,0,0
TXN-20260531-SKU-MIRCH-100,2026-05-31,SKU-MIRCH-100,Red Chilli Powder 100 g,2,37,63,61,0,0
TXN-20260531-SKU-MOONG-1K,2026-05-31,SKU-MOONG-1K,Moong Dal 1 kg,3,125,91,88,0,0
TXN-20260531-SKU-MUST-1L,2026-05-31,SKU-MUST-1L,Fortune Mustard Oil 1 L,3,206,124,121,0,0
TXN-20260531-SKU-OIL-1L,2026-05-31,SKU-OIL-1L,Sunpure Cooking Oil 1 L,6,124,185,179,0,0
TXN-20260531-SKU-PARLE-G,2026-05-31,SKU-PARLE-G,Parle-G Biscuit 250 g,14,23,482,468,0,0
TXN-20260531-SKU-POHA-500,2026-05-31,SKU-POHA-500,Poha 500 g,2,30,69,67,0,0
TXN-20260531-SKU-RAJMA-1K,2026-05-31,SKU-RAJMA-1K,Rajma 1 kg,3,159,91,88,0,0
TXN-20260531-SKU-RICE-1K,2026-05-31,SKU-RICE-1K,Sona Masoori Rice 1 kg,8,66,328,320,0,0
TXN-20260531-SKU-SALT-1K,2026-05-31,SKU-SALT-1K,Tata Salt 1 kg,6,26,255,249,0,0
TXN-20260531-SKU-SUG-1K,2026-05-31,SKU-SUG-1K,Sugar 1 kg,8,46,241,233,0,0
TXN-20260531-SKU-SUJI-500,2026-05-31,SKU-SUJI-500,Suji 500 g,3,31,64,61,0,0
TXN-20260531-SKU-TEA-250,2026-05-31,SKU-TEA-250,Tata Tea Gold 250 g,6,160,156,150,0,0
TXN-20260531-SKU-TOOR-1K,2026-05-31,SKU-TOOR-1K,Toor Dal 1 kg,5,167,184,179,0,0
TXN-20260531-SKU-VIM-500,2026-05-31,SKU-VIM-500,Vim Bar 500 g,2,46,99,97,0,0
TXN-20260531-SKU-WATER-1L,2026-05-31,SKU-WATER-1L,Bisleri Water 1 L,9,18,491,482,0,0
TXN-20260601-SKU-ATTA-5K,2026-06-01,SKU-ATTA-5K,Aashirvaad Atta 5 kg,8,238,176,168,0,0
TXN-20260601-SKU-BAS-5K,2026-06-01,SKU-BAS-5K,India Gate Basmati 5 kg,0,597,33,33,0,0
TXN-20260601-SKU-BESAN-500,2026-06-01,SKU-BESAN-500,Besan 500 g,3,60,113,110,0,0
TXN-20260601-SKU-BREAD-400,2026-06-01,SKU-BREAD-400,Brown Bread 400 g,6,51,217,211,0,0
TXN-20260601-SKU-CHANA-1K,2026-06-01,SKU-CHANA-1K,Kabuli Chana 1 kg,2,151,91,89,0,0
TXN-20260601-SKU-COKE-750,2026-06-01,SKU-COKE-750,Coca-Cola 750 ml,5,35,363,358,0,0
TXN-20260601-SKU-COLGATE-200,2026-06-01,SKU-COLGATE-200,Colgate Toothpaste 200 g,2,114,73,71,0,0
TXN-20260601-SKU-DALIA-500,2026-06-01,SKU-DALIA-500,Dalia 500 g,0,32,31,31,0,0
TXN-20260601-SKU-HALDI-100,2026-06-01,SKU-HALDI-100,Turmeric Powder 100 g,3,26,92,89,0,0
TXN-20260601-SKU-HARPIC-500,2026-06-01,SKU-HARPIC-500,Harpic 500 ml,0,114,44,44,0,0
TXN-20260601-SKU-LAYS-52,2026-06-01,SKU-LAYS-52,Lays Classic 52 g,12,19,325,313,0,0
TXN-20260601-SKU-LIFEBUOY-4,2026-06-01,SKU-LIFEBUOY-4,Lifebuoy Soap 4 x 100 g,0,122,73,73,0,0
TXN-20260601-SKU-MAGGI-280,2026-06-01,SKU-MAGGI-280,Maggi Noodles 280 g,6,59,311,305,0,0
TXN-20260601-SKU-MAIDA-1K,2026-06-01,SKU-MAIDA-1K,Maida 1 kg,5,43,118,113,0,0
TXN-20260601-SKU-MIRCH-100,2026-06-01,SKU-MIRCH-100,Red Chilli Powder 100 g,1,37,61,60,0,0
TXN-20260601-SKU-MOONG-1K,2026-06-01,SKU-MOONG-1K,Moong Dal 1 kg,2,125,88,86,0,0
TXN-20260601-SKU-MUST-1L,2026-06-01,SKU-MUST-1L,Fortune Mustard Oil 1 L,6,206,121,115,0,0
TXN-20260601-SKU-OIL-1L,2026-06-01,SKU-OIL-1L,Sunpure Cooking Oil 1 L,7,124,179,172,0,0
TXN-20260601-SKU-PARLE-G,2026-06-01,SKU-PARLE-G,Parle-G Biscuit 250 g,8,23,468,460,0,0
TXN-20260601-SKU-POHA-500,2026-06-01,SKU-POHA-500,Poha 500 g,2,30,67,65,0,0
TXN-20260601-SKU-RAJMA-1K,2026-06-01,SKU-RAJMA-1K,Rajma 1 kg,4,159,88,84,0,0
TXN-20260601-SKU-RICE-1K,2026-06-01,SKU-RICE-1K,Sona Masoori Rice 1 kg,12,66,320,308,0,0
TXN-20260601-SKU-SALT-1K,2026-06-01,SKU-SALT-1K,Tata Salt 1 kg,6,26,249,243,0,0
TXN-20260601-SKU-SUG-1K,2026-06-01,SKU-SUG-1K,Sugar 1 kg,8,46,233,225,0,0
TXN-20260601-SKU-SUJI-500,2026-06-01,SKU-SUJI-500,Suji 500 g,1,31,61,60,0,0
TXN-20260601-SKU-TEA-250,2026-06-01,SKU-TEA-250,Tata Tea Gold 250 g,6,160,150,144,0,0
TXN-20260601-SKU-TOOR-1K,2026-06-01,SKU-TOOR-1K,Toor Dal 1 kg,5,167,179,174,0,0
TXN-20260601-SKU-VIM-500,2026-06-01,SKU-VIM-500,Vim Bar 500 g,4,46,97,93,0,0
TXN-20260601-SKU-WATER-1L,2026-06-01,SKU-WATER-1L,Bisleri Water 1 L,10,18,482,472,0,0
TXN-20260602-SKU-ATTA-5K,2026-06-02,SKU-ATTA-5K,Aashirvaad Atta 5 kg,7,238,168,161,0,0
TXN-20260602-SKU-BAS-5K,2026-06-02,SKU-BAS-5K,India Gate Basmati 5 kg,1,597,33,32,0,0
TXN-20260602-SKU-BESAN-500,2026-06-02,SKU-BESAN-500,Besan 500 g,5,60,110,105,0,0
TXN-20260602-SKU-BREAD-400,2026-06-02,SKU-BREAD-400,Brown Bread 400 g,5,51,211,206,0,0
TXN-20260602-SKU-CHANA-1K,2026-06-02,SKU-CHANA-1K,Kabuli Chana 1 kg,5,151,89,84,0,0
TXN-20260602-SKU-COKE-750,2026-06-02,SKU-COKE-750,Coca-Cola 750 ml,8,35,358,350,0,0
TXN-20260602-SKU-COLGATE-200,2026-06-02,SKU-COLGATE-200,Colgate Toothpaste 200 g,3,114,71,68,0,0
TXN-20260602-SKU-DALIA-500,2026-06-02,SKU-DALIA-500,Dalia 500 g,1,32,31,30,0,0
TXN-20260602-SKU-HALDI-100,2026-06-02,SKU-HALDI-100,Turmeric Powder 100 g,2,26,89,87,0,0
TXN-20260602-SKU-HARPIC-500,2026-06-02,SKU-HARPIC-500,Harpic 500 ml,0,114,44,44,0,0
TXN-20260602-SKU-LAYS-52,2026-06-02,SKU-LAYS-52,Lays Classic 52 g,10,19,313,303,0,0
TXN-20260602-SKU-LIFEBUOY-4,2026-06-02,SKU-LIFEBUOY-4,Lifebuoy Soap 4 x 100 g,2,122,73,71,0,0
TXN-20260602-SKU-MAGGI-280,2026-06-02,SKU-MAGGI-280,Maggi Noodles 280 g,8,59,305,297,0,0
TXN-20260602-SKU-MAIDA-1K,2026-06-02,SKU-MAIDA-1K,Maida 1 kg,2,43,113,111,0,0
TXN-20260602-SKU-MIRCH-100,2026-06-02,SKU-MIRCH-100,Red Chilli Powder 100 g,2,37,60,58,0,0
TXN-20260602-SKU-MOONG-1K,2026-06-02,SKU-MOONG-1K,Moong Dal 1 kg,2,125,86,84,0,0
TXN-20260602-SKU-MUST-1L,2026-06-02,SKU-MUST-1L,Fortune Mustard Oil 1 L,4,206,115,111,0,0
TXN-20260602-SKU-OIL-1L,2026-06-02,SKU-OIL-1L,Sunpure Cooking Oil 1 L,7,124,172,165,0,0
TXN-20260602-SKU-PARLE-G,2026-06-02,SKU-PARLE-G,Parle-G Biscuit 250 g,12,23,460,448,0,0
TXN-20260602-SKU-POHA-500,2026-06-02,SKU-POHA-500,Poha 500 g,2,30,65,63,0,0
TXN-20260602-SKU-RAJMA-1K,2026-06-02,SKU-RAJMA-1K,Rajma 1 kg,3,159,84,81,0,0
TXN-20260602-SKU-RICE-1K,2026-06-02,SKU-RICE-1K,Sona Masoori Rice 1 kg,9,66,308,299,0,0
TXN-20260602-SKU-SALT-1K,2026-06-02,SKU-SALT-1K,Tata Salt 1 kg,3,26,243,240,0,0
TXN-20260602-SKU-SUG-1K,2026-06-02,SKU-SUG-1K,Sugar 1 kg,6,46,225,219,0,0
TXN-20260602-SKU-SUJI-500,2026-06-02,SKU-SUJI-500,Suji 500 g,1,31,60,59,0,0
TXN-20260602-SKU-TEA-250,2026-06-02,SKU-TEA-250,Tata Tea Gold 250 g,5,160,144,139,0,0
TXN-20260602-SKU-TOOR-1K,2026-06-02,SKU-TOOR-1K,Toor Dal 1 kg,7,167,174,167,0,0
TXN-20260602-SKU-VIM-500,2026-06-02,SKU-VIM-500,Vim Bar 500 g,2,46,93,91,0,0
TXN-20260602-SKU-WATER-1L,2026-06-02,SKU-WATER-1L,Bisleri Water 1 L,11,18,472,461,0,0
TXN-20260603-SKU-ATTA-5K,2026-06-03,SKU-ATTA-5K,Aashirvaad Atta 5 kg,5,238,161,156,0,0
TXN-20260603-SKU-BAS-5K,2026-06-03,SKU-BAS-5K,India Gate Basmati 5 kg,0,597,32,32,0,0
TXN-20260603-SKU-BESAN-500,2026-06-03,SKU-BESAN-500,Besan 500 g,3,60,105,102,0,0
TXN-20260603-SKU-BREAD-400,2026-06-03,SKU-BREAD-400,Brown Bread 400 g,6,51,206,200,0,0
TXN-20260603-SKU-CHANA-1K,2026-06-03,SKU-CHANA-1K,Kabuli Chana 1 kg,6,151,84,78,0,0
TXN-20260603-SKU-COKE-750,2026-06-03,SKU-COKE-750,Coca-Cola 750 ml,9,35,350,341,0,0
TXN-20260603-SKU-COLGATE-200,2026-06-03,SKU-COLGATE-200,Colgate Toothpaste 200 g,3,114,68,65,0,0
TXN-20260603-SKU-DALIA-500,2026-06-03,SKU-DALIA-500,Dalia 500 g,1,32,30,29,0,0
TXN-20260603-SKU-HALDI-100,2026-06-03,SKU-HALDI-100,Turmeric Powder 100 g,3,26,87,84,0,0
TXN-20260603-SKU-HARPIC-500,2026-06-03,SKU-HARPIC-500,Harpic 500 ml,1,114,44,43,0,0
TXN-20260603-SKU-LAYS-52,2026-06-03,SKU-LAYS-52,Lays Classic 52 g,14,19,303,289,0,0
TXN-20260603-SKU-LIFEBUOY-4,2026-06-03,SKU-LIFEBUOY-4,Lifebuoy Soap 4 x 100 g,3,122,71,68,0,0
TXN-20260603-SKU-MAGGI-280,2026-06-03,SKU-MAGGI-280,Maggi Noodles 280 g,11,59,297,286,0,0
TXN-20260603-SKU-MAIDA-1K,2026-06-03,SKU-MAIDA-1K,Maida 1 kg,6,43,111,105,0,0
TXN-20260603-SKU-MIRCH-100,2026-06-03,SKU-MIRCH-100,Red Chilli Powder 100 g,2,37,58,56,0,0
TXN-20260603-SKU-MOONG-1K,2026-06-03,SKU-MOONG-1K,Moong Dal 1 kg,1,125,84,83,0,0
TXN-20260603-SKU-MUST-1L,2026-06-03,SKU-MUST-1L,Fortune Mustard Oil 1 L,4,206,111,107,0,0
TXN-20260603-SKU-OIL-1L,2026-06-03,SKU-OIL-1L,Sunpure Cooking Oil 1 L,7,124,165,158,0,0
TXN-20260603-SKU-PARLE-G,2026-06-03,SKU-PARLE-G,Parle-G Biscuit 250 g,16,23,448,432,0,0
TXN-20260603-SKU-POHA-500,2026-06-03,SKU-POHA-500,Poha 500 g,2,30,63,61,0,0
TXN-20260603-SKU-RAJMA-1K,2026-06-03,SKU-RAJMA-1K,Rajma 1 kg,3,159,81,78,0,0
TXN-20260603-SKU-RICE-1K,2026-06-03,SKU-RICE-1K,Sona Masoori Rice 1 kg,9,66,299,290,0,0
TXN-20260603-SKU-SALT-1K,2026-06-03,SKU-SALT-1K,Tata Salt 1 kg,6,26,240,234,0,0
TXN-20260603-SKU-SUG-1K,2026-06-03,SKU-SUG-1K,Sugar 1 kg,10,46,219,209,0,0
TXN-20260603-SKU-SUJI-500,2026-06-03,SKU-SUJI-500,Suji 500 g,2,31,59,57,0,0
TXN-20260603-SKU-TEA-250,2026-06-03,SKU-TEA-250,Tata Tea Gold 250 g,4,160,139,135,0,0
TXN-20260603-SKU-TOOR-1K,2026-06-03,SKU-TOOR-1K,Toor Dal 1 kg,7,167,167,160,0,0
TXN-20260603-SKU-VIM-500,2026-06-03,SKU-VIM-500,Vim Bar 500 g,3,46,91,88,0,0
TXN-20260603-SKU-WATER-1L,2026-06-03,SKU-WATER-1L,Bisleri Water 1 L,12,18,461,449,0,0
TXN-20260604-SKU-ATTA-5K,2026-06-04,SKU-ATTA-5K,Aashirvaad Atta 5 kg,6,238,156,150,0,0
TXN-20260604-SKU-BAS-5K,2026-06-04,SKU-BAS-5K,India Gate Basmati 5 kg,2,597,32,30,0,0
TXN-20260604-SKU-BESAN-500,2026-06-04,SKU-BESAN-500,Besan 500 g,4,60,102,98,0,0
TXN-20260604-SKU-BREAD-400,2026-06-04,SKU-BREAD-400,Brown Bread 400 g,7,51,200,193,0,0
TXN-20260604-SKU-CHANA-1K,2026-06-04,SKU-CHANA-1K,Kabuli Chana 1 kg,2,151,78,76,0,0
TXN-20260604-SKU-COKE-750,2026-06-04,SKU-COKE-750,Coca-Cola 750 ml,10,35,341,331,0,0
TXN-20260604-SKU-COLGATE-200,2026-06-04,SKU-COLGATE-200,Colgate Toothpaste 200 g,2,114,65,63,0,0
TXN-20260604-SKU-DALIA-500,2026-06-04,SKU-DALIA-500,Dalia 500 g,1,32,29,28,0,0
TXN-20260604-SKU-HALDI-100,2026-06-04,SKU-HALDI-100,Turmeric Powder 100 g,3,26,84,81,0,0
TXN-20260604-SKU-HARPIC-500,2026-06-04,SKU-HARPIC-500,Harpic 500 ml,1,114,43,42,0,0
TXN-20260604-SKU-LAYS-52,2026-06-04,SKU-LAYS-52,Lays Classic 52 g,7,19,289,282,0,0
TXN-20260604-SKU-LIFEBUOY-4,2026-06-04,SKU-LIFEBUOY-4,Lifebuoy Soap 4 x 100 g,2,122,68,66,0,0
TXN-20260604-SKU-MAGGI-280,2026-06-04,SKU-MAGGI-280,Maggi Noodles 280 g,11,59,286,275,0,0
TXN-20260604-SKU-MAIDA-1K,2026-06-04,SKU-MAIDA-1K,Maida 1 kg,4,43,105,101,0,0
TXN-20260604-SKU-MIRCH-100,2026-06-04,SKU-MIRCH-100,Red Chilli Powder 100 g,1,37,56,55,0,0
TXN-20260604-SKU-MOONG-1K,2026-06-04,SKU-MOONG-1K,Moong Dal 1 kg,3,125,83,80,0,0
TXN-20260604-SKU-MUST-1L,2026-06-04,SKU-MUST-1L,Fortune Mustard Oil 1 L,4,206,107,103,0,0
TXN-20260604-SKU-OIL-1L,2026-06-04,SKU-OIL-1L,Sunpure Cooking Oil 1 L,9,124,158,149,0,0
TXN-20260604-SKU-PARLE-G,2026-06-04,SKU-PARLE-G,Parle-G Biscuit 250 g,11,23,432,421,0,0
TXN-20260604-SKU-POHA-500,2026-06-04,SKU-POHA-500,Poha 500 g,3,30,61,58,0,0
TXN-20260604-SKU-RAJMA-1K,2026-06-04,SKU-RAJMA-1K,Rajma 1 kg,3,159,78,75,0,0
TXN-20260604-SKU-RICE-1K,2026-06-04,SKU-RICE-1K,Sona Masoori Rice 1 kg,11,66,290,279,0,0
TXN-20260604-SKU-SALT-1K,2026-06-04,SKU-SALT-1K,Tata Salt 1 kg,8,26,234,226,0,0
TXN-20260604-SKU-SUG-1K,2026-06-04,SKU-SUG-1K,Sugar 1 kg,6,46,209,203,0,0
TXN-20260604-SKU-SUJI-500,2026-06-04,SKU-SUJI-500,Suji 500 g,1,31,57,56,0,0
TXN-20260604-SKU-TEA-250,2026-06-04,SKU-TEA-250,Tata Tea Gold 250 g,5,160,135,130,0,0
TXN-20260604-SKU-TOOR-1K,2026-06-04,SKU-TOOR-1K,Toor Dal 1 kg,8,167,160,152,0,0
TXN-20260604-SKU-VIM-500,2026-06-04,SKU-VIM-500,Vim Bar 500 g,2,46,88,86,0,0
TXN-20260604-SKU-WATER-1L,2026-06-04,SKU-WATER-1L,Bisleri Water 1 L,9,18,449,440,0,0
TXN-20260605-SKU-ATTA-5K,2026-06-05,SKU-ATTA-5K,Aashirvaad Atta 5 kg,5,238,150,145,0,0
TXN-20260605-SKU-BAS-5K,2026-06-05,SKU-BAS-5K,India Gate Basmati 5 kg,1,597,30,29,0,0
TXN-20260605-SKU-BESAN-500,2026-06-05,SKU-BESAN-500,Besan 500 g,4,60,98,94,0,0
TXN-20260605-SKU-BREAD-400,2026-06-05,SKU-BREAD-400,Brown Bread 400 g,6,51,193,187,0,0
TXN-20260605-SKU-CHANA-1K,2026-06-05,SKU-CHANA-1K,Kabuli Chana 1 kg,3,151,76,73,0,0
TXN-20260605-SKU-COKE-750,2026-06-05,SKU-COKE-750,Coca-Cola 750 ml,7,35,331,324,0,0
TXN-20260605-SKU-COLGATE-200,2026-06-05,SKU-COLGATE-200,Colgate Toothpaste 200 g,3,114,63,60,0,0
TXN-20260605-SKU-DALIA-500,2026-06-05,SKU-DALIA-500,Dalia 500 g,0,32,28,28,0,0
TXN-20260605-SKU-HALDI-100,2026-06-05,SKU-HALDI-100,Turmeric Powder 100 g,4,26,81,77,0,0
TXN-20260605-SKU-HARPIC-500,2026-06-05,SKU-HARPIC-500,Harpic 500 ml,0,114,42,42,0,0
TXN-20260605-SKU-LAYS-52,2026-06-05,SKU-LAYS-52,Lays Classic 52 g,7,19,282,275,0,0
TXN-20260605-SKU-LIFEBUOY-4,2026-06-05,SKU-LIFEBUOY-4,Lifebuoy Soap 4 x 100 g,2,122,66,64,0,0
TXN-20260605-SKU-MAGGI-280,2026-06-05,SKU-MAGGI-280,Maggi Noodles 280 g,10,59,275,265,0,0
TXN-20260605-SKU-MAIDA-1K,2026-06-05,SKU-MAIDA-1K,Maida 1 kg,5,43,101,96,0,0
TXN-20260605-SKU-MIRCH-100,2026-06-05,SKU-MIRCH-100,Red Chilli Powder 100 g,1,37,55,54,0,0
TXN-20260605-SKU-MOONG-1K,2026-06-05,SKU-MOONG-1K,Moong Dal 1 kg,3,125,80,77,0,0
TXN-20260605-SKU-MUST-1L,2026-06-05,SKU-MUST-1L,Fortune Mustard Oil 1 L,3,206,103,100,0,0
TXN-20260605-SKU-OIL-1L,2026-06-05,SKU-OIL-1L,Sunpure Cooking Oil 1 L,7,124,149,142,0,0
TXN-20260605-SKU-PARLE-G,2026-06-05,SKU-PARLE-G,Parle-G Biscuit 250 g,12,23,421,409,0,0
TXN-20260605-SKU-POHA-500,2026-06-05,SKU-POHA-500,Poha 500 g,2,30,58,56,0,0
TXN-20260605-SKU-RAJMA-1K,2026-06-05,SKU-RAJMA-1K,Rajma 1 kg,2,159,75,73,0,0
TXN-20260605-SKU-RICE-1K,2026-06-05,SKU-RICE-1K,Sona Masoori Rice 1 kg,10,66,279,269,0,0
TXN-20260605-SKU-SALT-1K,2026-06-05,SKU-SALT-1K,Tata Salt 1 kg,7,26,226,219,0,0
TXN-20260605-SKU-SUG-1K,2026-06-05,SKU-SUG-1K,Sugar 1 kg,8,46,203,195,0,0
TXN-20260605-SKU-SUJI-500,2026-06-05,SKU-SUJI-500,Suji 500 g,3,31,56,53,0,0
TXN-20260605-SKU-TEA-250,2026-06-05,SKU-TEA-250,Tata Tea Gold 250 g,5,160,130,125,0,0
TXN-20260605-SKU-TOOR-1K,2026-06-05,SKU-TOOR-1K,Toor Dal 1 kg,5,167,152,147,0,0
TXN-20260605-SKU-VIM-500,2026-06-05,SKU-VIM-500,Vim Bar 500 g,3,46,86,83,0,0
TXN-20260605-SKU-WATER-1L,2026-06-05,SKU-WATER-1L,Bisleri Water 1 L,11,18,440,429,0,0
TXN-20260606-SKU-ATTA-5K,2026-06-06,SKU-ATTA-5K,Aashirvaad Atta 5 kg,8,238,145,137,0,0
TXN-20260606-SKU-BAS-5K,2026-06-06,SKU-BAS-5K,India Gate Basmati 5 kg,1,597,29,28,0,0
TXN-20260606-SKU-BESAN-500,2026-06-06,SKU-BESAN-500,Besan 500 g,4,60,94,90,0,0
TXN-20260606-SKU-BREAD-400,2026-06-06,SKU-BREAD-400,Brown Bread 400 g,6,51,187,181,0,0
TXN-20260606-SKU-CHANA-1K,2026-06-06,SKU-CHANA-1K,Kabuli Chana 1 kg,3,151,73,70,0,0
TXN-20260606-SKU-COKE-750,2026-06-06,SKU-COKE-750,Coca-Cola 750 ml,6,35,324,318,0,0
TXN-20260606-SKU-COLGATE-200,2026-06-06,SKU-COLGATE-200,Colgate Toothpaste 200 g,2,114,60,58,0,0
TXN-20260606-SKU-DALIA-500,2026-06-06,SKU-DALIA-500,Dalia 500 g,0,32,28,28,0,0
TXN-20260606-SKU-HALDI-100,2026-06-06,SKU-HALDI-100,Turmeric Powder 100 g,3,26,77,74,0,0
TXN-20260606-SKU-HARPIC-500,2026-06-06,SKU-HARPIC-500,Harpic 500 ml,1,114,42,41,0,0
TXN-20260606-SKU-LAYS-52,2026-06-06,SKU-LAYS-52,Lays Classic 52 g,9,19,275,266,0,0
TXN-20260606-SKU-LIFEBUOY-4,2026-06-06,SKU-LIFEBUOY-4,Lifebuoy Soap 4 x 100 g,2,122,64,62,0,0
TXN-20260606-SKU-MAGGI-280,2026-06-06,SKU-MAGGI-280,Maggi Noodles 280 g,7,59,265,258,0,0
TXN-20260606-SKU-MAIDA-1K,2026-06-06,SKU-MAIDA-1K,Maida 1 kg,5,43,96,91,0,0
TXN-20260606-SKU-MIRCH-100,2026-06-06,SKU-MIRCH-100,Red Chilli Powder 100 g,2,37,54,52,0,0
TXN-20260606-SKU-MOONG-1K,2026-06-06,SKU-MOONG-1K,Moong Dal 1 kg,3,125,77,74,0,0
TXN-20260606-SKU-MUST-1L,2026-06-06,SKU-MUST-1L,Fortune Mustard Oil 1 L,4,206,100,96,0,0
TXN-20260606-SKU-OIL-1L,2026-06-06,SKU-OIL-1L,Sunpure Cooking Oil 1 L,5,124,142,137,0,0
TXN-20260606-SKU-PARLE-G,2026-06-06,SKU-PARLE-G,Parle-G Biscuit 250 g,11,23,409,398,0,0
TXN-20260606-SKU-POHA-500,2026-06-06,SKU-POHA-500,Poha 500 g,2,30,56,54,0,0
TXN-20260606-SKU-RAJMA-1K,2026-06-06,SKU-RAJMA-1K,Rajma 1 kg,3,159,73,70,0,0
TXN-20260606-SKU-RICE-1K,2026-06-06,SKU-RICE-1K,Sona Masoori Rice 1 kg,13,66,269,256,0,0
TXN-20260606-SKU-SALT-1K,2026-06-06,SKU-SALT-1K,Tata Salt 1 kg,12,26,219,207,0,0
TXN-20260606-SKU-SUG-1K,2026-06-06,SKU-SUG-1K,Sugar 1 kg,8,46,195,187,0,0
TXN-20260606-SKU-SUJI-500,2026-06-06,SKU-SUJI-500,Suji 500 g,3,31,53,50,0,0
TXN-20260606-SKU-TEA-250,2026-06-06,SKU-TEA-250,Tata Tea Gold 250 g,4,160,125,121,0,0
TXN-20260606-SKU-TOOR-1K,2026-06-06,SKU-TOOR-1K,Toor Dal 1 kg,5,167,147,142,0,0
TXN-20260606-SKU-VIM-500,2026-06-06,SKU-VIM-500,Vim Bar 500 g,2,46,83,81,0,0
TXN-20260606-SKU-WATER-1L,2026-06-06,SKU-WATER-1L,Bisleri Water 1 L,8,18,429,421,0,0
TXN-20260607-SKU-ATTA-5K,2026-06-07,SKU-ATTA-5K,Aashirvaad Atta 5 kg,5,238,137,132,0,0
TXN-20260607-SKU-BAS-5K,2026-06-07,SKU-BAS-5K,India Gate Basmati 5 kg,1,597,28,27,0,0
TXN-20260607-SKU-BESAN-500,2026-06-07,SKU-BESAN-500,Besan 500 g,3,60,90,87,0,0
TXN-20260607-SKU-BREAD-400,2026-06-07,SKU-BREAD-400,Brown Bread 400 g,5,51,181,176,0,0
TXN-20260607-SKU-CHANA-1K,2026-06-07,SKU-CHANA-1K,Kabuli Chana 1 kg,2,151,70,68,0,0
TXN-20260607-SKU-COKE-750,2026-06-07,SKU-COKE-750,Coca-Cola 750 ml,9,35,318,309,0,0
TXN-20260607-SKU-COLGATE-200,2026-06-07,SKU-COLGATE-200,Colgate Toothpaste 200 g,2,114,58,56,0,0
TXN-20260607-SKU-DALIA-500,2026-06-07,SKU-DALIA-500,Dalia 500 g,1,32,28,27,0,0
TXN-20260607-SKU-HALDI-100,2026-06-07,SKU-HALDI-100,Turmeric Powder 100 g,2,26,74,72,0,0
TXN-20260607-SKU-HARPIC-500,2026-06-07,SKU-HARPIC-500,Harpic 500 ml,1,114,41,40,0,0
TXN-20260607-SKU-LAYS-52,2026-06-07,SKU-LAYS-52,Lays Classic 52 g,16,19,266,250,0,0
TXN-20260607-SKU-LIFEBUOY-4,2026-06-07,SKU-LIFEBUOY-4,Lifebuoy Soap 4 x 100 g,2,122,62,60,0,0
TXN-20260607-SKU-MAGGI-280,2026-06-07,SKU-MAGGI-280,Maggi Noodles 280 g,8,59,258,250,0,0
TXN-20260607-SKU-MAIDA-1K,2026-06-07,SKU-MAIDA-1K,Maida 1 kg,4,43,91,87,0,0
TXN-20260607-SKU-MIRCH-100,2026-06-07,SKU-MIRCH-100,Red Chilli Powder 100 g,2,37,52,50,0,0
TXN-20260607-SKU-MOONG-1K,2026-06-07,SKU-MOONG-1K,Moong Dal 1 kg,4,125,74,70,0,0
TXN-20260607-SKU-MUST-1L,2026-06-07,SKU-MUST-1L,Fortune Mustard Oil 1 L,4,206,96,92,0,0
TXN-20260607-SKU-OIL-1L,2026-06-07,SKU-OIL-1L,Sunpure Cooking Oil 1 L,5,124,137,132,0,0
TXN-20260607-SKU-PARLE-G,2026-06-07,SKU-PARLE-G,Parle-G Biscuit 250 g,18,23,398,380,0,0
TXN-20260607-SKU-POHA-500,2026-06-07,SKU-POHA-500,Poha 500 g,3,30,54,51,0,0
TXN-20260607-SKU-RAJMA-1K,2026-06-07,SKU-RAJMA-1K,Rajma 1 kg,3,159,70,67,0,0
TXN-20260607-SKU-RICE-1K,2026-06-07,SKU-RICE-1K,Sona Masoori Rice 1 kg,13,66,256,243,0,0
TXN-20260607-SKU-SALT-1K,2026-06-07,SKU-SALT-1K,Tata Salt 1 kg,10,26,207,197,0,0
TXN-20260607-SKU-SUG-1K,2026-06-07,SKU-SUG-1K,Sugar 1 kg,7,46,187,180,0,0
TXN-20260607-SKU-SUJI-500,2026-06-07,SKU-SUJI-500,Suji 500 g,2,31,50,48,0,0
TXN-20260607-SKU-TEA-250,2026-06-07,SKU-TEA-250,Tata Tea Gold 250 g,5,160,121,116,0,0
TXN-20260607-SKU-TOOR-1K,2026-06-07,SKU-TOOR-1K,Toor Dal 1 kg,7,167,142,135,0,0
TXN-20260607-SKU-VIM-500,2026-06-07,SKU-VIM-500,Vim Bar 500 g,2,46,81,79,0,0
TXN-20260607-SKU-WATER-1L,2026-06-07,SKU-WATER-1L,Bisleri Water 1 L,10,18,421,411,0,0
TXN-20260608-SKU-ATTA-5K,2026-06-08,SKU-ATTA-5K,Aashirvaad Atta 5 kg,5,238,132,127,0,0
TXN-20260608-SKU-BAS-5K,2026-06-08,SKU-BAS-5K,India Gate Basmati 5 kg,0,597,27,27,0,0
TXN-20260608-SKU-BESAN-500,2026-06-08,SKU-BESAN-500,Besan 500 g,5,60,87,82,0,0
TXN-20260608-SKU-BREAD-400,2026-06-08,SKU-BREAD-400,Brown Bread 400 g,6,51,176,170,0,0
TXN-20260608-SKU-CHANA-1K,2026-06-08,SKU-CHANA-1K,Kabuli Chana 1 kg,4,151,68,64,0,0
TXN-20260608-SKU-COKE-750,2026-06-08,SKU-COKE-750,Coca-Cola 750 ml,5,35,309,304,0,0
TXN-20260608-SKU-COLGATE-200,2026-06-08,SKU-COLGATE-200,Colgate Toothpaste 200 g,2,114,56,54,0,0
TXN-20260608-SKU-DALIA-500,2026-06-08,SKU-DALIA-500,Dalia 500 g,0,32,27,27,0,0
TXN-20260608-SKU-HALDI-100,2026-06-08,SKU-HALDI-100,Turmeric Powder 100 g,3,26,72,69,0,0
TXN-20260608-SKU-HARPIC-500,2026-06-08,SKU-HARPIC-500,Harpic 500 ml,1,114,40,39,0,0
TXN-20260608-SKU-LAYS-52,2026-06-08,SKU-LAYS-52,Lays Classic 52 g,12,19,250,238,0,0
TXN-20260608-SKU-LIFEBUOY-4,2026-06-08,SKU-LIFEBUOY-4,Lifebuoy Soap 4 x 100 g,2,122,60,58,0,0
TXN-20260608-SKU-MAGGI-280,2026-06-08,SKU-MAGGI-280,Maggi Noodles 280 g,8,59,250,242,0,0
TXN-20260608-SKU-MAIDA-1K,2026-06-08,SKU-MAIDA-1K,Maida 1 kg,3,43,87,84,0,0
TXN-20260608-SKU-MIRCH-100,2026-06-08,SKU-MIRCH-100,Red Chilli Powder 100 g,3,37,50,47,0,0
TXN-20260608-SKU-MOONG-1K,2026-06-08,SKU-MOONG-1K,Moong Dal 1 kg,4,125,70,66,0,0
TXN-20260608-SKU-MUST-1L,2026-06-08,SKU-MUST-1L,Fortune Mustard Oil 1 L,3,206,92,89,0,0
TXN-20260608-SKU-OIL-1L,2026-06-08,SKU-OIL-1L,Sunpure Cooking Oil 1 L,4,124,132,128,0,0
TXN-20260608-SKU-PARLE-G,2026-06-08,SKU-PARLE-G,Parle-G Biscuit 250 g,16,23,380,364,0,0
TXN-20260608-SKU-POHA-500,2026-06-08,SKU-POHA-500,Poha 500 g,1,30,51,50,0,0
TXN-20260608-SKU-RAJMA-1K,2026-06-08,SKU-RAJMA-1K,Rajma 1 kg,2,159,67,65,0,0
TXN-20260608-SKU-RICE-1K,2026-06-08,SKU-RICE-1K,Sona Masoori Rice 1 kg,12,66,243,231,0,0
TXN-20260608-SKU-SALT-1K,2026-06-08,SKU-SALT-1K,Tata Salt 1 kg,5,26,197,192,0,0
TXN-20260608-SKU-SUG-1K,2026-06-08,SKU-SUG-1K,Sugar 1 kg,7,46,180,173,0,0
TXN-20260608-SKU-SUJI-500,2026-06-08,SKU-SUJI-500,Suji 500 g,2,31,48,46,0,0
TXN-20260608-SKU-TEA-250,2026-06-08,SKU-TEA-250,Tata Tea Gold 250 g,6,160,116,110,0,0
TXN-20260608-SKU-TOOR-1K,2026-06-08,SKU-TOOR-1K,Toor Dal 1 kg,7,167,135,128,0,0
TXN-20260608-SKU-VIM-500,2026-06-08,SKU-VIM-500,Vim Bar 500 g,2,46,79,77,0,0
TXN-20260608-SKU-WATER-1L,2026-06-08,SKU-WATER-1L,Bisleri Water 1 L,10,18,411,401,0,0
TXN-20260609-SKU-ATTA-5K,2026-06-09,SKU-ATTA-5K,Aashirvaad Atta 5 kg,7,238,127,120,0,0
TXN-20260609-SKU-BAS-5K,2026-06-09,SKU-BAS-5K,India Gate Basmati 5 kg,1,597,27,26,0,0
TXN-20260609-SKU-BESAN-500,2026-06-09,SKU-BESAN-500,Besan 500 g,4,60,82,78,0,0
TXN-20260609-SKU-BREAD-400,2026-06-09,SKU-BREAD-400,Brown Bread 400 g,5,51,170,165,0,0
TXN-20260609-SKU-CHANA-1K,2026-06-09,SKU-CHANA-1K,Kabuli Chana 1 kg,3,151,64,61,0,0
TXN-20260609-SKU-COKE-750,2026-06-09,SKU-COKE-750,Coca-Cola 750 ml,5,35,304,299,0,0
TXN-20260609-SKU-COLGATE-200,2026-06-09,SKU-COLGATE-200,Colgate Toothpaste 200 g,2,114,54,52,0,0
TXN-20260609-SKU-DALIA-500,2026-06-09,SKU-DALIA-500,Dalia 500 g,0,32,27,27,0,0
TXN-20260609-SKU-HALDI-100,2026-06-09,SKU-HALDI-100,Turmeric Powder 100 g,5,26,69,64,0,0
TXN-20260609-SKU-HARPIC-500,2026-06-09,SKU-HARPIC-500,Harpic 500 ml,1,114,39,38,0,0
TXN-20260609-SKU-LAYS-52,2026-06-09,SKU-LAYS-52,Lays Classic 52 g,7,19,238,231,0,0
TXN-20260609-SKU-LIFEBUOY-4,2026-06-09,SKU-LIFEBUOY-4,Lifebuoy Soap 4 x 100 g,0,122,58,58,0,0
TXN-20260609-SKU-MAGGI-280,2026-06-09,SKU-MAGGI-280,Maggi Noodles 280 g,12,59,242,230,0,0
TXN-20260609-SKU-MAIDA-1K,2026-06-09,SKU-MAIDA-1K,Maida 1 kg,3,43,84,81,0,0
TXN-20260609-SKU-MIRCH-100,2026-06-09,SKU-MIRCH-100,Red Chilli Powder 100 g,3,37,47,44,0,0
TXN-20260609-SKU-MOONG-1K,2026-06-09,SKU-MOONG-1K,Moong Dal 1 kg,2,125,66,64,0,0
TXN-20260609-SKU-MUST-1L,2026-06-09,SKU-MUST-1L,Fortune Mustard Oil 1 L,5,206,89,84,0,0
TXN-20260609-SKU-OIL-1L,2026-06-09,SKU-OIL-1L,Sunpure Cooking Oil 1 L,4,124,128,124,0,0
TXN-20260609-SKU-PARLE-G,2026-06-09,SKU-PARLE-G,Parle-G Biscuit 250 g,12,23,364,352,0,0
TXN-20260609-SKU-POHA-500,2026-06-09,SKU-POHA-500,Poha 500 g,2,30,50,48,0,0
TXN-20260609-SKU-RAJMA-1K,2026-06-09,SKU-RAJMA-1K,Rajma 1 kg,2,159,65,63,0,0
TXN-20260609-SKU-RICE-1K,2026-06-09,SKU-RICE-1K,Sona Masoori Rice 1 kg,11,66,231,220,0,0
TXN-20260609-SKU-SALT-1K,2026-06-09,SKU-SALT-1K,Tata Salt 1 kg,12,26,192,180,0,0
TXN-20260609-SKU-SUG-1K,2026-06-09,SKU-SUG-1K,Sugar 1 kg,9,46,173,164,0,0
TXN-20260609-SKU-SUJI-500,2026-06-09,SKU-SUJI-500,Suji 500 g,2,31,46,44,0,0
TXN-20260609-SKU-TEA-250,2026-06-09,SKU-TEA-250,Tata Tea Gold 250 g,5,160,110,105,0,0
TXN-20260609-SKU-TOOR-1K,2026-06-09,SKU-TOOR-1K,Toor Dal 1 kg,7,167,128,121,0,0
TXN-20260609-SKU-VIM-500,2026-06-09,SKU-VIM-500,Vim Bar 500 g,3,46,77,74,0,0
TXN-20260609-SKU-WATER-1L,2026-06-09,SKU-WATER-1L,Bisleri Water 1 L,13,18,401,388,0,0
TXN-20260610-SKU-ATTA-5K,2026-06-10,SKU-ATTA-5K,Aashirvaad Atta 5 kg,7,238,120,113,0,0
TXN-20260610-SKU-BAS-5K,2026-06-10,SKU-BAS-5K,India Gate Basmati 5 kg,2,597,26,24,0,0
TXN-20260610-SKU-BESAN-500,2026-06-10,SKU-BESAN-500,Besan 500 g,5,60,78,73,0,0
TXN-20260610-SKU-BREAD-400,2026-06-10,SKU-BREAD-400,Brown Bread 400 g,6,51,165,159,0,0
TXN-20260610-SKU-CHANA-1K,2026-06-10,SKU-CHANA-1K,Kabuli Chana 1 kg,3,151,61,58,0,0
TXN-20260610-SKU-COKE-750,2026-06-10,SKU-COKE-750,Coca-Cola 750 ml,12,35,299,287,0,0
TXN-20260610-SKU-COLGATE-200,2026-06-10,SKU-COLGATE-200,Colgate Toothpaste 200 g,3,114,52,49,0,0
TXN-20260610-SKU-DALIA-500,2026-06-10,SKU-DALIA-500,Dalia 500 g,1,32,27,26,0,0
TXN-20260610-SKU-HALDI-100,2026-06-10,SKU-HALDI-100,Turmeric Powder 100 g,2,26,64,62,0,0
TXN-20260610-SKU-HARPIC-500,2026-06-10,SKU-HARPIC-500,Harpic 500 ml,2,114,38,36,0,0
TXN-20260610-SKU-LAYS-52,2026-06-10,SKU-LAYS-52,Lays Classic 52 g,9,19,231,222,0,0
TXN-20260610-SKU-LIFEBUOY-4,2026-06-10,SKU-LIFEBUOY-4,Lifebuoy Soap 4 x 100 g,2,122,58,56,0,0
TXN-20260610-SKU-MAGGI-280,2026-06-10,SKU-MAGGI-280,Maggi Noodles 280 g,9,59,230,221,0,0
TXN-20260610-SKU-MAIDA-1K,2026-06-10,SKU-MAIDA-1K,Maida 1 kg,3,43,81,78,0,0
TXN-20260610-SKU-MIRCH-100,2026-06-10,SKU-MIRCH-100,Red Chilli Powder 100 g,2,37,44,42,0,0
TXN-20260610-SKU-MOONG-1K,2026-06-10,SKU-MOONG-1K,Moong Dal 1 kg,3,125,64,61,0,0
TXN-20260610-SKU-MUST-1L,2026-06-10,SKU-MUST-1L,Fortune Mustard Oil 1 L,4,206,84,80,0,0
TXN-20260610-SKU-OIL-1L,2026-06-10,SKU-OIL-1L,Sunpure Cooking Oil 1 L,6,124,124,118,0,0
TXN-20260610-SKU-PARLE-G,2026-06-10,SKU-PARLE-G,Parle-G Biscuit 250 g,11,23,352,341,0,0
TXN-20260610-SKU-POHA-500,2026-06-10,SKU-POHA-500,Poha 500 g,2,30,48,46,0,0
TXN-20260610-SKU-RAJMA-1K,2026-06-10,SKU-RAJMA-1K,Rajma 1 kg,3,159,63,60,0,0
TXN-20260610-SKU-RICE-1K,2026-06-10,SKU-RICE-1K,Sona Masoori Rice 1 kg,15,66,220,205,0,0
TXN-20260610-SKU-SALT-1K,2026-06-10,SKU-SALT-1K,Tata Salt 1 kg,9,26,180,171,0,0
TXN-20260610-SKU-SUG-1K,2026-06-10,SKU-SUG-1K,Sugar 1 kg,10,46,164,154,0,0
TXN-20260610-SKU-SUJI-500,2026-06-10,SKU-SUJI-500,Suji 500 g,2,31,44,42,0,0
TXN-20260610-SKU-TEA-250,2026-06-10,SKU-TEA-250,Tata Tea Gold 250 g,5,160,105,100,0,0
TXN-20260610-SKU-TOOR-1K,2026-06-10,SKU-TOOR-1K,Toor Dal 1 kg,6,167,121,115,0,0
TXN-20260610-SKU-VIM-500,2026-06-10,SKU-VIM-500,Vim Bar 500 g,2,46,74,72,0,0
TXN-20260610-SKU-WATER-1L,2026-06-10,SKU-WATER-1L,Bisleri Water 1 L,10,18,388,378,0,0
TXN-20260611-SKU-ATTA-5K,2026-06-11,SKU-ATTA-5K,Aashirvaad Atta 5 kg,5,238,113,108,0,0
TXN-20260611-SKU-BAS-5K,2026-06-11,SKU-BAS-5K,India Gate Basmati 5 kg,0,597,24,24,0,0
TXN-20260611-SKU-BESAN-500,2026-06-11,SKU-BESAN-500,Besan 500 g,2,60,73,71,0,0
TXN-20260611-SKU-BREAD-400,2026-06-11,SKU-BREAD-400,Brown Bread 400 g,8,51,159,151,0,0
TXN-20260611-SKU-CHANA-1K,2026-06-11,SKU-CHANA-1K,Kabuli Chana 1 kg,3,151,58,55,0,0
TXN-20260611-SKU-COKE-750,2026-06-11,SKU-COKE-750,Coca-Cola 750 ml,5,35,287,282,0,0
TXN-20260611-SKU-COLGATE-200,2026-06-11,SKU-COLGATE-200,Colgate Toothpaste 200 g,2,114,49,47,0,0
TXN-20260611-SKU-DALIA-500,2026-06-11,SKU-DALIA-500,Dalia 500 g,2,32,26,24,0,0
TXN-20260611-SKU-HALDI-100,2026-06-11,SKU-HALDI-100,Turmeric Powder 100 g,4,26,62,58,0,0
TXN-20260611-SKU-HARPIC-500,2026-06-11,SKU-HARPIC-500,Harpic 500 ml,1,114,36,35,0,0
TXN-20260611-SKU-LAYS-52,2026-06-11,SKU-LAYS-52,Lays Classic 52 g,10,19,222,212,0,0
TXN-20260611-SKU-LIFEBUOY-4,2026-06-11,SKU-LIFEBUOY-4,Lifebuoy Soap 4 x 100 g,1,122,56,55,0,0
TXN-20260611-SKU-MAGGI-280,2026-06-11,SKU-MAGGI-280,Maggi Noodles 280 g,10,59,221,211,0,0
TXN-20260611-SKU-MAIDA-1K,2026-06-11,SKU-MAIDA-1K,Maida 1 kg,4,43,78,74,0,0
TXN-20260611-SKU-MIRCH-100,2026-06-11,SKU-MIRCH-100,Red Chilli Powder 100 g,2,37,42,40,0,0
TXN-20260611-SKU-MOONG-1K,2026-06-11,SKU-MOONG-1K,Moong Dal 1 kg,4,125,61,57,0,0
TXN-20260611-SKU-MUST-1L,2026-06-11,SKU-MUST-1L,Fortune Mustard Oil 1 L,2,206,80,78,0,0
TXN-20260611-SKU-OIL-1L,2026-06-11,SKU-OIL-1L,Sunpure Cooking Oil 1 L,2,124,118,116,0,0
TXN-20260611-SKU-PARLE-G,2026-06-11,SKU-PARLE-G,Parle-G Biscuit 250 g,13,23,341,328,0,0
TXN-20260611-SKU-POHA-500,2026-06-11,SKU-POHA-500,Poha 500 g,1,30,46,45,0,0
TXN-20260611-SKU-RAJMA-1K,2026-06-11,SKU-RAJMA-1K,Rajma 1 kg,3,159,60,57,0,0
TXN-20260611-SKU-RICE-1K,2026-06-11,SKU-RICE-1K,Sona Masoori Rice 1 kg,14,66,205,191,0,0
TXN-20260611-SKU-SALT-1K,2026-06-11,SKU-SALT-1K,Tata Salt 1 kg,12,26,171,159,0,0
TXN-20260611-SKU-SUG-1K,2026-06-11,SKU-SUG-1K,Sugar 1 kg,9,46,154,145,0,0
TXN-20260611-SKU-SUJI-500,2026-06-11,SKU-SUJI-500,Suji 500 g,1,31,42,41,0,0
TXN-20260611-SKU-TEA-250,2026-06-11,SKU-TEA-250,Tata Tea Gold 250 g,4,160,100,96,0,0
TXN-20260611-SKU-TOOR-1K,2026-06-11,SKU-TOOR-1K,Toor Dal 1 kg,5,167,115,110,0,0
TXN-20260611-SKU-VIM-500,2026-06-11,SKU-VIM-500,Vim Bar 500 g,1,46,72,71,0,0
TXN-20260611-SKU-WATER-1L,2026-06-11,SKU-WATER-1L,Bisleri Water 1 L,13,18,378,365,0,0
TXN-20260612-SKU-ATTA-5K,2026-06-12,SKU-ATTA-5K,Aashirvaad Atta 5 kg,6,238,108,102,0,0
TXN-20260612-SKU-BAS-5K,2026-06-12,SKU-BAS-5K,India Gate Basmati 5 kg,1,597,24,23,0,0
TXN-20260612-SKU-BESAN-500,2026-06-12,SKU-BESAN-500,Besan 500 g,5,60,71,66,0,0
TXN-20260612-SKU-BREAD-400,2026-06-12,SKU-BREAD-400,Brown Bread 400 g,5,51,151,146,0,0
TXN-20260612-SKU-CHANA-1K,2026-06-12,SKU-CHANA-1K,Kabuli Chana 1 kg,2,151,55,53,0,0
TXN-20260612-SKU-COKE-750,2026-06-12,SKU-COKE-750,Coca-Cola 750 ml,8,35,282,274,0,0
TXN-20260612-SKU-COLGATE-200,2026-06-12,SKU-COLGATE-200,Colgate Toothpaste 200 g,2,114,47,45,0,0
TXN-20260612-SKU-DALIA-500,2026-06-12,SKU-DALIA-500,Dalia 500 g,1,32,24,23,0,0
TXN-20260612-SKU-HALDI-100,2026-06-12,SKU-HALDI-100,Turmeric Powder 100 g,4,26,58,54,0,0
TXN-20260612-SKU-HARPIC-500,2026-06-12,SKU-HARPIC-500,Harpic 500 ml,1,114,35,34,0,0
TXN-20260612-SKU-LAYS-52,2026-06-12,SKU-LAYS-52,Lays Classic 52 g,8,19,212,204,0,0
TXN-20260612-SKU-LIFEBUOY-4,2026-06-12,SKU-LIFEBUOY-4,Lifebuoy Soap 4 x 100 g,2,122,55,53,0,0
TXN-20260612-SKU-MAGGI-280,2026-06-12,SKU-MAGGI-280,Maggi Noodles 280 g,11,59,211,200,0,0
TXN-20260612-SKU-MAIDA-1K,2026-06-12,SKU-MAIDA-1K,Maida 1 kg,3,43,74,71,0,0
TXN-20260612-SKU-MIRCH-100,2026-06-12,SKU-MIRCH-100,Red Chilli Powder 100 g,2,37,40,38,0,0
TXN-20260612-SKU-MOONG-1K,2026-06-12,SKU-MOONG-1K,Moong Dal 1 kg,5,125,57,52,0,0
TXN-20260612-SKU-MUST-1L,2026-06-12,SKU-MUST-1L,Fortune Mustard Oil 1 L,2,206,78,76,0,0
TXN-20260612-SKU-OIL-1L,2026-06-12,SKU-OIL-1L,Sunpure Cooking Oil 1 L,8,124,116,108,0,0
TXN-20260612-SKU-PARLE-G,2026-06-12,SKU-PARLE-G,Parle-G Biscuit 250 g,11,23,328,317,0,0
TXN-20260612-SKU-POHA-500,2026-06-12,SKU-POHA-500,Poha 500 g,2,30,45,43,0,0
TXN-20260612-SKU-RAJMA-1K,2026-06-12,SKU-RAJMA-1K,Rajma 1 kg,4,159,57,53,0,0
TXN-20260612-SKU-RICE-1K,2026-06-12,SKU-RICE-1K,Sona Masoori Rice 1 kg,9,66,191,182,0,0
TXN-20260612-SKU-SALT-1K,2026-06-12,SKU-SALT-1K,Tata Salt 1 kg,7,26,159,152,0,0
TXN-20260612-SKU-SUG-1K,2026-06-12,SKU-SUG-1K,Sugar 1 kg,8,46,145,137,0,0
TXN-20260612-SKU-SUJI-500,2026-06-12,SKU-SUJI-500,Suji 500 g,2,31,41,39,0,0
TXN-20260612-SKU-TEA-250,2026-06-12,SKU-TEA-250,Tata Tea Gold 250 g,3,160,96,93,0,0
TXN-20260612-SKU-TOOR-1K,2026-06-12,SKU-TOOR-1K,Toor Dal 1 kg,6,167,110,104,0,0
TXN-20260612-SKU-VIM-500,2026-06-12,SKU-VIM-500,Vim Bar 500 g,2,46,71,69,0,0
TXN-20260612-SKU-WATER-1L,2026-06-12,SKU-WATER-1L,Bisleri Water 1 L,8,18,365,357,0,0
TXN-20260613-SKU-ATTA-5K,2026-06-13,SKU-ATTA-5K,Aashirvaad Atta 5 kg,7,238,102,95,0,0
TXN-20260613-SKU-BAS-5K,2026-06-13,SKU-BAS-5K,India Gate Basmati 5 kg,0,597,23,23,0,0
TXN-20260613-SKU-BESAN-500,2026-06-13,SKU-BESAN-500,Besan 500 g,2,60,66,64,0,0
TXN-20260613-SKU-BREAD-400,2026-06-13,SKU-BREAD-400,Brown Bread 400 g,6,51,146,140,0,0
TXN-20260613-SKU-CHANA-1K,2026-06-13,SKU-CHANA-1K,Kabuli Chana 1 kg,2,151,53,51,0,0
TXN-20260613-SKU-COKE-750,2026-06-13,SKU-COKE-750,Coca-Cola 750 ml,8,35,274,266,0,0
TXN-20260613-SKU-COLGATE-200,2026-06-13,SKU-COLGATE-200,Colgate Toothpaste 200 g,2,114,45,43,0,0
TXN-20260613-SKU-DALIA-500,2026-06-13,SKU-DALIA-500,Dalia 500 g,0,32,23,23,0,0
TXN-20260613-SKU-HALDI-100,2026-06-13,SKU-HALDI-100,Turmeric Powder 100 g,0,26,54,54,0,0
TXN-20260613-SKU-HARPIC-500,2026-06-13,SKU-HARPIC-500,Harpic 500 ml,1,114,34,33,0,0
TXN-20260613-SKU-LAYS-52,2026-06-13,SKU-LAYS-52,Lays Classic 52 g,12,19,204,192,0,0
TXN-20260613-SKU-LIFEBUOY-4,2026-06-13,SKU-LIFEBUOY-4,Lifebuoy Soap 4 x 100 g,3,122,53,50,0,0
TXN-20260613-SKU-MAGGI-280,2026-06-13,SKU-MAGGI-280,Maggi Noodles 280 g,10,59,200,190,0,0
TXN-20260613-SKU-MAIDA-1K,2026-06-13,SKU-MAIDA-1K,Maida 1 kg,4,43,71,67,0,0
TXN-20260613-SKU-MIRCH-100,2026-06-13,SKU-MIRCH-100,Red Chilli Powder 100 g,2,37,38,36,0,0
TXN-20260613-SKU-MOONG-1K,2026-06-13,SKU-MOONG-1K,Moong Dal 1 kg,3,125,52,49,0,0
TXN-20260613-SKU-MUST-1L,2026-06-13,SKU-MUST-1L,Fortune Mustard Oil 1 L,2,206,76,74,0,0
TXN-20260613-SKU-OIL-1L,2026-06-13,SKU-OIL-1L,Sunpure Cooking Oil 1 L,5,124,108,103,0,0
TXN-20260613-SKU-PARLE-G,2026-06-13,SKU-PARLE-G,Parle-G Biscuit 250 g,17,23,317,300,0,0
TXN-20260613-SKU-POHA-500,2026-06-13,SKU-POHA-500,Poha 500 g,2,30,43,41,0,0
TXN-20260613-SKU-RAJMA-1K,2026-06-13,SKU-RAJMA-1K,Rajma 1 kg,2,159,53,51,0,0
TXN-20260613-SKU-RICE-1K,2026-06-13,SKU-RICE-1K,Sona Masoori Rice 1 kg,11,66,182,171,0,0
TXN-20260613-SKU-SALT-1K,2026-06-13,SKU-SALT-1K,Tata Salt 1 kg,8,26,152,144,0,0
TXN-20260613-SKU-SUG-1K,2026-06-13,SKU-SUG-1K,Sugar 1 kg,9,46,137,128,0,0
TXN-20260613-SKU-SUJI-500,2026-06-13,SKU-SUJI-500,Suji 500 g,2,31,39,37,0,0
TXN-20260613-SKU-TEA-250,2026-06-13,SKU-TEA-250,Tata Tea Gold 250 g,4,160,93,89,0,0
TXN-20260613-SKU-TOOR-1K,2026-06-13,SKU-TOOR-1K,Toor Dal 1 kg,7,167,104,97,0,0
TXN-20260613-SKU-VIM-500,2026-06-13,SKU-VIM-500,Vim Bar 500 g,2,46,69,67,0,0
TXN-20260613-SKU-WATER-1L,2026-06-13,SKU-WATER-1L,Bisleri Water 1 L,11,18,357,346,0,0
TXN-20260614-SKU-ATTA-5K,2026-06-14,SKU-ATTA-5K,Aashirvaad Atta 5 kg,5,238,95,90,0,0
TXN-20260614-SKU-BAS-5K,2026-06-14,SKU-BAS-5K,India Gate Basmati 5 kg,0,597,23,23,0,0
TXN-20260614-SKU-BESAN-500,2026-06-14,SKU-BESAN-500,Besan 500 g,4,60,64,60,0,0
TXN-20260614-SKU-BREAD-400,2026-06-14,SKU-BREAD-400,Brown Bread 400 g,5,51,140,135,0,0
TXN-20260614-SKU-CHANA-1K,2026-06-14,SKU-CHANA-1K,Kabuli Chana 1 kg,1,151,51,50,0,0
TXN-20260614-SKU-COKE-750,2026-06-14,SKU-COKE-750,Coca-Cola 750 ml,9,35,266,257,0,0
TXN-20260614-SKU-COLGATE-200,2026-06-14,SKU-COLGATE-200,Colgate Toothpaste 200 g,2,114,43,41,0,0
TXN-20260614-SKU-DALIA-500,2026-06-14,SKU-DALIA-500,Dalia 500 g,0,32,23,23,0,0
TXN-20260614-SKU-HALDI-100,2026-06-14,SKU-HALDI-100,Turmeric Powder 100 g,1,26,54,53,0,0
TXN-20260614-SKU-HARPIC-500,2026-06-14,SKU-HARPIC-500,Harpic 500 ml,2,114,33,31,0,0
TXN-20260614-SKU-LAYS-52,2026-06-14,SKU-LAYS-52,Lays Classic 52 g,3,19,192,189,0,0
TXN-20260614-SKU-LIFEBUOY-4,2026-06-14,SKU-LIFEBUOY-4,Lifebuoy Soap 4 x 100 g,3,122,50,47,0,0
TXN-20260614-SKU-MAGGI-280,2026-06-14,SKU-MAGGI-280,Maggi Noodles 280 g,5,59,190,185,0,0
TXN-20260614-SKU-MAIDA-1K,2026-06-14,SKU-MAIDA-1K,Maida 1 kg,3,43,67,64,0,0
TXN-20260614-SKU-MIRCH-100,2026-06-14,SKU-MIRCH-100,Red Chilli Powder 100 g,2,37,36,34,0,0
TXN-20260614-SKU-MOONG-1K,2026-06-14,SKU-MOONG-1K,Moong Dal 1 kg,3,125,49,46,0,0
TXN-20260614-SKU-MUST-1L,2026-06-14,SKU-MUST-1L,Fortune Mustard Oil 1 L,5,206,74,69,0,0
TXN-20260614-SKU-OIL-1L,2026-06-14,SKU-OIL-1L,Sunpure Cooking Oil 1 L,5,124,103,98,0,0
TXN-20260614-SKU-PARLE-G,2026-06-14,SKU-PARLE-G,Parle-G Biscuit 250 g,14,23,300,286,0,0
TXN-20260614-SKU-POHA-500,2026-06-14,SKU-POHA-500,Poha 500 g,3,30,41,38,0,0
TXN-20260614-SKU-RAJMA-1K,2026-06-14,SKU-RAJMA-1K,Rajma 1 kg,3,159,51,48,0,0
TXN-20260614-SKU-RICE-1K,2026-06-14,SKU-RICE-1K,Sona Masoori Rice 1 kg,12,66,171,159,0,0
TXN-20260614-SKU-SALT-1K,2026-06-14,SKU-SALT-1K,Tata Salt 1 kg,6,26,144,138,0,0
TXN-20260614-SKU-SUG-1K,2026-06-14,SKU-SUG-1K,Sugar 1 kg,6,46,128,122,0,0
TXN-20260614-SKU-SUJI-500,2026-06-14,SKU-SUJI-500,Suji 500 g,3,31,37,34,0,0
TXN-20260614-SKU-TEA-250,2026-06-14,SKU-TEA-250,Tata Tea Gold 250 g,7,160,89,82,0,0
TXN-20260614-SKU-TOOR-1K,2026-06-14,SKU-TOOR-1K,Toor Dal 1 kg,7,167,97,90,0,0
TXN-20260614-SKU-VIM-500,2026-06-14,SKU-VIM-500,Vim Bar 500 g,3,46,67,64,0,0
TXN-20260614-SKU-WATER-1L,2026-06-14,SKU-WATER-1L,Bisleri Water 1 L,12,18,346,334,0,0
TXN-20260615-SKU-ATTA-5K,2026-06-15,SKU-ATTA-5K,Aashirvaad Atta 5 kg,6,238,90,84,0,0
TXN-20260615-SKU-BAS-5K,2026-06-15,SKU-BAS-5K,India Gate Basmati 5 kg,2,597,23,21,0,0
TXN-20260615-SKU-BESAN-500,2026-06-15,SKU-BESAN-500,Besan 500 g,4,60,60,56,0,0
TXN-20260615-SKU-BREAD-400,2026-06-15,SKU-BREAD-400,Brown Bread 400 g,8,51,135,127,0,0
TXN-20260615-SKU-CHANA-1K,2026-06-15,SKU-CHANA-1K,Kabuli Chana 1 kg,1,151,50,49,0,0
TXN-20260615-SKU-COKE-750,2026-06-15,SKU-COKE-750,Coca-Cola 750 ml,13,35,257,244,0,0
TXN-20260615-SKU-COLGATE-200,2026-06-15,SKU-COLGATE-200,Colgate Toothpaste 200 g,2,114,41,39,0,0
TXN-20260615-SKU-DALIA-500,2026-06-15,SKU-DALIA-500,Dalia 500 g,1,32,23,22,0,0
TXN-20260615-SKU-HALDI-100,2026-06-15,SKU-HALDI-100,Turmeric Powder 100 g,4,26,53,49,0,0
TXN-20260615-SKU-HARPIC-500,2026-06-15,SKU-HARPIC-500,Harpic 500 ml,2,114,31,29,0,0
TXN-20260615-SKU-LAYS-52,2026-06-15,SKU-LAYS-52,Lays Classic 52 g,10,19,189,179,0,0
TXN-20260615-SKU-LIFEBUOY-4,2026-06-15,SKU-LIFEBUOY-4,Lifebuoy Soap 4 x 100 g,1,122,47,46,0,0
TXN-20260615-SKU-MAGGI-280,2026-06-15,SKU-MAGGI-280,Maggi Noodles 280 g,10,59,185,175,0,0
TXN-20260615-SKU-MAIDA-1K,2026-06-15,SKU-MAIDA-1K,Maida 1 kg,5,43,64,59,0,0
TXN-20260615-SKU-MIRCH-100,2026-06-15,SKU-MIRCH-100,Red Chilli Powder 100 g,3,37,34,31,0,0
TXN-20260615-SKU-MOONG-1K,2026-06-15,SKU-MOONG-1K,Moong Dal 1 kg,2,125,46,44,0,0
TXN-20260615-SKU-MUST-1L,2026-06-15,SKU-MUST-1L,Fortune Mustard Oil 1 L,2,206,69,67,0,0
TXN-20260615-SKU-OIL-1L,2026-06-15,SKU-OIL-1L,Sunpure Cooking Oil 1 L,7,124,98,91,0,0
TXN-20260615-SKU-PARLE-G,2026-06-15,SKU-PARLE-G,Parle-G Biscuit 250 g,9,23,286,277,0,0
TXN-20260615-SKU-POHA-500,2026-06-15,SKU-POHA-500,Poha 500 g,2,30,38,36,0,0
TXN-20260615-SKU-RAJMA-1K,2026-06-15,SKU-RAJMA-1K,Rajma 1 kg,3,159,48,45,0,0
TXN-20260615-SKU-RICE-1K,2026-06-15,SKU-RICE-1K,Sona Masoori Rice 1 kg,10,66,159,149,0,0
TXN-20260615-SKU-SALT-1K,2026-06-15,SKU-SALT-1K,Tata Salt 1 kg,6,26,138,132,0,0
TXN-20260615-SKU-SUG-1K,2026-06-15,SKU-SUG-1K,Sugar 1 kg,5,46,122,117,0,0
TXN-20260615-SKU-SUJI-500,2026-06-15,SKU-SUJI-500,Suji 500 g,2,31,34,32,0,0
TXN-20260615-SKU-TEA-250,2026-06-15,SKU-TEA-250,Tata Tea Gold 250 g,4,160,82,78,0,0
TXN-20260615-SKU-TOOR-1K,2026-06-15,SKU-TOOR-1K,Toor Dal 1 kg,6,167,90,84,0,0
TXN-20260615-SKU-VIM-500,2026-06-15,SKU-VIM-500,Vim Bar 500 g,3,46,64,61,0,0
TXN-20260615-SKU-WATER-1L,2026-06-15,SKU-WATER-1L,Bisleri Water 1 L,29,18,334,305,0,0
TXN-20260616-SKU-ATTA-5K,2026-06-16,SKU-ATTA-5K,Aashirvaad Atta 5 kg,7,238,84,557,0,0
TXN-20260616-SKU-BAS-5K,2026-06-16,SKU-BAS-5K,India Gate Basmati 5 kg,2,597,21,89,0,0
TXN-20260616-SKU-BESAN-500,2026-06-16,SKU-BESAN-500,Besan 500 g,3,60,56,343,0,0
TXN-20260616-SKU-BREAD-400,2026-06-16,SKU-BREAD-400,Brown Bread 400 g,5,51,127,122,0,0
TXN-20260616-SKU-CHANA-1K,2026-06-16,SKU-CHANA-1K,Kabuli Chana 1 kg,2,151,49,287,0,0
TXN-20260616-SKU-COKE-750,2026-06-16,SKU-COKE-750,Coca-Cola 750 ml,18,35,244,226,0,0
TXN-20260616-SKU-COLGATE-200,2026-06-16,SKU-COLGATE-200,Colgate Toothpaste 200 g,1,114,39,38,0,0
TXN-20260616-SKU-DALIA-500,2026-06-16,SKU-DALIA-500,Dalia 500 g,1,32,22,101,0,0
TXN-20260616-SKU-HALDI-100,2026-06-16,SKU-HALDI-100,Turmeric Powder 100 g,2,26,49,277,0,0
TXN-20260616-SKU-HARPIC-500,2026-06-16,SKU-HARPIC-500,Harpic 500 ml,2,114,29,27,0,0
TXN-20260616-SKU-LAYS-52,2026-06-16,SKU-LAYS-52,Lays Classic 52 g,9,19,179,170,0,0
TXN-20260616-SKU-LIFEBUOY-4,2026-06-16,SKU-LIFEBUOY-4,Lifebuoy Soap 4 x 100 g,1,122,46,45,0,0
TXN-20260616-SKU-MAGGI-280,2026-06-16,SKU-MAGGI-280,Maggi Noodles 280 g,7,59,175,168,0,0
TXN-20260616-SKU-MAIDA-1K,2026-06-16,SKU-MAIDA-1K,Maida 1 kg,5,43,59,374,0,0
TXN-20260616-SKU-MIRCH-100,2026-06-16,SKU-MIRCH-100,Red Chilli Powder 100 g,2,37,31,189,0,0
TXN-20260616-SKU-MOONG-1K,2026-06-16,SKU-MOONG-1K,Moong Dal 1 kg,4,125,44,260,0,0
TXN-20260616-SKU-MUST-1L,2026-06-16,SKU-MUST-1L,Fortune Mustard Oil 1 L,3,206,67,374,0,0
TXN-20260616-SKU-OIL-1L,2026-06-16,SKU-OIL-1L,Sunpure Cooking Oil 1 L,4,124,91,557,0,0
TXN-20260616-SKU-PARLE-G,2026-06-16,SKU-PARLE-G,Parle-G Biscuit 250 g,6,23,277,271,0,0
TXN-20260616-SKU-POHA-500,2026-06-16,SKU-POHA-500,Poha 500 g,2,30,36,184,0,0
TXN-20260616-SKU-RAJMA-1K,2026-06-16,SKU-RAJMA-1K,Rajma 1 kg,2,159,45,273,0,0
TXN-20260616-SKU-RICE-1K,2026-06-16,SKU-RICE-1K,Sona Masoori Rice 1 kg,9,66,149,990,0,0
TXN-20260616-SKU-SALT-1K,2026-06-16,SKU-SALT-1K,Tata Salt 1 kg,15,26,132,857,0,0
TXN-20260616-SKU-SUG-1K,2026-06-16,SKU-SUG-1K,Sugar 1 kg,11,46,117,726,0,0
TXN-20260616-SKU-SUJI-500,2026-06-16,SKU-SUJI-500,Suji 500 g,2,31,32,200,0,0
TXN-20260616-SKU-TEA-250,2026-06-16,SKU-TEA-250,Tata Tea Gold 250 g,4,160,78,444,0,0
TXN-20260616-SKU-TOOR-1K,2026-06-16,SKU-TOOR-1K,Toor Dal 1 kg,4,167,84,540,0,0
TXN-20260616-SKU-VIM-500,2026-06-16,SKU-VIM-500,Vim Bar 500 g,4,46,61,57,0,0
TXN-20260616-SKU-WATER-1L,2026-06-16,SKU-WATER-1L,Bisleri Water 1 L,21,18,305,284,0,0
TXN-20260617-SKU-ATTA-5K,2026-06-17,SKU-ATTA-5K,Aashirvaad Atta 5 kg,6,238,557,551,0,0
TXN-20260617-SKU-BAS-5K,2026-06-17,SKU-BAS-5K,India Gate Basmati 5 kg,1,597,89,88,0,0
TXN-20260617-SKU-BESAN-500,2026-06-17,SKU-BESAN-500,Besan 500 g,5,60,343,338,0,0
TXN-20260617-SKU-BREAD-400,2026-06-17,SKU-BREAD-400,Brown Bread 400 g,6,51,122,116,0,0
TXN-20260617-SKU-CHANA-1K,2026-06-17,SKU-CHANA-1K,Kabuli Chana 1 kg,3,151,287,284,0,0
TXN-20260617-SKU-COKE-750,2026-06-17,SKU-COKE-750,Coca-Cola 750 ml,26,35,226,200,0,0
TXN-20260617-SKU-COLGATE-200,2026-06-17,SKU-COLGATE-200,Colgate Toothpaste 200 g,2,114,38,36,0,0
TXN-20260617-SKU-DALIA-500,2026-06-17,SKU-DALIA-500,Dalia 500 g,1,32,101,100,0,0
TXN-20260617-SKU-HALDI-100,2026-06-17,SKU-HALDI-100,Turmeric Powder 100 g,4,26,277,273,0,0
TXN-20260617-SKU-HARPIC-500,2026-06-17,SKU-HARPIC-500,Harpic 500 ml,1,114,27,26,0,0
TXN-20260617-SKU-LAYS-52,2026-06-17,SKU-LAYS-52,Lays Classic 52 g,6,19,170,164,0,0
TXN-20260617-SKU-LIFEBUOY-4,2026-06-17,SKU-LIFEBUOY-4,Lifebuoy Soap 4 x 100 g,3,122,45,42,0,0
TXN-20260617-SKU-MAGGI-280,2026-06-17,SKU-MAGGI-280,Maggi Noodles 280 g,12,59,168,156,0,0
TXN-20260617-SKU-MAIDA-1K,2026-06-17,SKU-MAIDA-1K,Maida 1 kg,2,43,374,372,0,0
TXN-20260617-SKU-MIRCH-100,2026-06-17,SKU-MIRCH-100,Red Chilli Powder 100 g,3,37,189,186,0,0
TXN-20260617-SKU-MOONG-1K,2026-06-17,SKU-MOONG-1K,Moong Dal 1 kg,4,125,260,256,0,0
TXN-20260617-SKU-MUST-1L,2026-06-17,SKU-MUST-1L,Fortune Mustard Oil 1 L,4,206,374,370,0,0
TXN-20260617-SKU-OIL-1L,2026-06-17,SKU-OIL-1L,Sunpure Cooking Oil 1 L,7,124,557,550,0,0
TXN-20260617-SKU-PARLE-G,2026-06-17,SKU-PARLE-G,Parle-G Biscuit 250 g,14,23,271,257,0,0
TXN-20260617-SKU-POHA-500,2026-06-17,SKU-POHA-500,Poha 500 g,2,30,184,182,0,0
TXN-20260617-SKU-RAJMA-1K,2026-06-17,SKU-RAJMA-1K,Rajma 1 kg,2,159,273,271,0,0
TXN-20260617-SKU-RICE-1K,2026-06-17,SKU-RICE-1K,Sona Masoori Rice 1 kg,12,66,990,978,0,0
TXN-20260617-SKU-SALT-1K,2026-06-17,SKU-SALT-1K,Tata Salt 1 kg,11,26,857,846,0,0
TXN-20260617-SKU-SUG-1K,2026-06-17,SKU-SUG-1K,Sugar 1 kg,8,46,726,718,0,0
TXN-20260617-SKU-SUJI-500,2026-06-17,SKU-SUJI-500,Suji 500 g,2,31,200,198,0,0
TXN-20260617-SKU-TEA-250,2026-06-17,SKU-TEA-250,Tata Tea Gold 250 g,2,160,444,442,0,0
TXN-20260617-SKU-TOOR-1K,2026-06-17,SKU-TOOR-1K,Toor Dal 1 kg,6,167,540,534,0,0
TXN-20260617-SKU-VIM-500,2026-06-17,SKU-VIM-500,Vim Bar 500 g,1,46,57,56,0,0
TXN-20260617-SKU-WATER-1L,2026-06-17,SKU-WATER-1L,Bisleri Water 1 L,26,18,284,258,0,0
TXN-20260618-SKU-ATTA-5K,2026-06-18,SKU-ATTA-5K,Aashirvaad Atta 5 kg,7,238,551,544,0,0
TXN-20260618-SKU-BAS-5K,2026-06-18,SKU-BAS-5K,India Gate Basmati 5 kg,1,597,88,87,0,0
TXN-20260618-SKU-BESAN-500,2026-06-18,SKU-BESAN-500,Besan 500 g,2,60,338,336,0,0
TXN-20260618-SKU-BREAD-400,2026-06-18,SKU-BREAD-400,Brown Bread 400 g,4,51,116,112,0,0
TXN-20260618-SKU-CHANA-1K,2026-06-18,SKU-CHANA-1K,Kabuli Chana 1 kg,2,151,284,282,0,0
TXN-20260618-SKU-COKE-750,2026-06-18,SKU-COKE-750,Coca-Cola 750 ml,18,35,200,182,0,0
TXN-20260618-SKU-COLGATE-200,2026-06-18,SKU-COLGATE-200,Colgate Toothpaste 200 g,2,114,36,34,0,0
TXN-20260618-SKU-DALIA-500,2026-06-18,SKU-DALIA-500,Dalia 500 g,1,32,100,99,0,0
TXN-20260618-SKU-HALDI-100,2026-06-18,SKU-HALDI-100,Turmeric Powder 100 g,2,26,273,271,0,0
TXN-20260618-SKU-HARPIC-500,2026-06-18,SKU-HARPIC-500,Harpic 500 ml,2,114,26,24,0,0
TXN-20260618-SKU-LAYS-52,2026-06-18,SKU-LAYS-52,Lays Classic 52 g,9,19,164,155,0,0
TXN-20260618-SKU-LIFEBUOY-4,2026-06-18,SKU-LIFEBUOY-4,Lifebuoy Soap 4 x 100 g,3,122,42,39,0,0
TXN-20260618-SKU-MAGGI-280,2026-06-18,SKU-MAGGI-280,Maggi Noodles 280 g,9,59,156,147,0,0
TXN-20260618-SKU-MAIDA-1K,2026-06-18,SKU-MAIDA-1K,Maida 1 kg,2,43,372,370,0,0
TXN-20260618-SKU-MIRCH-100,2026-06-18,SKU-MIRCH-100,Red Chilli Powder 100 g,3,37,186,183,0,0
TXN-20260618-SKU-MOONG-1K,2026-06-18,SKU-MOONG-1K,Moong Dal 1 kg,3,125,256,253,0,0
TXN-20260618-SKU-MUST-1L,2026-06-18,SKU-MUST-1L,Fortune Mustard Oil 1 L,4,206,370,366,0,0
TXN-20260618-SKU-OIL-1L,2026-06-18,SKU-OIL-1L,Sunpure Cooking Oil 1 L,4,124,550,546,0,0
TXN-20260618-SKU-PARLE-G,2026-06-18,SKU-PARLE-G,Parle-G Biscuit 250 g,17,23,257,240,0,0
TXN-20260618-SKU-POHA-500,2026-06-18,SKU-POHA-500,Poha 500 g,3,30,182,179,0,0
TXN-20260618-SKU-RAJMA-1K,2026-06-18,SKU-RAJMA-1K,Rajma 1 kg,3,159,271,268,0,0
TXN-20260618-SKU-RICE-1K,2026-06-18,SKU-RICE-1K,Sona Masoori Rice 1 kg,11,66,978,967,0,0
TXN-20260618-SKU-SALT-1K,2026-06-18,SKU-SALT-1K,Tata Salt 1 kg,7,26,846,839,0,0
TXN-20260618-SKU-SUG-1K,2026-06-18,SKU-SUG-1K,Sugar 1 kg,9,46,718,709,0,0
TXN-20260618-SKU-SUJI-500,2026-06-18,SKU-SUJI-500,Suji 500 g,2,31,198,196,0,0
TXN-20260618-SKU-TEA-250,2026-06-18,SKU-TEA-250,Tata Tea Gold 250 g,4,160,442,438,0,0
TXN-20260618-SKU-TOOR-1K,2026-06-18,SKU-TOOR-1K,Toor Dal 1 kg,6,167,534,528,0,0
TXN-20260618-SKU-VIM-500,2026-06-18,SKU-VIM-500,Vim Bar 500 g,3,46,56,53,0,0
TXN-20260618-SKU-WATER-1L,2026-06-18,SKU-WATER-1L,Bisleri Water 1 L,24,18,258,234,0,0
TXN-20260619-SKU-ATTA-5K,2026-06-19,SKU-ATTA-5K,Aashirvaad Atta 5 kg,6,238,544,538,0,0
TXN-20260619-SKU-BAS-5K,2026-06-19,SKU-BAS-5K,India Gate Basmati 5 kg,0,597,87,87,0,0
TXN-20260619-SKU-BESAN-500,2026-06-19,SKU-BESAN-500,Besan 500 g,5,60,336,331,0,0
TXN-20260619-SKU-BREAD-400,2026-06-19,SKU-BREAD-400,Brown Bread 400 g,5,51,112,107,0,0
TXN-20260619-SKU-CHANA-1K,2026-06-19,SKU-CHANA-1K,Kabuli Chana 1 kg,4,151,282,278,0,0
TXN-20260619-SKU-COKE-750,2026-06-19,SKU-COKE-750,Coca-Cola 750 ml,21,35,182,161,0,0
TXN-20260619-SKU-COLGATE-200,2026-06-19,SKU-COLGATE-200,Colgate Toothpaste 200 g,1,114,34,33,0,0
TXN-20260619-SKU-DALIA-500,2026-06-19,SKU-DALIA-500,Dalia 500 g,0,32,99,99,0,0
TXN-20260619-SKU-HALDI-100,2026-06-19,SKU-HALDI-100,Turmeric Powder 100 g,3,26,271,268,0,0
TXN-20260619-SKU-HARPIC-500,2026-06-19,SKU-HARPIC-500,Harpic 500 ml,0,114,24,24,0,0
TXN-20260619-SKU-LAYS-52,2026-06-19,SKU-LAYS-52,Lays Classic 52 g,5,19,155,150,0,0
TXN-20260619-SKU-LIFEBUOY-4,2026-06-19,SKU-LIFEBUOY-4,Lifebuoy Soap 4 x 100 g,3,122,39,36,0,0
TXN-20260619-SKU-MAGGI-280,2026-06-19,SKU-MAGGI-280,Maggi Noodles 280 g,10,59,147,137,0,0
TXN-20260619-SKU-MAIDA-1K,2026-06-19,SKU-MAIDA-1K,Maida 1 kg,4,43,370,366,0,0
TXN-20260619-SKU-MIRCH-100,2026-06-19,SKU-MIRCH-100,Red Chilli Powder 100 g,3,37,183,180,0,0
TXN-20260619-SKU-MOONG-1K,2026-06-19,SKU-MOONG-1K,Moong Dal 1 kg,3,125,253,250,0,0
TXN-20260619-SKU-MUST-1L,2026-06-19,SKU-MUST-1L,Fortune Mustard Oil 1 L,6,206,366,360,0,0
TXN-20260619-SKU-OIL-1L,2026-06-19,SKU-OIL-1L,Sunpure Cooking Oil 1 L,9,124,546,537,0,0
TXN-20260619-SKU-PARLE-G,2026-06-19,SKU-PARLE-G,Parle-G Biscuit 250 g,9,23,240,231,0,0
TXN-20260619-SKU-POHA-500,2026-06-19,SKU-POHA-500,Poha 500 g,2,30,179,177,0,0
TXN-20260619-SKU-RAJMA-1K,2026-06-19,SKU-RAJMA-1K,Rajma 1 kg,3,159,268,265,0,0
TXN-20260619-SKU-RICE-1K,2026-06-19,SKU-RICE-1K,Sona Masoori Rice 1 kg,9,66,967,958,0,0
TXN-20260619-SKU-SALT-1K,2026-06-19,SKU-SALT-1K,Tata Salt 1 kg,13,26,839,826,0,0
TXN-20260619-SKU-SUG-1K,2026-06-19,SKU-SUG-1K,Sugar 1 kg,8,46,709,701,0,0
TXN-20260619-SKU-SUJI-500,2026-06-19,SKU-SUJI-500,Suji 500 g,3,31,196,193,0,0
TXN-20260619-SKU-TEA-250,2026-06-19,SKU-TEA-250,Tata Tea Gold 250 g,6,160,438,432,0,0
TXN-20260619-SKU-TOOR-1K,2026-06-19,SKU-TOOR-1K,Toor Dal 1 kg,7,167,528,521,0,0
TXN-20260619-SKU-VIM-500,2026-06-19,SKU-VIM-500,Vim Bar 500 g,3,46,53,50,0,0
TXN-20260619-SKU-WATER-1L,2026-06-19,SKU-WATER-1L,Bisleri Water 1 L,34,18,234,200,0,0
TXN-20260620-SKU-ATTA-5K,2026-06-20,SKU-ATTA-5K,Aashirvaad Atta 5 kg,6,238,538,532,0,0
TXN-20260620-SKU-BAS-5K,2026-06-20,SKU-BAS-5K,India Gate Basmati 5 kg,1,597,87,86,0,0
TXN-20260620-SKU-BESAN-500,2026-06-20,SKU-BESAN-500,Besan 500 g,3,60,331,328,0,0
TXN-20260620-SKU-BREAD-400,2026-06-20,SKU-BREAD-400,Brown Bread 400 g,6,51,107,101,0,0
TXN-20260620-SKU-CHANA-1K,2026-06-20,SKU-CHANA-1K,Kabuli Chana 1 kg,4,151,278,274,0,0
TXN-20260620-SKU-COKE-750,2026-06-20,SKU-COKE-750,Coca-Cola 750 ml,21,35,161,140,0,0
TXN-20260620-SKU-COLGATE-200,2026-06-20,SKU-COLGATE-200,Colgate Toothpaste 200 g,2,114,33,31,0,0
TXN-20260620-SKU-DALIA-500,2026-06-20,SKU-DALIA-500,Dalia 500 g,1,32,99,98,0,0
TXN-20260620-SKU-HALDI-100,2026-06-20,SKU-HALDI-100,Turmeric Powder 100 g,4,26,268,264,0,0
TXN-20260620-SKU-HARPIC-500,2026-06-20,SKU-HARPIC-500,Harpic 500 ml,1,114,24,23,0,0
TXN-20260620-SKU-LAYS-52,2026-06-20,SKU-LAYS-52,Lays Classic 52 g,9,19,150,141,0,0
TXN-20260620-SKU-LIFEBUOY-4,2026-06-20,SKU-LIFEBUOY-4,Lifebuoy Soap 4 x 100 g,1,122,36,35,0,0
TXN-20260620-SKU-MAGGI-280,2026-06-20,SKU-MAGGI-280,Maggi Noodles 280 g,10,59,137,127,0,0
TXN-20260620-SKU-MAIDA-1K,2026-06-20,SKU-MAIDA-1K,Maida 1 kg,3,43,366,363,0,0
TXN-20260620-SKU-MIRCH-100,2026-06-20,SKU-MIRCH-100,Red Chilli Powder 100 g,2,37,180,178,0,0
TXN-20260620-SKU-MOONG-1K,2026-06-20,SKU-MOONG-1K,Moong Dal 1 kg,2,125,250,248,0,0
TXN-20260620-SKU-MUST-1L,2026-06-20,SKU-MUST-1L,Fortune Mustard Oil 1 L,5,206,360,355,0,0
TXN-20260620-SKU-OIL-1L,2026-06-20,SKU-OIL-1L,Sunpure Cooking Oil 1 L,4,124,537,533,0,0
TXN-20260620-SKU-PARLE-G,2026-06-20,SKU-PARLE-G,Parle-G Biscuit 250 g,15,23,231,216,0,0
TXN-20260620-SKU-POHA-500,2026-06-20,SKU-POHA-500,Poha 500 g,2,30,177,175,0,0
TXN-20260620-SKU-RAJMA-1K,2026-06-20,SKU-RAJMA-1K,Rajma 1 kg,4,159,265,261,0,0
TXN-20260620-SKU-RICE-1K,2026-06-20,SKU-RICE-1K,Sona Masoori Rice 1 kg,12,66,958,946,0,0
TXN-20260620-SKU-SALT-1K,2026-06-20,SKU-SALT-1K,Tata Salt 1 kg,8,26,826,818,0,0
TXN-20260620-SKU-SUG-1K,2026-06-20,SKU-SUG-1K,Sugar 1 kg,7,46,701,694,0,0
TXN-20260620-SKU-SUJI-500,2026-06-20,SKU-SUJI-500,Suji 500 g,3,31,193,190,0,0
TXN-20260620-SKU-TEA-250,2026-06-20,SKU-TEA-250,Tata Tea Gold 250 g,5,160,432,427,0,0
TXN-20260620-SKU-TOOR-1K,2026-06-20,SKU-TOOR-1K,Toor Dal 1 kg,8,167,521,513,0,0
TXN-20260620-SKU-VIM-500,2026-06-20,SKU-VIM-500,Vim Bar 500 g,3,46,50,47,0,0
TXN-20260620-SKU-WATER-1L,2026-06-20,SKU-WATER-1L,Bisleri Water 1 L,29,18,200,171,0,0
TXN-20260621-SKU-ATTA-5K,2026-06-21,SKU-ATTA-5K,Aashirvaad Atta 5 kg,6,238,532,526,0,0
TXN-20260621-SKU-BAS-5K,2026-06-21,SKU-BAS-5K,India Gate Basmati 5 kg,0,597,86,86,0,0
TXN-20260621-SKU-BESAN-500,2026-06-21,SKU-BESAN-500,Besan 500 g,3,60,328,325,0,0
TXN-20260621-SKU-BREAD-400,2026-06-21,SKU-BREAD-400,Brown Bread 400 g,6,51,101,95,0,0
TXN-20260621-SKU-CHANA-1K,2026-06-21,SKU-CHANA-1K,Kabuli Chana 1 kg,4,151,274,270,0,0
TXN-20260621-SKU-COKE-750,2026-06-21,SKU-COKE-750,Coca-Cola 750 ml,29,35,140,111,0,0
TXN-20260621-SKU-COLGATE-200,2026-06-21,SKU-COLGATE-200,Colgate Toothpaste 200 g,1,114,31,30,0,0
TXN-20260621-SKU-DALIA-500,2026-06-21,SKU-DALIA-500,Dalia 500 g,1,32,98,97,0,0
TXN-20260621-SKU-HALDI-100,2026-06-21,SKU-HALDI-100,Turmeric Powder 100 g,2,26,264,262,0,0
TXN-20260621-SKU-HARPIC-500,2026-06-21,SKU-HARPIC-500,Harpic 500 ml,1,114,23,22,0,0
TXN-20260621-SKU-LAYS-52,2026-06-21,SKU-LAYS-52,Lays Classic 52 g,10,19,141,131,0,0
TXN-20260621-SKU-LIFEBUOY-4,2026-06-21,SKU-LIFEBUOY-4,Lifebuoy Soap 4 x 100 g,3,122,35,32,0,0
TXN-20260621-SKU-MAGGI-280,2026-06-21,SKU-MAGGI-280,Maggi Noodles 280 g,7,59,127,120,0,0
TXN-20260621-SKU-MAIDA-1K,2026-06-21,SKU-MAIDA-1K,Maida 1 kg,5,43,363,358,0,0
TXN-20260621-SKU-MIRCH-100,2026-06-21,SKU-MIRCH-100,Red Chilli Powder 100 g,2,37,178,176,0,0
TXN-20260621-SKU-MOONG-1K,2026-06-21,SKU-MOONG-1K,Moong Dal 1 kg,2,125,248,246,0,0
TXN-20260621-SKU-MUST-1L,2026-06-21,SKU-MUST-1L,Fortune Mustard Oil 1 L,2,206,355,353,0,0
TXN-20260621-SKU-OIL-1L,2026-06-21,SKU-OIL-1L,Sunpure Cooking Oil 1 L,4,124,533,529,0,0
TXN-20260621-SKU-PARLE-G,2026-06-21,SKU-PARLE-G,Parle-G Biscuit 250 g,14,23,216,202,0,0
TXN-20260621-SKU-POHA-500,2026-06-21,SKU-POHA-500,Poha 500 g,1,30,175,174,0,0
TXN-20260621-SKU-RAJMA-1K,2026-06-21,SKU-RAJMA-1K,Rajma 1 kg,4,159,261,257,0,0
TXN-20260621-SKU-RICE-1K,2026-06-21,SKU-RICE-1K,Sona Masoori Rice 1 kg,13,66,946,933,0,0
TXN-20260621-SKU-SALT-1K,2026-06-21,SKU-SALT-1K,Tata Salt 1 kg,3,26,818,815,0,0
TXN-20260621-SKU-SUG-1K,2026-06-21,SKU-SUG-1K,Sugar 1 kg,11,46,694,683,0,0
TXN-20260621-SKU-SUJI-500,2026-06-21,SKU-SUJI-500,Suji 500 g,3,31,190,187,0,0
TXN-20260621-SKU-TEA-250,2026-06-21,SKU-TEA-250,Tata Tea Gold 250 g,5,160,427,422,0,0
TXN-20260621-SKU-TOOR-1K,2026-06-21,SKU-TOOR-1K,Toor Dal 1 kg,8,167,513,505,0,0
TXN-20260621-SKU-VIM-500,2026-06-21,SKU-VIM-500,Vim Bar 500 g,2,46,47,45,0,0
TXN-20260621-SKU-WATER-1L,2026-06-21,SKU-WATER-1L,Bisleri Water 1 L,24,18,171,147,0,0
TXN-20260622-SKU-ATTA-5K,2026-06-22,SKU-ATTA-5K,Aashirvaad Atta 5 kg,6,238,526,520,0,0
TXN-20260622-SKU-BAS-5K,2026-06-22,SKU-BAS-5K,India Gate Basmati 5 kg,0,597,86,86,0,0
TXN-20260622-SKU-BESAN-500,2026-06-22,SKU-BESAN-500,Besan 500 g,2,60,325,323,0,0
TXN-20260622-SKU-BREAD-400,2026-06-22,SKU-BREAD-400,Brown Bread 400 g,8,51,95,507,0,0
TXN-20260622-SKU-CHANA-1K,2026-06-22,SKU-CHANA-1K,Kabuli Chana 1 kg,3,151,270,267,0,0
TXN-20260622-SKU-COKE-750,2026-06-22,SKU-COKE-750,Coca-Cola 750 ml,13,35,111,638,0,0
TXN-20260622-SKU-COLGATE-200,2026-06-22,SKU-COLGATE-200,Colgate Toothpaste 200 g,1,114,30,169,0,0
TXN-20260622-SKU-DALIA-500,2026-06-22,SKU-DALIA-500,Dalia 500 g,2,32,97,95,0,0
TXN-20260622-SKU-HALDI-100,2026-06-22,SKU-HALDI-100,Turmeric Powder 100 g,2,26,262,260,0,0
TXN-20260622-SKU-HARPIC-500,2026-06-22,SKU-HARPIC-500,Harpic 500 ml,1,114,22,101,0,0
TXN-20260622-SKU-LAYS-52,2026-06-22,SKU-LAYS-52,Lays Classic 52 g,12,19,131,739,0,0
TXN-20260622-SKU-LIFEBUOY-4,2026-06-22,SKU-LIFEBUOY-4,Lifebuoy Soap 4 x 100 g,1,122,32,181,0,0
TXN-20260622-SKU-MAGGI-280,2026-06-22,SKU-MAGGI-280,Maggi Noodles 280 g,9,59,120,681,0,0
TXN-20260622-SKU-MAIDA-1K,2026-06-22,SKU-MAIDA-1K,Maida 1 kg,2,43,358,356,0,0
TXN-20260622-SKU-MIRCH-100,2026-06-22,SKU-MIRCH-100,Red Chilli Powder 100 g,2,37,176,174,0,0
TXN-20260622-SKU-MOONG-1K,2026-06-22,SKU-MOONG-1K,Moong Dal 1 kg,3,125,246,243,0,0
TXN-20260622-SKU-MUST-1L,2026-06-22,SKU-MUST-1L,Fortune Mustard Oil 1 L,4,206,353,349,0,0
TXN-20260622-SKU-OIL-1L,2026-06-22,SKU-OIL-1L,Sunpure Cooking Oil 1 L,4,124,529,525,0,0
TXN-20260622-SKU-PARLE-G,2026-06-22,SKU-PARLE-G,Parle-G Biscuit 250 g,15,23,202,1137,0,0
TXN-20260622-SKU-POHA-500,2026-06-22,SKU-POHA-500,Poha 500 g,1,30,174,173,0,0
TXN-20260622-SKU-RAJMA-1K,2026-06-22,SKU-RAJMA-1K,Rajma 1 kg,3,159,257,254,0,0
TXN-20260622-SKU-RICE-1K,2026-06-22,SKU-RICE-1K,Sona Masoori Rice 1 kg,10,66,933,923,0,0
TXN-20260622-SKU-SALT-1K,2026-06-22,SKU-SALT-1K,Tata Salt 1 kg,12,26,815,803,0,0
TXN-20260622-SKU-SUG-1K,2026-06-22,SKU-SUG-1K,Sugar 1 kg,7,46,683,676,0,0
TXN-20260622-SKU-SUJI-500,2026-06-22,SKU-SUJI-500,Suji 500 g,2,31,187,185,0,0
TXN-20260622-SKU-TEA-250,2026-06-22,SKU-TEA-250,Tata Tea Gold 250 g,6,160,422,416,0,0
TXN-20260622-SKU-TOOR-1K,2026-06-22,SKU-TOOR-1K,Toor Dal 1 kg,5,167,505,500,0,0
TXN-20260622-SKU-VIM-500,2026-06-22,SKU-VIM-500,Vim Bar 500 g,3,46,45,252,0,0
TXN-20260622-SKU-WATER-1L,2026-06-22,SKU-WATER-1L,Bisleri Water 1 L,21,18,147,856,0,0
TXN-20260623-SKU-ATTA-5K,2026-06-23,SKU-ATTA-5K,Aashirvaad Atta 5 kg,6,238,520,514,0,0
TXN-20260623-SKU-BAS-5K,2026-06-23,SKU-BAS-5K,India Gate Basmati 5 kg,1,597,86,85,0,0
TXN-20260623-SKU-BESAN-500,2026-06-23,SKU-BESAN-500,Besan 500 g,5,60,323,318,0,0
TXN-20260623-SKU-BREAD-400,2026-06-23,SKU-BREAD-400,Brown Bread 400 g,7,51,507,500,0,0
TXN-20260623-SKU-CHANA-1K,2026-06-23,SKU-CHANA-1K,Kabuli Chana 1 kg,1,151,267,266,0,0
TXN-20260623-SKU-COKE-750,2026-06-23,SKU-COKE-750,Coca-Cola 750 ml,18,35,638,620,0,0
TXN-20260623-SKU-COLGATE-200,2026-06-23,SKU-COLGATE-200,Colgate Toothpaste 200 g,2,114,169,167,0,0
TXN-20260623-SKU-DALIA-500,2026-06-23,SKU-DALIA-500,Dalia 500 g,1,32,95,94,0,0
TXN-20260623-SKU-HALDI-100,2026-06-23,SKU-HALDI-100,Turmeric Powder 100 g,2,26,260,258,0,0
TXN-20260623-SKU-HARPIC-500,2026-06-23,SKU-HARPIC-500,Harpic 500 ml,1,114,101,100,0,0
TXN-20260623-SKU-LAYS-52,2026-06-23,SKU-LAYS-52,Lays Classic 52 g,6,19,739,733,0,0
TXN-20260623-SKU-LIFEBUOY-4,2026-06-23,SKU-LIFEBUOY-4,Lifebuoy Soap 4 x 100 g,2,122,181,179,0,0
TXN-20260623-SKU-MAGGI-280,2026-06-23,SKU-MAGGI-280,Maggi Noodles 280 g,11,59,681,670,0,0
TXN-20260623-SKU-MAIDA-1K,2026-06-23,SKU-MAIDA-1K,Maida 1 kg,4,43,356,352,0,0
TXN-20260623-SKU-MIRCH-100,2026-06-23,SKU-MIRCH-100,Red Chilli Powder 100 g,2,37,174,172,0,0
TXN-20260623-SKU-MOONG-1K,2026-06-23,SKU-MOONG-1K,Moong Dal 1 kg,4,125,243,239,0,0
TXN-20260623-SKU-MUST-1L,2026-06-23,SKU-MUST-1L,Fortune Mustard Oil 1 L,5,206,349,344,0,0
TXN-20260623-SKU-OIL-1L,2026-06-23,SKU-OIL-1L,Sunpure Cooking Oil 1 L,6,124,525,519,0,0
TXN-20260623-SKU-PARLE-G,2026-06-23,SKU-PARLE-G,Parle-G Biscuit 250 g,15,23,1137,1122,0,0
TXN-20260623-SKU-POHA-500,2026-06-23,SKU-POHA-500,Poha 500 g,1,30,173,172,0,0
TXN-20260623-SKU-RAJMA-1K,2026-06-23,SKU-RAJMA-1K,Rajma 1 kg,3,159,254,251,0,0
TXN-20260623-SKU-RICE-1K,2026-06-23,SKU-RICE-1K,Sona Masoori Rice 1 kg,11,66,923,912,0,0
TXN-20260623-SKU-SALT-1K,2026-06-23,SKU-SALT-1K,Tata Salt 1 kg,9,26,803,794,0,0
TXN-20260623-SKU-SUG-1K,2026-06-23,SKU-SUG-1K,Sugar 1 kg,10,46,676,666,0,0
TXN-20260623-SKU-SUJI-500,2026-06-23,SKU-SUJI-500,Suji 500 g,1,31,185,184,0,0
TXN-20260623-SKU-TEA-250,2026-06-23,SKU-TEA-250,Tata Tea Gold 250 g,7,160,416,409,0,0
TXN-20260623-SKU-TOOR-1K,2026-06-23,SKU-TOOR-1K,Toor Dal 1 kg,4,167,500,496,0,0
TXN-20260623-SKU-VIM-500,2026-06-23,SKU-VIM-500,Vim Bar 500 g,3,46,252,249,0,0
TXN-20260623-SKU-WATER-1L,2026-06-23,SKU-WATER-1L,Bisleri Water 1 L,16,18,856,840,0,0
TXN-20260624-SKU-ATTA-5K,2026-06-24,SKU-ATTA-5K,Aashirvaad Atta 5 kg,5,238,514,509,0,0
TXN-20260624-SKU-BAS-5K,2026-06-24,SKU-BAS-5K,India Gate Basmati 5 kg,1,597,85,84,0,0
TXN-20260624-SKU-BESAN-500,2026-06-24,SKU-BESAN-500,Besan 500 g,2,60,318,316,0,0
TXN-20260624-SKU-BREAD-400,2026-06-24,SKU-BREAD-400,Brown Bread 400 g,6,51,500,494,0,0
TXN-20260624-SKU-CHANA-1K,2026-06-24,SKU-CHANA-1K,Kabuli Chana 1 kg,2,151,266,264,0,0
TXN-20260624-SKU-COKE-750,2026-06-24,SKU-COKE-750,Coca-Cola 750 ml,24,35,620,596,0,0
TXN-20260624-SKU-COLGATE-200,2026-06-24,SKU-COLGATE-200,Colgate Toothpaste 200 g,1,114,167,166,0,0
TXN-20260624-SKU-DALIA-500,2026-06-24,SKU-DALIA-500,Dalia 500 g,1,32,94,93,0,0
TXN-20260624-SKU-HALDI-100,2026-06-24,SKU-HALDI-100,Turmeric Powder 100 g,3,26,258,255,0,0
TXN-20260624-SKU-HARPIC-500,2026-06-24,SKU-HARPIC-500,Harpic 500 ml,2,114,100,98,0,0
TXN-20260624-SKU-LAYS-52,2026-06-24,SKU-LAYS-52,Lays Classic 52 g,14,19,733,719,0,0
TXN-20260624-SKU-LIFEBUOY-4,2026-06-24,SKU-LIFEBUOY-4,Lifebuoy Soap 4 x 100 g,3,122,179,176,0,0
TXN-20260624-SKU-MAGGI-280,2026-06-24,SKU-MAGGI-280,Maggi Noodles 280 g,10,59,670,660,0,0
TXN-20260624-SKU-MAIDA-1K,2026-06-24,SKU-MAIDA-1K,Maida 1 kg,4,43,352,348,0,0
TXN-20260624-SKU-MIRCH-100,2026-06-24,SKU-MIRCH-100,Red Chilli Powder 100 g,1,37,172,171,0,0
TXN-20260624-SKU-MOONG-1K,2026-06-24,SKU-MOONG-1K,Moong Dal 1 kg,2,125,239,237,0,0
TXN-20260624-SKU-MUST-1L,2026-06-24,SKU-MUST-1L,Fortune Mustard Oil 1 L,4,206,344,340,0,0
TXN-20260624-SKU-OIL-1L,2026-06-24,SKU-OIL-1L,Sunpure Cooking Oil 1 L,6,124,519,513,0,0
TXN-20260624-SKU-PARLE-G,2026-06-24,SKU-PARLE-G,Parle-G Biscuit 250 g,16,23,1122,1106,0,0
TXN-20260624-SKU-POHA-500,2026-06-24,SKU-POHA-500,Poha 500 g,3,30,172,169,0,0
TXN-20260624-SKU-RAJMA-1K,2026-06-24,SKU-RAJMA-1K,Rajma 1 kg,3,159,251,248,0,0
TXN-20260624-SKU-RICE-1K,2026-06-24,SKU-RICE-1K,Sona Masoori Rice 1 kg,10,66,912,902,0,0
TXN-20260624-SKU-SALT-1K,2026-06-24,SKU-SALT-1K,Tata Salt 1 kg,10,26,794,784,0,0
TXN-20260624-SKU-SUG-1K,2026-06-24,SKU-SUG-1K,Sugar 1 kg,9,46,666,657,0,0
TXN-20260624-SKU-SUJI-500,2026-06-24,SKU-SUJI-500,Suji 500 g,1,31,184,183,0,0
TXN-20260624-SKU-TEA-250,2026-06-24,SKU-TEA-250,Tata Tea Gold 250 g,3,160,409,406,0,0
TXN-20260624-SKU-TOOR-1K,2026-06-24,SKU-TOOR-1K,Toor Dal 1 kg,6,167,496,490,0,0
TXN-20260624-SKU-VIM-500,2026-06-24,SKU-VIM-500,Vim Bar 500 g,3,46,249,246,0,0
TXN-20260624-SKU-WATER-1L,2026-06-24,SKU-WATER-1L,Bisleri Water 1 L,32,18,840,808,0,0
TXN-20260625-SKU-ATTA-5K,2026-06-25,SKU-ATTA-5K,Aashirvaad Atta 5 kg,6,238,509,503,0,0
TXN-20260625-SKU-BAS-5K,2026-06-25,SKU-BAS-5K,India Gate Basmati 5 kg,1,597,84,83,0,0
TXN-20260625-SKU-BESAN-500,2026-06-25,SKU-BESAN-500,Besan 500 g,4,60,316,312,0,0
TXN-20260625-SKU-BREAD-400,2026-06-25,SKU-BREAD-400,Brown Bread 400 g,6,51,494,488,0,0
TXN-20260625-SKU-CHANA-1K,2026-06-25,SKU-CHANA-1K,Kabuli Chana 1 kg,3,151,264,261,0,0
TXN-20260625-SKU-COKE-750,2026-06-25,SKU-COKE-750,Coca-Cola 750 ml,13,35,596,583,0,0
TXN-20260625-SKU-COLGATE-200,2026-06-25,SKU-COLGATE-200,Colgate Toothpaste 200 g,2,114,166,164,0,0
TXN-20260625-SKU-DALIA-500,2026-06-25,SKU-DALIA-500,Dalia 500 g,1,32,93,92,0,0
TXN-20260625-SKU-HALDI-100,2026-06-25,SKU-HALDI-100,Turmeric Powder 100 g,2,26,255,253,0,0
TXN-20260625-SKU-HARPIC-500,2026-06-25,SKU-HARPIC-500,Harpic 500 ml,1,114,98,97,0,0
TXN-20260625-SKU-LAYS-52,2026-06-25,SKU-LAYS-52,Lays Classic 52 g,10,19,719,709,0,0
TXN-20260625-SKU-LIFEBUOY-4,2026-06-25,SKU-LIFEBUOY-4,Lifebuoy Soap 4 x 100 g,2,122,176,174,0,0
TXN-20260625-SKU-MAGGI-280,2026-06-25,SKU-MAGGI-280,Maggi Noodles 280 g,11,59,660,649,0,0
TXN-20260625-SKU-MAIDA-1K,2026-06-25,SKU-MAIDA-1K,Maida 1 kg,4,43,348,344,0,0
TXN-20260625-SKU-MIRCH-100,2026-06-25,SKU-MIRCH-100,Red Chilli Powder 100 g,2,37,171,169,0,0
TXN-20260625-SKU-MOONG-1K,2026-06-25,SKU-MOONG-1K,Moong Dal 1 kg,4,125,237,233,0,0
TXN-20260625-SKU-MUST-1L,2026-06-25,SKU-MUST-1L,Fortune Mustard Oil 1 L,3,206,340,337,0,0
TXN-20260625-SKU-OIL-1L,2026-06-25,SKU-OIL-1L,Sunpure Cooking Oil 1 L,7,124,513,506,0,0
TXN-20260625-SKU-PARLE-G,2026-06-25,SKU-PARLE-G,Parle-G Biscuit 250 g,11,23,1106,1095,0,0
TXN-20260625-SKU-POHA-500,2026-06-25,SKU-POHA-500,Poha 500 g,3,30,169,166,0,0
TXN-20260625-SKU-RAJMA-1K,2026-06-25,SKU-RAJMA-1K,Rajma 1 kg,3,159,248,245,0,0
TXN-20260625-SKU-RICE-1K,2026-06-25,SKU-RICE-1K,Sona Masoori Rice 1 kg,11,66,902,891,0,0
TXN-20260625-SKU-SALT-1K,2026-06-25,SKU-SALT-1K,Tata Salt 1 kg,9,26,784,775,0,0
TXN-20260625-SKU-SUG-1K,2026-06-25,SKU-SUG-1K,Sugar 1 kg,9,46,657,648,0,0
TXN-20260625-SKU-SUJI-500,2026-06-25,SKU-SUJI-500,Suji 500 g,3,31,183,180,0,0
TXN-20260625-SKU-TEA-250,2026-06-25,SKU-TEA-250,Tata Tea Gold 250 g,4,160,406,402,0,0
TXN-20260625-SKU-TOOR-1K,2026-06-25,SKU-TOOR-1K,Toor Dal 1 kg,3,167,490,487,0,0
TXN-20260625-SKU-VIM-500,2026-06-25,SKU-VIM-500,Vim Bar 500 g,3,46,246,243,0,0
TXN-20260625-SKU-WATER-1L,2026-06-25,SKU-WATER-1L,Bisleri Water 1 L,24,18,808,784,0,0
TXN-20260626-SKU-ATTA-5K,2026-06-26,SKU-ATTA-5K,Aashirvaad Atta 5 kg,6,238,503,497,0,0
TXN-20260626-SKU-BAS-5K,2026-06-26,SKU-BAS-5K,India Gate Basmati 5 kg,2,597,83,81,0,0
TXN-20260626-SKU-BESAN-500,2026-06-26,SKU-BESAN-500,Besan 500 g,2,60,312,310,0,0
TXN-20260626-SKU-BREAD-400,2026-06-26,SKU-BREAD-400,Brown Bread 400 g,7,51,488,481,0,0
TXN-20260626-SKU-CHANA-1K,2026-06-26,SKU-CHANA-1K,Kabuli Chana 1 kg,4,151,261,257,0,0
TXN-20260626-SKU-COKE-750,2026-06-26,SKU-COKE-750,Coca-Cola 750 ml,11,35,583,572,0,0
TXN-20260626-SKU-COLGATE-200,2026-06-26,SKU-COLGATE-200,Colgate Toothpaste 200 g,2,114,164,162,0,0
TXN-20260626-SKU-DALIA-500,2026-06-26,SKU-DALIA-500,Dalia 500 g,1,32,92,91,0,0
TXN-20260626-SKU-HALDI-100,2026-06-26,SKU-HALDI-100,Turmeric Powder 100 g,2,26,253,251,0,0
TXN-20260626-SKU-HARPIC-500,2026-06-26,SKU-HARPIC-500,Harpic 500 ml,1,114,97,96,0,0
TXN-20260626-SKU-LAYS-52,2026-06-26,SKU-LAYS-52,Lays Classic 52 g,9,19,709,700,0,0
TXN-20260626-SKU-LIFEBUOY-4,2026-06-26,SKU-LIFEBUOY-4,Lifebuoy Soap 4 x 100 g,3,122,174,171,0,0
TXN-20260626-SKU-MAGGI-280,2026-06-26,SKU-MAGGI-280,Maggi Noodles 280 g,7,59,649,642,0,0
TXN-20260626-SKU-MAIDA-1K,2026-06-26,SKU-MAIDA-1K,Maida 1 kg,4,43,344,340,0,0
TXN-20260626-SKU-MIRCH-100,2026-06-26,SKU-MIRCH-100,Red Chilli Powder 100 g,2,37,169,167,0,0
TXN-20260626-SKU-MOONG-1K,2026-06-26,SKU-MOONG-1K,Moong Dal 1 kg,3,125,233,230,0,0
TXN-20260626-SKU-MUST-1L,2026-06-26,SKU-MUST-1L,Fortune Mustard Oil 1 L,4,206,337,333,0,0
TXN-20260626-SKU-OIL-1L,2026-06-26,SKU-OIL-1L,Sunpure Cooking Oil 1 L,6,124,506,500,0,0
TXN-20260626-SKU-PARLE-G,2026-06-26,SKU-PARLE-G,Parle-G Biscuit 250 g,9,23,1095,1086,0,0
TXN-20260626-SKU-POHA-500,2026-06-26,SKU-POHA-500,Poha 500 g,2,30,166,164,0,0
TXN-20260626-SKU-RAJMA-1K,2026-06-26,SKU-RAJMA-1K,Rajma 1 kg,3,159,245,242,0,0
TXN-20260626-SKU-RICE-1K,2026-06-26,SKU-RICE-1K,Sona Masoori Rice 1 kg,11,66,891,880,0,0
TXN-20260626-SKU-SALT-1K,2026-06-26,SKU-SALT-1K,Tata Salt 1 kg,13,26,775,762,0,0
TXN-20260626-SKU-SUG-1K,2026-06-26,SKU-SUG-1K,Sugar 1 kg,8,46,648,640,0,0
TXN-20260626-SKU-SUJI-500,2026-06-26,SKU-SUJI-500,Suji 500 g,1,31,180,179,0,0
TXN-20260626-SKU-TEA-250,2026-06-26,SKU-TEA-250,Tata Tea Gold 250 g,6,160,402,396,0,0
TXN-20260626-SKU-TOOR-1K,2026-06-26,SKU-TOOR-1K,Toor Dal 1 kg,3,167,487,484,0,0
TXN-20260626-SKU-VIM-500,2026-06-26,SKU-VIM-500,Vim Bar 500 g,3,46,243,240,0,0
TXN-20260626-SKU-WATER-1L,2026-06-26,SKU-WATER-1L,Bisleri Water 1 L,15,18,784,769,0,0
TXN-20260627-SKU-ATTA-5K,2026-06-27,SKU-ATTA-5K,Aashirvaad Atta 5 kg,5,238,497,492,0,0
TXN-20260627-SKU-BAS-5K,2026-06-27,SKU-BAS-5K,India Gate Basmati 5 kg,2,597,81,79,0,0
TXN-20260627-SKU-BESAN-500,2026-06-27,SKU-BESAN-500,Besan 500 g,5,60,310,305,0,0
TXN-20260627-SKU-BREAD-400,2026-06-27,SKU-BREAD-400,Brown Bread 400 g,7,51,481,474,0,0
TXN-20260627-SKU-CHANA-1K,2026-06-27,SKU-CHANA-1K,Kabuli Chana 1 kg,2,151,257,255,0,0
TXN-20260627-SKU-COKE-750,2026-06-27,SKU-COKE-750,Coca-Cola 750 ml,4,35,572,568,0,0
TXN-20260627-SKU-COLGATE-200,2026-06-27,SKU-COLGATE-200,Colgate Toothpaste 200 g,1,114,162,161,0,0
TXN-20260627-SKU-DALIA-500,2026-06-27,SKU-DALIA-500,Dalia 500 g,1,32,91,90,0,0
TXN-20260627-SKU-HALDI-100,2026-06-27,SKU-HALDI-100,Turmeric Powder 100 g,3,26,251,248,0,0
TXN-20260627-SKU-HARPIC-500,2026-06-27,SKU-HARPIC-500,Harpic 500 ml,1,114,96,95,0,0
TXN-20260627-SKU-LAYS-52,2026-06-27,SKU-LAYS-52,Lays Classic 52 g,8,19,700,692,0,0
TXN-20260627-SKU-LIFEBUOY-4,2026-06-27,SKU-LIFEBUOY-4,Lifebuoy Soap 4 x 100 g,3,122,171,168,0,0
TXN-20260627-SKU-MAGGI-280,2026-06-27,SKU-MAGGI-280,Maggi Noodles 280 g,6,59,642,636,0,0
TXN-20260627-SKU-MAIDA-1K,2026-06-27,SKU-MAIDA-1K,Maida 1 kg,2,43,340,338,0,0
TXN-20260627-SKU-MIRCH-100,2026-06-27,SKU-MIRCH-100,Red Chilli Powder 100 g,1,37,167,166,0,0
TXN-20260627-SKU-MOONG-1K,2026-06-27,SKU-MOONG-1K,Moong Dal 1 kg,4,125,230,226,0,0
TXN-20260627-SKU-MUST-1L,2026-06-27,SKU-MUST-1L,Fortune Mustard Oil 1 L,2,206,333,331,0,0
TXN-20260627-SKU-OIL-1L,2026-06-27,SKU-OIL-1L,Sunpure Cooking Oil 1 L,7,124,500,493,0,0
TXN-20260627-SKU-PARLE-G,2026-06-27,SKU-PARLE-G,Parle-G Biscuit 250 g,14,23,1086,1072,0,0
TXN-20260627-SKU-POHA-500,2026-06-27,SKU-POHA-500,Poha 500 g,2,30,164,162,0,0
TXN-20260627-SKU-RAJMA-1K,2026-06-27,SKU-RAJMA-1K,Rajma 1 kg,3,159,242,239,0,0
TXN-20260627-SKU-RICE-1K,2026-06-27,SKU-RICE-1K,Sona Masoori Rice 1 kg,14,66,880,866,0,0
TXN-20260627-SKU-SALT-1K,2026-06-27,SKU-SALT-1K,Tata Salt 1 kg,12,26,762,750,0,0
TXN-20260627-SKU-SUG-1K,2026-06-27,SKU-SUG-1K,Sugar 1 kg,5,46,640,635,0,0
TXN-20260627-SKU-SUJI-500,2026-06-27,SKU-SUJI-500,Suji 500 g,1,31,179,178,0,0
TXN-20260627-SKU-TEA-250,2026-06-27,SKU-TEA-250,Tata Tea Gold 250 g,6,160,396,390,0,0
TXN-20260627-SKU-TOOR-1K,2026-06-27,SKU-TOOR-1K,Toor Dal 1 kg,5,167,484,479,0,0
TXN-20260627-SKU-VIM-500,2026-06-27,SKU-VIM-500,Vim Bar 500 g,3,46,240,237,0,0
TXN-20260627-SKU-WATER-1L,2026-06-27,SKU-WATER-1L,Bisleri Water 1 L,8,18,769,761,0,0
TXN-20260628-SKU-ATTA-5K,2026-06-28,SKU-ATTA-5K,Aashirvaad Atta 5 kg,7,238,492,485,0,0
TXN-20260628-SKU-BAS-5K,2026-06-28,SKU-BAS-5K,India Gate Basmati 5 kg,1,597,79,78,0,0
TXN-20260628-SKU-BESAN-500,2026-06-28,SKU-BESAN-500,Besan 500 g,4,60,305,301,0,0
TXN-20260628-SKU-BREAD-400,2026-06-28,SKU-BREAD-400,Brown Bread 400 g,5,51,474,469,0,0
TXN-20260628-SKU-CHANA-1K,2026-06-28,SKU-CHANA-1K,Kabuli Chana 1 kg,2,151,255,253,0,0
TXN-20260628-SKU-COKE-750,2026-06-28,SKU-COKE-750,Coca-Cola 750 ml,6,35,568,562,0,0
TXN-20260628-SKU-COLGATE-200,2026-06-28,SKU-COLGATE-200,Colgate Toothpaste 200 g,2,114,161,159,0,0
TXN-20260628-SKU-DALIA-500,2026-06-28,SKU-DALIA-500,Dalia 500 g,1,32,90,89,0,0
TXN-20260628-SKU-HALDI-100,2026-06-28,SKU-HALDI-100,Turmeric Powder 100 g,2,26,248,246,0,0
TXN-20260628-SKU-HARPIC-500,2026-06-28,SKU-HARPIC-500,Harpic 500 ml,1,114,95,94,0,0
TXN-20260628-SKU-LAYS-52,2026-06-28,SKU-LAYS-52,Lays Classic 52 g,12,19,692,680,0,0
TXN-20260628-SKU-LIFEBUOY-4,2026-06-28,SKU-LIFEBUOY-4,Lifebuoy Soap 4 x 100 g,2,122,168,166,0,0
TXN-20260628-SKU-MAGGI-280,2026-06-28,SKU-MAGGI-280,Maggi Noodles 280 g,6,59,636,630,0,0
TXN-20260628-SKU-MAIDA-1K,2026-06-28,SKU-MAIDA-1K,Maida 1 kg,5,43,338,333,0,0
TXN-20260628-SKU-MIRCH-100,2026-06-28,SKU-MIRCH-100,Red Chilli Powder 100 g,2,37,166,164,0,0
TXN-20260628-SKU-MOONG-1K,2026-06-28,SKU-MOONG-1K,Moong Dal 1 kg,3,125,226,223,0,0
TXN-20260628-SKU-MUST-1L,2026-06-28,SKU-MUST-1L,Fortune Mustard Oil 1 L,4,206,331,327,0,0
TXN-20260628-SKU-OIL-1L,2026-06-28,SKU-OIL-1L,Sunpure Cooking Oil 1 L,5,124,493,488,0,0
TXN-20260628-SKU-PARLE-G,2026-06-28,SKU-PARLE-G,Parle-G Biscuit 250 g,10,23,1072,1062,0,0
TXN-20260628-SKU-POHA-500,2026-06-28,SKU-POHA-500,Poha 500 g,2,30,162,160,0,0
TXN-20260628-SKU-RAJMA-1K,2026-06-28,SKU-RAJMA-1K,Rajma 1 kg,4,159,239,235,0,0
TXN-20260628-SKU-RICE-1K,2026-06-28,SKU-RICE-1K,Sona Masoori Rice 1 kg,10,66,866,856,0,0
TXN-20260628-SKU-SALT-1K,2026-06-28,SKU-SALT-1K,Tata Salt 1 kg,8,26,750,742,0,0
TXN-20260628-SKU-SUG-1K,2026-06-28,SKU-SUG-1K,Sugar 1 kg,6,46,635,629,0,0
TXN-20260628-SKU-SUJI-500,2026-06-28,SKU-SUJI-500,Suji 500 g,2,31,178,176,0,0
TXN-20260628-SKU-TEA-250,2026-06-28,SKU-TEA-250,Tata Tea Gold 250 g,6,160,390,384,0,0
TXN-20260628-SKU-TOOR-1K,2026-06-28,SKU-TOOR-1K,Toor Dal 1 kg,3,167,479,476,0,0
TXN-20260628-SKU-VIM-500,2026-06-28,SKU-VIM-500,Vim Bar 500 g,3,46,237,234,0,0
TXN-20260628-SKU-WATER-1L,2026-06-28,SKU-WATER-1L,Bisleri Water 1 L,9,18,761,752,0,0
TXN-20260629-SKU-ATTA-5K,2026-06-29,SKU-ATTA-5K,Aashirvaad Atta 5 kg,7,238,485,478,0,0
TXN-20260629-SKU-BAS-5K,2026-06-29,SKU-BAS-5K,India Gate Basmati 5 kg,0,597,78,78,0,0
TXN-20260629-SKU-BESAN-500,2026-06-29,SKU-BESAN-500,Besan 500 g,3,60,301,298,0,0
TXN-20260629-SKU-BREAD-400,2026-06-29,SKU-BREAD-400,Brown Bread 400 g,6,51,469,463,0,0
TXN-20260629-SKU-CHANA-1K,2026-06-29,SKU-CHANA-1K,Kabuli Chana 1 kg,3,151,253,250,0,0
TXN-20260629-SKU-COKE-750,2026-06-29,SKU-COKE-750,Coca-Cola 750 ml,8,35,562,554,0,0
TXN-20260629-SKU-COLGATE-200,2026-06-29,SKU-COLGATE-200,Colgate Toothpaste 200 g,2,114,159,157,0,0
TXN-20260629-SKU-DALIA-500,2026-06-29,SKU-DALIA-500,Dalia 500 g,1,32,89,88,0,0
TXN-20260629-SKU-HALDI-100,2026-06-29,SKU-HALDI-100,Turmeric Powder 100 g,3,26,246,243,0,0
TXN-20260629-SKU-HARPIC-500,2026-06-29,SKU-HARPIC-500,Harpic 500 ml,1,114,94,93,0,0
TXN-20260629-SKU-LAYS-52,2026-06-29,SKU-LAYS-52,Lays Classic 52 g,10,19,680,670,0,0
TXN-20260629-SKU-LIFEBUOY-4,2026-06-29,SKU-LIFEBUOY-4,Lifebuoy Soap 4 x 100 g,3,122,166,163,0,0
TXN-20260629-SKU-MAGGI-280,2026-06-29,SKU-MAGGI-280,Maggi Noodles 280 g,9,59,630,621,0,0
TXN-20260629-SKU-MAIDA-1K,2026-06-29,SKU-MAIDA-1K,Maida 1 kg,5,43,333,328,0,0
TXN-20260629-SKU-MIRCH-100,2026-06-29,SKU-MIRCH-100,Red Chilli Powder 100 g,2,37,164,162,0,0
TXN-20260629-SKU-MOONG-1K,2026-06-29,SKU-MOONG-1K,Moong Dal 1 kg,3,125,223,220,0,0
TXN-20260629-SKU-MUST-1L,2026-06-29,SKU-MUST-1L,Fortune Mustard Oil 1 L,3,206,327,324,0,0
TXN-20260629-SKU-OIL-1L,2026-06-29,SKU-OIL-1L,Sunpure Cooking Oil 1 L,6,124,488,482,0,0
TXN-20260629-SKU-PARLE-G,2026-06-29,SKU-PARLE-G,Parle-G Biscuit 250 g,11,23,1062,1051,0,0
TXN-20260629-SKU-POHA-500,2026-06-29,SKU-POHA-500,Poha 500 g,3,30,160,157,0,0
TXN-20260629-SKU-RAJMA-1K,2026-06-29,SKU-RAJMA-1K,Rajma 1 kg,3,159,235,232,0,0
TXN-20260629-SKU-RICE-1K,2026-06-29,SKU-RICE-1K,Sona Masoori Rice 1 kg,15,66,856,841,0,0
TXN-20260629-SKU-SALT-1K,2026-06-29,SKU-SALT-1K,Tata Salt 1 kg,9,26,742,733,0,0
TXN-20260629-SKU-SUG-1K,2026-06-29,SKU-SUG-1K,Sugar 1 kg,9,46,629,620,0,0
TXN-20260629-SKU-SUJI-500,2026-06-29,SKU-SUJI-500,Suji 500 g,2,31,176,174,0,0
TXN-20260629-SKU-TEA-250,2026-06-29,SKU-TEA-250,Tata Tea Gold 250 g,3,160,384,381,0,0
TXN-20260629-SKU-TOOR-1K,2026-06-29,SKU-TOOR-1K,Toor Dal 1 kg,6,167,476,470,0,0
TXN-20260629-SKU-VIM-500,2026-06-29,SKU-VIM-500,Vim Bar 500 g,4,46,234,230,0,0
TXN-20260629-SKU-WATER-1L,2026-06-29,SKU-WATER-1L,Bisleri Water 1 L,9,18,752,743,0,0
TXN-20260630-SKU-ATTA-5K,2026-06-30,SKU-ATTA-5K,Aashirvaad Atta 5 kg,8,238,478,470,0,0
TXN-20260630-SKU-BAS-5K,2026-06-30,SKU-BAS-5K,India Gate Basmati 5 kg,1,597,78,77,0,0
TXN-20260630-SKU-BESAN-500,2026-06-30,SKU-BESAN-500,Besan 500 g,5,60,298,293,0,0
TXN-20260630-SKU-BREAD-400,2026-06-30,SKU-BREAD-400,Brown Bread 400 g,5,51,463,458,0,0
TXN-20260630-SKU-CHANA-1K,2026-06-30,SKU-CHANA-1K,Kabuli Chana 1 kg,3,151,250,247,0,0
TXN-20260630-SKU-COKE-750,2026-06-30,SKU-COKE-750,Coca-Cola 750 ml,6,35,554,548,0,0
TXN-20260630-SKU-COLGATE-200,2026-06-30,SKU-COLGATE-200,Colgate Toothpaste 200 g,3,114,157,154,0,0
TXN-20260630-SKU-DALIA-500,2026-06-30,SKU-DALIA-500,Dalia 500 g,0,32,88,88,0,0
TXN-20260630-SKU-HALDI-100,2026-06-30,SKU-HALDI-100,Turmeric Powder 100 g,3,26,243,240,0,0
TXN-20260630-SKU-HARPIC-500,2026-06-30,SKU-HARPIC-500,Harpic 500 ml,0,114,93,93,0,0
TXN-20260630-SKU-LAYS-52,2026-06-30,SKU-LAYS-52,Lays Classic 52 g,8,19,670,662,0,0
TXN-20260630-SKU-LIFEBUOY-4,2026-06-30,SKU-LIFEBUOY-4,Lifebuoy Soap 4 x 100 g,2,122,163,161,0,0
TXN-20260630-SKU-MAGGI-280,2026-06-30,SKU-MAGGI-280,Maggi Noodles 280 g,8,59,621,613,0,0
TXN-20260630-SKU-MAIDA-1K,2026-06-30,SKU-MAIDA-1K,Maida 1 kg,4,43,328,324,0,0
TXN-20260630-SKU-MIRCH-100,2026-06-30,SKU-MIRCH-100,Red Chilli Powder 100 g,3,37,162,159,0,0
TXN-20260630-SKU-MOONG-1K,2026-06-30,SKU-MOONG-1K,Moong Dal 1 kg,3,125,220,217,0,0
TXN-20260630-SKU-MUST-1L,2026-06-30,SKU-MUST-1L,Fortune Mustard Oil 1 L,3,206,324,321,0,0
TXN-20260630-SKU-OIL-1L,2026-06-30,SKU-OIL-1L,Sunpure Cooking Oil 1 L,3,124,482,479,0,0
TXN-20260630-SKU-PARLE-G,2026-06-30,SKU-PARLE-G,Parle-G Biscuit 250 g,8,23,1051,1043,0,0
TXN-20260630-SKU-POHA-500,2026-06-30,SKU-POHA-500,Poha 500 g,3,30,157,154,0,0
TXN-20260630-SKU-RAJMA-1K,2026-06-30,SKU-RAJMA-1K,Rajma 1 kg,3,159,232,229,0,0
TXN-20260630-SKU-RICE-1K,2026-06-30,SKU-RICE-1K,Sona Masoori Rice 1 kg,12,66,841,829,0,0
TXN-20260630-SKU-SALT-1K,2026-06-30,SKU-SALT-1K,Tata Salt 1 kg,5,26,733,728,0,0
TXN-20260630-SKU-SUG-1K,2026-06-30,SKU-SUG-1K,Sugar 1 kg,8,46,620,612,0,0
TXN-20260630-SKU-SUJI-500,2026-06-30,SKU-SUJI-500,Suji 500 g,1,31,174,173,0,0
TXN-20260630-SKU-TEA-250,2026-06-30,SKU-TEA-250,Tata Tea Gold 250 g,6,160,381,375,0,0
TXN-20260630-SKU-TOOR-1K,2026-06-30,SKU-TOOR-1K,Toor Dal 1 kg,10,167,470,460,0,0
TXN-20260630-SKU-VIM-500,2026-06-30,SKU-VIM-500,Vim Bar 500 g,4,46,230,226,0,0
TXN-20260630-SKU-WATER-1L,2026-06-30,SKU-WATER-1L,Bisleri Water 1 L,9,18,743,734,0,0
TXN-20260701-SKU-ATTA-5K,2026-07-01,SKU-ATTA-5K,Aashirvaad Atta 5 kg,5,238,470,465,0,0
TXN-20260701-SKU-BAS-5K,2026-07-01,SKU-BAS-5K,India Gate Basmati 5 kg,1,597,77,76,0,0
TXN-20260701-SKU-BESAN-500,2026-07-01,SKU-BESAN-500,Besan 500 g,3,60,293,490,0,0
TXN-20260701-SKU-BREAD-400,2026-07-01,SKU-BREAD-400,Brown Bread 400 g,6,51,458,452,0,0
TXN-20260701-SKU-CHANA-1K,2026-07-01,SKU-CHANA-1K,Kabuli Chana 1 kg,3,151,247,244,0,0
TXN-20260701-SKU-COKE-750,2026-07-01,SKU-COKE-750,Coca-Cola 750 ml,8,35,548,540,0,0
TXN-20260701-SKU-COLGATE-200,2026-07-01,SKU-COLGATE-200,Colgate Toothpaste 200 g,2,114,154,152,0,0
TXN-20260701-SKU-DALIA-500,2026-07-01,SKU-DALIA-500,Dalia 500 g,2,32,88,86,0,0
TXN-20260701-SKU-HALDI-100,2026-07-01,SKU-HALDI-100,Turmeric Powder 100 g,3,26,240,237,0,0
TXN-20260701-SKU-HARPIC-500,2026-07-01,SKU-HARPIC-500,Harpic 500 ml,0,114,93,93,0,0
TXN-20260701-SKU-LAYS-52,2026-07-01,SKU-LAYS-52,Lays Classic 52 g,8,19,662,654,0,0
TXN-20260701-SKU-LIFEBUOY-4,2026-07-01,SKU-LIFEBUOY-4,Lifebuoy Soap 4 x 100 g,3,122,161,158,0,0
TXN-20260701-SKU-MAGGI-280,2026-07-01,SKU-MAGGI-280,Maggi Noodles 280 g,12,59,613,601,0,0
TXN-20260701-SKU-MAIDA-1K,2026-07-01,SKU-MAIDA-1K,Maida 1 kg,7,43,324,317,0,0
TXN-20260701-SKU-MIRCH-100,2026-07-01,SKU-MIRCH-100,Red Chilli Powder 100 g,1,37,159,158,0,0
TXN-20260701-SKU-MOONG-1K,2026-07-01,SKU-MOONG-1K,Moong Dal 1 kg,2,125,217,215,0,0
TXN-20260701-SKU-MUST-1L,2026-07-01,SKU-MUST-1L,Fortune Mustard Oil 1 L,5,206,321,316,0,0
TXN-20260701-SKU-OIL-1L,2026-07-01,SKU-OIL-1L,Sunpure Cooking Oil 1 L,7,124,479,472,0,0
TXN-20260701-SKU-PARLE-G,2026-07-01,SKU-PARLE-G,Parle-G Biscuit 250 g,16,23,1043,1027,0,0
TXN-20260701-SKU-POHA-500,2026-07-01,SKU-POHA-500,Poha 500 g,1,30,154,153,0,0
TXN-20260701-SKU-RAJMA-1K,2026-07-01,SKU-RAJMA-1K,Rajma 1 kg,2,159,229,227,0,0
TXN-20260701-SKU-RICE-1K,2026-07-01,SKU-RICE-1K,Sona Masoori Rice 1 kg,10,66,829,819,0,0
TXN-20260701-SKU-SALT-1K,2026-07-01,SKU-SALT-1K,Tata Salt 1 kg,17,26,728,711,0,0
TXN-20260701-SKU-SUG-1K,2026-07-01,SKU-SUG-1K,Sugar 1 kg,9,46,612,603,0,0
TXN-20260701-SKU-SUJI-500,2026-07-01,SKU-SUJI-500,Suji 500 g,2,31,173,171,0,0
TXN-20260701-SKU-TEA-250,2026-07-01,SKU-TEA-250,Tata Tea Gold 250 g,5,160,375,370,0,0
TXN-20260701-SKU-TOOR-1K,2026-07-01,SKU-TOOR-1K,Toor Dal 1 kg,6,167,460,454,0,0
TXN-20260701-SKU-VIM-500,2026-07-01,SKU-VIM-500,Vim Bar 500 g,3,46,226,223,0,0
TXN-20260701-SKU-WATER-1L,2026-07-01,SKU-WATER-1L,Bisleri Water 1 L,12,18,734,722,0,0
TXN-20260702-SKU-ATTA-5K,2026-07-02,SKU-ATTA-5K,Aashirvaad Atta 5 kg,6,238,465,459,0,0
TXN-20260702-SKU-BAS-5K,2026-07-02,SKU-BAS-5K,India Gate Basmati 5 kg,2,597,76,74,0,0
TXN-20260702-SKU-BESAN-500,2026-07-02,SKU-BESAN-500,Besan 500 g,5,60,490,485,0,0
TXN-20260702-SKU-BREAD-400,2026-07-02,SKU-BREAD-400,Brown Bread 400 g,5,51,452,447,0,0
TXN-20260702-SKU-CHANA-1K,2026-07-02,SKU-CHANA-1K,Kabuli Chana 1 kg,4,151,244,240,0,0
TXN-20260702-SKU-COKE-750,2026-07-02,SKU-COKE-750,Coca-Cola 750 ml,5,35,540,535,0,0
TXN-20260702-SKU-COLGATE-200,2026-07-02,SKU-COLGATE-200,Colgate Toothpaste 200 g,2,114,152,150,0,0
TXN-20260702-SKU-DALIA-500,2026-07-02,SKU-DALIA-500,Dalia 500 g,0,32,86,86,0,0
TXN-20260702-SKU-HALDI-100,2026-07-02,SKU-HALDI-100,Turmeric Powder 100 g,2,26,237,235,0,0
TXN-20260702-SKU-HARPIC-500,2026-07-02,SKU-HARPIC-500,Harpic 500 ml,1,114,93,92,0,0
TXN-20260702-SKU-LAYS-52,2026-07-02,SKU-LAYS-52,Lays Classic 52 g,5,19,654,649,0,0
TXN-20260702-SKU-LIFEBUOY-4,2026-07-02,SKU-LIFEBUOY-4,Lifebuoy Soap 4 x 100 g,2,122,158,156,0,0
TXN-20260702-SKU-MAGGI-280,2026-07-02,SKU-MAGGI-280,Maggi Noodles 280 g,8,59,601,593,0,0
TXN-20260702-SKU-MAIDA-1K,2026-07-02,SKU-MAIDA-1K,Maida 1 kg,5,43,317,312,0,0
TXN-20260702-SKU-MIRCH-100,2026-07-02,SKU-MIRCH-100,Red Chilli Powder 100 g,1,37,158,157,0,0
TXN-20260702-SKU-MOONG-1K,2026-07-02,SKU-MOONG-1K,Moong Dal 1 kg,3,125,215,212,0,0
TXN-20260702-SKU-MUST-1L,2026-07-02,SKU-MUST-1L,Fortune Mustard Oil 1 L,3,206,316,313,0,0
TXN-20260702-SKU-OIL-1L,2026-07-02,SKU-OIL-1L,Sunpure Cooking Oil 1 L,5,124,472,467,0,0
TXN-20260702-SKU-PARLE-G,2026-07-02,SKU-PARLE-G,Parle-G Biscuit 250 g,12,23,1027,1015,0,0
TXN-20260702-SKU-POHA-500,2026-07-02,SKU-POHA-500,Poha 500 g,2,30,153,151,0,0
TXN-20260702-SKU-RAJMA-1K,2026-07-02,SKU-RAJMA-1K,Rajma 1 kg,2,159,227,225,0,0
TXN-20260702-SKU-RICE-1K,2026-07-02,SKU-RICE-1K,Sona Masoori Rice 1 kg,10,66,819,809,0,0
TXN-20260702-SKU-SALT-1K,2026-07-02,SKU-SALT-1K,Tata Salt 1 kg,16,26,711,695,0,0
TXN-20260702-SKU-SUG-1K,2026-07-02,SKU-SUG-1K,Sugar 1 kg,10,46,603,593,0,0
TXN-20260702-SKU-SUJI-500,2026-07-02,SKU-SUJI-500,Suji 500 g,3,31,171,168,0,0
TXN-20260702-SKU-TEA-250,2026-07-02,SKU-TEA-250,Tata Tea Gold 250 g,4,160,370,366,0,0
TXN-20260702-SKU-TOOR-1K,2026-07-02,SKU-TOOR-1K,Toor Dal 1 kg,6,167,454,448,0,0
TXN-20260702-SKU-VIM-500,2026-07-02,SKU-VIM-500,Vim Bar 500 g,4,46,223,219,0,0
TXN-20260702-SKU-WATER-1L,2026-07-02,SKU-WATER-1L,Bisleri Water 1 L,10,18,722,712,0,0
TXN-20260703-SKU-ATTA-5K,2026-07-03,SKU-ATTA-5K,Aashirvaad Atta 5 kg,4,238,459,455,0,0
TXN-20260703-SKU-BAS-5K,2026-07-03,SKU-BAS-5K,India Gate Basmati 5 kg,1,597,74,73,0,0
TXN-20260703-SKU-BESAN-500,2026-07-03,SKU-BESAN-500,Besan 500 g,4,60,485,481,0,0
TXN-20260703-SKU-BREAD-400,2026-07-03,SKU-BREAD-400,Brown Bread 400 g,6,51,447,441,0,0
TXN-20260703-SKU-CHANA-1K,2026-07-03,SKU-CHANA-1K,Kabuli Chana 1 kg,5,151,240,235,0,0
TXN-20260703-SKU-COKE-750,2026-07-03,SKU-COKE-750,Coca-Cola 750 ml,4,35,535,531,0,0
TXN-20260703-SKU-COLGATE-200,2026-07-03,SKU-COLGATE-200,Colgate Toothpaste 200 g,2,114,150,148,0,0
TXN-20260703-SKU-DALIA-500,2026-07-03,SKU-DALIA-500,Dalia 500 g,1,32,86,85,0,0
TXN-20260703-SKU-HALDI-100,2026-07-03,SKU-HALDI-100,Turmeric Powder 100 g,1,26,235,234,0,0
TXN-20260703-SKU-HARPIC-500,2026-07-03,SKU-HARPIC-500,Harpic 500 ml,2,114,92,90,0,0
TXN-20260703-SKU-LAYS-52,2026-07-03,SKU-LAYS-52,Lays Classic 52 g,11,19,649,638,0,0
TXN-20260703-SKU-LIFEBUOY-4,2026-07-03,SKU-LIFEBUOY-4,Lifebuoy Soap 4 x 100 g,2,122,156,154,0,0
TXN-20260703-SKU-MAGGI-280,2026-07-03,SKU-MAGGI-280,Maggi Noodles 280 g,11,59,593,582,0,0
TXN-20260703-SKU-MAIDA-1K,2026-07-03,SKU-MAIDA-1K,Maida 1 kg,3,43,312,309,0,0
TXN-20260703-SKU-MIRCH-100,2026-07-03,SKU-MIRCH-100,Red Chilli Powder 100 g,2,37,157,155,0,0
TXN-20260703-SKU-MOONG-1K,2026-07-03,SKU-MOONG-1K,Moong Dal 1 kg,2,125,212,210,0,0
TXN-20260703-SKU-MUST-1L,2026-07-03,SKU-MUST-1L,Fortune Mustard Oil 1 L,3,206,313,310,0,0
TXN-20260703-SKU-OIL-1L,2026-07-03,SKU-OIL-1L,Sunpure Cooking Oil 1 L,8,124,467,459,0,0
TXN-20260703-SKU-PARLE-G,2026-07-03,SKU-PARLE-G,Parle-G Biscuit 250 g,16,23,1015,999,0,0
TXN-20260703-SKU-POHA-500,2026-07-03,SKU-POHA-500,Poha 500 g,1,30,151,150,0,0
TXN-20260703-SKU-RAJMA-1K,2026-07-03,SKU-RAJMA-1K,Rajma 1 kg,3,159,225,222,0,0
TXN-20260703-SKU-RICE-1K,2026-07-03,SKU-RICE-1K,Sona Masoori Rice 1 kg,12,66,809,797,0,0
TXN-20260703-SKU-SALT-1K,2026-07-03,SKU-SALT-1K,Tata Salt 1 kg,9,26,695,686,0,0
TXN-20260703-SKU-SUG-1K,2026-07-03,SKU-SUG-1K,Sugar 1 kg,6,46,593,587,0,0
TXN-20260703-SKU-SUJI-500,2026-07-03,SKU-SUJI-500,Suji 500 g,2,31,168,166,0,0
TXN-20260703-SKU-TEA-250,2026-07-03,SKU-TEA-250,Tata Tea Gold 250 g,4,160,366,362,0,0
TXN-20260703-SKU-TOOR-1K,2026-07-03,SKU-TOOR-1K,Toor Dal 1 kg,7,167,448,441,0,0
TXN-20260703-SKU-VIM-500,2026-07-03,SKU-VIM-500,Vim Bar 500 g,2,46,219,217,0,0
TXN-20260703-SKU-WATER-1L,2026-07-03,SKU-WATER-1L,Bisleri Water 1 L,10,18,712,702,0,0
TXN-20260704-SKU-ATTA-5K,2026-07-04,SKU-ATTA-5K,Aashirvaad Atta 5 kg,7,238,455,448,0,0
TXN-20260704-SKU-BAS-5K,2026-07-04,SKU-BAS-5K,India Gate Basmati 5 kg,1,597,73,72,0,0
TXN-20260704-SKU-BESAN-500,2026-07-04,SKU-BESAN-500,Besan 500 g,4,60,481,477,0,0
TXN-20260704-SKU-BREAD-400,2026-07-04,SKU-BREAD-400,Brown Bread 400 g,6,51,441,435,0,0
TXN-20260704-SKU-CHANA-1K,2026-07-04,SKU-CHANA-1K,Kabuli Chana 1 kg,3,151,235,232,0,0
TXN-20260704-SKU-COKE-750,2026-07-04,SKU-COKE-750,Coca-Cola 750 ml,8,35,531,523,0,0
TXN-20260704-SKU-COLGATE-200,2026-07-04,SKU-COLGATE-200,Colgate Toothpaste 200 g,2,114,148,146,0,0
TXN-20260704-SKU-DALIA-500,2026-07-04,SKU-DALIA-500,Dalia 500 g,1,32,85,84,0,0
TXN-20260704-SKU-HALDI-100,2026-07-04,SKU-HALDI-100,Turmeric Powder 100 g,3,26,234,231,0,0
TXN-20260704-SKU-HARPIC-500,2026-07-04,SKU-HARPIC-500,Harpic 500 ml,0,114,90,90,0,0
TXN-20260704-SKU-LAYS-52,2026-07-04,SKU-LAYS-52,Lays Classic 52 g,11,19,638,627,0,0
TXN-20260704-SKU-LIFEBUOY-4,2026-07-04,SKU-LIFEBUOY-4,Lifebuoy Soap 4 x 100 g,3,122,154,151,0,0
TXN-20260704-SKU-MAGGI-280,2026-07-04,SKU-MAGGI-280,Maggi Noodles 280 g,8,59,582,574,0,0
TXN-20260704-SKU-MAIDA-1K,2026-07-04,SKU-MAIDA-1K,Maida 1 kg,3,43,309,306,0,0
TXN-20260704-SKU-MIRCH-100,2026-07-04,SKU-MIRCH-100,Red Chilli Powder 100 g,4,37,155,151,0,0
TXN-20260704-SKU-MOONG-1K,2026-07-04,SKU-MOONG-1K,Moong Dal 1 kg,3,125,210,207,0,0
TXN-20260704-SKU-MUST-1L,2026-07-04,SKU-MUST-1L,Fortune Mustard Oil 1 L,3,206,310,307,0,0
TXN-20260704-SKU-OIL-1L,2026-07-04,SKU-OIL-1L,Sunpure Cooking Oil 1 L,6,124,459,453,0,0
TXN-20260704-SKU-PARLE-G,2026-07-04,SKU-PARLE-G,Parle-G Biscuit 250 g,15,23,999,984,0,0
TXN-20260704-SKU-POHA-500,2026-07-04,SKU-POHA-500,Poha 500 g,2,30,150,148,0,0
TXN-20260704-SKU-RAJMA-1K,2026-07-04,SKU-RAJMA-1K,Rajma 1 kg,4,159,222,218,0,0
TXN-20260704-SKU-RICE-1K,2026-07-04,SKU-RICE-1K,Sona Masoori Rice 1 kg,9,66,797,788,0,0
TXN-20260704-SKU-SALT-1K,2026-07-04,SKU-SALT-1K,Tata Salt 1 kg,13,26,686,673,0,0
TXN-20260704-SKU-SUG-1K,2026-07-04,SKU-SUG-1K,Sugar 1 kg,8,46,587,579,0,0
TXN-20260704-SKU-SUJI-500,2026-07-04,SKU-SUJI-500,Suji 500 g,2,31,166,164,0,0
TXN-20260704-SKU-TEA-250,2026-07-04,SKU-TEA-250,Tata Tea Gold 250 g,5,160,362,357,0,0
TXN-20260704-SKU-TOOR-1K,2026-07-04,SKU-TOOR-1K,Toor Dal 1 kg,8,167,441,433,0,0
TXN-20260704-SKU-VIM-500,2026-07-04,SKU-VIM-500,Vim Bar 500 g,3,46,217,214,0,0
TXN-20260704-SKU-WATER-1L,2026-07-04,SKU-WATER-1L,Bisleri Water 1 L,11,18,702,691,0,0
TXN-20260705-SKU-ATTA-5K,2026-07-05,SKU-ATTA-5K,Aashirvaad Atta 5 kg,3,238,448,445,0,0
TXN-20260705-SKU-BAS-5K,2026-07-05,SKU-BAS-5K,India Gate Basmati 5 kg,0,597,72,72,0,0
TXN-20260705-SKU-BESAN-500,2026-07-05,SKU-BESAN-500,Besan 500 g,4,60,477,473,0,0
TXN-20260705-SKU-BREAD-400,2026-07-05,SKU-BREAD-400,Brown Bread 400 g,7,51,435,428,0,0
TXN-20260705-SKU-CHANA-1K,2026-07-05,SKU-CHANA-1K,Kabuli Chana 1 kg,1,151,232,231,0,0
TXN-20260705-SKU-COKE-750,2026-07-05,SKU-COKE-750,Coca-Cola 750 ml,7,35,523,516,0,0
TXN-20260705-SKU-COLGATE-200,2026-07-05,SKU-COLGATE-200,Colgate Toothpaste 200 g,2,114,146,144,0,0
TXN-20260705-SKU-DALIA-500,2026-07-05,SKU-DALIA-500,Dalia 500 g,1,32,84,83,0,0
TXN-20260705-SKU-HALDI-100,2026-07-05,SKU-HALDI-100,Turmeric Powder 100 g,4,26,231,227,0,0
TXN-20260705-SKU-HARPIC-500,2026-07-05,SKU-HARPIC-500,Harpic 500 ml,0,114,90,90,0,0
TXN-20260705-SKU-LAYS-52,2026-07-05,SKU-LAYS-52,Lays Classic 52 g,9,19,627,618,0,0
TXN-20260705-SKU-LIFEBUOY-4,2026-07-05,SKU-LIFEBUOY-4,Lifebuoy Soap 4 x 100 g,3,122,151,148,0,0
TXN-20260705-SKU-MAGGI-280,2026-07-05,SKU-MAGGI-280,Maggi Noodles 280 g,10,59,574,564,0,0
TXN-20260705-SKU-MAIDA-1K,2026-07-05,SKU-MAIDA-1K,Maida 1 kg,4,43,306,302,0,0
TXN-20260705-SKU-MIRCH-100,2026-07-05,SKU-MIRCH-100,Red Chilli Powder 100 g,1,37,151,150,0,0
TXN-20260705-SKU-MOONG-1K,2026-07-05,SKU-MOONG-1K,Moong Dal 1 kg,3,125,207,204,0,0
TXN-20260705-SKU-MUST-1L,2026-07-05,SKU-MUST-1L,Fortune Mustard Oil 1 L,5,206,307,302,0,0
TXN-20260705-SKU-OIL-1L,2026-07-05,SKU-OIL-1L,Sunpure Cooking Oil 1 L,9,124,453,444,0,0
TXN-20260705-SKU-PARLE-G,2026-07-05,SKU-PARLE-G,Parle-G Biscuit 250 g,14,23,984,970,0,0
TXN-20260705-SKU-POHA-500,2026-07-05,SKU-POHA-500,Poha 500 g,2,30,148,146,0,0
TXN-20260705-SKU-RAJMA-1K,2026-07-05,SKU-RAJMA-1K,Rajma 1 kg,3,159,218,215,0,0
TXN-20260705-SKU-RICE-1K,2026-07-05,SKU-RICE-1K,Sona Masoori Rice 1 kg,10,66,788,778,0,0
TXN-20260705-SKU-SALT-1K,2026-07-05,SKU-SALT-1K,Tata Salt 1 kg,6,26,673,667,0,0
TXN-20260705-SKU-SUG-1K,2026-07-05,SKU-SUG-1K,Sugar 1 kg,7,46,579,572,0,0
TXN-20260705-SKU-SUJI-500,2026-07-05,SKU-SUJI-500,Suji 500 g,3,31,164,161,0,0
TXN-20260705-SKU-TEA-250,2026-07-05,SKU-TEA-250,Tata Tea Gold 250 g,5,160,357,352,0,0
TXN-20260705-SKU-TOOR-1K,2026-07-05,SKU-TOOR-1K,Toor Dal 1 kg,7,167,433,426,0,0
TXN-20260705-SKU-VIM-500,2026-07-05,SKU-VIM-500,Vim Bar 500 g,3,46,214,211,0,0
TXN-20260705-SKU-WATER-1L,2026-07-05,SKU-WATER-1L,Bisleri Water 1 L,10,18,691,681,0,0
TXN-20260706-SKU-ATTA-5K,2026-07-06,SKU-ATTA-5K,Aashirvaad Atta 5 kg,5,238,445,440,0,0
TXN-20260706-SKU-BAS-5K,2026-07-06,SKU-BAS-5K,India Gate Basmati 5 kg,1,597,72,71,0,0
TXN-20260706-SKU-BESAN-500,2026-07-06,SKU-BESAN-500,Besan 500 g,2,60,473,471,0,0
TXN-20260706-SKU-BREAD-400,2026-07-06,SKU-BREAD-400,Brown Bread 400 g,7,51,428,421,0,0
TXN-20260706-SKU-CHANA-1K,2026-07-06,SKU-CHANA-1K,Kabuli Chana 1 kg,2,151,231,229,0,0
TXN-20260706-SKU-COKE-750,2026-07-06,SKU-COKE-750,Coca-Cola 750 ml,4,35,516,512,0,0
TXN-20260706-SKU-COLGATE-200,2026-07-06,SKU-COLGATE-200,Colgate Toothpaste 200 g,1,114,144,143,0,0
TXN-20260706-SKU-DALIA-500,2026-07-06,SKU-DALIA-500,Dalia 500 g,0,32,83,83,0,0
TXN-20260706-SKU-HALDI-100,2026-07-06,SKU-HALDI-100,Turmeric Powder 100 g,4,26,227,223,0,0
TXN-20260706-SKU-HARPIC-500,2026-07-06,SKU-HARPIC-500,Harpic 500 ml,1,114,90,89,0,0
TXN-20260706-SKU-LAYS-52,2026-07-06,SKU-LAYS-52,Lays Classic 52 g,6,19,618,612,0,0
TXN-20260706-SKU-LIFEBUOY-4,2026-07-06,SKU-LIFEBUOY-4,Lifebuoy Soap 4 x 100 g,3,122,148,137,0,0
TXN-20260706-SKU-MAGGI-280,2026-07-06,SKU-MAGGI-280,Maggi Noodles 280 g,11,59,564,553,0,0
TXN-20260706-SKU-MAIDA-1K,2026-07-06,SKU-MAIDA-1K,Maida 1 kg,4,43,302,298,0,0
TXN-20260706-SKU-MIRCH-100,2026-07-06,SKU-MIRCH-100,Red Chilli Powder 100 g,2,37,150,148,0,0
TXN-20260706-SKU-MOONG-1K,2026-07-06,SKU-MOONG-1K,Moong Dal 1 kg,4,125,204,200,0,0
TXN-20260706-SKU-MUST-1L,2026-07-06,SKU-MUST-1L,Fortune Mustard Oil 1 L,5,206,302,297,0,0
TXN-20260706-SKU-OIL-1L,2026-07-06,SKU-OIL-1L,Sunpure Cooking Oil 1 L,4,124,444,440,0,0
TXN-20260706-SKU-PARLE-G,2026-07-06,SKU-PARLE-G,Parle-G Biscuit 250 g,11,23,970,959,0,0
TXN-20260706-SKU-POHA-500,2026-07-06,SKU-POHA-500,Poha 500 g,2,30,146,144,0,0
TXN-20260706-SKU-RAJMA-1K,2026-07-06,SKU-RAJMA-1K,Rajma 1 kg,2,159,215,213,0,0
TXN-20260706-SKU-RICE-1K,2026-07-06,SKU-RICE-1K,Sona Masoori Rice 1 kg,11,66,778,767,0,0
TXN-20260706-SKU-SALT-1K,2026-07-06,SKU-SALT-1K,Tata Salt 1 kg,15,26,667,652,0,0
TXN-20260706-SKU-SUG-1K,2026-07-06,SKU-SUG-1K,Sugar 1 kg,8,46,572,564,0,0
TXN-20260706-SKU-SUJI-500,2026-07-06,SKU-SUJI-500,Suji 500 g,2,31,161,159,0,0
TXN-20260706-SKU-TEA-250,2026-07-06,SKU-TEA-250,Tata Tea Gold 250 g,4,160,352,348,0,0
TXN-20260706-SKU-TOOR-1K,2026-07-06,SKU-TOOR-1K,Toor Dal 1 kg,5,167,426,421,0,0
TXN-20260706-SKU-VIM-500,2026-07-06,SKU-VIM-500,Vim Bar 500 g,2,46,211,209,0,0
TXN-20260706-SKU-WATER-1L,2026-07-06,SKU-WATER-1L,Bisleri Water 1 L,11,18,681,670,0,0
TXN-20260707-SKU-ATTA-5K,2026-07-07,SKU-ATTA-5K,Aashirvaad Atta 5 kg,9,238,440,431,0,0
TXN-20260707-SKU-BAS-5K,2026-07-07,SKU-BAS-5K,India Gate Basmati 5 kg,2,597,71,69,0,0
TXN-20260707-SKU-BESAN-500,2026-07-07,SKU-BESAN-500,Besan 500 g,5,60,471,466,0,0
TXN-20260707-SKU-BREAD-400,2026-07-07,SKU-BREAD-400,Brown Bread 400 g,5,51,421,416,0,0
TXN-20260707-SKU-CHANA-1K,2026-07-07,SKU-CHANA-1K,Kabuli Chana 1 kg,5,151,229,224,0,0
TXN-20260707-SKU-COKE-750,2026-07-07,SKU-COKE-750,Coca-Cola 750 ml,6,35,512,506,0,0
TXN-20260707-SKU-COLGATE-200,2026-07-07,SKU-COLGATE-200,Colgate Toothpaste 200 g,2,114,143,141,0,0
TXN-20260707-SKU-DALIA-500,2026-07-07,SKU-DALIA-500,Dalia 500 g,1,32,83,82,0,0
TXN-20260707-SKU-HALDI-100,2026-07-07,SKU-HALDI-100,Turmeric Powder 100 g,4,26,223,219,0,0
TXN-20260707-SKU-HARPIC-500,2026-07-07,SKU-HARPIC-500,Harpic 500 ml,1,114,89,88,0,0
TXN-20260707-SKU-LAYS-52,2026-07-07,SKU-LAYS-52,Lays Classic 52 g,15,19,612,597,0,0
TXN-20260707-SKU-LIFEBUOY-4,2026-07-07,SKU-LIFEBUOY-4,Lifebuoy Soap 4 x 100 g,2,122,137,135,0,0
TXN-20260707-SKU-MAGGI-280,2026-07-07,SKU-MAGGI-280,Maggi Noodles 280 g,7,59,553,546,0,0
TXN-20260707-SKU-MAIDA-1K,2026-07-07,SKU-MAIDA-1K,Maida 1 kg,5,43,298,293,0,0
TXN-20260707-SKU-MIRCH-100,2026-07-07,SKU-MIRCH-100,Red Chilli Powder 100 g,2,37,148,146,0,0
TXN-20260707-SKU-MOONG-1K,2026-07-07,SKU-MOONG-1K,Moong Dal 1 kg,2,125,200,198,0,0
TXN-20260707-SKU-MUST-1L,2026-07-07,SKU-MUST-1L,Fortune Mustard Oil 1 L,4,206,297,293,0,0
TXN-20260707-SKU-OIL-1L,2026-07-07,SKU-OIL-1L,Sunpure Cooking Oil 1 L,6,124,440,434,0,0
TXN-20260707-SKU-PARLE-G,2026-07-07,SKU-PARLE-G,Parle-G Biscuit 250 g,19,23,959,940,0,0
TXN-20260707-SKU-POHA-500,2026-07-07,SKU-POHA-500,Poha 500 g,1,30,144,143,0,0
TXN-20260707-SKU-RAJMA-1K,2026-07-07,SKU-RAJMA-1K,Rajma 1 kg,3,159,213,210,0,0
TXN-20260707-SKU-RICE-1K,2026-07-07,SKU-RICE-1K,Sona Masoori Rice 1 kg,13,66,767,754,0,0
TXN-20260707-SKU-SALT-1K,2026-07-07,SKU-SALT-1K,Tata Salt 1 kg,4,26,652,648,0,0
TXN-20260707-SKU-SUG-1K,2026-07-07,SKU-SUG-1K,Sugar 1 kg,8,46,564,556,0,0
TXN-20260707-SKU-SUJI-500,2026-07-07,SKU-SUJI-500,Suji 500 g,2,31,159,157,0,0
TXN-20260707-SKU-TEA-250,2026-07-07,SKU-TEA-250,Tata Tea Gold 250 g,5,160,348,343,0,0
TXN-20260707-SKU-TOOR-1K,2026-07-07,SKU-TOOR-1K,Toor Dal 1 kg,6,167,421,415,0,0
TXN-20260707-SKU-VIM-500,2026-07-07,SKU-VIM-500,Vim Bar 500 g,3,46,209,206,0,0
TXN-20260707-SKU-WATER-1L,2026-07-07,SKU-WATER-1L,Bisleri Water 1 L,10,18,670,660,0,0
TXN-20260708-SKU-ATTA-5K,2026-07-08,SKU-ATTA-5K,Aashirvaad Atta 5 kg,7,238,431,424,0,0
TXN-20260708-SKU-BAS-5K,2026-07-08,SKU-BAS-5K,India Gate Basmati 5 kg,0,597,69,69,0,0
TXN-20260708-SKU-BESAN-500,2026-07-08,SKU-BESAN-500,Besan 500 g,2,60,466,464,0,0
TXN-20260708-SKU-BREAD-400,2026-07-08,SKU-BREAD-400,Brown Bread 400 g,5,51,416,411,0,0
TXN-20260708-SKU-CHANA-1K,2026-07-08,SKU-CHANA-1K,Kabuli Chana 1 kg,2,151,224,222,0,0
TXN-20260708-SKU-COKE-750,2026-07-08,SKU-COKE-750,Coca-Cola 750 ml,7,35,506,499,0,0
TXN-20260708-SKU-COLGATE-200,2026-07-08,SKU-COLGATE-200,Colgate Toothpaste 200 g,2,114,141,139,0,0
TXN-20260708-SKU-DALIA-500,2026-07-08,SKU-DALIA-500,Dalia 500 g,2,32,82,80,0,0
TXN-20260708-SKU-HALDI-100,2026-07-08,SKU-HALDI-100,Turmeric Powder 100 g,3,26,219,216,0,0
TXN-20260708-SKU-HARPIC-500,2026-07-08,SKU-HARPIC-500,Harpic 500 ml,2,114,88,86,0,0
TXN-20260708-SKU-LAYS-52,2026-07-08,SKU-LAYS-52,Lays Classic 52 g,10,19,597,587,0,0
TXN-20260708-SKU-LIFEBUOY-4,2026-07-08,SKU-LIFEBUOY-4,Lifebuoy Soap 4 x 100 g,1,122,135,134,0,0
TXN-20260708-SKU-MAGGI-280,2026-07-08,SKU-MAGGI-280,Maggi Noodles 280 g,9,59,546,537,0,0
TXN-20260708-SKU-MAIDA-1K,2026-07-08,SKU-MAIDA-1K,Maida 1 kg,5,43,293,288,0,0
TXN-20260708-SKU-MIRCH-100,2026-07-08,SKU-MIRCH-100,Red Chilli Powder 100 g,3,37,146,143,0,0
TXN-20260708-SKU-MOONG-1K,2026-07-08,SKU-MOONG-1K,Moong Dal 1 kg,3,125,198,195,0,0
TXN-20260708-SKU-MUST-1L,2026-07-08,SKU-MUST-1L,Fortune Mustard Oil 1 L,5,206,293,288,0,0
TXN-20260708-SKU-OIL-1L,2026-07-08,SKU-OIL-1L,Sunpure Cooking Oil 1 L,5,124,434,429,0,0
TXN-20260708-SKU-PARLE-G,2026-07-08,SKU-PARLE-G,Parle-G Biscuit 250 g,12,23,940,928,0,0
TXN-20260708-SKU-POHA-500,2026-07-08,SKU-POHA-500,Poha 500 g,2,30,143,141,0,0
TXN-20260708-SKU-RAJMA-1K,2026-07-08,SKU-RAJMA-1K,Rajma 1 kg,3,159,210,207,0,0
TXN-20260708-SKU-RICE-1K,2026-07-08,SKU-RICE-1K,Sona Masoori Rice 1 kg,11,66,754,743,0,0
TXN-20260708-SKU-SALT-1K,2026-07-08,SKU-SALT-1K,Tata Salt 1 kg,10,26,648,638,0,0
TXN-20260708-SKU-SUG-1K,2026-07-08,SKU-SUG-1K,Sugar 1 kg,10,46,556,546,0,0
TXN-20260708-SKU-SUJI-500,2026-07-08,SKU-SUJI-500,Suji 500 g,2,31,157,155,0,0
TXN-20260708-SKU-TEA-250,2026-07-08,SKU-TEA-250,Tata Tea Gold 250 g,3,160,343,340,0,0
TXN-20260708-SKU-TOOR-1K,2026-07-08,SKU-TOOR-1K,Toor Dal 1 kg,6,167,415,409,0,0
TXN-20260708-SKU-VIM-500,2026-07-08,SKU-VIM-500,Vim Bar 500 g,1,46,206,205,0,0
TXN-20260708-SKU-WATER-1L,2026-07-08,SKU-WATER-1L,Bisleri Water 1 L,12,18,660,648,0,0
TXN-20260709-SKU-ATTA-5K,2026-07-09,SKU-ATTA-5K,Aashirvaad Atta 5 kg,8,238,424,416,0,0
TXN-20260709-SKU-BAS-5K,2026-07-09,SKU-BAS-5K,India Gate Basmati 5 kg,0,597,69,69,0,0
TXN-20260709-SKU-BESAN-500,2026-07-09,SKU-BESAN-500,Besan 500 g,1,60,464,463,0,0
TXN-20260709-SKU-BREAD-400,2026-07-09,SKU-BREAD-400,Brown Bread 400 g,6,51,411,405,0,0
TXN-20260709-SKU-CHANA-1K,2026-07-09,SKU-CHANA-1K,Kabuli Chana 1 kg,4,151,222,218,0,0
TXN-20260709-SKU-COKE-750,2026-07-09,SKU-COKE-750,Coca-Cola 750 ml,7,35,499,492,0,0
TXN-20260709-SKU-COLGATE-200,2026-07-09,SKU-COLGATE-200,Colgate Toothpaste 200 g,2,114,139,137,0,0
TXN-20260709-SKU-DALIA-500,2026-07-09,SKU-DALIA-500,Dalia 500 g,1,32,80,79,0,0
TXN-20260709-SKU-HALDI-100,2026-07-09,SKU-HALDI-100,Turmeric Powder 100 g,6,26,216,210,0,0
TXN-20260709-SKU-HARPIC-500,2026-07-09,SKU-HARPIC-500,Harpic 500 ml,2,114,86,84,0,0
TXN-20260709-SKU-LAYS-52,2026-07-09,SKU-LAYS-52,Lays Classic 52 g,3,19,587,584,0,0
TXN-20260709-SKU-LIFEBUOY-4,2026-07-09,SKU-LIFEBUOY-4,Lifebuoy Soap 4 x 100 g,2,122,134,132,0,0
TXN-20260709-SKU-MAGGI-280,2026-07-09,SKU-MAGGI-280,Maggi Noodles 280 g,8,59,537,529,0,0
TXN-20260709-SKU-MAIDA-1K,2026-07-09,SKU-MAIDA-1K,Maida 1 kg,5,43,288,283,0,0
TXN-20260709-SKU-MIRCH-100,2026-07-09,SKU-MIRCH-100,Red Chilli Powder 100 g,3,37,143,140,0,0
TXN-20260709-SKU-MOONG-1K,2026-07-09,SKU-MOONG-1K,Moong Dal 1 kg,1,125,195,194,0,0
TXN-20260709-SKU-MUST-1L,2026-07-09,SKU-MUST-1L,Fortune Mustard Oil 1 L,3,206,288,285,0,0
TXN-20260709-SKU-OIL-1L,2026-07-09,SKU-OIL-1L,Sunpure Cooking Oil 1 L,9,124,429,420,0,0
TXN-20260709-SKU-PARLE-G,2026-07-09,SKU-PARLE-G,Parle-G Biscuit 250 g,14,23,928,914,0,0
TXN-20260709-SKU-POHA-500,2026-07-09,SKU-POHA-500,Poha 500 g,1,30,141,140,0,0
TXN-20260709-SKU-RAJMA-1K,2026-07-09,SKU-RAJMA-1K,Rajma 1 kg,2,159,207,205,0,0
TXN-20260709-SKU-RICE-1K,2026-07-09,SKU-RICE-1K,Sona Masoori Rice 1 kg,12,66,743,731,0,0
TXN-20260709-SKU-SALT-1K,2026-07-09,SKU-SALT-1K,Tata Salt 1 kg,12,26,638,626,0,0
TXN-20260709-SKU-SUG-1K,2026-07-09,SKU-SUG-1K,Sugar 1 kg,8,46,546,538,0,0
TXN-20260709-SKU-SUJI-500,2026-07-09,SKU-SUJI-500,Suji 500 g,1,31,155,154,0,0
TXN-20260709-SKU-TEA-250,2026-07-09,SKU-TEA-250,Tata Tea Gold 250 g,4,160,340,336,0,0
TXN-20260709-SKU-TOOR-1K,2026-07-09,SKU-TOOR-1K,Toor Dal 1 kg,8,167,409,401,0,0
TXN-20260709-SKU-VIM-500,2026-07-09,SKU-VIM-500,Vim Bar 500 g,4,46,205,201,0,0
TXN-20260709-SKU-WATER-1L,2026-07-09,SKU-WATER-1L,Bisleri Water 1 L,8,18,648,640,0,0
TXN-20260710-SKU-ATTA-5K,2026-07-10,SKU-ATTA-5K,Aashirvaad Atta 5 kg,7,238,416,409,0,0
TXN-20260710-SKU-BAS-5K,2026-07-10,SKU-BAS-5K,India Gate Basmati 5 kg,0,597,69,69,0,0
TXN-20260710-SKU-BESAN-500,2026-07-10,SKU-BESAN-500,Besan 500 g,4,60,463,459,0,0
TXN-20260710-SKU-BREAD-400,2026-07-10,SKU-BREAD-400,Brown Bread 400 g,7,51,405,398,0,0
TXN-20260710-SKU-CHANA-1K,2026-07-10,SKU-CHANA-1K,Kabuli Chana 1 kg,3,151,218,215,0,0
TXN-20260710-SKU-COKE-750,2026-07-10,SKU-COKE-750,Coca-Cola 750 ml,13,35,492,479,0,0
TXN-20260710-SKU-COLGATE-200,2026-07-10,SKU-COLGATE-200,Colgate Toothpaste 200 g,2,114,137,135,0,0
TXN-20260710-SKU-DALIA-500,2026-07-10,SKU-DALIA-500,Dalia 500 g,2,32,79,77,0,0
TXN-20260710-SKU-HALDI-100,2026-07-10,SKU-HALDI-100,Turmeric Powder 100 g,4,26,210,206,0,0
TXN-20260710-SKU-HARPIC-500,2026-07-10,SKU-HARPIC-500,Harpic 500 ml,1,114,84,83,0,0
TXN-20260710-SKU-LAYS-52,2026-07-10,SKU-LAYS-52,Lays Classic 52 g,9,19,584,575,0,0
TXN-20260710-SKU-LIFEBUOY-4,2026-07-10,SKU-LIFEBUOY-4,Lifebuoy Soap 4 x 100 g,1,122,132,131,0,0
TXN-20260710-SKU-MAGGI-280,2026-07-10,SKU-MAGGI-280,Maggi Noodles 280 g,10,59,529,519,0,0
TXN-20260710-SKU-MAIDA-1K,2026-07-10,SKU-MAIDA-1K,Maida 1 kg,4,43,283,279,0,0
TXN-20260710-SKU-MIRCH-100,2026-07-10,SKU-MIRCH-100,Red Chilli Powder 100 g,2,37,140,138,0,0
TXN-20260710-SKU-MOONG-1K,2026-07-10,SKU-MOONG-1K,Moong Dal 1 kg,3,125,194,191,0,0
TXN-20260710-SKU-MUST-1L,2026-07-10,SKU-MUST-1L,Fortune Mustard Oil 1 L,4,206,285,281,0,0
TXN-20260710-SKU-OIL-1L,2026-07-10,SKU-OIL-1L,Sunpure Cooking Oil 1 L,7,124,420,413,0,0
TXN-20260710-SKU-PARLE-G,2026-07-10,SKU-PARLE-G,Parle-G Biscuit 250 g,16,23,914,898,0,0
TXN-20260710-SKU-POHA-500,2026-07-10,SKU-POHA-500,Poha 500 g,2,30,140,138,0,0
TXN-20260710-SKU-RAJMA-1K,2026-07-10,SKU-RAJMA-1K,Rajma 1 kg,4,159,205,201,0,0
TXN-20260710-SKU-RICE-1K,2026-07-10,SKU-RICE-1K,Sona Masoori Rice 1 kg,11,66,731,720,0,0
TXN-20260710-SKU-SALT-1K,2026-07-10,SKU-SALT-1K,Tata Salt 1 kg,7,26,626,619,0,0
TXN-20260710-SKU-SUG-1K,2026-07-10,SKU-SUG-1K,Sugar 1 kg,6,46,538,532,0,0
TXN-20260710-SKU-SUJI-500,2026-07-10,SKU-SUJI-500,Suji 500 g,2,31,154,152,0,0
TXN-20260710-SKU-TEA-250,2026-07-10,SKU-TEA-250,Tata Tea Gold 250 g,5,160,336,331,0,0
TXN-20260710-SKU-TOOR-1K,2026-07-10,SKU-TOOR-1K,Toor Dal 1 kg,8,167,401,393,0,0
TXN-20260710-SKU-VIM-500,2026-07-10,SKU-VIM-500,Vim Bar 500 g,2,46,201,199,0,0
TXN-20260710-SKU-WATER-1L,2026-07-10,SKU-WATER-1L,Bisleri Water 1 L,10,18,640,630,0,0
TXN-20260711-SKU-ATTA-5K,2026-07-11,SKU-ATTA-5K,Aashirvaad Atta 5 kg,7,238,409,402,0,0
TXN-20260711-SKU-BAS-5K,2026-07-11,SKU-BAS-5K,India Gate Basmati 5 kg,1,597,69,68,0,0
TXN-20260711-SKU-BESAN-500,2026-07-11,SKU-BESAN-500,Besan 500 g,5,60,459,454,0,0
TXN-20260711-SKU-BREAD-400,2026-07-11,SKU-BREAD-400,Brown Bread 400 g,7,51,398,391,0,0
TXN-20260711-SKU-CHANA-1K,2026-07-11,SKU-CHANA-1K,Kabuli Chana 1 kg,4,151,215,211,0,0
TXN-20260711-SKU-COKE-750,2026-07-11,SKU-COKE-750,Coca-Cola 750 ml,11,35,479,468,0,0
TXN-20260711-SKU-COLGATE-200,2026-07-11,SKU-COLGATE-200,Colgate Toothpaste 200 g,2,114,135,133,0,0
TXN-20260711-SKU-DALIA-500,2026-07-11,SKU-DALIA-500,Dalia 500 g,1,32,77,76,0,0
TXN-20260711-SKU-HALDI-100,2026-07-11,SKU-HALDI-100,Turmeric Powder 100 g,2,26,206,204,0,0
TXN-20260711-SKU-HARPIC-500,2026-07-11,SKU-HARPIC-500,Harpic 500 ml,1,114,83,82,0,0
TXN-20260711-SKU-LAYS-52,2026-07-11,SKU-LAYS-52,Lays Classic 52 g,6,19,575,569,0,0
TXN-20260711-SKU-LIFEBUOY-4,2026-07-11,SKU-LIFEBUOY-4,Lifebuoy Soap 4 x 100 g,2,122,131,129,0,0
TXN-20260711-SKU-MAGGI-280,2026-07-11,SKU-MAGGI-280,Maggi Noodles 280 g,9,59,519,510,0,0
TXN-20260711-SKU-MAIDA-1K,2026-07-11,SKU-MAIDA-1K,Maida 1 kg,5,43,279,274,0,0
TXN-20260711-SKU-MIRCH-100,2026-07-11,SKU-MIRCH-100,Red Chilli Powder 100 g,2,37,138,136,0,0
TXN-20260711-SKU-MOONG-1K,2026-07-11,SKU-MOONG-1K,Moong Dal 1 kg,2,125,191,189,0,0
TXN-20260711-SKU-MUST-1L,2026-07-11,SKU-MUST-1L,Fortune Mustard Oil 1 L,2,206,281,279,0,0
TXN-20260711-SKU-OIL-1L,2026-07-11,SKU-OIL-1L,Sunpure Cooking Oil 1 L,4,124,413,409,0,0
TXN-20260711-SKU-PARLE-G,2026-07-11,SKU-PARLE-G,Parle-G Biscuit 250 g,12,23,898,886,0,0
TXN-20260711-SKU-POHA-500,2026-07-11,SKU-POHA-500,Poha 500 g,2,30,138,136,0,0
TXN-20260711-SKU-RAJMA-1K,2026-07-11,SKU-RAJMA-1K,Rajma 1 kg,4,159,201,197,0,0
TXN-20260711-SKU-RICE-1K,2026-07-11,SKU-RICE-1K,Sona Masoori Rice 1 kg,9,66,720,711,0,0
TXN-20260711-SKU-SALT-1K,2026-07-11,SKU-SALT-1K,Tata Salt 1 kg,8,26,619,611,0,0
TXN-20260711-SKU-SUG-1K,2026-07-11,SKU-SUG-1K,Sugar 1 kg,7,46,532,525,0,0
TXN-20260711-SKU-SUJI-500,2026-07-11,SKU-SUJI-500,Suji 500 g,1,31,152,151,0,0
TXN-20260711-SKU-TEA-250,2026-07-11,SKU-TEA-250,Tata Tea Gold 250 g,5,160,331,326,0,0
TXN-20260711-SKU-TOOR-1K,2026-07-11,SKU-TOOR-1K,Toor Dal 1 kg,6,167,393,387,0,0
TXN-20260711-SKU-VIM-500,2026-07-11,SKU-VIM-500,Vim Bar 500 g,4,46,199,195,0,0
TXN-20260711-SKU-WATER-1L,2026-07-11,SKU-WATER-1L,Bisleri Water 1 L,10,18,630,620,0,0
TXN-20260712-SKU-ATTA-5K,2026-07-12,SKU-ATTA-5K,Aashirvaad Atta 5 kg,7,238,402,395,0,0
TXN-20260712-SKU-BAS-5K,2026-07-12,SKU-BAS-5K,India Gate Basmati 5 kg,1,597,68,67,0,0
TXN-20260712-SKU-BESAN-500,2026-07-12,SKU-BESAN-500,Besan 500 g,5,60,454,449,0,0
TXN-20260712-SKU-BREAD-400,2026-07-12,SKU-BREAD-400,Brown Bread 400 g,6,51,391,385,0,0
TXN-20260712-SKU-CHANA-1K,2026-07-12,SKU-CHANA-1K,Kabuli Chana 1 kg,4,151,211,207,0,0
TXN-20260712-SKU-COKE-750,2026-07-12,SKU-COKE-750,Coca-Cola 750 ml,10,35,468,458,0,0
TXN-20260712-SKU-COLGATE-200,2026-07-12,SKU-COLGATE-200,Colgate Toothpaste 200 g,1,114,133,132,0,0
TXN-20260712-SKU-DALIA-500,2026-07-12,SKU-DALIA-500,Dalia 500 g,2,32,76,74,0,0
TXN-20260712-SKU-HALDI-100,2026-07-12,SKU-HALDI-100,Turmeric Powder 100 g,3,26,204,201,0,0
TXN-20260712-SKU-HARPIC-500,2026-07-12,SKU-HARPIC-500,Harpic 500 ml,2,114,82,80,0,0
TXN-20260712-SKU-LAYS-52,2026-07-12,SKU-LAYS-52,Lays Classic 52 g,12,19,569,557,0,0
TXN-20260712-SKU-LIFEBUOY-4,2026-07-12,SKU-LIFEBUOY-4,Lifebuoy Soap 4 x 100 g,2,122,129,127,0,0
TXN-20260712-SKU-MAGGI-280,2026-07-12,SKU-MAGGI-280,Maggi Noodles 280 g,7,59,510,503,0,0
TXN-20260712-SKU-MAIDA-1K,2026-07-12,SKU-MAIDA-1K,Maida 1 kg,4,43,274,270,0,0
TXN-20260712-SKU-MIRCH-100,2026-07-12,SKU-MIRCH-100,Red Chilli Powder 100 g,2,37,136,134,0,0
TXN-20260712-SKU-MOONG-1K,2026-07-12,SKU-MOONG-1K,Moong Dal 1 kg,2,125,189,187,0,0
TXN-20260712-SKU-MUST-1L,2026-07-12,SKU-MUST-1L,Fortune Mustard Oil 1 L,4,206,279,275,0,0
TXN-20260712-SKU-OIL-1L,2026-07-12,SKU-OIL-1L,Sunpure Cooking Oil 1 L,6,124,409,403,0,0
TXN-20260712-SKU-PARLE-G,2026-07-12,SKU-PARLE-G,Parle-G Biscuit 250 g,15,23,886,871,0,0
TXN-20260712-SKU-POHA-500,2026-07-12,SKU-POHA-500,Poha 500 g,3,30,136,133,0,0
TXN-20260712-SKU-RAJMA-1K,2026-07-12,SKU-RAJMA-1K,Rajma 1 kg,3,159,197,194,0,0
TXN-20260712-SKU-RICE-1K,2026-07-12,SKU-RICE-1K,Sona Masoori Rice 1 kg,15,66,711,696,0,0
TXN-20260712-SKU-SALT-1K,2026-07-12,SKU-SALT-1K,Tata Salt 1 kg,6,26,611,605,0,0
TXN-20260712-SKU-SUG-1K,2026-07-12,SKU-SUG-1K,Sugar 1 kg,12,46,525,513,0,0
TXN-20260712-SKU-SUJI-500,2026-07-12,SKU-SUJI-500,Suji 500 g,2,31,151,149,0,0
TXN-20260712-SKU-TEA-250,2026-07-12,SKU-TEA-250,Tata Tea Gold 250 g,5,160,326,321,0,0
TXN-20260712-SKU-TOOR-1K,2026-07-12,SKU-TOOR-1K,Toor Dal 1 kg,4,167,387,383,0,0
TXN-20260712-SKU-VIM-500,2026-07-12,SKU-VIM-500,Vim Bar 500 g,3,46,195,192,0,0
TXN-20260712-SKU-WATER-1L,2026-07-12,SKU-WATER-1L,Bisleri Water 1 L,8,18,620,612,0,0
TXN-20260713-SKU-ATTA-5K,2026-07-13,SKU-ATTA-5K,Aashirvaad Atta 5 kg,8,238,395,387,0,0
TXN-20260713-SKU-BAS-5K,2026-07-13,SKU-BAS-5K,India Gate Basmati 5 kg,1,597,67,66,0,0
TXN-20260713-SKU-BESAN-500,2026-07-13,SKU-BESAN-500,Besan 500 g,3,60,449,446,0,0
TXN-20260713-SKU-BREAD-400,2026-07-13,SKU-BREAD-400,Brown Bread 400 g,5,51,385,380,0,0
TXN-20260713-SKU-CHANA-1K,2026-07-13,SKU-CHANA-1K,Kabuli Chana 1 kg,2,151,207,205,0,0
TXN-20260713-SKU-COKE-750,2026-07-13,SKU-COKE-750,Coca-Cola 750 ml,8,35,458,450,0,0
TXN-20260713-SKU-COLGATE-200,2026-07-13,SKU-COLGATE-200,Colgate Toothpaste 200 g,3,114,132,129,0,0
TXN-20260713-SKU-DALIA-500,2026-07-13,SKU-DALIA-500,Dalia 500 g,2,32,74,72,0,0
TXN-20260713-SKU-HALDI-100,2026-07-13,SKU-HALDI-100,Turmeric Powder 100 g,1,26,201,200,0,0
TXN-20260713-SKU-HARPIC-500,2026-07-13,SKU-HARPIC-500,Harpic 500 ml,0,114,80,80,0,0
TXN-20260713-SKU-LAYS-52,2026-07-13,SKU-LAYS-52,Lays Classic 52 g,9,19,557,548,0,0
TXN-20260713-SKU-LIFEBUOY-4,2026-07-13,SKU-LIFEBUOY-4,Lifebuoy Soap 4 x 100 g,1,122,127,126,0,0
TXN-20260713-SKU-MAGGI-280,2026-07-13,SKU-MAGGI-280,Maggi Noodles 280 g,5,59,503,498,0,0
TXN-20260713-SKU-MAIDA-1K,2026-07-13,SKU-MAIDA-1K,Maida 1 kg,6,43,270,264,0,0
TXN-20260713-SKU-MIRCH-100,2026-07-13,SKU-MIRCH-100,Red Chilli Powder 100 g,2,37,134,132,0,0
TXN-20260713-SKU-MOONG-1K,2026-07-13,SKU-MOONG-1K,Moong Dal 1 kg,3,125,187,184,0,0
TXN-20260713-SKU-MUST-1L,2026-07-13,SKU-MUST-1L,Fortune Mustard Oil 1 L,4,206,275,271,0,0
TXN-20260713-SKU-OIL-1L,2026-07-13,SKU-OIL-1L,Sunpure Cooking Oil 1 L,8,124,403,395,0,0
TXN-20260713-SKU-PARLE-G,2026-07-13,SKU-PARLE-G,Parle-G Biscuit 250 g,18,23,871,853,0,0
TXN-20260713-SKU-POHA-500,2026-07-13,SKU-POHA-500,Poha 500 g,2,30,133,131,0,0
TXN-20260713-SKU-RAJMA-1K,2026-07-13,SKU-RAJMA-1K,Rajma 1 kg,3,159,194,191,0,0
TXN-20260713-SKU-RICE-1K,2026-07-13,SKU-RICE-1K,Sona Masoori Rice 1 kg,12,66,696,684,0,0
TXN-20260713-SKU-SALT-1K,2026-07-13,SKU-SALT-1K,Tata Salt 1 kg,11,26,605,594,0,0
TXN-20260713-SKU-SUG-1K,2026-07-13,SKU-SUG-1K,Sugar 1 kg,10,46,513,503,0,0
TXN-20260713-SKU-SUJI-500,2026-07-13,SKU-SUJI-500,Suji 500 g,2,31,149,147,0,0
TXN-20260713-SKU-TEA-250,2026-07-13,SKU-TEA-250,Tata Tea Gold 250 g,5,160,321,316,0,0
TXN-20260713-SKU-TOOR-1K,2026-07-13,SKU-TOOR-1K,Toor Dal 1 kg,6,167,383,377,0,0
TXN-20260713-SKU-VIM-500,2026-07-13,SKU-VIM-500,Vim Bar 500 g,4,46,192,188,0,0
TXN-20260713-SKU-WATER-1L,2026-07-13,SKU-WATER-1L,Bisleri Water 1 L,9,18,612,603,0,0
TXN-20260714-SKU-ATTA-5K,2026-07-14,SKU-ATTA-5K,Aashirvaad Atta 5 kg,7,238,387,380,0,0
TXN-20260714-SKU-BAS-5K,2026-07-14,SKU-BAS-5K,India Gate Basmati 5 kg,1,597,66,65,0,0
TXN-20260714-SKU-BESAN-500,2026-07-14,SKU-BESAN-500,Besan 500 g,3,60,446,443,0,0
TXN-20260714-SKU-BREAD-400,2026-07-14,SKU-BREAD-400,Brown Bread 400 g,6,51,380,374,0,0
TXN-20260714-SKU-CHANA-1K,2026-07-14,SKU-CHANA-1K,Kabuli Chana 1 kg,3,151,205,202,0,0
TXN-20260714-SKU-COKE-750,2026-07-14,SKU-COKE-750,Coca-Cola 750 ml,6,35,450,444,0,0
TXN-20260714-SKU-COLGATE-200,2026-07-14,SKU-COLGATE-200,Colgate Toothpaste 200 g,2,114,129,127,0,0
TXN-20260714-SKU-DALIA-500,2026-07-14,SKU-DALIA-500,Dalia 500 g,1,32,72,71,0,0
TXN-20260714-SKU-HALDI-100,2026-07-14,SKU-HALDI-100,Turmeric Powder 100 g,5,26,200,195,0,0
TXN-20260714-SKU-HARPIC-500,2026-07-14,SKU-HARPIC-500,Harpic 500 ml,3,114,80,77,0,0
TXN-20260714-SKU-LAYS-52,2026-07-14,SKU-LAYS-52,Lays Classic 52 g,6,19,548,542,0,0
TXN-20260714-SKU-LIFEBUOY-4,2026-07-14,SKU-LIFEBUOY-4,Lifebuoy Soap 4 x 100 g,3,122,126,123,0,0
TXN-20260714-SKU-MAGGI-280,2026-07-14,SKU-MAGGI-280,Maggi Noodles 280 g,5,59,498,493,0,0
TXN-20260714-SKU-MAIDA-1K,2026-07-14,SKU-MAIDA-1K,Maida 1 kg,5,43,264,259,0,0
TXN-20260714-SKU-MIRCH-100,2026-07-14,SKU-MIRCH-100,Red Chilli Powder 100 g,2,37,132,130,0,0
TXN-20260714-SKU-MOONG-1K,2026-07-14,SKU-MOONG-1K,Moong Dal 1 kg,4,125,184,180,0,0
TXN-20260714-SKU-MUST-1L,2026-07-14,SKU-MUST-1L,Fortune Mustard Oil 1 L,4,206,271,267,0,0
TXN-20260714-SKU-OIL-1L,2026-07-14,SKU-OIL-1L,Sunpure Cooking Oil 1 L,4,124,395,391,0,0
TXN-20260714-SKU-PARLE-G,2026-07-14,SKU-PARLE-G,Parle-G Biscuit 250 g,13,23,853,840,0,0
TXN-20260714-SKU-POHA-500,2026-07-14,SKU-POHA-500,Poha 500 g,2,30,131,129,0,0
TXN-20260714-SKU-RAJMA-1K,2026-07-14,SKU-RAJMA-1K,Rajma 1 kg,3,159,191,188,0,0
TXN-20260714-SKU-RICE-1K,2026-07-14,SKU-RICE-1K,Sona Masoori Rice 1 kg,16,66,684,668,0,0
TXN-20260714-SKU-SALT-1K,2026-07-14,SKU-SALT-1K,Tata Salt 1 kg,11,26,594,583,0,0
TXN-20260714-SKU-SUG-1K,2026-07-14,SKU-SUG-1K,Sugar 1 kg,11,46,503,492,0,0
TXN-20260714-SKU-SUJI-500,2026-07-14,SKU-SUJI-500,Suji 500 g,2,31,147,145,0,0
TXN-20260714-SKU-TEA-250,2026-07-14,SKU-TEA-250,Tata Tea Gold 250 g,6,160,316,310,0,0
TXN-20260714-SKU-TOOR-1K,2026-07-14,SKU-TOOR-1K,Toor Dal 1 kg,7,167,377,370,0,0
TXN-20260714-SKU-VIM-500,2026-07-14,SKU-VIM-500,Vim Bar 500 g,4,46,188,184,0,0
TXN-20260714-SKU-WATER-1L,2026-07-14,SKU-WATER-1L,Bisleri Water 1 L,10,18,603,593,0,0
TXN-20260715-SKU-ATTA-5K,2026-07-15,SKU-ATTA-5K,Aashirvaad Atta 5 kg,6,238,380,374,0,0
TXN-20260715-SKU-BAS-5K,2026-07-15,SKU-BAS-5K,India Gate Basmati 5 kg,2,597,65,63,0,0
TXN-20260715-SKU-BESAN-500,2026-07-15,SKU-BESAN-500,Besan 500 g,3,60,443,440,0,0
TXN-20260715-SKU-BREAD-400,2026-07-15,SKU-BREAD-400,Brown Bread 400 g,6,51,374,368,0,0
TXN-20260715-SKU-CHANA-1K,2026-07-15,SKU-CHANA-1K,Kabuli Chana 1 kg,2,151,202,200,0,0
TXN-20260715-SKU-COKE-750,2026-07-15,SKU-COKE-750,Coca-Cola 750 ml,9,35,444,435,0,0
TXN-20260715-SKU-COLGATE-200,2026-07-15,SKU-COLGATE-200,Colgate Toothpaste 200 g,2,114,127,125,0,0
TXN-20260715-SKU-DALIA-500,2026-07-15,SKU-DALIA-500,Dalia 500 g,1,32,71,70,0,0
TXN-20260715-SKU-HALDI-100,2026-07-15,SKU-HALDI-100,Turmeric Powder 100 g,2,26,195,193,0,0
TXN-20260715-SKU-HARPIC-500,2026-07-15,SKU-HARPIC-500,Harpic 500 ml,1,114,77,76,0,0
TXN-20260715-SKU-LAYS-52,2026-07-15,SKU-LAYS-52,Lays Classic 52 g,5,19,542,537,0,0
TXN-20260715-SKU-LIFEBUOY-4,2026-07-15,SKU-LIFEBUOY-4,Lifebuoy Soap 4 x 100 g,2,122,123,121,0,0
TXN-20260715-SKU-MAGGI-280,2026-07-15,SKU-MAGGI-280,Maggi Noodles 280 g,9,59,493,484,0,0
TXN-20260715-SKU-MAIDA-1K,2026-07-15,SKU-MAIDA-1K,Maida 1 kg,5,43,259,254,0,0
TXN-20260715-SKU-MIRCH-100,2026-07-15,SKU-MIRCH-100,Red Chilli Powder 100 g,2,37,130,128,0,0
TXN-20260715-SKU-MOONG-1K,2026-07-15,SKU-MOONG-1K,Moong Dal 1 kg,1,125,180,179,0,0
TXN-20260715-SKU-MUST-1L,2026-07-15,SKU-MUST-1L,Fortune Mustard Oil 1 L,4,206,267,263,0,0
TXN-20260715-SKU-OIL-1L,2026-07-15,SKU-OIL-1L,Sunpure Cooking Oil 1 L,9,124,391,382,0,0
TXN-20260715-SKU-PARLE-G,2026-07-15,SKU-PARLE-G,Parle-G Biscuit 250 g,15,23,840,825,0,0
TXN-20260715-SKU-POHA-500,2026-07-15,SKU-POHA-500,Poha 500 g,2,30,129,127,0,0
TXN-20260715-SKU-RAJMA-1K,2026-07-15,SKU-RAJMA-1K,Rajma 1 kg,3,159,188,185,0,0
TXN-20260715-SKU-RICE-1K,2026-07-15,SKU-RICE-1K,Sona Masoori Rice 1 kg,10,66,668,658,0,0
TXN-20260715-SKU-SALT-1K,2026-07-15,SKU-SALT-1K,Tata Salt 1 kg,12,26,583,571,0,0
TXN-20260715-SKU-SUG-1K,2026-07-15,SKU-SUG-1K,Sugar 1 kg,7,46,492,485,0,0
TXN-20260715-SKU-SUJI-500,2026-07-15,SKU-SUJI-500,Suji 500 g,2,31,145,143,0,0
TXN-20260715-SKU-TEA-250,2026-07-15,SKU-TEA-250,Tata Tea Gold 250 g,5,160,310,305,0,0
TXN-20260715-SKU-TOOR-1K,2026-07-15,SKU-TOOR-1K,Toor Dal 1 kg,6,167,370,364,0,0
TXN-20260715-SKU-VIM-500,2026-07-15,SKU-VIM-500,Vim Bar 500 g,4,46,184,180,0,0
TXN-20260715-SKU-WATER-1L,2026-07-15,SKU-WATER-1L,Bisleri Water 1 L,11,18,593,582,0,0
TXN-20260716-SKU-ATTA-5K,2026-07-16,SKU-ATTA-5K,Aashirvaad Atta 5 kg,7,238,374,367,0,0
TXN-20260716-SKU-BAS-5K,2026-07-16,SKU-BAS-5K,India Gate Basmati 5 kg,1,597,63,62,0,0
TXN-20260716-SKU-BESAN-500,2026-07-16,SKU-BESAN-500,Besan 500 g,5,60,440,435,0,0
TXN-20260716-SKU-BREAD-400,2026-07-16,SKU-BREAD-400,Brown Bread 400 g,4,51,368,364,0,0
TXN-20260716-SKU-CHANA-1K,2026-07-16,SKU-CHANA-1K,Kabuli Chana 1 kg,3,151,200,197,0,0
TXN-20260716-SKU-COKE-750,2026-07-16,SKU-COKE-750,Coca-Cola 750 ml,9,35,435,426,0,0
TXN-20260716-SKU-COLGATE-200,2026-07-16,SKU-COLGATE-200,Colgate Toothpaste 200 g,1,114,125,124,0,0
TXN-20260716-SKU-DALIA-500,2026-07-16,SKU-DALIA-500,Dalia 500 g,0,32,70,70,0,0
TXN-20260716-SKU-HALDI-100,2026-07-16,SKU-HALDI-100,Turmeric Powder 100 g,4,26,193,189,0,0
TXN-20260716-SKU-HARPIC-500,2026-07-16,SKU-HARPIC-500,Harpic 500 ml,1,114,76,75,0,0
TXN-20260716-SKU-LAYS-52,2026-07-16,SKU-LAYS-52,Lays Classic 52 g,10,19,537,527,0,0
TXN-20260716-SKU-LIFEBUOY-4,2026-07-16,SKU-LIFEBUOY-4,Lifebuoy Soap 4 x 100 g,3,122,121,118,0,0
TXN-20260716-SKU-MAGGI-280,2026-07-16,SKU-MAGGI-280,Maggi Noodles 280 g,8,59,484,476,0,0
TXN-20260716-SKU-MAIDA-1K,2026-07-16,SKU-MAIDA-1K,Maida 1 kg,5,43,254,249,0,0
TXN-20260716-SKU-MIRCH-100,2026-07-16,SKU-MIRCH-100,Red Chilli Powder 100 g,2,37,128,126,0,0
TXN-20260716-SKU-MOONG-1K,2026-07-16,SKU-MOONG-1K,Moong Dal 1 kg,0,125,179,179,0,0
TXN-20260716-SKU-MUST-1L,2026-07-16,SKU-MUST-1L,Fortune Mustard Oil 1 L,3,206,263,260,0,0
TXN-20260716-SKU-OIL-1L,2026-07-16,SKU-OIL-1L,Sunpure Cooking Oil 1 L,4,124,382,378,0,0
TXN-20260716-SKU-PARLE-G,2026-07-16,SKU-PARLE-G,Parle-G Biscuit 250 g,13,23,825,812,0,0
TXN-20260716-SKU-POHA-500,2026-07-16,SKU-POHA-500,Poha 500 g,2,30,127,125,0,0
TXN-20260716-SKU-RAJMA-1K,2026-07-16,SKU-RAJMA-1K,Rajma 1 kg,2,159,185,183,0,0
TXN-20260716-SKU-RICE-1K,2026-07-16,SKU-RICE-1K,Sona Masoori Rice 1 kg,10,66,658,648,0,0
TXN-20260716-SKU-SALT-1K,2026-07-16,SKU-SALT-1K,Tata Salt 1 kg,17,26,571,554,0,0
TXN-20260716-SKU-SUG-1K,2026-07-16,SKU-SUG-1K,Sugar 1 kg,7,46,485,478,0,0
TXN-20260716-SKU-SUJI-500,2026-07-16,SKU-SUJI-500,Suji 500 g,3,31,143,140,0,0
TXN-20260716-SKU-TEA-250,2026-07-16,SKU-TEA-250,Tata Tea Gold 250 g,2,160,305,303,0,0
TXN-20260716-SKU-TOOR-1K,2026-07-16,SKU-TOOR-1K,Toor Dal 1 kg,5,167,364,359,0,0
TXN-20260716-SKU-VIM-500,2026-07-16,SKU-VIM-500,Vim Bar 500 g,3,46,180,177,0,0
TXN-20260716-SKU-WATER-1L,2026-07-16,SKU-WATER-1L,Bisleri Water 1 L,12,18,582,570,0,0
TXN-20260717-SKU-ATTA-5K,2026-07-17,SKU-ATTA-5K,Aashirvaad Atta 5 kg,7,238,367,360,0,0
TXN-20260717-SKU-BAS-5K,2026-07-17,SKU-BAS-5K,India Gate Basmati 5 kg,1,597,62,61,0,0
TXN-20260717-SKU-BESAN-500,2026-07-17,SKU-BESAN-500,Besan 500 g,5,60,435,430,0,0
TXN-20260717-SKU-BREAD-400,2026-07-17,SKU-BREAD-400,Brown Bread 400 g,5,51,364,359,0,0
TXN-20260717-SKU-CHANA-1K,2026-07-17,SKU-CHANA-1K,Kabuli Chana 1 kg,2,151,197,195,0,0
TXN-20260717-SKU-COKE-750,2026-07-17,SKU-COKE-750,Coca-Cola 750 ml,1,35,426,425,0,0
TXN-20260717-SKU-COLGATE-200,2026-07-17,SKU-COLGATE-200,Colgate Toothpaste 200 g,2,114,124,122,0,0
TXN-20260717-SKU-DALIA-500,2026-07-17,SKU-DALIA-500,Dalia 500 g,2,32,70,68,0,0
TXN-20260717-SKU-HALDI-100,2026-07-17,SKU-HALDI-100,Turmeric Powder 100 g,3,26,189,186,0,0
TXN-20260717-SKU-HARPIC-500,2026-07-17,SKU-HARPIC-500,Harpic 500 ml,1,114,75,74,0,0
TXN-20260717-SKU-LAYS-52,2026-07-17,SKU-LAYS-52,Lays Classic 52 g,10,19,527,517,0,0
TXN-20260717-SKU-LIFEBUOY-4,2026-07-17,SKU-LIFEBUOY-4,Lifebuoy Soap 4 x 100 g,3,122,118,115,0,0
TXN-20260717-SKU-MAGGI-280,2026-07-17,SKU-MAGGI-280,Maggi Noodles 280 g,10,59,476,466,0,0
TXN-20260717-SKU-MAIDA-1K,2026-07-17,SKU-MAIDA-1K,Maida 1 kg,5,43,249,244,0,0
TXN-20260717-SKU-MIRCH-100,2026-07-17,SKU-MIRCH-100,Red Chilli Powder 100 g,2,37,126,124,0,0
TXN-20260717-SKU-MOONG-1K,2026-07-17,SKU-MOONG-1K,Moong Dal 1 kg,2,125,179,177,0,0
TXN-20260717-SKU-MUST-1L,2026-07-17,SKU-MUST-1L,Fortune Mustard Oil 1 L,5,206,260,255,0,0
TXN-20260717-SKU-OIL-1L,2026-07-17,SKU-OIL-1L,Sunpure Cooking Oil 1 L,6,124,378,372,0,0
TXN-20260717-SKU-PARLE-G,2026-07-17,SKU-PARLE-G,Parle-G Biscuit 250 g,15,23,812,797,0,0
TXN-20260717-SKU-POHA-500,2026-07-17,SKU-POHA-500,Poha 500 g,1,30,125,124,0,0
TXN-20260717-SKU-RAJMA-1K,2026-07-17,SKU-RAJMA-1K,Rajma 1 kg,3,159,183,180,0,0
TXN-20260717-SKU-RICE-1K,2026-07-17,SKU-RICE-1K,Sona Masoori Rice 1 kg,11,66,648,637,0,0
TXN-20260717-SKU-SALT-1K,2026-07-17,SKU-SALT-1K,Tata Salt 1 kg,8,26,554,546,0,0
TXN-20260717-SKU-SUG-1K,2026-07-17,SKU-SUG-1K,Sugar 1 kg,7,46,478,471,0,0
TXN-20260717-SKU-SUJI-500,2026-07-17,SKU-SUJI-500,Suji 500 g,2,31,140,138,0,0
TXN-20260717-SKU-TEA-250,2026-07-17,SKU-TEA-250,Tata Tea Gold 250 g,5,160,303,298,0,0
TXN-20260717-SKU-TOOR-1K,2026-07-17,SKU-TOOR-1K,Toor Dal 1 kg,5,167,359,354,0,0
TXN-20260717-SKU-VIM-500,2026-07-17,SKU-VIM-500,Vim Bar 500 g,3,46,177,174,0,0
TXN-20260717-SKU-WATER-1L,2026-07-17,SKU-WATER-1L,Bisleri Water 1 L,11,18,570,559,0,0
TXN-20260718-SKU-ATTA-5K,2026-07-18,SKU-ATTA-5K,Aashirvaad Atta 5 kg,6,238,360,354,0,0
TXN-20260718-SKU-BAS-5K,2026-07-18,SKU-BAS-5K,India Gate Basmati 5 kg,1,597,61,60,0,0
TXN-20260718-SKU-BESAN-500,2026-07-18,SKU-BESAN-500,Besan 500 g,5,60,430,425,0,0
TXN-20260718-SKU-BREAD-400,2026-07-18,SKU-BREAD-400,Brown Bread 400 g,7,51,359,352,0,0
TXN-20260718-SKU-CHANA-1K,2026-07-18,SKU-CHANA-1K,Kabuli Chana 1 kg,3,151,195,192,0,0
TXN-20260718-SKU-COKE-750,2026-07-18,SKU-COKE-750,Coca-Cola 750 ml,6,35,425,419,0,0
TXN-20260718-SKU-COLGATE-200,2026-07-18,SKU-COLGATE-200,Colgate Toothpaste 200 g,2,114,122,120,0,0
TXN-20260718-SKU-DALIA-500,2026-07-18,SKU-DALIA-500,Dalia 500 g,1,32,68,67,0,0
TXN-20260718-SKU-HALDI-100,2026-07-18,SKU-HALDI-100,Turmeric Powder 100 g,3,26,186,183,0,0
TXN-20260718-SKU-HARPIC-500,2026-07-18,SKU-HARPIC-500,Harpic 500 ml,1,114,74,73,0,0
TXN-20260718-SKU-LAYS-52,2026-07-18,SKU-LAYS-52,Lays Classic 52 g,7,19,517,510,0,0
TXN-20260718-SKU-LIFEBUOY-4,2026-07-18,SKU-LIFEBUOY-4,Lifebuoy Soap 4 x 100 g,3,122,115,112,0,0
TXN-20260718-SKU-MAGGI-280,2026-07-18,SKU-MAGGI-280,Maggi Noodles 280 g,5,59,466,461,0,0
TXN-20260718-SKU-MAIDA-1K,2026-07-18,SKU-MAIDA-1K,Maida 1 kg,3,43,244,241,0,0
TXN-20260718-SKU-MIRCH-100,2026-07-18,SKU-MIRCH-100,Red Chilli Powder 100 g,2,37,124,122,0,0
TXN-20260718-SKU-MOONG-1K,2026-07-18,SKU-MOONG-1K,Moong Dal 1 kg,4,125,177,173,0,0
TXN-20260718-SKU-MUST-1L,2026-07-18,SKU-MUST-1L,Fortune Mustard Oil 1 L,5,206,255,250,0,0
TXN-20260718-SKU-OIL-1L,2026-07-18,SKU-OIL-1L,Sunpure Cooking Oil 1 L,9,124,372,363,0,0
TXN-20260718-SKU-PARLE-G,2026-07-18,SKU-PARLE-G,Parle-G Biscuit 250 g,14,23,797,783,0,0
TXN-20260718-SKU-POHA-500,2026-07-18,SKU-POHA-500,Poha 500 g,2,30,124,122,0,0
TXN-20260718-SKU-RAJMA-1K,2026-07-18,SKU-RAJMA-1K,Rajma 1 kg,3,159,180,177,0,0
TXN-20260718-SKU-RICE-1K,2026-07-18,SKU-RICE-1K,Sona Masoori Rice 1 kg,11,66,637,626,0,0
TXN-20260718-SKU-SALT-1K,2026-07-18,SKU-SALT-1K,Tata Salt 1 kg,9,26,546,537,0,0
TXN-20260718-SKU-SUG-1K,2026-07-18,SKU-SUG-1K,Sugar 1 kg,7,46,471,464,0,0
TXN-20260718-SKU-SUJI-500,2026-07-18,SKU-SUJI-500,Suji 500 g,2,31,138,136,0,0
TXN-20260718-SKU-TEA-250,2026-07-18,SKU-TEA-250,Tata Tea Gold 250 g,4,160,298,294,0,0
TXN-20260718-SKU-TOOR-1K,2026-07-18,SKU-TOOR-1K,Toor Dal 1 kg,5,167,354,349,0,0
TXN-20260718-SKU-VIM-500,2026-07-18,SKU-VIM-500,Vim Bar 500 g,3,46,174,171,0,0
TXN-20260718-SKU-WATER-1L,2026-07-18,SKU-WATER-1L,Bisleri Water 1 L,12,18,559,547,0,0
TXN-20260719-SKU-ATTA-5K,2026-07-19,SKU-ATTA-5K,Aashirvaad Atta 5 kg,5,238,354,349,0,0
TXN-20260719-SKU-BAS-5K,2026-07-19,SKU-BAS-5K,India Gate Basmati 5 kg,1,597,60,59,0,0
TXN-20260719-SKU-BESAN-500,2026-07-19,SKU-BESAN-500,Besan 500 g,3,60,425,422,0,0
TXN-20260719-SKU-BREAD-400,2026-07-19,SKU-BREAD-400,Brown Bread 400 g,6,51,352,346,0,0
TXN-20260719-SKU-CHANA-1K,2026-07-19,SKU-CHANA-1K,Kabuli Chana 1 kg,4,151,192,188,0,0
TXN-20260719-SKU-COKE-750,2026-07-19,SKU-COKE-750,Coca-Cola 750 ml,8,35,419,411,0,0
TXN-20260719-SKU-COLGATE-200,2026-07-19,SKU-COLGATE-200,Colgate Toothpaste 200 g,3,114,120,117,0,0
TXN-20260719-SKU-DALIA-500,2026-07-19,SKU-DALIA-500,Dalia 500 g,1,32,67,66,0,0
TXN-20260719-SKU-HALDI-100,2026-07-19,SKU-HALDI-100,Turmeric Powder 100 g,2,26,183,181,0,0
TXN-20260719-SKU-HARPIC-500,2026-07-19,SKU-HARPIC-500,Harpic 500 ml,1,114,73,72,0,0
TXN-20260719-SKU-LAYS-52,2026-07-19,SKU-LAYS-52,Lays Classic 52 g,12,19,510,498,0,0
TXN-20260719-SKU-LIFEBUOY-4,2026-07-19,SKU-LIFEBUOY-4,Lifebuoy Soap 4 x 100 g,1,122,112,111,0,0
TXN-20260719-SKU-MAGGI-280,2026-07-19,SKU-MAGGI-280,Maggi Noodles 280 g,8,59,461,453,0,0
TXN-20260719-SKU-MAIDA-1K,2026-07-19,SKU-MAIDA-1K,Maida 1 kg,5,43,241,236,0,0
TXN-20260719-SKU-MIRCH-100,2026-07-19,SKU-MIRCH-100,Red Chilli Powder 100 g,2,37,122,120,0,0
TXN-20260719-SKU-MOONG-1K,2026-07-19,SKU-MOONG-1K,Moong Dal 1 kg,3,125,173,170,0,0
TXN-20260719-SKU-MUST-1L,2026-07-19,SKU-MUST-1L,Fortune Mustard Oil 1 L,4,206,250,246,0,0
TXN-20260719-SKU-OIL-1L,2026-07-19,SKU-OIL-1L,Sunpure Cooking Oil 1 L,9,124,363,354,0,0
TXN-20260719-SKU-PARLE-G,2026-07-19,SKU-PARLE-G,Parle-G Biscuit 250 g,14,23,783,769,0,0
TXN-20260719-SKU-POHA-500,2026-07-19,SKU-POHA-500,Poha 500 g,1,30,122,121,0,0
TXN-20260719-SKU-RAJMA-1K,2026-07-19,SKU-RAJMA-1K,Rajma 1 kg,2,159,177,175,0,0
TXN-20260719-SKU-RICE-1K,2026-07-19,SKU-RICE-1K,Sona Masoori Rice 1 kg,10,66,626,616,0,0
TXN-20260719-SKU-SALT-1K,2026-07-19,SKU-SALT-1K,Tata Salt 1 kg,8,26,537,529,0,0
TXN-20260719-SKU-SUG-1K,2026-07-19,SKU-SUG-1K,Sugar 1 kg,8,46,464,456,0,0
TXN-20260719-SKU-SUJI-500,2026-07-19,SKU-SUJI-500,Suji 500 g,1,31,136,135,0,0
TXN-20260719-SKU-TEA-250,2026-07-19,SKU-TEA-250,Tata Tea Gold 250 g,4,160,294,290,0,0
TXN-20260719-SKU-TOOR-1K,2026-07-19,SKU-TOOR-1K,Toor Dal 1 kg,1,167,349,348,0,0
TXN-20260719-SKU-VIM-500,2026-07-19,SKU-VIM-500,Vim Bar 500 g,3,46,171,168,0,0
TXN-20260719-SKU-WATER-1L,2026-07-19,SKU-WATER-1L,Bisleri Water 1 L,7,18,547,540,0,0
TXN-20260720-SKU-ATTA-5K,2026-07-20,SKU-ATTA-5K,Aashirvaad Atta 5 kg,7,238,349,342,0,0
TXN-20260720-SKU-BAS-5K,2026-07-20,SKU-BAS-5K,India Gate Basmati 5 kg,0,597,59,59,0,0
TXN-20260720-SKU-BESAN-500,2026-07-20,SKU-BESAN-500,Besan 500 g,4,60,422,418,0,0
TXN-20260720-SKU-BREAD-400,2026-07-20,SKU-BREAD-400,Brown Bread 400 g,7,51,346,339,0,0
TXN-20260720-SKU-CHANA-1K,2026-07-20,SKU-CHANA-1K,Kabuli Chana 1 kg,3,151,188,185,0,0
TXN-20260720-SKU-COKE-750,2026-07-20,SKU-COKE-750,Coca-Cola 750 ml,5,35,411,406,0,0
TXN-20260720-SKU-COLGATE-200,2026-07-20,SKU-COLGATE-200,Colgate Toothpaste 200 g,1,114,117,116,0,0
TXN-20260720-SKU-DALIA-500,2026-07-20,SKU-DALIA-500,Dalia 500 g,1,32,66,65,0,0
TXN-20260720-SKU-HALDI-100,2026-07-20,SKU-HALDI-100,Turmeric Powder 100 g,4,26,181,177,0,0
TXN-20260720-SKU-HARPIC-500,2026-07-20,SKU-HARPIC-500,Harpic 500 ml,1,114,72,71,0,0
TXN-20260720-SKU-LAYS-52,2026-07-20,SKU-LAYS-52,Lays Classic 52 g,9,19,498,489,0,0
TXN-20260720-SKU-LIFEBUOY-4,2026-07-20,SKU-LIFEBUOY-4,Lifebuoy Soap 4 x 100 g,2,122,111,109,0,0
TXN-20260720-SKU-MAGGI-280,2026-07-20,SKU-MAGGI-280,Maggi Noodles 280 g,14,59,453,439,0,0
TXN-20260720-SKU-MAIDA-1K,2026-07-20,SKU-MAIDA-1K,Maida 1 kg,6,43,236,230,0,0
TXN-20260720-SKU-MIRCH-100,2026-07-20,SKU-MIRCH-100,Red Chilli Powder 100 g,2,37,120,118,0,0
TXN-20260720-SKU-MOONG-1K,2026-07-20,SKU-MOONG-1K,Moong Dal 1 kg,2,125,170,168,0,0
TXN-20260720-SKU-MUST-1L,2026-07-20,SKU-MUST-1L,Fortune Mustard Oil 1 L,2,206,246,244,0,0
TXN-20260720-SKU-OIL-1L,2026-07-20,SKU-OIL-1L,Sunpure Cooking Oil 1 L,9,124,354,345,0,0
TXN-20260720-SKU-PARLE-G,2026-07-20,SKU-PARLE-G,Parle-G Biscuit 250 g,19,23,769,750,0,0
TXN-20260720-SKU-POHA-500,2026-07-20,SKU-POHA-500,Poha 500 g,2,30,121,119,0,0
TXN-20260720-SKU-RAJMA-1K,2026-07-20,SKU-RAJMA-1K,Rajma 1 kg,3,159,175,172,0,0
TXN-20260720-SKU-RICE-1K,2026-07-20,SKU-RICE-1K,Sona Masoori Rice 1 kg,11,66,616,605,0,0
TXN-20260720-SKU-SALT-1K,2026-07-20,SKU-SALT-1K,Tata Salt 1 kg,0,26,529,529,0,0
TXN-20260720-SKU-SUG-1K,2026-07-20,SKU-SUG-1K,Sugar 1 kg,8,46,456,448,0,0
TXN-20260720-SKU-SUJI-500,2026-07-20,SKU-SUJI-500,Suji 500 g,2,31,135,133,0,0
TXN-20260720-SKU-TEA-250,2026-07-20,SKU-TEA-250,Tata Tea Gold 250 g,7,160,290,283,0,0
TXN-20260720-SKU-TOOR-1K,2026-07-20,SKU-TOOR-1K,Toor Dal 1 kg,7,167,348,341,0,0
TXN-20260720-SKU-VIM-500,2026-07-20,SKU-VIM-500,Vim Bar 500 g,3,46,168,165,0,0
TXN-20260720-SKU-WATER-1L,2026-07-20,SKU-WATER-1L,Bisleri Water 1 L,10,18,540,530,0,0
TXN-20260721-SKU-ATTA-5K,2026-07-21,SKU-ATTA-5K,Aashirvaad Atta 5 kg,7,238,342,335,0,0
TXN-20260721-SKU-BAS-5K,2026-07-21,SKU-BAS-5K,India Gate Basmati 5 kg,1,597,59,58,0,0
TXN-20260721-SKU-BESAN-500,2026-07-21,SKU-BESAN-500,Besan 500 g,1,60,418,417,0,0
TXN-20260721-SKU-BREAD-400,2026-07-21,SKU-BREAD-400,Brown Bread 400 g,5,51,339,334,0,0
TXN-20260721-SKU-CHANA-1K,2026-07-21,SKU-CHANA-1K,Kabuli Chana 1 kg,4,151,185,181,0,0
TXN-20260721-SKU-COKE-750,2026-07-21,SKU-COKE-750,Coca-Cola 750 ml,12,35,406,394,0,0
TXN-20260721-SKU-COLGATE-200,2026-07-21,SKU-COLGATE-200,Colgate Toothpaste 200 g,2,114,116,114,0,0
TXN-20260721-SKU-DALIA-500,2026-07-21,SKU-DALIA-500,Dalia 500 g,2,32,65,63,0,0
TXN-20260721-SKU-HALDI-100,2026-07-21,SKU-HALDI-100,Turmeric Powder 100 g,3,26,177,174,0,0
TXN-20260721-SKU-HARPIC-500,2026-07-21,SKU-HARPIC-500,Harpic 500 ml,1,114,71,70,0,0
TXN-20260721-SKU-LAYS-52,2026-07-21,SKU-LAYS-52,Lays Classic 52 g,11,19,489,478,0,0
TXN-20260721-SKU-LIFEBUOY-4,2026-07-21,SKU-LIFEBUOY-4,Lifebuoy Soap 4 x 100 g,1,122,109,108,0,0
TXN-20260721-SKU-MAGGI-280,2026-07-21,SKU-MAGGI-280,Maggi Noodles 280 g,11,59,439,428,0,0
TXN-20260721-SKU-MAIDA-1K,2026-07-21,SKU-MAIDA-1K,Maida 1 kg,4,43,230,226,0,0
TXN-20260721-SKU-MIRCH-100,2026-07-21,SKU-MIRCH-100,Red Chilli Powder 100 g,1,37,118,117,0,0
TXN-20260721-SKU-MOONG-1K,2026-07-21,SKU-MOONG-1K,Moong Dal 1 kg,3,125,168,165,0,0
TXN-20260721-SKU-MUST-1L,2026-07-21,SKU-MUST-1L,Fortune Mustard Oil 1 L,4,206,244,240,0,0
TXN-20260721-SKU-OIL-1L,2026-07-21,SKU-OIL-1L,Sunpure Cooking Oil 1 L,5,124,345,340,0,0
TXN-20260721-SKU-PARLE-G,2026-07-21,SKU-PARLE-G,Parle-G Biscuit 250 g,14,23,750,736,0,0
TXN-20260721-SKU-POHA-500,2026-07-21,SKU-POHA-500,Poha 500 g,1,30,119,118,0,0
TXN-20260721-SKU-RAJMA-1K,2026-07-21,SKU-RAJMA-1K,Rajma 1 kg,2,159,172,170,0,0
TXN-20260721-SKU-RICE-1K,2026-07-21,SKU-RICE-1K,Sona Masoori Rice 1 kg,10,66,605,595,0,0
TXN-20260721-SKU-SALT-1K,2026-07-21,SKU-SALT-1K,Tata Salt 1 kg,7,26,529,522,0,0
TXN-20260721-SKU-SUG-1K,2026-07-21,SKU-SUG-1K,Sugar 1 kg,9,46,448,439,0,0
TXN-20260721-SKU-SUJI-500,2026-07-21,SKU-SUJI-500,Suji 500 g,2,31,133,131,0,0
TXN-20260721-SKU-TEA-250,2026-07-21,SKU-TEA-250,Tata Tea Gold 250 g,6,160,283,277,0,0
TXN-20260721-SKU-TOOR-1K,2026-07-21,SKU-TOOR-1K,Toor Dal 1 kg,4,167,341,337,0,0
TXN-20260721-SKU-VIM-500,2026-07-21,SKU-VIM-500,Vim Bar 500 g,3,46,165,162,0,0
TXN-20260721-SKU-WATER-1L,2026-07-21,SKU-WATER-1L,Bisleri Water 1 L,7,18,530,523,0,0
TXN-20260722-SKU-ATTA-5K,2026-07-22,SKU-ATTA-5K,Aashirvaad Atta 5 kg,6,238,335,329,0,0
TXN-20260722-SKU-BAS-5K,2026-07-22,SKU-BAS-5K,India Gate Basmati 5 kg,1,597,58,57,0,0
TXN-20260722-SKU-BESAN-500,2026-07-22,SKU-BESAN-500,Besan 500 g,1,60,417,416,0,0
TXN-20260722-SKU-BREAD-400,2026-07-22,SKU-BREAD-400,Brown Bread 400 g,6,51,334,328,0,0
TXN-20260722-SKU-CHANA-1K,2026-07-22,SKU-CHANA-1K,Kabuli Chana 1 kg,3,151,181,178,0,0
TXN-20260722-SKU-COKE-750,2026-07-22,SKU-COKE-750,Coca-Cola 750 ml,11,35,394,383,0,0
TXN-20260722-SKU-COLGATE-200,2026-07-22,SKU-COLGATE-200,Colgate Toothpaste 200 g,1,114,114,113,0,0
TXN-20260722-SKU-DALIA-500,2026-07-22,SKU-DALIA-500,Dalia 500 g,1,32,63,62,0,0
TXN-20260722-SKU-HALDI-100,2026-07-22,SKU-HALDI-100,Turmeric Powder 100 g,4,26,174,170,0,0
TXN-20260722-SKU-HARPIC-500,2026-07-22,SKU-HARPIC-500,Harpic 500 ml,1,114,70,69,0,0
TXN-20260722-SKU-LAYS-52,2026-07-22,SKU-LAYS-52,Lays Classic 52 g,9,19,478,469,0,0
TXN-20260722-SKU-LIFEBUOY-4,2026-07-22,SKU-LIFEBUOY-4,Lifebuoy Soap 4 x 100 g,1,122,108,107,0,0
TXN-20260722-SKU-MAGGI-280,2026-07-22,SKU-MAGGI-280,Maggi Noodles 280 g,8,59,428,420,0,0
TXN-20260722-SKU-MAIDA-1K,2026-07-22,SKU-MAIDA-1K,Maida 1 kg,2,43,226,224,0,0
TXN-20260722-SKU-MIRCH-100,2026-07-22,SKU-MIRCH-100,Red Chilli Powder 100 g,2,37,117,115,0,0
TXN-20260722-SKU-MOONG-1K,2026-07-22,SKU-MOONG-1K,Moong Dal 1 kg,3,125,165,162,0,0
TXN-20260722-SKU-MUST-1L,2026-07-22,SKU-MUST-1L,Fortune Mustard Oil 1 L,6,206,240,234,0,0
TXN-20260722-SKU-OIL-1L,2026-07-22,SKU-OIL-1L,Sunpure Cooking Oil 1 L,4,124,340,336,0,0
TXN-20260722-SKU-PARLE-G,2026-07-22,SKU-PARLE-G,Parle-G Biscuit 250 g,17,23,736,719,0,0
TXN-20260722-SKU-POHA-500,2026-07-22,SKU-POHA-500,Poha 500 g,1,30,118,117,0,0
TXN-20260722-SKU-RAJMA-1K,2026-07-22,SKU-RAJMA-1K,Rajma 1 kg,3,159,170,167,0,0
TXN-20260722-SKU-RICE-1K,2026-07-22,SKU-RICE-1K,Sona Masoori Rice 1 kg,10,66,595,585,0,0
TXN-20260722-SKU-SALT-1K,2026-07-22,SKU-SALT-1K,Tata Salt 1 kg,12,26,522,510,0,0
TXN-20260722-SKU-SUG-1K,2026-07-22,SKU-SUG-1K,Sugar 1 kg,7,46,439,432,0,0
TXN-20260722-SKU-SUJI-500,2026-07-22,SKU-SUJI-500,Suji 500 g,4,31,131,127,0,0
TXN-20260722-SKU-TEA-250,2026-07-22,SKU-TEA-250,Tata Tea Gold 250 g,6,160,277,271,0,0
TXN-20260722-SKU-TOOR-1K,2026-07-22,SKU-TOOR-1K,Toor Dal 1 kg,6,167,337,331,0,0
TXN-20260722-SKU-VIM-500,2026-07-22,SKU-VIM-500,Vim Bar 500 g,2,46,162,160,0,0
TXN-20260722-SKU-WATER-1L,2026-07-22,SKU-WATER-1L,Bisleri Water 1 L,11,18,523,512,0,0
TXN-20260723-SKU-ATTA-5K,2026-07-23,SKU-ATTA-5K,Aashirvaad Atta 5 kg,6,238,329,323,0,0
TXN-20260723-SKU-BAS-5K,2026-07-23,SKU-BAS-5K,India Gate Basmati 5 kg,1,597,57,56,0,0
TXN-20260723-SKU-BESAN-500,2026-07-23,SKU-BESAN-500,Besan 500 g,3,60,416,413,0,0
TXN-20260723-SKU-BREAD-400,2026-07-23,SKU-BREAD-400,Brown Bread 400 g,6,51,328,322,0,0
TXN-20260723-SKU-CHANA-1K,2026-07-23,SKU-CHANA-1K,Kabuli Chana 1 kg,4,151,178,174,0,0
TXN-20260723-SKU-COKE-750,2026-07-23,SKU-COKE-750,Coca-Cola 750 ml,5,35,383,378,0,0
TXN-20260723-SKU-COLGATE-200,2026-07-23,SKU-COLGATE-200,Colgate Toothpaste 200 g,3,114,113,110,0,0
TXN-20260723-SKU-DALIA-500,2026-07-23,SKU-DALIA-500,Dalia 500 g,1,32,62,61,0,0
TXN-20260723-SKU-HALDI-100,2026-07-23,SKU-HALDI-100,Turmeric Powder 100 g,2,26,170,168,0,0
TXN-20260723-SKU-HARPIC-500,2026-07-23,SKU-HARPIC-500,Harpic 500 ml,2,114,69,67,0,0
TXN-20260723-SKU-LAYS-52,2026-07-23,SKU-LAYS-52,Lays Classic 52 g,3,19,469,466,0,0
TXN-20260723-SKU-LIFEBUOY-4,2026-07-23,SKU-LIFEBUOY-4,Lifebuoy Soap 4 x 100 g,1,122,107,106,0,0
TXN-20260723-SKU-MAGGI-280,2026-07-23,SKU-MAGGI-280,Maggi Noodles 280 g,9,59,420,411,0,0
TXN-20260723-SKU-MAIDA-1K,2026-07-23,SKU-MAIDA-1K,Maida 1 kg,5,43,224,219,0,0
TXN-20260723-SKU-MIRCH-100,2026-07-23,SKU-MIRCH-100,Red Chilli Powder 100 g,3,37,115,112,0,0
TXN-20260723-SKU-MOONG-1K,2026-07-23,SKU-MOONG-1K,Moong Dal 1 kg,2,125,162,160,0,0
TXN-20260723-SKU-MUST-1L,2026-07-23,SKU-MUST-1L,Fortune Mustard Oil 1 L,5,206,234,229,0,0
TXN-20260723-SKU-OIL-1L,2026-07-23,SKU-OIL-1L,Sunpure Cooking Oil 1 L,8,124,336,328,0,0
TXN-20260723-SKU-PARLE-G,2026-07-23,SKU-PARLE-G,Parle-G Biscuit 250 g,13,23,719,706,0,0
TXN-20260723-SKU-POHA-500,2026-07-23,SKU-POHA-500,Poha 500 g,2,30,117,115,0,0
TXN-20260723-SKU-RAJMA-1K,2026-07-23,SKU-RAJMA-1K,Rajma 1 kg,2,159,167,165,0,0
TXN-20260723-SKU-RICE-1K,2026-07-23,SKU-RICE-1K,Sona Masoori Rice 1 kg,12,66,585,573,0,0
TXN-20260723-SKU-SALT-1K,2026-07-23,SKU-SALT-1K,Tata Salt 1 kg,8,26,510,502,0,0
TXN-20260723-SKU-SUG-1K,2026-07-23,SKU-SUG-1K,Sugar 1 kg,11,46,432,421,0,0
TXN-20260723-SKU-SUJI-500,2026-07-23,SKU-SUJI-500,Suji 500 g,3,31,127,124,0,0
TXN-20260723-SKU-TEA-250,2026-07-23,SKU-TEA-250,Tata Tea Gold 250 g,6,160,271,265,0,0
TXN-20260723-SKU-TOOR-1K,2026-07-23,SKU-TOOR-1K,Toor Dal 1 kg,7,167,331,324,0,0
TXN-20260723-SKU-VIM-500,2026-07-23,SKU-VIM-500,Vim Bar 500 g,3,46,160,157,0,0
TXN-20260723-SKU-WATER-1L,2026-07-23,SKU-WATER-1L,Bisleri Water 1 L,12,18,512,500,0,0
TXN-20260724-SKU-ATTA-5K,2026-07-24,SKU-ATTA-5K,Aashirvaad Atta 5 kg,6,238,323,317,0,0
TXN-20260724-SKU-BAS-5K,2026-07-24,SKU-BAS-5K,India Gate Basmati 5 kg,1,597,56,55,0,0
TXN-20260724-SKU-BESAN-500,2026-07-24,SKU-BESAN-500,Besan 500 g,3,60,413,410,0,0
TXN-20260724-SKU-BREAD-400,2026-07-24,SKU-BREAD-400,Brown Bread 400 g,5,51,322,317,0,0
TXN-20260724-SKU-CHANA-1K,2026-07-24,SKU-CHANA-1K,Kabuli Chana 1 kg,2,151,174,172,0,0
TXN-20260724-SKU-COKE-750,2026-07-24,SKU-COKE-750,Coca-Cola 750 ml,6,35,378,372,0,0
TXN-20260724-SKU-COLGATE-200,2026-07-24,SKU-COLGATE-200,Colgate Toothpaste 200 g,2,114,110,108,0,0
TXN-20260724-SKU-DALIA-500,2026-07-24,SKU-DALIA-500,Dalia 500 g,1,32,61,60,0,0
TXN-20260724-SKU-HALDI-100,2026-07-24,SKU-HALDI-100,Turmeric Powder 100 g,3,26,168,165,0,0
TXN-20260724-SKU-HARPIC-500,2026-07-24,SKU-HARPIC-500,Harpic 500 ml,1,114,67,66,0,0
TXN-20260724-SKU-LAYS-52,2026-07-24,SKU-LAYS-52,Lays Classic 52 g,6,19,466,460,0,0
TXN-20260724-SKU-LIFEBUOY-4,2026-07-24,SKU-LIFEBUOY-4,Lifebuoy Soap 4 x 100 g,2,122,106,104,0,0
TXN-20260724-SKU-MAGGI-280,2026-07-24,SKU-MAGGI-280,Maggi Noodles 280 g,10,59,411,401,0,0
TXN-20260724-SKU-MAIDA-1K,2026-07-24,SKU-MAIDA-1K,Maida 1 kg,3,43,219,216,0,0
TXN-20260724-SKU-MIRCH-100,2026-07-24,SKU-MIRCH-100,Red Chilli Powder 100 g,2,37,112,110,0,0
TXN-20260724-SKU-MOONG-1K,2026-07-24,SKU-MOONG-1K,Moong Dal 1 kg,3,125,160,157,0,0
TXN-20260724-SKU-MUST-1L,2026-07-24,SKU-MUST-1L,Fortune Mustard Oil 1 L,6,206,229,223,0,0
TXN-20260724-SKU-OIL-1L,2026-07-24,SKU-OIL-1L,Sunpure Cooking Oil 1 L,7,124,328,321,0,0
TXN-20260724-SKU-PARLE-G,2026-07-24,SKU-PARLE-G,Parle-G Biscuit 250 g,16,23,706,690,0,0
TXN-20260724-SKU-POHA-500,2026-07-24,SKU-POHA-500,Poha 500 g,2,30,115,113,0,0
TXN-20260724-SKU-RAJMA-1K,2026-07-24,SKU-RAJMA-1K,Rajma 1 kg,3,159,165,162,0,0
TXN-20260724-SKU-RICE-1K,2026-07-24,SKU-RICE-1K,Sona Masoori Rice 1 kg,9,66,573,564,0,0
TXN-20260724-SKU-SALT-1K,2026-07-24,SKU-SALT-1K,Tata Salt 1 kg,18,26,502,484,0,0
TXN-20260724-SKU-SUG-1K,2026-07-24,SKU-SUG-1K,Sugar 1 kg,8,46,421,413,0,0
TXN-20260724-SKU-SUJI-500,2026-07-24,SKU-SUJI-500,Suji 500 g,2,31,124,122,0,0
TXN-20260724-SKU-TEA-250,2026-07-24,SKU-TEA-250,Tata Tea Gold 250 g,6,160,265,259,0,0
TXN-20260724-SKU-TOOR-1K,2026-07-24,SKU-TOOR-1K,Toor Dal 1 kg,6,167,324,318,0,0
TXN-20260724-SKU-VIM-500,2026-07-24,SKU-VIM-500,Vim Bar 500 g,2,46,157,155,0,0
TXN-20260724-SKU-WATER-1L,2026-07-24,SKU-WATER-1L,Bisleri Water 1 L,13,18,500,487,0,0
TXN-20260725-SKU-ATTA-5K,2026-07-25,SKU-ATTA-5K,Aashirvaad Atta 5 kg,5,238,317,312,0,0
TXN-20260725-SKU-BAS-5K,2026-07-25,SKU-BAS-5K,India Gate Basmati 5 kg,0,597,55,55,0,0
TXN-20260725-SKU-BESAN-500,2026-07-25,SKU-BESAN-500,Besan 500 g,3,60,410,407,0,0
TXN-20260725-SKU-BREAD-400,2026-07-25,SKU-BREAD-400,Brown Bread 400 g,7,51,317,310,0,0
TXN-20260725-SKU-CHANA-1K,2026-07-25,SKU-CHANA-1K,Kabuli Chana 1 kg,3,151,172,169,0,0
TXN-20260725-SKU-COKE-750,2026-07-25,SKU-COKE-750,Coca-Cola 750 ml,9,35,372,363,0,0
TXN-20260725-SKU-COLGATE-200,2026-07-25,SKU-COLGATE-200,Colgate Toothpaste 200 g,2,114,108,106,0,0
TXN-20260725-SKU-DALIA-500,2026-07-25,SKU-DALIA-500,Dalia 500 g,1,32,60,59,0,0
TXN-20260725-SKU-HALDI-100,2026-07-25,SKU-HALDI-100,Turmeric Powder 100 g,6,26,165,159,0,0
TXN-20260725-SKU-HARPIC-500,2026-07-25,SKU-HARPIC-500,Harpic 500 ml,1,114,66,65,0,0
TXN-20260725-SKU-LAYS-52,2026-07-25,SKU-LAYS-52,Lays Classic 52 g,11,19,460,449,0,0
TXN-20260725-SKU-LIFEBUOY-4,2026-07-25,SKU-LIFEBUOY-4,Lifebuoy Soap 4 x 100 g,2,122,104,102,0,0
TXN-20260725-SKU-MAGGI-280,2026-07-25,SKU-MAGGI-280,Maggi Noodles 280 g,3,59,401,398,0,0
TXN-20260725-SKU-MAIDA-1K,2026-07-25,SKU-MAIDA-1K,Maida 1 kg,5,43,216,211,0,0
TXN-20260725-SKU-MIRCH-100,2026-07-25,SKU-MIRCH-100,Red Chilli Powder 100 g,2,37,110,108,0,0
TXN-20260725-SKU-MOONG-1K,2026-07-25,SKU-MOONG-1K,Moong Dal 1 kg,4,125,157,153,0,0
TXN-20260725-SKU-MUST-1L,2026-07-25,SKU-MUST-1L,Fortune Mustard Oil 1 L,6,206,223,217,0,0
TXN-20260725-SKU-OIL-1L,2026-07-25,SKU-OIL-1L,Sunpure Cooking Oil 1 L,8,124,321,313,0,0
TXN-20260725-SKU-PARLE-G,2026-07-25,SKU-PARLE-G,Parle-G Biscuit 250 g,8,23,690,682,0,0
TXN-20260725-SKU-POHA-500,2026-07-25,SKU-POHA-500,Poha 500 g,2,30,113,111,0,0
TXN-20260725-SKU-RAJMA-1K,2026-07-25,SKU-RAJMA-1K,Rajma 1 kg,3,159,162,159,0,0
TXN-20260725-SKU-RICE-1K,2026-07-25,SKU-RICE-1K,Sona Masoori Rice 1 kg,9,66,564,555,0,0
TXN-20260725-SKU-SALT-1K,2026-07-25,SKU-SALT-1K,Tata Salt 1 kg,14,26,484,470,0,0
TXN-20260725-SKU-SUG-1K,2026-07-25,SKU-SUG-1K,Sugar 1 kg,7,46,413,406,0,0
TXN-20260725-SKU-SUJI-500,2026-07-25,SKU-SUJI-500,Suji 500 g,2,31,122,120,0,0
TXN-20260725-SKU-TEA-250,2026-07-25,SKU-TEA-250,Tata Tea Gold 250 g,4,160,259,255,0,0
TXN-20260725-SKU-TOOR-1K,2026-07-25,SKU-TOOR-1K,Toor Dal 1 kg,5,167,318,313,0,0
TXN-20260725-SKU-VIM-500,2026-07-25,SKU-VIM-500,Vim Bar 500 g,3,46,155,152,0,0
TXN-20260725-SKU-WATER-1L,2026-07-25,SKU-WATER-1L,Bisleri Water 1 L,10,18,487,477,0,0
TXN-20260726-SKU-ATTA-5K,2026-07-26,SKU-ATTA-5K,Aashirvaad Atta 5 kg,7,238,312,305,0,0
TXN-20260726-SKU-BAS-5K,2026-07-26,SKU-BAS-5K,India Gate Basmati 5 kg,2,597,55,53,0,0
TXN-20260726-SKU-BESAN-500,2026-07-26,SKU-BESAN-500,Besan 500 g,6,60,407,401,0,0
TXN-20260726-SKU-BREAD-400,2026-07-26,SKU-BREAD-400,Brown Bread 400 g,7,51,310,303,0,0
TXN-20260726-SKU-CHANA-1K,2026-07-26,SKU-CHANA-1K,Kabuli Chana 1 kg,3,151,169,166,0,0
TXN-20260726-SKU-COKE-750,2026-07-26,SKU-COKE-750,Coca-Cola 750 ml,5,35,363,358,0,0
TXN-20260726-SKU-COLGATE-200,2026-07-26,SKU-COLGATE-200,Colgate Toothpaste 200 g,3,114,106,103,0,0
TXN-20260726-SKU-DALIA-500,2026-07-26,SKU-DALIA-500,Dalia 500 g,0,32,59,59,0,0
TXN-20260726-SKU-HALDI-100,2026-07-26,SKU-HALDI-100,Turmeric Powder 100 g,2,26,159,157,0,0
TXN-20260726-SKU-HARPIC-500,2026-07-26,SKU-HARPIC-500,Harpic 500 ml,1,114,65,64,0,0
TXN-20260726-SKU-LAYS-52,2026-07-26,SKU-LAYS-52,Lays Classic 52 g,9,19,449,440,0,0
TXN-20260726-SKU-LIFEBUOY-4,2026-07-26,SKU-LIFEBUOY-4,Lifebuoy Soap 4 x 100 g,3,122,102,99,0,0
TXN-20260726-SKU-MAGGI-280,2026-07-26,SKU-MAGGI-280,Maggi Noodles 280 g,8,59,398,390,0,0
TXN-20260726-SKU-MAIDA-1K,2026-07-26,SKU-MAIDA-1K,Maida 1 kg,3,43,211,208,0,0
TXN-20260726-SKU-MIRCH-100,2026-07-26,SKU-MIRCH-100,Red Chilli Powder 100 g,2,37,108,106,0,0
TXN-20260726-SKU-MOONG-1K,2026-07-26,SKU-MOONG-1K,Moong Dal 1 kg,3,125,153,150,0,0
TXN-20260726-SKU-MUST-1L,2026-07-26,SKU-MUST-1L,Fortune Mustard Oil 1 L,4,206,217,213,0,0
TXN-20260726-SKU-OIL-1L,2026-07-26,SKU-OIL-1L,Sunpure Cooking Oil 1 L,4,124,313,309,0,0
TXN-20260726-SKU-PARLE-G,2026-07-26,SKU-PARLE-G,Parle-G Biscuit 250 g,15,23,682,667,0,0
TXN-20260726-SKU-POHA-500,2026-07-26,SKU-POHA-500,Poha 500 g,2,30,111,109,0,0
TXN-20260726-SKU-RAJMA-1K,2026-07-26,SKU-RAJMA-1K,Rajma 1 kg,4,159,159,155,0,0
TXN-20260726-SKU-RICE-1K,2026-07-26,SKU-RICE-1K,Sona Masoori Rice 1 kg,13,66,555,542,0,0
TXN-20260726-SKU-SALT-1K,2026-07-26,SKU-SALT-1K,Tata Salt 1 kg,7,26,470,463,0,0
TXN-20260726-SKU-SUG-1K,2026-07-26,SKU-SUG-1K,Sugar 1 kg,8,46,406,398,0,0
TXN-20260726-SKU-SUJI-500,2026-07-26,SKU-SUJI-500,Suji 500 g,1,31,120,119,0,0
TXN-20260726-SKU-TEA-250,2026-07-26,SKU-TEA-250,Tata Tea Gold 250 g,4,160,255,251,0,0
TXN-20260726-SKU-TOOR-1K,2026-07-26,SKU-TOOR-1K,Toor Dal 1 kg,6,167,313,307,0,0
TXN-20260726-SKU-VIM-500,2026-07-26,SKU-VIM-500,Vim Bar 500 g,3,46,152,149,0,0
TXN-20260726-SKU-WATER-1L,2026-07-26,SKU-WATER-1L,Bisleri Water 1 L,10,18,477,467,0,0
TXN-20260727-SKU-ATTA-5K,2026-07-27,SKU-ATTA-5K,Aashirvaad Atta 5 kg,7,238,305,298,0,0
TXN-20260727-SKU-BAS-5K,2026-07-27,SKU-BAS-5K,India Gate Basmati 5 kg,0,597,53,53,0,0
TXN-20260727-SKU-BESAN-500,2026-07-27,SKU-BESAN-500,Besan 500 g,5,60,401,396,0,0
TXN-20260727-SKU-BREAD-400,2026-07-27,SKU-BREAD-400,Brown Bread 400 g,7,51,303,296,0,0
TXN-20260727-SKU-CHANA-1K,2026-07-27,SKU-CHANA-1K,Kabuli Chana 1 kg,2,151,166,164,0,0
TXN-20260727-SKU-COKE-750,2026-07-27,SKU-COKE-750,Coca-Cola 750 ml,7,35,358,351,0,0
TXN-20260727-SKU-COLGATE-200,2026-07-27,SKU-COLGATE-200,Colgate Toothpaste 200 g,2,114,103,101,0,0
TXN-20260727-SKU-DALIA-500,2026-07-27,SKU-DALIA-500,Dalia 500 g,1,32,59,58,0,0
TXN-20260727-SKU-HALDI-100,2026-07-27,SKU-HALDI-100,Turmeric Powder 100 g,2,26,157,155,0,0
TXN-20260727-SKU-HARPIC-500,2026-07-27,SKU-HARPIC-500,Harpic 500 ml,1,114,64,63,0,0
TXN-20260727-SKU-LAYS-52,2026-07-27,SKU-LAYS-52,Lays Classic 52 g,13,19,440,427,0,0
TXN-20260727-SKU-LIFEBUOY-4,2026-07-27,SKU-LIFEBUOY-4,Lifebuoy Soap 4 x 100 g,2,122,99,97,0,0
TXN-20260727-SKU-MAGGI-280,2026-07-27,SKU-MAGGI-280,Maggi Noodles 280 g,6,59,390,384,0,0
TXN-20260727-SKU-MAIDA-1K,2026-07-27,SKU-MAIDA-1K,Maida 1 kg,5,43,208,203,0,0
TXN-20260727-SKU-MIRCH-100,2026-07-27,SKU-MIRCH-100,Red Chilli Powder 100 g,2,37,106,104,0,0
TXN-20260727-SKU-MOONG-1K,2026-07-27,SKU-MOONG-1K,Moong Dal 1 kg,2,125,150,148,0,0
TXN-20260727-SKU-MUST-1L,2026-07-27,SKU-MUST-1L,Fortune Mustard Oil 1 L,6,206,213,207,0,0
TXN-20260727-SKU-OIL-1L,2026-07-27,SKU-OIL-1L,Sunpure Cooking Oil 1 L,8,124,309,301,0,0
TXN-20260727-SKU-PARLE-G,2026-07-27,SKU-PARLE-G,Parle-G Biscuit 250 g,11,23,667,656,0,0
TXN-20260727-SKU-POHA-500,2026-07-27,SKU-POHA-500,Poha 500 g,2,30,109,107,0,0
TXN-20260727-SKU-RAJMA-1K,2026-07-27,SKU-RAJMA-1K,Rajma 1 kg,4,159,155,151,0,0
TXN-20260727-SKU-RICE-1K,2026-07-27,SKU-RICE-1K,Sona Masoori Rice 1 kg,6,66,542,536,0,0
TXN-20260727-SKU-SALT-1K,2026-07-27,SKU-SALT-1K,Tata Salt 1 kg,6,26,463,457,0,0
TXN-20260727-SKU-SUG-1K,2026-07-27,SKU-SUG-1K,Sugar 1 kg,11,46,398,387,0,0
TXN-20260727-SKU-SUJI-500,2026-07-27,SKU-SUJI-500,Suji 500 g,2,31,119,117,0,0
TXN-20260727-SKU-TEA-250,2026-07-27,SKU-TEA-250,Tata Tea Gold 250 g,6,160,251,245,0,0
TXN-20260727-SKU-TOOR-1K,2026-07-27,SKU-TOOR-1K,Toor Dal 1 kg,6,167,307,301,0,0
TXN-20260727-SKU-VIM-500,2026-07-27,SKU-VIM-500,Vim Bar 500 g,3,46,149,146,0,0
TXN-20260727-SKU-WATER-1L,2026-07-27,SKU-WATER-1L,Bisleri Water 1 L,9,18,467,458,0,0
TXN-20260728-SKU-ATTA-5K,2026-07-28,SKU-ATTA-5K,Aashirvaad Atta 5 kg,6,238,298,292,0,0
TXN-20260728-SKU-BAS-5K,2026-07-28,SKU-BAS-5K,India Gate Basmati 5 kg,1,597,53,52,0,0
TXN-20260728-SKU-BESAN-500,2026-07-28,SKU-BESAN-500,Besan 500 g,2,60,396,394,0,0
TXN-20260728-SKU-BREAD-400,2026-07-28,SKU-BREAD-400,Brown Bread 400 g,7,51,296,289,0,0
TXN-20260728-SKU-CHANA-1K,2026-07-28,SKU-CHANA-1K,Kabuli Chana 1 kg,3,151,164,161,0,0
TXN-20260728-SKU-COKE-750,2026-07-28,SKU-COKE-750,Coca-Cola 750 ml,11,35,351,340,0,0
TXN-20260728-SKU-COLGATE-200,2026-07-28,SKU-COLGATE-200,Colgate Toothpaste 200 g,2,114,101,99,0,0
TXN-20260728-SKU-DALIA-500,2026-07-28,SKU-DALIA-500,Dalia 500 g,1,32,58,57,0,0
TXN-20260728-SKU-HALDI-100,2026-07-28,SKU-HALDI-100,Turmeric Powder 100 g,4,26,155,151,0,0
TXN-20260728-SKU-HARPIC-500,2026-07-28,SKU-HARPIC-500,Harpic 500 ml,1,114,63,62,0,0
TXN-20260728-SKU-LAYS-52,2026-07-28,SKU-LAYS-52,Lays Classic 52 g,10,19,427,417,0,0
TXN-20260728-SKU-LIFEBUOY-4,2026-07-28,SKU-LIFEBUOY-4,Lifebuoy Soap 4 x 100 g,2,122,97,95,0,0
TXN-20260728-SKU-MAGGI-280,2026-07-28,SKU-MAGGI-280,Maggi Noodles 280 g,3,59,384,381,0,0
TXN-20260728-SKU-MAIDA-1K,2026-07-28,SKU-MAIDA-1K,Maida 1 kg,4,43,203,199,0,0
TXN-20260728-SKU-MIRCH-100,2026-07-28,SKU-MIRCH-100,Red Chilli Powder 100 g,2,37,104,102,0,0
TXN-20260728-SKU-MOONG-1K,2026-07-28,SKU-MOONG-1K,Moong Dal 1 kg,2,125,148,146,0,0
TXN-20260728-SKU-MUST-1L,2026-07-28,SKU-MUST-1L,Fortune Mustard Oil 1 L,4,206,207,203,0,0
TXN-20260728-SKU-OIL-1L,2026-07-28,SKU-OIL-1L,Sunpure Cooking Oil 1 L,8,124,301,293,0,0
TXN-20260728-SKU-PARLE-G,2026-07-28,SKU-PARLE-G,Parle-G Biscuit 250 g,13,23,656,643,0,0
TXN-20260728-SKU-POHA-500,2026-07-28,SKU-POHA-500,Poha 500 g,2,30,107,105,0,0
TXN-20260728-SKU-RAJMA-1K,2026-07-28,SKU-RAJMA-1K,Rajma 1 kg,3,159,151,148,0,0
TXN-20260728-SKU-RICE-1K,2026-07-28,SKU-RICE-1K,Sona Masoori Rice 1 kg,11,66,536,525,0,0
TXN-20260728-SKU-SALT-1K,2026-07-28,SKU-SALT-1K,Tata Salt 1 kg,9,26,457,448,0,0
TXN-20260728-SKU-SUG-1K,2026-07-28,SKU-SUG-1K,Sugar 1 kg,5,46,387,382,0,0
TXN-20260728-SKU-SUJI-500,2026-07-28,SKU-SUJI-500,Suji 500 g,3,31,117,114,0,0
TXN-20260728-SKU-TEA-250,2026-07-28,SKU-TEA-250,Tata Tea Gold 250 g,4,160,245,241,0,0
TXN-20260728-SKU-TOOR-1K,2026-07-28,SKU-TOOR-1K,Toor Dal 1 kg,3,167,301,298,0,0
TXN-20260728-SKU-VIM-500,2026-07-28,SKU-VIM-500,Vim Bar 500 g,3,46,146,143,0,0
TXN-20260728-SKU-WATER-1L,2026-07-28,SKU-WATER-1L,Bisleri Water 1 L,10,18,458,448,0,0
TXN-20260729-SKU-ATTA-5K,2026-07-29,SKU-ATTA-5K,Aashirvaad Atta 5 kg,5,238,292,287,0,0
TXN-20260729-SKU-BAS-5K,2026-07-29,SKU-BAS-5K,India Gate Basmati 5 kg,0,597,52,52,0,0
TXN-20260729-SKU-BESAN-500,2026-07-29,SKU-BESAN-500,Besan 500 g,4,60,394,390,0,0
TXN-20260729-SKU-BREAD-400,2026-07-29,SKU-BREAD-400,Brown Bread 400 g,6,51,289,283,0,0
TXN-20260729-SKU-CHANA-1K,2026-07-29,SKU-CHANA-1K,Kabuli Chana 1 kg,3,151,161,158,0,0
TXN-20260729-SKU-COKE-750,2026-07-29,SKU-COKE-750,Coca-Cola 750 ml,5,35,340,335,0,0
TXN-20260729-SKU-COLGATE-200,2026-07-29,SKU-COLGATE-200,Colgate Toothpaste 200 g,1,114,99,98,0,0
TXN-20260729-SKU-DALIA-500,2026-07-29,SKU-DALIA-500,Dalia 500 g,2,32,57,55,0,0
TXN-20260729-SKU-HALDI-100,2026-07-29,SKU-HALDI-100,Turmeric Powder 100 g,2,26,151,149,0,0
TXN-20260729-SKU-HARPIC-500,2026-07-29,SKU-HARPIC-500,Harpic 500 ml,1,114,62,61,0,0
TXN-20260729-SKU-LAYS-52,2026-07-29,SKU-LAYS-52,Lays Classic 52 g,6,19,417,411,0,0
TXN-20260729-SKU-LIFEBUOY-4,2026-07-29,SKU-LIFEBUOY-4,Lifebuoy Soap 4 x 100 g,1,122,95,94,0,0
TXN-20260729-SKU-MAGGI-280,2026-07-29,SKU-MAGGI-280,Maggi Noodles 280 g,7,59,381,374,0,0
TXN-20260729-SKU-MAIDA-1K,2026-07-29,SKU-MAIDA-1K,Maida 1 kg,2,43,199,197,0,0
TXN-20260729-SKU-MIRCH-100,2026-07-29,SKU-MIRCH-100,Red Chilli Powder 100 g,3,37,102,99,0,0
TXN-20260729-SKU-MOONG-1K,2026-07-29,SKU-MOONG-1K,Moong Dal 1 kg,2,125,146,144,0,0
TXN-20260729-SKU-MUST-1L,2026-07-29,SKU-MUST-1L,Fortune Mustard Oil 1 L,4,206,203,199,0,0
TXN-20260729-SKU-OIL-1L,2026-07-29,SKU-OIL-1L,Sunpure Cooking Oil 1 L,6,124,293,287,0,0
TXN-20260729-SKU-PARLE-G,2026-07-29,SKU-PARLE-G,Parle-G Biscuit 250 g,15,23,643,628,0,0
TXN-20260729-SKU-POHA-500,2026-07-29,SKU-POHA-500,Poha 500 g,2,30,105,103,0,0
TXN-20260729-SKU-RAJMA-1K,2026-07-29,SKU-RAJMA-1K,Rajma 1 kg,4,159,148,144,0,0
TXN-20260729-SKU-RICE-1K,2026-07-29,SKU-RICE-1K,Sona Masoori Rice 1 kg,10,66,525,515,0,0
TXN-20260729-SKU-SALT-1K,2026-07-29,SKU-SALT-1K,Tata Salt 1 kg,6,26,448,442,0,0
TXN-20260729-SKU-SUG-1K,2026-07-29,SKU-SUG-1K,Sugar 1 kg,9,46,382,373,0,0
TXN-20260729-SKU-SUJI-500,2026-07-29,SKU-SUJI-500,Suji 500 g,2,31,114,112,0,0
TXN-20260729-SKU-TEA-250,2026-07-29,SKU-TEA-250,Tata Tea Gold 250 g,3,160,241,238,0,0
TXN-20260729-SKU-TOOR-1K,2026-07-29,SKU-TOOR-1K,Toor Dal 1 kg,8,167,298,290,0,0
TXN-20260729-SKU-VIM-500,2026-07-29,SKU-VIM-500,Vim Bar 500 g,3,46,143,140,0,0
TXN-20260729-SKU-WATER-1L,2026-07-29,SKU-WATER-1L,Bisleri Water 1 L,9,18,448,439,0,0
TXN-20260730-SKU-ATTA-5K,2026-07-30,SKU-ATTA-5K,Aashirvaad Atta 5 kg,7,238,287,280,0,0
TXN-20260730-SKU-BAS-5K,2026-07-30,SKU-BAS-5K,India Gate Basmati 5 kg,1,597,52,51,0,0
TXN-20260730-SKU-BESAN-500,2026-07-30,SKU-BESAN-500,Besan 500 g,4,60,390,386,0,0
TXN-20260730-SKU-BREAD-400,2026-07-30,SKU-BREAD-400,Brown Bread 400 g,6,51,283,277,0,0
TXN-20260730-SKU-CHANA-1K,2026-07-30,SKU-CHANA-1K,Kabuli Chana 1 kg,1,151,158,157,0,0
TXN-20260730-SKU-COKE-750,2026-07-30,SKU-COKE-750,Coca-Cola 750 ml,8,35,335,327,0,0
TXN-20260730-SKU-COLGATE-200,2026-07-30,SKU-COLGATE-200,Colgate Toothpaste 200 g,1,114,98,97,0,0
TXN-20260730-SKU-DALIA-500,2026-07-30,SKU-DALIA-500,Dalia 500 g,0,32,55,55,0,0
TXN-20260730-SKU-HALDI-100,2026-07-30,SKU-HALDI-100,Turmeric Powder 100 g,3,26,149,146,0,0
TXN-20260730-SKU-HARPIC-500,2026-07-30,SKU-HARPIC-500,Harpic 500 ml,1,114,61,60,0,0
TXN-20260730-SKU-LAYS-52,2026-07-30,SKU-LAYS-52,Lays Classic 52 g,14,19,411,397,0,0
TXN-20260730-SKU-LIFEBUOY-4,2026-07-30,SKU-LIFEBUOY-4,Lifebuoy Soap 4 x 100 g,3,122,94,91,0,0
TXN-20260730-SKU-MAGGI-280,2026-07-30,SKU-MAGGI-280,Maggi Noodles 280 g,12,59,374,362,0,0
TXN-20260730-SKU-MAIDA-1K,2026-07-30,SKU-MAIDA-1K,Maida 1 kg,6,43,197,191,0,0
TXN-20260730-SKU-MIRCH-100,2026-07-30,SKU-MIRCH-100,Red Chilli Powder 100 g,3,37,99,96,0,0
TXN-20260730-SKU-MOONG-1K,2026-07-30,SKU-MOONG-1K,Moong Dal 1 kg,2,125,144,142,0,0
TXN-20260730-SKU-MUST-1L,2026-07-30,SKU-MUST-1L,Fortune Mustard Oil 1 L,4,206,199,195,0,0
TXN-20260730-SKU-OIL-1L,2026-07-30,SKU-OIL-1L,Sunpure Cooking Oil 1 L,7,124,287,280,0,0
TXN-20260730-SKU-PARLE-G,2026-07-30,SKU-PARLE-G,Parle-G Biscuit 250 g,15,23,628,613,0,0
TXN-20260730-SKU-POHA-500,2026-07-30,SKU-POHA-500,Poha 500 g,2,30,103,101,0,0
TXN-20260730-SKU-RAJMA-1K,2026-07-30,SKU-RAJMA-1K,Rajma 1 kg,2,159,144,142,0,0
TXN-20260730-SKU-RICE-1K,2026-07-30,SKU-RICE-1K,Sona Masoori Rice 1 kg,12,66,515,503,0,0
TXN-20260730-SKU-SALT-1K,2026-07-30,SKU-SALT-1K,Tata Salt 1 kg,11,26,442,431,0,0
TXN-20260730-SKU-SUG-1K,2026-07-30,SKU-SUG-1K,Sugar 1 kg,9,46,373,364,0,0
TXN-20260730-SKU-SUJI-500,2026-07-30,SKU-SUJI-500,Suji 500 g,3,31,112,109,0,0
TXN-20260730-SKU-TEA-250,2026-07-30,SKU-TEA-250,Tata Tea Gold 250 g,3,160,238,235,0,0
TXN-20260730-SKU-TOOR-1K,2026-07-30,SKU-TOOR-1K,Toor Dal 1 kg,5,167,290,285,0,0
TXN-20260730-SKU-VIM-500,2026-07-30,SKU-VIM-500,Vim Bar 500 g,3,46,140,137,0,0
TXN-20260730-SKU-WATER-1L,2026-07-30,SKU-WATER-1L,Bisleri Water 1 L,10,18,439,429,0,0
TXN-20260731-SKU-ATTA-5K,2026-07-31,SKU-ATTA-5K,Aashirvaad Atta 5 kg,3,238,280,277,0,0
TXN-20260731-SKU-BAS-5K,2026-07-31,SKU-BAS-5K,India Gate Basmati 5 kg,2,597,51,49,0,0
TXN-20260731-SKU-BESAN-500,2026-07-31,SKU-BESAN-500,Besan 500 g,3,60,386,383,0,0
TXN-20260731-SKU-BREAD-400,2026-07-31,SKU-BREAD-400,Brown Bread 400 g,6,51,277,271,0,0
TXN-20260731-SKU-CHANA-1K,2026-07-31,SKU-CHANA-1K,Kabuli Chana 1 kg,3,151,157,154,0,0
TXN-20260731-SKU-COKE-750,2026-07-31,SKU-COKE-750,Coca-Cola 750 ml,8,35,327,319,0,0
TXN-20260731-SKU-COLGATE-200,2026-07-31,SKU-COLGATE-200,Colgate Toothpaste 200 g,2,114,97,95,0,0
TXN-20260731-SKU-DALIA-500,2026-07-31,SKU-DALIA-500,Dalia 500 g,2,32,55,53,0,0
TXN-20260731-SKU-HALDI-100,2026-07-31,SKU-HALDI-100,Turmeric Powder 100 g,2,26,146,144,0,0
TXN-20260731-SKU-HARPIC-500,2026-07-31,SKU-HARPIC-500,Harpic 500 ml,2,114,60,58,0,0
TXN-20260731-SKU-LAYS-52,2026-07-31,SKU-LAYS-52,Lays Classic 52 g,6,19,397,391,0,0
TXN-20260731-SKU-LIFEBUOY-4,2026-07-31,SKU-LIFEBUOY-4,Lifebuoy Soap 4 x 100 g,1,122,91,90,0,0
TXN-20260731-SKU-MAGGI-280,2026-07-31,SKU-MAGGI-280,Maggi Noodles 280 g,2,59,362,360,0,0
TXN-20260731-SKU-MAIDA-1K,2026-07-31,SKU-MAIDA-1K,Maida 1 kg,5,43,191,186,0,0
TXN-20260731-SKU-MIRCH-100,2026-07-31,SKU-MIRCH-100,Red Chilli Powder 100 g,2,37,96,94,0,0
TXN-20260731-SKU-MOONG-1K,2026-07-31,SKU-MOONG-1K,Moong Dal 1 kg,2,125,142,140,0,0
TXN-20260731-SKU-MUST-1L,2026-07-31,SKU-MUST-1L,Fortune Mustard Oil 1 L,6,206,195,189,0,0
TXN-20260731-SKU-OIL-1L,2026-07-31,SKU-OIL-1L,Sunpure Cooking Oil 1 L,3,124,280,277,0,0
TXN-20260731-SKU-PARLE-G,2026-07-31,SKU-PARLE-G,Parle-G Biscuit 250 g,18,23,613,595,0,0
TXN-20260731-SKU-POHA-500,2026-07-31,SKU-POHA-500,Poha 500 g,2,30,101,99,0,0
TXN-20260731-SKU-RAJMA-1K,2026-07-31,SKU-RAJMA-1K,Rajma 1 kg,3,159,142,139,0,0
TXN-20260731-SKU-RICE-1K,2026-07-31,SKU-RICE-1K,Sona Masoori Rice 1 kg,8,66,503,495,0,0
TXN-20260731-SKU-SALT-1K,2026-07-31,SKU-SALT-1K,Tata Salt 1 kg,7,26,431,424,0,0
TXN-20260731-SKU-SUG-1K,2026-07-31,SKU-SUG-1K,Sugar 1 kg,8,46,364,356,0,0
TXN-20260731-SKU-SUJI-500,2026-07-31,SKU-SUJI-500,Suji 500 g,2,31,109,107,0,0
TXN-20260731-SKU-TEA-250,2026-07-31,SKU-TEA-250,Tata Tea Gold 250 g,6,160,235,229,0,0
TXN-20260731-SKU-TOOR-1K,2026-07-31,SKU-TOOR-1K,Toor Dal 1 kg,5,167,285,280,0,0
TXN-20260731-SKU-VIM-500,2026-07-31,SKU-VIM-500,Vim Bar 500 g,2,46,137,135,0,0
TXN-20260731-SKU-WATER-1L,2026-07-31,SKU-WATER-1L,Bisleri Water 1 L,13,18,429,416,0,0
TXN-20260801-SKU-ATTA-5K,2026-08-01,SKU-ATTA-5K,Aashirvaad Atta 5 kg,6,238,277,271,0,0
TXN-20260801-SKU-BAS-5K,2026-08-01,SKU-BAS-5K,India Gate Basmati 5 kg,1,597,49,48,0,0
TXN-20260801-SKU-BESAN-500,2026-08-01,SKU-BESAN-500,Besan 500 g,3,60,383,380,0,0
TXN-20260801-SKU-BREAD-400,2026-08-01,SKU-BREAD-400,Brown Bread 400 g,6,51,271,265,0,0
TXN-20260801-SKU-CHANA-1K,2026-08-01,SKU-CHANA-1K,Kabuli Chana 1 kg,4,151,154,150,0,0
TXN-20260801-SKU-COKE-750,2026-08-01,SKU-COKE-750,Coca-Cola 750 ml,9,35,319,310,0,0
TXN-20260801-SKU-COLGATE-200,2026-08-01,SKU-COLGATE-200,Colgate Toothpaste 200 g,1,114,95,94,0,0
TXN-20260801-SKU-DALIA-500,2026-08-01,SKU-DALIA-500,Dalia 500 g,0,32,53,53,0,0
TXN-20260801-SKU-HALDI-100,2026-08-01,SKU-HALDI-100,Turmeric Powder 100 g,3,26,144,141,0,0
TXN-20260801-SKU-HARPIC-500,2026-08-01,SKU-HARPIC-500,Harpic 500 ml,0,114,58,58,0,0
TXN-20260801-SKU-LAYS-52,2026-08-01,SKU-LAYS-52,Lays Classic 52 g,7,19,391,384,0,0
TXN-20260801-SKU-LIFEBUOY-4,2026-08-01,SKU-LIFEBUOY-4,Lifebuoy Soap 4 x 100 g,2,122,90,88,0,0
TXN-20260801-SKU-MAGGI-280,2026-08-01,SKU-MAGGI-280,Maggi Noodles 280 g,7,59,360,353,0,0
TXN-20260801-SKU-MAIDA-1K,2026-08-01,SKU-MAIDA-1K,Maida 1 kg,5,43,186,181,0,0
TXN-20260801-SKU-MIRCH-100,2026-08-01,SKU-MIRCH-100,Red Chilli Powder 100 g,2,37,94,92,0,0
TXN-20260801-SKU-MOONG-1K,2026-08-01,SKU-MOONG-1K,Moong Dal 1 kg,2,125,140,138,0,0
TXN-20260801-SKU-MUST-1L,2026-08-01,SKU-MUST-1L,Fortune Mustard Oil 1 L,3,206,189,186,0,0
TXN-20260801-SKU-OIL-1L,2026-08-01,SKU-OIL-1L,Sunpure Cooking Oil 1 L,6,124,277,271,0,0
TXN-20260801-SKU-PARLE-G,2026-08-01,SKU-PARLE-G,Parle-G Biscuit 250 g,11,23,595,584,0,0
TXN-20260801-SKU-POHA-500,2026-08-01,SKU-POHA-500,Poha 500 g,1,30,99,98,0,0
TXN-20260801-SKU-RAJMA-1K,2026-08-01,SKU-RAJMA-1K,Rajma 1 kg,3,159,139,136,0,0
TXN-20260801-SKU-RICE-1K,2026-08-01,SKU-RICE-1K,Sona Masoori Rice 1 kg,8,66,495,487,0,0
TXN-20260801-SKU-SALT-1K,2026-08-01,SKU-SALT-1K,Tata Salt 1 kg,6,26,424,418,0,0
TXN-20260801-SKU-SUG-1K,2026-08-01,SKU-SUG-1K,Sugar 1 kg,6,46,356,350,0,0
TXN-20260801-SKU-SUJI-500,2026-08-01,SKU-SUJI-500,Suji 500 g,2,31,107,105,0,0
TXN-20260801-SKU-TEA-250,2026-08-01,SKU-TEA-250,Tata Tea Gold 250 g,5,160,229,224,0,0
TXN-20260801-SKU-TOOR-1K,2026-08-01,SKU-TOOR-1K,Toor Dal 1 kg,4,167,280,276,0,0
TXN-20260801-SKU-VIM-500,2026-08-01,SKU-VIM-500,Vim Bar 500 g,3,46,135,132,0,0
TXN-20260801-SKU-WATER-1L,2026-08-01,SKU-WATER-1L,Bisleri Water 1 L,8,18,416,408,0,0
TXN-20260802-SKU-ATTA-5K,2026-08-02,SKU-ATTA-5K,Aashirvaad Atta 5 kg,6,238,271,265,0,0
TXN-20260802-SKU-BAS-5K,2026-08-02,SKU-BAS-5K,India Gate Basmati 5 kg,0,597,48,48,0,0
TXN-20260802-SKU-BESAN-500,2026-08-02,SKU-BESAN-500,Besan 500 g,5,60,380,375,0,0
TXN-20260802-SKU-BREAD-400,2026-08-02,SKU-BREAD-400,Brown Bread 400 g,7,51,265,258,0,0
TXN-20260802-SKU-CHANA-1K,2026-08-02,SKU-CHANA-1K,Kabuli Chana 1 kg,3,151,150,147,0,0
TXN-20260802-SKU-COKE-750,2026-08-02,SKU-COKE-750,Coca-Cola 750 ml,8,35,310,302,0,0
TXN-20260802-SKU-COLGATE-200,2026-08-02,SKU-COLGATE-200,Colgate Toothpaste 200 g,2,114,94,92,0,0
TXN-20260802-SKU-DALIA-500,2026-08-02,SKU-DALIA-500,Dalia 500 g,1,32,53,52,0,0
TXN-20260802-SKU-HALDI-100,2026-08-02,SKU-HALDI-100,Turmeric Powder 100 g,2,26,141,139,0,0
TXN-20260802-SKU-HARPIC-500,2026-08-02,SKU-HARPIC-500,Harpic 500 ml,2,114,58,56,0,0
TXN-20260802-SKU-LAYS-52,2026-08-02,SKU-LAYS-52,Lays Classic 52 g,9,19,384,375,0,0
TXN-20260802-SKU-LIFEBUOY-4,2026-08-02,SKU-LIFEBUOY-4,Lifebuoy Soap 4 x 100 g,2,122,88,86,0,0
TXN-20260802-SKU-MAGGI-280,2026-08-02,SKU-MAGGI-280,Maggi Noodles 280 g,12,59,353,341,0,0
TXN-20260802-SKU-MAIDA-1K,2026-08-02,SKU-MAIDA-1K,Maida 1 kg,4,43,181,177,0,0
TXN-20260802-SKU-MIRCH-100,2026-08-02,SKU-MIRCH-100,Red Chilli Powder 100 g,2,37,92,90,0,0
TXN-20260802-SKU-MOONG-1K,2026-08-02,SKU-MOONG-1K,Moong Dal 1 kg,3,125,138,135,0,0
TXN-20260802-SKU-MUST-1L,2026-08-02,SKU-MUST-1L,Fortune Mustard Oil 1 L,4,206,186,182,0,0
TXN-20260802-SKU-OIL-1L,2026-08-02,SKU-OIL-1L,Sunpure Cooking Oil 1 L,5,124,271,266,0,0
TXN-20260802-SKU-PARLE-G,2026-08-02,SKU-PARLE-G,Parle-G Biscuit 250 g,10,23,584,574,0,0
TXN-20260802-SKU-POHA-500,2026-08-02,SKU-POHA-500,Poha 500 g,3,30,98,95,0,0
TXN-20260802-SKU-RAJMA-1K,2026-08-02,SKU-RAJMA-1K,Rajma 1 kg,3,159,136,133,0,0
TXN-20260802-SKU-RICE-1K,2026-08-02,SKU-RICE-1K,Sona Masoori Rice 1 kg,10,66,487,477,0,0
TXN-20260802-SKU-SALT-1K,2026-08-02,SKU-SALT-1K,Tata Salt 1 kg,13,26,418,405,0,0
TXN-20260802-SKU-SUG-1K,2026-08-02,SKU-SUG-1K,Sugar 1 kg,9,46,350,341,0,0
TXN-20260802-SKU-SUJI-500,2026-08-02,SKU-SUJI-500,Suji 500 g,2,31,105,103,0,0
TXN-20260802-SKU-TEA-250,2026-08-02,SKU-TEA-250,Tata Tea Gold 250 g,3,160,224,221,0,0
TXN-20260802-SKU-TOOR-1K,2026-08-02,SKU-TOOR-1K,Toor Dal 1 kg,4,167,276,272,0,0
TXN-20260802-SKU-VIM-500,2026-08-02,SKU-VIM-500,Vim Bar 500 g,3,46,132,129,0,0
TXN-20260802-SKU-WATER-1L,2026-08-02,SKU-WATER-1L,Bisleri Water 1 L,11,18,408,397,0,0
TXN-20260803-SKU-ATTA-5K,2026-08-03,SKU-ATTA-5K,Aashirvaad Atta 5 kg,7,238,265,258,0,0
TXN-20260803-SKU-BAS-5K,2026-08-03,SKU-BAS-5K,India Gate Basmati 5 kg,1,597,48,47,0,0
TXN-20260803-SKU-BESAN-500,2026-08-03,SKU-BESAN-500,Besan 500 g,5,60,375,370,0,0
TXN-20260803-SKU-BREAD-400,2026-08-03,SKU-BREAD-400,Brown Bread 400 g,8,51,258,250,0,0
TXN-20260803-SKU-CHANA-1K,2026-08-03,SKU-CHANA-1K,Kabuli Chana 1 kg,1,151,147,146,0,0
TXN-20260803-SKU-COKE-750,2026-08-03,SKU-COKE-750,Coca-Cola 750 ml,10,35,302,292,0,0
TXN-20260803-SKU-COLGATE-200,2026-08-03,SKU-COLGATE-200,Colgate Toothpaste 200 g,2,114,92,90,0,0
TXN-20260803-SKU-DALIA-500,2026-08-03,SKU-DALIA-500,Dalia 500 g,2,32,52,50,0,0
TXN-20260803-SKU-HALDI-100,2026-08-03,SKU-HALDI-100,Turmeric Powder 100 g,3,26,139,136,0,0
TXN-20260803-SKU-HARPIC-500,2026-08-03,SKU-HARPIC-500,Harpic 500 ml,1,114,56,55,0,0
TXN-20260803-SKU-LAYS-52,2026-08-03,SKU-LAYS-52,Lays Classic 52 g,14,19,375,361,0,0
TXN-20260803-SKU-LIFEBUOY-4,2026-08-03,SKU-LIFEBUOY-4,Lifebuoy Soap 4 x 100 g,3,122,86,83,0,0
TXN-20260803-SKU-MAGGI-280,2026-08-03,SKU-MAGGI-280,Maggi Noodles 280 g,9,59,341,332,0,0
TXN-20260803-SKU-MAIDA-1K,2026-08-03,SKU-MAIDA-1K,Maida 1 kg,5,43,177,172,0,0
TXN-20260803-SKU-MIRCH-100,2026-08-03,SKU-MIRCH-100,Red Chilli Powder 100 g,2,37,90,88,0,0
TXN-20260803-SKU-MOONG-1K,2026-08-03,SKU-MOONG-1K,Moong Dal 1 kg,3,125,135,132,0,0
TXN-20260803-SKU-MUST-1L,2026-08-03,SKU-MUST-1L,Fortune Mustard Oil 1 L,3,206,182,179,0,0
TXN-20260803-SKU-OIL-1L,2026-08-03,SKU-OIL-1L,Sunpure Cooking Oil 1 L,7,124,266,259,0,0
TXN-20260803-SKU-PARLE-G,2026-08-03,SKU-PARLE-G,Parle-G Biscuit 250 g,16,23,574,558,0,0
TXN-20260803-SKU-POHA-500,2026-08-03,SKU-POHA-500,Poha 500 g,1,30,95,94,0,0
TXN-20260803-SKU-RAJMA-1K,2026-08-03,SKU-RAJMA-1K,Rajma 1 kg,3,159,133,130,0,0
TXN-20260803-SKU-RICE-1K,2026-08-03,SKU-RICE-1K,Sona Masoori Rice 1 kg,14,66,477,463,0,0
TXN-20260803-SKU-SALT-1K,2026-08-03,SKU-SALT-1K,Tata Salt 1 kg,10,26,405,395,0,0
TXN-20260803-SKU-SUG-1K,2026-08-03,SKU-SUG-1K,Sugar 1 kg,8,46,341,333,0,0
TXN-20260803-SKU-SUJI-500,2026-08-03,SKU-SUJI-500,Suji 500 g,2,31,103,101,0,0
TXN-20260803-SKU-TEA-250,2026-08-03,SKU-TEA-250,Tata Tea Gold 250 g,5,160,221,216,0,0
TXN-20260803-SKU-TOOR-1K,2026-08-03,SKU-TOOR-1K,Toor Dal 1 kg,11,167,272,261,0,0
TXN-20260803-SKU-VIM-500,2026-08-03,SKU-VIM-500,Vim Bar 500 g,3,46,129,126,0,0
TXN-20260803-SKU-WATER-1L,2026-08-03,SKU-WATER-1L,Bisleri Water 1 L,7,18,397,390,0,0
TXN-20260804-SKU-ATTA-5K,2026-08-04,SKU-ATTA-5K,Aashirvaad Atta 5 kg,5,238,258,253,0,0
TXN-20260804-SKU-BAS-5K,2026-08-04,SKU-BAS-5K,India Gate Basmati 5 kg,2,597,47,45,0,0
TXN-20260804-SKU-BESAN-500,2026-08-04,SKU-BESAN-500,Besan 500 g,4,60,370,366,0,0
TXN-20260804-SKU-BREAD-400,2026-08-04,SKU-BREAD-400,Brown Bread 400 g,6,51,250,244,0,0
TXN-20260804-SKU-CHANA-1K,2026-08-04,SKU-CHANA-1K,Kabuli Chana 1 kg,3,151,146,143,0,0
TXN-20260804-SKU-COKE-750,2026-08-04,SKU-COKE-750,Coca-Cola 750 ml,7,35,292,285,0,0
TXN-20260804-SKU-COLGATE-200,2026-08-04,SKU-COLGATE-200,Colgate Toothpaste 200 g,3,114,90,87,0,0
TXN-20260804-SKU-DALIA-500,2026-08-04,SKU-DALIA-500,Dalia 500 g,0,32,50,50,0,0
TXN-20260804-SKU-HALDI-100,2026-08-04,SKU-HALDI-100,Turmeric Powder 100 g,1,26,136,135,0,0
TXN-20260804-SKU-HARPIC-500,2026-08-04,SKU-HARPIC-500,Harpic 500 ml,2,114,55,53,0,0
TXN-20260804-SKU-LAYS-52,2026-08-04,SKU-LAYS-52,Lays Classic 52 g,6,19,361,355,0,0
TXN-20260804-SKU-LIFEBUOY-4,2026-08-04,SKU-LIFEBUOY-4,Lifebuoy Soap 4 x 100 g,2,122,83,81,0,0
TXN-20260804-SKU-MAGGI-280,2026-08-04,SKU-MAGGI-280,Maggi Noodles 280 g,7,59,332,325,0,0
TXN-20260804-SKU-MAIDA-1K,2026-08-04,SKU-MAIDA-1K,Maida 1 kg,4,43,172,168,0,0
TXN-20260804-SKU-MIRCH-100,2026-08-04,SKU-MIRCH-100,Red Chilli Powder 100 g,3,37,88,85,0,0
TXN-20260804-SKU-MOONG-1K,2026-08-04,SKU-MOONG-1K,Moong Dal 1 kg,3,125,132,129,0,0
TXN-20260804-SKU-MUST-1L,2026-08-04,SKU-MUST-1L,Fortune Mustard Oil 1 L,5,206,179,174,0,0
TXN-20260804-SKU-OIL-1L,2026-08-04,SKU-OIL-1L,Sunpure Cooking Oil 1 L,6,124,259,253,0,0
TXN-20260804-SKU-PARLE-G,2026-08-04,SKU-PARLE-G,Parle-G Biscuit 250 g,16,23,558,542,0,0
TXN-20260804-SKU-POHA-500,2026-08-04,SKU-POHA-500,Poha 500 g,2,30,94,92,0,0
TXN-20260804-SKU-RAJMA-1K,2026-08-04,SKU-RAJMA-1K,Rajma 1 kg,2,159,130,128,0,0
TXN-20260804-SKU-RICE-1K,2026-08-04,SKU-RICE-1K,Sona Masoori Rice 1 kg,10,66,463,453,0,0
TXN-20260804-SKU-SALT-1K,2026-08-04,SKU-SALT-1K,Tata Salt 1 kg,14,26,395,381,0,0
TXN-20260804-SKU-SUG-1K,2026-08-04,SKU-SUG-1K,Sugar 1 kg,10,46,333,323,0,0
TXN-20260804-SKU-SUJI-500,2026-08-04,SKU-SUJI-500,Suji 500 g,3,31,101,98,0,0
TXN-20260804-SKU-TEA-250,2026-08-04,SKU-TEA-250,Tata Tea Gold 250 g,5,160,216,211,0,0
TXN-20260804-SKU-TOOR-1K,2026-08-04,SKU-TOOR-1K,Toor Dal 1 kg,5,167,261,256,0,0
TXN-20260804-SKU-VIM-500,2026-08-04,SKU-VIM-500,Vim Bar 500 g,2,46,126,124,0,0
TXN-20260804-SKU-WATER-1L,2026-08-04,SKU-WATER-1L,Bisleri Water 1 L,12,18,390,378,0,0
TXN-20260805-SKU-ATTA-5K,2026-08-05,SKU-ATTA-5K,Aashirvaad Atta 5 kg,8,238,253,245,0,0
TXN-20260805-SKU-BAS-5K,2026-08-05,SKU-BAS-5K,India Gate Basmati 5 kg,1,597,45,44,0,0
TXN-20260805-SKU-BESAN-500,2026-08-05,SKU-BESAN-500,Besan 500 g,3,60,366,363,0,0
TXN-20260805-SKU-BREAD-400,2026-08-05,SKU-BREAD-400,Brown Bread 400 g,6,51,244,238,0,0
TXN-20260805-SKU-CHANA-1K,2026-08-05,SKU-CHANA-1K,Kabuli Chana 1 kg,3,151,143,140,0,0
TXN-20260805-SKU-COKE-750,2026-08-05,SKU-COKE-750,Coca-Cola 750 ml,8,35,285,277,0,0
TXN-20260805-SKU-COLGATE-200,2026-08-05,SKU-COLGATE-200,Colgate Toothpaste 200 g,2,114,87,85,0,0
TXN-20260805-SKU-DALIA-500,2026-08-05,SKU-DALIA-500,Dalia 500 g,1,32,50,49,0,0
TXN-20260805-SKU-HALDI-100,2026-08-05,SKU-HALDI-100,Turmeric Powder 100 g,3,26,135,132,0,0
TXN-20260805-SKU-HARPIC-500,2026-08-05,SKU-HARPIC-500,Harpic 500 ml,2,114,53,51,0,0
TXN-20260805-SKU-LAYS-52,2026-08-05,SKU-LAYS-52,Lays Classic 52 g,10,19,355,345,0,0
TXN-20260805-SKU-LIFEBUOY-4,2026-08-05,SKU-LIFEBUOY-4,Lifebuoy Soap 4 x 100 g,2,122,81,79,0,0
TXN-20260805-SKU-MAGGI-280,2026-08-05,SKU-MAGGI-280,Maggi Noodles 280 g,4,59,325,321,0,0
TXN-20260805-SKU-MAIDA-1K,2026-08-05,SKU-MAIDA-1K,Maida 1 kg,4,43,168,164,0,0
TXN-20260805-SKU-MIRCH-100,2026-08-05,SKU-MIRCH-100,Red Chilli Powder 100 g,2,37,85,83,0,0
TXN-20260805-SKU-MOONG-1K,2026-08-05,SKU-MOONG-1K,Moong Dal 1 kg,4,125,129,125,0,0
TXN-20260805-SKU-MUST-1L,2026-08-05,SKU-MUST-1L,Fortune Mustard Oil 1 L,4,206,174,170,0,0
TXN-20260805-SKU-OIL-1L,2026-08-05,SKU-OIL-1L,Sunpure Cooking Oil 1 L,3,124,253,250,0,0
TXN-20260805-SKU-PARLE-G,2026-08-05,SKU-PARLE-G,Parle-G Biscuit 250 g,11,23,542,531,0,0
TXN-20260805-SKU-POHA-500,2026-08-05,SKU-POHA-500,Poha 500 g,1,30,92,91,0,0
TXN-20260805-SKU-RAJMA-1K,2026-08-05,SKU-RAJMA-1K,Rajma 1 kg,3,159,128,125,0,0
TXN-20260805-SKU-RICE-1K,2026-08-05,SKU-RICE-1K,Sona Masoori Rice 1 kg,12,66,453,441,0,0
TXN-20260805-SKU-SALT-1K,2026-08-05,SKU-SALT-1K,Tata Salt 1 kg,10,26,381,371,0,0
TXN-20260805-SKU-SUG-1K,2026-08-05,SKU-SUG-1K,Sugar 1 kg,8,46,323,315,0,0
TXN-20260805-SKU-SUJI-500,2026-08-05,SKU-SUJI-500,Suji 500 g,2,31,98,96,0,0
TXN-20260805-SKU-TEA-250,2026-08-05,SKU-TEA-250,Tata Tea Gold 250 g,4,160,211,207,0,0
TXN-20260805-SKU-TOOR-1K,2026-08-05,SKU-TOOR-1K,Toor Dal 1 kg,8,167,256,248,0,0
TXN-20260805-SKU-VIM-500,2026-08-05,SKU-VIM-500,Vim Bar 500 g,3,46,124,121,0,0
TXN-20260805-SKU-WATER-1L,2026-08-05,SKU-WATER-1L,Bisleri Water 1 L,8,18,378,370,0,0
TXN-20260806-SKU-ATTA-5K,2026-08-06,SKU-ATTA-5K,Aashirvaad Atta 5 kg,8,238,245,237,0,0
TXN-20260806-SKU-BAS-5K,2026-08-06,SKU-BAS-5K,India Gate Basmati 5 kg,0,597,44,44,0,0
TXN-20260806-SKU-BESAN-500,2026-08-06,SKU-BESAN-500,Besan 500 g,3,60,363,360,0,0
TXN-20260806-SKU-BREAD-400,2026-08-06,SKU-BREAD-400,Brown Bread 400 g,7,51,238,231,0,0
TXN-20260806-SKU-CHANA-1K,2026-08-06,SKU-CHANA-1K,Kabuli Chana 1 kg,3,151,140,137,0,0
TXN-20260806-SKU-COKE-750,2026-08-06,SKU-COKE-750,Coca-Cola 750 ml,9,35,277,268,0,0
TXN-20260806-SKU-COLGATE-200,2026-08-06,SKU-COLGATE-200,Colgate Toothpaste 200 g,2,114,85,83,0,0
TXN-20260806-SKU-DALIA-500,2026-08-06,SKU-DALIA-500,Dalia 500 g,1,32,49,48,0,0
TXN-20260806-SKU-HALDI-100,2026-08-06,SKU-HALDI-100,Turmeric Powder 100 g,3,26,132,129,0,0
TXN-20260806-SKU-HARPIC-500,2026-08-06,SKU-HARPIC-500,Harpic 500 ml,1,114,51,50,0,0
TXN-20260806-SKU-LAYS-52,2026-08-06,SKU-LAYS-52,Lays Classic 52 g,7,19,345,338,0,0
TXN-20260806-SKU-LIFEBUOY-4,2026-08-06,SKU-LIFEBUOY-4,Lifebuoy Soap 4 x 100 g,0,122,79,79,0,0
TXN-20260806-SKU-MAGGI-280,2026-08-06,SKU-MAGGI-280,Maggi Noodles 280 g,4,59,321,317,0,0
TXN-20260806-SKU-MAIDA-1K,2026-08-06,SKU-MAIDA-1K,Maida 1 kg,4,43,164,160,0,0
TXN-20260806-SKU-MIRCH-100,2026-08-06,SKU-MIRCH-100,Red Chilli Powder 100 g,3,37,83,80,0,0
TXN-20260806-SKU-MOONG-1K,2026-08-06,SKU-MOONG-1K,Moong Dal 1 kg,4,125,125,121,0,0
TXN-20260806-SKU-MUST-1L,2026-08-06,SKU-MUST-1L,Fortune Mustard Oil 1 L,6,206,170,164,0,0
TXN-20260806-SKU-OIL-1L,2026-08-06,SKU-OIL-1L,Sunpure Cooking Oil 1 L,7,124,250,243,0,0
TXN-20260806-SKU-PARLE-G,2026-08-06,SKU-PARLE-G,Parle-G Biscuit 250 g,15,23,531,516,0,0
TXN-20260806-SKU-POHA-500,2026-08-06,SKU-POHA-500,Poha 500 g,3,30,91,88,0,0
TXN-20260806-SKU-RAJMA-1K,2026-08-06,SKU-RAJMA-1K,Rajma 1 kg,3,159,125,122,0,0
TXN-20260806-SKU-RICE-1K,2026-08-06,SKU-RICE-1K,Sona Masoori Rice 1 kg,6,66,441,435,0,0
TXN-20260806-SKU-SALT-1K,2026-08-06,SKU-SALT-1K,Tata Salt 1 kg,11,26,371,360,0,0
TXN-20260806-SKU-SUG-1K,2026-08-06,SKU-SUG-1K,Sugar 1 kg,6,46,315,309,0,0
TXN-20260806-SKU-SUJI-500,2026-08-06,SKU-SUJI-500,Suji 500 g,2,31,96,94,0,0
TXN-20260806-SKU-TEA-250,2026-08-06,SKU-TEA-250,Tata Tea Gold 250 g,8,160,207,199,0,0
TXN-20260806-SKU-TOOR-1K,2026-08-06,SKU-TOOR-1K,Toor Dal 1 kg,10,167,248,238,0,0
TXN-20260806-SKU-VIM-500,2026-08-06,SKU-VIM-500,Vim Bar 500 g,3,46,121,118,0,0
TXN-20260806-SKU-WATER-1L,2026-08-06,SKU-WATER-1L,Bisleri Water 1 L,10,18,370,360,0,0
TXN-20260807-SKU-ATTA-5K,2026-08-07,SKU-ATTA-5K,Aashirvaad Atta 5 kg,8,238,237,229,0,0
TXN-20260807-SKU-BAS-5K,2026-08-07,SKU-BAS-5K,India Gate Basmati 5 kg,1,597,44,43,0,0
TXN-20260807-SKU-BESAN-500,2026-08-07,SKU-BESAN-500,Besan 500 g,2,60,360,358,0,0
TXN-20260807-SKU-BREAD-400,2026-08-07,SKU-BREAD-400,Brown Bread 400 g,5,51,231,226,0,0
TXN-20260807-SKU-CHANA-1K,2026-08-07,SKU-CHANA-1K,Kabuli Chana 1 kg,3,151,137,134,0,0
TXN-20260807-SKU-COKE-750,2026-08-07,SKU-COKE-750,Coca-Cola 750 ml,7,35,268,261,0,0
TXN-20260807-SKU-COLGATE-200,2026-08-07,SKU-COLGATE-200,Colgate Toothpaste 200 g,2,114,83,81,0,0
TXN-20260807-SKU-DALIA-500,2026-08-07,SKU-DALIA-500,Dalia 500 g,0,32,48,48,0,0
TXN-20260807-SKU-HALDI-100,2026-08-07,SKU-HALDI-100,Turmeric Powder 100 g,3,26,129,126,0,0
TXN-20260807-SKU-HARPIC-500,2026-08-07,SKU-HARPIC-500,Harpic 500 ml,1,114,50,49,0,0
TXN-20260807-SKU-LAYS-52,2026-08-07,SKU-LAYS-52,Lays Classic 52 g,7,19,338,331,0,0
TXN-20260807-SKU-LIFEBUOY-4,2026-08-07,SKU-LIFEBUOY-4,Lifebuoy Soap 4 x 100 g,2,122,79,77,0,0
TXN-20260807-SKU-MAGGI-280,2026-08-07,SKU-MAGGI-280,Maggi Noodles 280 g,5,59,317,312,0,0
TXN-20260807-SKU-MAIDA-1K,2026-08-07,SKU-MAIDA-1K,Maida 1 kg,3,43,160,157,0,0
TXN-20260807-SKU-MIRCH-100,2026-08-07,SKU-MIRCH-100,Red Chilli Powder 100 g,2,37,80,78,0,0
TXN-20260807-SKU-MOONG-1K,2026-08-07,SKU-MOONG-1K,Moong Dal 1 kg,4,125,121,117,0,0
TXN-20260807-SKU-MUST-1L,2026-08-07,SKU-MUST-1L,Fortune Mustard Oil 1 L,3,206,164,161,0,0
TXN-20260807-SKU-OIL-1L,2026-08-07,SKU-OIL-1L,Sunpure Cooking Oil 1 L,6,124,243,237,0,0
TXN-20260807-SKU-PARLE-G,2026-08-07,SKU-PARLE-G,Parle-G Biscuit 250 g,18,23,516,498,0,0
TXN-20260807-SKU-POHA-500,2026-08-07,SKU-POHA-500,Poha 500 g,3,30,88,85,0,0
TXN-20260807-SKU-RAJMA-1K,2026-08-07,SKU-RAJMA-1K,Rajma 1 kg,3,159,122,119,0,0
TXN-20260807-SKU-RICE-1K,2026-08-07,SKU-RICE-1K,Sona Masoori Rice 1 kg,17,66,435,418,0,0
TXN-20260807-SKU-SALT-1K,2026-08-07,SKU-SALT-1K,Tata Salt 1 kg,12,26,360,348,0,0
TXN-20260807-SKU-SUG-1K,2026-08-07,SKU-SUG-1K,Sugar 1 kg,9,46,309,300,0,0
TXN-20260807-SKU-SUJI-500,2026-08-07,SKU-SUJI-500,Suji 500 g,3,31,94,91,0,0
TXN-20260807-SKU-TEA-250,2026-08-07,SKU-TEA-250,Tata Tea Gold 250 g,6,160,199,193,0,0
TXN-20260807-SKU-TOOR-1K,2026-08-07,SKU-TOOR-1K,Toor Dal 1 kg,4,167,238,234,0,0
TXN-20260807-SKU-VIM-500,2026-08-07,SKU-VIM-500,Vim Bar 500 g,4,46,118,114,0,0
TXN-20260807-SKU-WATER-1L,2026-08-07,SKU-WATER-1L,Bisleri Water 1 L,8,18,360,352,0,0
TXN-20260808-SKU-ATTA-5K,2026-08-08,SKU-ATTA-5K,Aashirvaad Atta 5 kg,9,238,229,220,0,0
TXN-20260808-SKU-BAS-5K,2026-08-08,SKU-BAS-5K,India Gate Basmati 5 kg,1,597,43,42,0,0
TXN-20260808-SKU-BESAN-500,2026-08-08,SKU-BESAN-500,Besan 500 g,3,60,358,355,0,0
TXN-20260808-SKU-BREAD-400,2026-08-08,SKU-BREAD-400,Brown Bread 400 g,7,51,226,219,0,0
TXN-20260808-SKU-CHANA-1K,2026-08-08,SKU-CHANA-1K,Kabuli Chana 1 kg,4,151,134,130,0,0
TXN-20260808-SKU-COKE-750,2026-08-08,SKU-COKE-750,Coca-Cola 750 ml,10,35,261,251,0,0
TXN-20260808-SKU-COLGATE-200,2026-08-08,SKU-COLGATE-200,Colgate Toothpaste 200 g,2,114,81,79,0,0
TXN-20260808-SKU-DALIA-500,2026-08-08,SKU-DALIA-500,Dalia 500 g,0,32,48,48,0,0
TXN-20260808-SKU-HALDI-100,2026-08-08,SKU-HALDI-100,Turmeric Powder 100 g,4,26,126,122,0,0
TXN-20260808-SKU-HARPIC-500,2026-08-08,SKU-HARPIC-500,Harpic 500 ml,2,114,49,47,0,0
TXN-20260808-SKU-LAYS-52,2026-08-08,SKU-LAYS-52,Lays Classic 52 g,10,19,331,321,0,0
TXN-20260808-SKU-LIFEBUOY-4,2026-08-08,SKU-LIFEBUOY-4,Lifebuoy Soap 4 x 100 g,1,122,77,76,0,0
TXN-20260808-SKU-MAGGI-280,2026-08-08,SKU-MAGGI-280,Maggi Noodles 280 g,10,59,312,302,0,0
TXN-20260808-SKU-MAIDA-1K,2026-08-08,SKU-MAIDA-1K,Maida 1 kg,5,43,157,152,0,0
TXN-20260808-SKU-MIRCH-100,2026-08-08,SKU-MIRCH-100,Red Chilli Powder 100 g,2,37,78,76,0,0
TXN-20260808-SKU-MOONG-1K,2026-08-08,SKU-MOONG-1K,Moong Dal 1 kg,2,125,117,115,0,0
TXN-20260808-SKU-MUST-1L,2026-08-08,SKU-MUST-1L,Fortune Mustard Oil 1 L,3,206,161,158,0,0
TXN-20260808-SKU-OIL-1L,2026-08-08,SKU-OIL-1L,Sunpure Cooking Oil 1 L,8,124,237,229,0,0
TXN-20260808-SKU-PARLE-G,2026-08-08,SKU-PARLE-G,Parle-G Biscuit 250 g,15,23,498,483,0,0
TXN-20260808-SKU-POHA-500,2026-08-08,SKU-POHA-500,Poha 500 g,3,30,85,82,0,0
TXN-20260808-SKU-RAJMA-1K,2026-08-08,SKU-RAJMA-1K,Rajma 1 kg,3,159,119,116,0,0
TXN-20260808-SKU-RICE-1K,2026-08-08,SKU-RICE-1K,Sona Masoori Rice 1 kg,9,66,418,409,0,0
TXN-20260808-SKU-SALT-1K,2026-08-08,SKU-SALT-1K,Tata Salt 1 kg,15,26,348,333,0,0
TXN-20260808-SKU-SUG-1K,2026-08-08,SKU-SUG-1K,Sugar 1 kg,4,46,300,296,0,0
TXN-20260808-SKU-SUJI-500,2026-08-08,SKU-SUJI-500,Suji 500 g,2,31,91,89,0,0
TXN-20260808-SKU-TEA-250,2026-08-08,SKU-TEA-250,Tata Tea Gold 250 g,5,160,193,188,0,0
TXN-20260808-SKU-TOOR-1K,2026-08-08,SKU-TOOR-1K,Toor Dal 1 kg,5,167,234,229,0,0
TXN-20260808-SKU-VIM-500,2026-08-08,SKU-VIM-500,Vim Bar 500 g,3,46,114,111,0,0
TXN-20260808-SKU-WATER-1L,2026-08-08,SKU-WATER-1L,Bisleri Water 1 L,10,18,352,342,0,0
TXN-20260809-SKU-ATTA-5K,2026-08-09,SKU-ATTA-5K,Aashirvaad Atta 5 kg,5,238,220,215,0,0
TXN-20260809-SKU-BAS-5K,2026-08-09,SKU-BAS-5K,India Gate Basmati 5 kg,1,597,42,41,0,0
TXN-20260809-SKU-BESAN-500,2026-08-09,SKU-BESAN-500,Besan 500 g,6,60,355,349,0,0
TXN-20260809-SKU-BREAD-400,2026-08-09,SKU-BREAD-400,Brown Bread 400 g,8,51,219,211,0,0
TXN-20260809-SKU-CHANA-1K,2026-08-09,SKU-CHANA-1K,Kabuli Chana 1 kg,3,151,130,127,0,0
TXN-20260809-SKU-COKE-750,2026-08-09,SKU-COKE-750,Coca-Cola 750 ml,7,35,251,244,0,0
TXN-20260809-SKU-COLGATE-200,2026-08-09,SKU-COLGATE-200,Colgate Toothpaste 200 g,2,114,79,77,0,0
TXN-20260809-SKU-DALIA-500,2026-08-09,SKU-DALIA-500,Dalia 500 g,1,32,48,47,0,0
TXN-20260809-SKU-HALDI-100,2026-08-09,SKU-HALDI-100,Turmeric Powder 100 g,4,26,122,118,0,0
TXN-20260809-SKU-HARPIC-500,2026-08-09,SKU-HARPIC-500,Harpic 500 ml,1,114,47,46,0,0
TXN-20260809-SKU-LAYS-52,2026-08-09,SKU-LAYS-52,Lays Classic 52 g,10,19,321,311,0,0
TXN-20260809-SKU-LIFEBUOY-4,2026-08-09,SKU-LIFEBUOY-4,Lifebuoy Soap 4 x 100 g,3,122,76,73,0,0
TXN-20260809-SKU-MAGGI-280,2026-08-09,SKU-MAGGI-280,Maggi Noodles 280 g,8,59,302,294,0,0
TXN-20260809-SKU-MAIDA-1K,2026-08-09,SKU-MAIDA-1K,Maida 1 kg,4,43,152,148,0,0
TXN-20260809-SKU-MIRCH-100,2026-08-09,SKU-MIRCH-100,Red Chilli Powder 100 g,1,37,76,75,0,0
TXN-20260809-SKU-MOONG-1K,2026-08-09,SKU-MOONG-1K,Moong Dal 1 kg,2,125,115,113,0,0
TXN-20260809-SKU-MUST-1L,2026-08-09,SKU-MUST-1L,Fortune Mustard Oil 1 L,3,206,158,155,0,0
TXN-20260809-SKU-OIL-1L,2026-08-09,SKU-OIL-1L,Sunpure Cooking Oil 1 L,4,124,229,225,0,0
TXN-20260809-SKU-PARLE-G,2026-08-09,SKU-PARLE-G,Parle-G Biscuit 250 g,6,23,483,477,0,0
TXN-20260809-SKU-POHA-500,2026-08-09,SKU-POHA-500,Poha 500 g,2,30,82,80,0,0
TXN-20260809-SKU-RAJMA-1K,2026-08-09,SKU-RAJMA-1K,Rajma 1 kg,3,159,116,113,0,0
TXN-20260809-SKU-RICE-1K,2026-08-09,SKU-RICE-1K,Sona Masoori Rice 1 kg,12,66,409,397,0,0
TXN-20260809-SKU-SALT-1K,2026-08-09,SKU-SALT-1K,Tata Salt 1 kg,9,26,333,324,0,0
TXN-20260809-SKU-SUG-1K,2026-08-09,SKU-SUG-1K,Sugar 1 kg,7,46,296,289,0,0
TXN-20260809-SKU-SUJI-500,2026-08-09,SKU-SUJI-500,Suji 500 g,1,31,89,88,0,0
TXN-20260809-SKU-TEA-250,2026-08-09,SKU-TEA-250,Tata Tea Gold 250 g,4,160,188,184,0,0
TXN-20260809-SKU-TOOR-1K,2026-08-09,SKU-TOOR-1K,Toor Dal 1 kg,10,167,229,219,0,0
TXN-20260809-SKU-VIM-500,2026-08-09,SKU-VIM-500,Vim Bar 500 g,3,46,111,108,0,0
TXN-20260809-SKU-WATER-1L,2026-08-09,SKU-WATER-1L,Bisleri Water 1 L,10,18,342,332,0,0
TXN-20260810-SKU-ATTA-5K,2026-08-10,SKU-ATTA-5K,Aashirvaad Atta 5 kg,5,238,215,210,0,0
TXN-20260810-SKU-BAS-5K,2026-08-10,SKU-BAS-5K,India Gate Basmati 5 kg,1,597,41,40,0,0
TXN-20260810-SKU-BESAN-500,2026-08-10,SKU-BESAN-500,Besan 500 g,4,60,349,345,0,0
TXN-20260810-SKU-BREAD-400,2026-08-10,SKU-BREAD-400,Brown Bread 400 g,6,51,211,205,0,0
TXN-20260810-SKU-CHANA-1K,2026-08-10,SKU-CHANA-1K,Kabuli Chana 1 kg,6,151,127,121,0,0
TXN-20260810-SKU-COKE-750,2026-08-10,SKU-COKE-750,Coca-Cola 750 ml,6,35,244,238,0,0
TXN-20260810-SKU-COLGATE-200,2026-08-10,SKU-COLGATE-200,Colgate Toothpaste 200 g,2,114,77,75,0,0
TXN-20260810-SKU-DALIA-500,2026-08-10,SKU-DALIA-500,Dalia 500 g,1,32,47,46,0,0
TXN-20260810-SKU-HALDI-100,2026-08-10,SKU-HALDI-100,Turmeric Powder 100 g,3,26,118,115,0,0
TXN-20260810-SKU-HARPIC-500,2026-08-10,SKU-HARPIC-500,Harpic 500 ml,1,114,46,45,0,0
TXN-20260810-SKU-LAYS-52,2026-08-10,SKU-LAYS-52,Lays Classic 52 g,9,19,311,302,0,0
TXN-20260810-SKU-LIFEBUOY-4,2026-08-10,SKU-LIFEBUOY-4,Lifebuoy Soap 4 x 100 g,2,122,73,71,0,0
TXN-20260810-SKU-MAGGI-280,2026-08-10,SKU-MAGGI-280,Maggi Noodles 280 g,9,59,294,285,0,0
TXN-20260810-SKU-MAIDA-1K,2026-08-10,SKU-MAIDA-1K,Maida 1 kg,4,43,148,144,0,0
TXN-20260810-SKU-MIRCH-100,2026-08-10,SKU-MIRCH-100,Red Chilli Powder 100 g,2,37,75,73,0,0
TXN-20260810-SKU-MOONG-1K,2026-08-10,SKU-MOONG-1K,Moong Dal 1 kg,2,125,113,111,0,0
TXN-20260810-SKU-MUST-1L,2026-08-10,SKU-MUST-1L,Fortune Mustard Oil 1 L,4,206,155,151,0,0
TXN-20260810-SKU-OIL-1L,2026-08-10,SKU-OIL-1L,Sunpure Cooking Oil 1 L,2,124,225,223,0,0
TXN-20260810-SKU-PARLE-G,2026-08-10,SKU-PARLE-G,Parle-G Biscuit 250 g,17,23,477,460,0,0
TXN-20260810-SKU-POHA-500,2026-08-10,SKU-POHA-500,Poha 500 g,1,30,80,79,0,0
TXN-20260810-SKU-RAJMA-1K,2026-08-10,SKU-RAJMA-1K,Rajma 1 kg,3,159,113,110,0,0
TXN-20260810-SKU-RICE-1K,2026-08-10,SKU-RICE-1K,Sona Masoori Rice 1 kg,12,66,397,385,0,0
TXN-20260810-SKU-SALT-1K,2026-08-10,SKU-SALT-1K,Tata Salt 1 kg,8,26,324,316,0,0
TXN-20260810-SKU-SUG-1K,2026-08-10,SKU-SUG-1K,Sugar 1 kg,8,46,289,281,0,0
TXN-20260810-SKU-SUJI-500,2026-08-10,SKU-SUJI-500,Suji 500 g,3,31,88,85,0,0
TXN-20260810-SKU-TEA-250,2026-08-10,SKU-TEA-250,Tata Tea Gold 250 g,4,160,184,180,0,0
TXN-20260810-SKU-TOOR-1K,2026-08-10,SKU-TOOR-1K,Toor Dal 1 kg,7,167,219,212,0,0
TXN-20260810-SKU-VIM-500,2026-08-10,SKU-VIM-500,Vim Bar 500 g,3,46,108,105,0,0
TXN-20260810-SKU-WATER-1L,2026-08-10,SKU-WATER-1L,Bisleri Water 1 L,8,18,332,324,0,0
TXN-20260811-SKU-ATTA-5K,2026-08-11,SKU-ATTA-5K,Aashirvaad Atta 5 kg,4,238,210,206,0,0
TXN-20260811-SKU-BAS-5K,2026-08-11,SKU-BAS-5K,India Gate Basmati 5 kg,1,597,40,39,0,0
TXN-20260811-SKU-BESAN-500,2026-08-11,SKU-BESAN-500,Besan 500 g,6,60,345,339,0,0
TXN-20260811-SKU-BREAD-400,2026-08-11,SKU-BREAD-400,Brown Bread 400 g,8,51,205,197,0,0
TXN-20260811-SKU-CHANA-1K,2026-08-11,SKU-CHANA-1K,Kabuli Chana 1 kg,4,151,121,117,0,0
TXN-20260811-SKU-COKE-750,2026-08-11,SKU-COKE-750,Coca-Cola 750 ml,3,35,238,235,0,0
TXN-20260811-SKU-COLGATE-200,2026-08-11,SKU-COLGATE-200,Colgate Toothpaste 200 g,3,114,75,72,0,0
TXN-20260811-SKU-DALIA-500,2026-08-11,SKU-DALIA-500,Dalia 500 g,1,32,46,45,0,0
TXN-20260811-SKU-HALDI-100,2026-08-11,SKU-HALDI-100,Turmeric Powder 100 g,4,26,115,111,0,0
TXN-20260811-SKU-HARPIC-500,2026-08-11,SKU-HARPIC-500,Harpic 500 ml,1,114,45,44,0,0
TXN-20260811-SKU-LAYS-52,2026-08-11,SKU-LAYS-52,Lays Classic 52 g,6,19,302,296,0,0
TXN-20260811-SKU-LIFEBUOY-4,2026-08-11,SKU-LIFEBUOY-4,Lifebuoy Soap 4 x 100 g,3,122,71,68,0,0
TXN-20260811-SKU-MAGGI-280,2026-08-11,SKU-MAGGI-280,Maggi Noodles 280 g,10,59,285,275,0,0
TXN-20260811-SKU-MAIDA-1K,2026-08-11,SKU-MAIDA-1K,Maida 1 kg,5,43,144,139,0,0
TXN-20260811-SKU-MIRCH-100,2026-08-11,SKU-MIRCH-100,Red Chilli Powder 100 g,2,37,73,71,0,0
TXN-20260811-SKU-MOONG-1K,2026-08-11,SKU-MOONG-1K,Moong Dal 1 kg,3,125,111,108,0,0
TXN-20260811-SKU-MUST-1L,2026-08-11,SKU-MUST-1L,Fortune Mustard Oil 1 L,3,206,151,148,0,0
TXN-20260811-SKU-OIL-1L,2026-08-11,SKU-OIL-1L,Sunpure Cooking Oil 1 L,8,124,223,215,0,0
TXN-20260811-SKU-PARLE-G,2026-08-11,SKU-PARLE-G,Parle-G Biscuit 250 g,15,23,460,445,0,0
TXN-20260811-SKU-POHA-500,2026-08-11,SKU-POHA-500,Poha 500 g,1,30,79,78,0,0
TXN-20260811-SKU-RAJMA-1K,2026-08-11,SKU-RAJMA-1K,Rajma 1 kg,2,159,110,108,0,0
TXN-20260811-SKU-RICE-1K,2026-08-11,SKU-RICE-1K,Sona Masoori Rice 1 kg,8,66,385,377,0,0
TXN-20260811-SKU-SALT-1K,2026-08-11,SKU-SALT-1K,Tata Salt 1 kg,9,26,316,307,0,0
TXN-20260811-SKU-SUG-1K,2026-08-11,SKU-SUG-1K,Sugar 1 kg,9,46,281,272,0,0
TXN-20260811-SKU-SUJI-500,2026-08-11,SKU-SUJI-500,Suji 500 g,2,31,85,83,0,0
TXN-20260811-SKU-TEA-250,2026-08-11,SKU-TEA-250,Tata Tea Gold 250 g,3,160,180,177,0,0
TXN-20260811-SKU-TOOR-1K,2026-08-11,SKU-TOOR-1K,Toor Dal 1 kg,3,167,212,209,0,0
TXN-20260811-SKU-VIM-500,2026-08-11,SKU-VIM-500,Vim Bar 500 g,3,46,105,102,0,0
TXN-20260811-SKU-WATER-1L,2026-08-11,SKU-WATER-1L,Bisleri Water 1 L,8,18,324,316,0,0
TXN-20260812-SKU-ATTA-5K,2026-08-12,SKU-ATTA-5K,Aashirvaad Atta 5 kg,6,238,206,200,0,0
TXN-20260812-SKU-BAS-5K,2026-08-12,SKU-BAS-5K,India Gate Basmati 5 kg,1,597,39,38,0,0
TXN-20260812-SKU-BESAN-500,2026-08-12,SKU-BESAN-500,Besan 500 g,5,60,339,334,0,0
TXN-20260812-SKU-BREAD-400,2026-08-12,SKU-BREAD-400,Brown Bread 400 g,5,51,197,192,0,0
TXN-20260812-SKU-CHANA-1K,2026-08-12,SKU-CHANA-1K,Kabuli Chana 1 kg,4,151,117,113,0,0
TXN-20260812-SKU-COKE-750,2026-08-12,SKU-COKE-750,Coca-Cola 750 ml,6,35,235,229,0,0
TXN-20260812-SKU-COLGATE-200,2026-08-12,SKU-COLGATE-200,Colgate Toothpaste 200 g,3,114,72,69,0,0
TXN-20260812-SKU-DALIA-500,2026-08-12,SKU-DALIA-500,Dalia 500 g,1,32,45,44,0,0
TXN-20260812-SKU-HALDI-100,2026-08-12,SKU-HALDI-100,Turmeric Powder 100 g,5,26,111,106,0,0
TXN-20260812-SKU-HARPIC-500,2026-08-12,SKU-HARPIC-500,Harpic 500 ml,0,114,44,44,0,0
TXN-20260812-SKU-LAYS-52,2026-08-12,SKU-LAYS-52,Lays Classic 52 g,9,19,296,287,0,0
TXN-20260812-SKU-LIFEBUOY-4,2026-08-12,SKU-LIFEBUOY-4,Lifebuoy Soap 4 x 100 g,2,122,68,66,0,0
TXN-20260812-SKU-MAGGI-280,2026-08-12,SKU-MAGGI-280,Maggi Noodles 280 g,10,59,275,265,0,0
TXN-20260812-SKU-MAIDA-1K,2026-08-12,SKU-MAIDA-1K,Maida 1 kg,3,43,139,136,0,0
TXN-20260812-SKU-MIRCH-100,2026-08-12,SKU-MIRCH-100,Red Chilli Powder 100 g,3,37,71,68,0,0
TXN-20260812-SKU-MOONG-1K,2026-08-12,SKU-MOONG-1K,Moong Dal 1 kg,4,125,108,104,0,0
TXN-20260812-SKU-MUST-1L,2026-08-12,SKU-MUST-1L,Fortune Mustard Oil 1 L,6,206,148,142,0,0
TXN-20260812-SKU-OIL-1L,2026-08-12,SKU-OIL-1L,Sunpure Cooking Oil 1 L,7,124,215,208,0,0
TXN-20260812-SKU-PARLE-G,2026-08-12,SKU-PARLE-G,Parle-G Biscuit 250 g,15,23,445,430,0,0
TXN-20260812-SKU-POHA-500,2026-08-12,SKU-POHA-500,Poha 500 g,2,30,78,76,0,0
TXN-20260812-SKU-RAJMA-1K,2026-08-12,SKU-RAJMA-1K,Rajma 1 kg,3,159,108,105,0,0
TXN-20260812-SKU-RICE-1K,2026-08-12,SKU-RICE-1K,Sona Masoori Rice 1 kg,12,66,377,365,0,0
TXN-20260812-SKU-SALT-1K,2026-08-12,SKU-SALT-1K,Tata Salt 1 kg,9,26,307,298,0,0
TXN-20260812-SKU-SUG-1K,2026-08-12,SKU-SUG-1K,Sugar 1 kg,10,46,272,262,0,0
TXN-20260812-SKU-SUJI-500,2026-08-12,SKU-SUJI-500,Suji 500 g,2,31,83,81,0,0
TXN-20260812-SKU-TEA-250,2026-08-12,SKU-TEA-250,Tata Tea Gold 250 g,6,160,177,171,0,0
TXN-20260812-SKU-TOOR-1K,2026-08-12,SKU-TOOR-1K,Toor Dal 1 kg,9,167,209,200,0,0
TXN-20260812-SKU-VIM-500,2026-08-12,SKU-VIM-500,Vim Bar 500 g,3,46,102,99,0,0
TXN-20260812-SKU-WATER-1L,2026-08-12,SKU-WATER-1L,Bisleri Water 1 L,9,18,316,307,0,0
TXN-20260813-SKU-ATTA-5K,2026-08-13,SKU-ATTA-5K,Aashirvaad Atta 5 kg,8,238,200,192,0,0
TXN-20260813-SKU-BAS-5K,2026-08-13,SKU-BAS-5K,India Gate Basmati 5 kg,2,597,38,36,0,0
TXN-20260813-SKU-BESAN-500,2026-08-13,SKU-BESAN-500,Besan 500 g,3,60,334,331,0,0
TXN-20260813-SKU-BREAD-400,2026-08-13,SKU-BREAD-400,Brown Bread 400 g,7,51,192,185,0,0
TXN-20260813-SKU-CHANA-1K,2026-08-13,SKU-CHANA-1K,Kabuli Chana 1 kg,3,151,113,110,0,0
TXN-20260813-SKU-COKE-750,2026-08-13,SKU-COKE-750,Coca-Cola 750 ml,6,35,229,223,0,0
TXN-20260813-SKU-COLGATE-200,2026-08-13,SKU-COLGATE-200,Colgate Toothpaste 200 g,2,114,69,67,0,0
TXN-20260813-SKU-DALIA-500,2026-08-13,SKU-DALIA-500,Dalia 500 g,0,32,44,44,0,0
TXN-20260813-SKU-HALDI-100,2026-08-13,SKU-HALDI-100,Turmeric Powder 100 g,3,26,106,103,0,0
TXN-20260813-SKU-HARPIC-500,2026-08-13,SKU-HARPIC-500,Harpic 500 ml,2,114,44,42,0,0
TXN-20260813-SKU-LAYS-52,2026-08-13,SKU-LAYS-52,Lays Classic 52 g,9,19,287,278,0,0
TXN-20260813-SKU-LIFEBUOY-4,2026-08-13,SKU-LIFEBUOY-4,Lifebuoy Soap 4 x 100 g,2,122,66,64,0,0
TXN-20260813-SKU-MAGGI-280,2026-08-13,SKU-MAGGI-280,Maggi Noodles 280 g,7,59,265,258,0,0
TXN-20260813-SKU-MAIDA-1K,2026-08-13,SKU-MAIDA-1K,Maida 1 kg,4,43,136,132,0,0
TXN-20260813-SKU-MIRCH-100,2026-08-13,SKU-MIRCH-100,Red Chilli Powder 100 g,2,37,68,66,0,0
TXN-20260813-SKU-MOONG-1K,2026-08-13,SKU-MOONG-1K,Moong Dal 1 kg,4,125,104,100,0,0
TXN-20260813-SKU-MUST-1L,2026-08-13,SKU-MUST-1L,Fortune Mustard Oil 1 L,5,206,142,137,0,0
TXN-20260813-SKU-OIL-1L,2026-08-13,SKU-OIL-1L,Sunpure Cooking Oil 1 L,7,124,208,201,0,0
TXN-20260813-SKU-PARLE-G,2026-08-13,SKU-PARLE-G,Parle-G Biscuit 250 g,19,23,430,411,0,0
TXN-20260813-SKU-POHA-500,2026-08-13,SKU-POHA-500,Poha 500 g,3,30,76,73,0,0
TXN-20260813-SKU-RAJMA-1K,2026-08-13,SKU-RAJMA-1K,Rajma 1 kg,2,159,105,103,0,0
TXN-20260813-SKU-RICE-1K,2026-08-13,SKU-RICE-1K,Sona Masoori Rice 1 kg,13,66,365,352,0,0
TXN-20260813-SKU-SALT-1K,2026-08-13,SKU-SALT-1K,Tata Salt 1 kg,10,26,298,288,0,0
TXN-20260813-SKU-SUG-1K,2026-08-13,SKU-SUG-1K,Sugar 1 kg,7,46,262,255,0,0
TXN-20260813-SKU-SUJI-500,2026-08-13,SKU-SUJI-500,Suji 500 g,2,31,81,79,0,0
TXN-20260813-SKU-TEA-250,2026-08-13,SKU-TEA-250,Tata Tea Gold 250 g,5,160,171,166,0,0
TXN-20260813-SKU-TOOR-1K,2026-08-13,SKU-TOOR-1K,Toor Dal 1 kg,8,167,200,192,0,0
TXN-20260813-SKU-VIM-500,2026-08-13,SKU-VIM-500,Vim Bar 500 g,3,46,99,96,0,0
TXN-20260813-SKU-WATER-1L,2026-08-13,SKU-WATER-1L,Bisleri Water 1 L,9,18,307,298,0,0
TXN-20260814-SKU-ATTA-5K,2026-08-14,SKU-ATTA-5K,Aashirvaad Atta 5 kg,4,238,192,188,0,0
TXN-20260814-SKU-BAS-5K,2026-08-14,SKU-BAS-5K,India Gate Basmati 5 kg,2,597,36,34,0,0
TXN-20260814-SKU-BESAN-500,2026-08-14,SKU-BESAN-500,Besan 500 g,4,60,331,327,0,0
TXN-20260814-SKU-BREAD-400,2026-08-14,SKU-BREAD-400,Brown Bread 400 g,6,51,185,179,0,0
TXN-20260814-SKU-CHANA-1K,2026-08-14,SKU-CHANA-1K,Kabuli Chana 1 kg,4,151,110,106,0,0
TXN-20260814-SKU-COKE-750,2026-08-14,SKU-COKE-750,Coca-Cola 750 ml,8,35,223,215,0,0
TXN-20260814-SKU-COLGATE-200,2026-08-14,SKU-COLGATE-200,Colgate Toothpaste 200 g,2,114,67,65,0,0
TXN-20260814-SKU-DALIA-500,2026-08-14,SKU-DALIA-500,Dalia 500 g,1,32,44,43,0,0
TXN-20260814-SKU-HALDI-100,2026-08-14,SKU-HALDI-100,Turmeric Powder 100 g,3,26,103,100,0,0
TXN-20260814-SKU-HARPIC-500,2026-08-14,SKU-HARPIC-500,Harpic 500 ml,0,114,42,42,0,0
TXN-20260814-SKU-LAYS-52,2026-08-14,SKU-LAYS-52,Lays Classic 52 g,6,19,278,272,0,0
TXN-20260814-SKU-LIFEBUOY-4,2026-08-14,SKU-LIFEBUOY-4,Lifebuoy Soap 4 x 100 g,2,122,64,62,0,0
TXN-20260814-SKU-MAGGI-280,2026-08-14,SKU-MAGGI-280,Maggi Noodles 280 g,11,59,258,247,0,0
TXN-20260814-SKU-MAIDA-1K,2026-08-14,SKU-MAIDA-1K,Maida 1 kg,3,43,132,129,0,0
TXN-20260814-SKU-MIRCH-100,2026-08-14,SKU-MIRCH-100,Red Chilli Powder 100 g,1,37,66,65,0,0
TXN-20260814-SKU-MOONG-1K,2026-08-14,SKU-MOONG-1K,Moong Dal 1 kg,3,125,100,97,0,0
TXN-20260814-SKU-MUST-1L,2026-08-14,SKU-MUST-1L,Fortune Mustard Oil 1 L,3,206,137,134,0,0
TXN-20260814-SKU-OIL-1L,2026-08-14,SKU-OIL-1L,Sunpure Cooking Oil 1 L,7,124,201,194,0,0
TXN-20260814-SKU-PARLE-G,2026-08-14,SKU-PARLE-G,Parle-G Biscuit 250 g,10,23,411,401,0,0
TXN-20260814-SKU-POHA-500,2026-08-14,SKU-POHA-500,Poha 500 g,1,30,73,72,0,0
TXN-20260814-SKU-RAJMA-1K,2026-08-14,SKU-RAJMA-1K,Rajma 1 kg,3,159,103,100,0,0
TXN-20260814-SKU-RICE-1K,2026-08-14,SKU-RICE-1K,Sona Masoori Rice 1 kg,10,66,352,342,0,0
TXN-20260814-SKU-SALT-1K,2026-08-14,SKU-SALT-1K,Tata Salt 1 kg,11,26,288,277,0,0
TXN-20260814-SKU-SUG-1K,2026-08-14,SKU-SUG-1K,Sugar 1 kg,9,46,255,246,0,0
TXN-20260814-SKU-SUJI-500,2026-08-14,SKU-SUJI-500,Suji 500 g,2,31,79,77,0,0
TXN-20260814-SKU-TEA-250,2026-08-14,SKU-TEA-250,Tata Tea Gold 250 g,5,160,166,161,0,0
TXN-20260814-SKU-TOOR-1K,2026-08-14,SKU-TOOR-1K,Toor Dal 1 kg,4,167,192,188,0,0
TXN-20260814-SKU-VIM-500,2026-08-14,SKU-VIM-500,Vim Bar 500 g,3,46,96,93,0,0
TXN-20260814-SKU-WATER-1L,2026-08-14,SKU-WATER-1L,Bisleri Water 1 L,9,18,298,289,0,0
TXN-20260815-SKU-ATTA-5K,2026-08-15,SKU-ATTA-5K,Aashirvaad Atta 5 kg,6,238,188,182,0,0
TXN-20260815-SKU-BAS-5K,2026-08-15,SKU-BAS-5K,India Gate Basmati 5 kg,1,597,34,33,0,0
TXN-20260815-SKU-BESAN-500,2026-08-15,SKU-BESAN-500,Besan 500 g,5,60,327,322,0,0
TXN-20260815-SKU-BREAD-400,2026-08-15,SKU-BREAD-400,Brown Bread 400 g,5,51,179,174,0,0
TXN-20260815-SKU-CHANA-1K,2026-08-15,SKU-CHANA-1K,Kabuli Chana 1 kg,3,151,106,103,0,0
TXN-20260815-SKU-COKE-750,2026-08-15,SKU-COKE-750,Coca-Cola 750 ml,7,35,215,208,0,0
TXN-20260815-SKU-COLGATE-200,2026-08-15,SKU-COLGATE-200,Colgate Toothpaste 200 g,2,114,65,63,0,0
TXN-20260815-SKU-DALIA-500,2026-08-15,SKU-DALIA-500,Dalia 500 g,2,32,43,41,0,0
TXN-20260815-SKU-HALDI-100,2026-08-15,SKU-HALDI-100,Turmeric Powder 100 g,3,26,100,97,0,0
TXN-20260815-SKU-HARPIC-500,2026-08-15,SKU-HARPIC-500,Harpic 500 ml,0,114,42,42,0,0
TXN-20260815-SKU-LAYS-52,2026-08-15,SKU-LAYS-52,Lays Classic 52 g,11,19,272,261,0,0
TXN-20260815-SKU-LIFEBUOY-4,2026-08-15,SKU-LIFEBUOY-4,Lifebuoy Soap 4 x 100 g,2,122,62,60,0,0
TXN-20260815-SKU-MAGGI-280,2026-08-15,SKU-MAGGI-280,Maggi Noodles 280 g,10,59,247,237,0,0
TXN-20260815-SKU-MAIDA-1K,2026-08-15,SKU-MAIDA-1K,Maida 1 kg,5,43,129,124,0,0
TXN-20260815-SKU-MIRCH-100,2026-08-15,SKU-MIRCH-100,Red Chilli Powder 100 g,2,37,65,63,0,0
TXN-20260815-SKU-MOONG-1K,2026-08-15,SKU-MOONG-1K,Moong Dal 1 kg,3,125,97,94,0,0
TXN-20260815-SKU-MUST-1L,2026-08-15,SKU-MUST-1L,Fortune Mustard Oil 1 L,5,206,134,129,0,0
TXN-20260815-SKU-OIL-1L,2026-08-15,SKU-OIL-1L,Sunpure Cooking Oil 1 L,7,124,194,187,0,0
TXN-20260815-SKU-PARLE-G,2026-08-15,SKU-PARLE-G,Parle-G Biscuit 250 g,13,23,401,388,0,0
TXN-20260815-SKU-POHA-500,2026-08-15,SKU-POHA-500,Poha 500 g,3,30,72,69,0,0
TXN-20260815-SKU-RAJMA-1K,2026-08-15,SKU-RAJMA-1K,Rajma 1 kg,2,159,100,98,0,0
TXN-20260815-SKU-RICE-1K,2026-08-15,SKU-RICE-1K,Sona Masoori Rice 1 kg,8,66,342,334,0,0
TXN-20260815-SKU-SALT-1K,2026-08-15,SKU-SALT-1K,Tata Salt 1 kg,8,26,277,269,0,0
TXN-20260815-SKU-SUG-1K,2026-08-15,SKU-SUG-1K,Sugar 1 kg,9,46,246,237,0,0
TXN-20260815-SKU-SUJI-500,2026-08-15,SKU-SUJI-500,Suji 500 g,2,31,77,75,0,0
TXN-20260815-SKU-TEA-250,2026-08-15,SKU-TEA-250,Tata Tea Gold 250 g,5,160,161,156,0,0
TXN-20260815-SKU-TOOR-1K,2026-08-15,SKU-TOOR-1K,Toor Dal 1 kg,6,167,188,182,0,0
TXN-20260815-SKU-VIM-500,2026-08-15,SKU-VIM-500,Vim Bar 500 g,2,46,93,91,0,0
TXN-20260815-SKU-WATER-1L,2026-08-15,SKU-WATER-1L,Bisleri Water 1 L,10,18,289,279,0,0
TXN-20260816-SKU-ATTA-5K,2026-08-16,SKU-ATTA-5K,Aashirvaad Atta 5 kg,6,238,182,176,0,0
TXN-20260816-SKU-BAS-5K,2026-08-16,SKU-BAS-5K,India Gate Basmati 5 kg,0,597,33,33,0,0
TXN-20260816-SKU-BESAN-500,2026-08-16,SKU-BESAN-500,Besan 500 g,3,60,322,319,0,0
TXN-20260816-SKU-BREAD-400,2026-08-16,SKU-BREAD-400,Brown Bread 400 g,6,51,174,168,0,0
TXN-20260816-SKU-CHANA-1K,2026-08-16,SKU-CHANA-1K,Kabuli Chana 1 kg,2,151,103,101,0,0
TXN-20260816-SKU-COKE-750,2026-08-16,SKU-COKE-750,Coca-Cola 750 ml,5,35,208,203,0,0
TXN-20260816-SKU-COLGATE-200,2026-08-16,SKU-COLGATE-200,Colgate Toothpaste 200 g,2,114,63,61,0,0
TXN-20260816-SKU-DALIA-500,2026-08-16,SKU-DALIA-500,Dalia 500 g,0,32,41,41,0,0
TXN-20260816-SKU-HALDI-100,2026-08-16,SKU-HALDI-100,Turmeric Powder 100 g,2,26,97,95,0,0
TXN-20260816-SKU-HARPIC-500,2026-08-16,SKU-HARPIC-500,Harpic 500 ml,1,114,42,41,0,0
TXN-20260816-SKU-LAYS-52,2026-08-16,SKU-LAYS-52,Lays Classic 52 g,11,19,261,250,0,0
TXN-20260816-SKU-LIFEBUOY-4,2026-08-16,SKU-LIFEBUOY-4,Lifebuoy Soap 4 x 100 g,3,122,60,57,0,0
TXN-20260816-SKU-MAGGI-280,2026-08-16,SKU-MAGGI-280,Maggi Noodles 280 g,12,59,237,225,0,0
TXN-20260816-SKU-MAIDA-1K,2026-08-16,SKU-MAIDA-1K,Maida 1 kg,3,43,124,121,0,0
TXN-20260816-SKU-MIRCH-100,2026-08-16,SKU-MIRCH-100,Red Chilli Powder 100 g,2,37,63,61,0,0
TXN-20260816-SKU-MOONG-1K,2026-08-16,SKU-MOONG-1K,Moong Dal 1 kg,2,125,94,92,0,0
TXN-20260816-SKU-MUST-1L,2026-08-16,SKU-MUST-1L,Fortune Mustard Oil 1 L,3,206,129,126,0,0
TXN-20260816-SKU-OIL-1L,2026-08-16,SKU-OIL-1L,Sunpure Cooking Oil 1 L,4,124,187,183,0,0
TXN-20260816-SKU-PARLE-G,2026-08-16,SKU-PARLE-G,Parle-G Biscuit 250 g,10,23,388,378,0,0
TXN-20260816-SKU-POHA-500,2026-08-16,SKU-POHA-500,Poha 500 g,1,30,69,68,0,0
TXN-20260816-SKU-RAJMA-1K,2026-08-16,SKU-RAJMA-1K,Rajma 1 kg,3,159,98,95,0,0
TXN-20260816-SKU-RICE-1K,2026-08-16,SKU-RICE-1K,Sona Masoori Rice 1 kg,16,66,334,318,0,0
TXN-20260816-SKU-SALT-1K,2026-08-16,SKU-SALT-1K,Tata Salt 1 kg,7,26,269,262,0,0
TXN-20260816-SKU-SUG-1K,2026-08-16,SKU-SUG-1K,Sugar 1 kg,8,46,237,229,0,0
TXN-20260816-SKU-SUJI-500,2026-08-16,SKU-SUJI-500,Suji 500 g,2,31,75,73,0,0
TXN-20260816-SKU-TEA-250,2026-08-16,SKU-TEA-250,Tata Tea Gold 250 g,3,160,156,153,0,0
TXN-20260816-SKU-TOOR-1K,2026-08-16,SKU-TOOR-1K,Toor Dal 1 kg,8,167,182,174,0,0
TXN-20260816-SKU-VIM-500,2026-08-16,SKU-VIM-500,Vim Bar 500 g,3,46,91,88,0,0
TXN-20260816-SKU-WATER-1L,2026-08-16,SKU-WATER-1L,Bisleri Water 1 L,9,18,279,270,0,0
TXN-20260817-SKU-ATTA-5K,2026-08-17,SKU-ATTA-5K,Aashirvaad Atta 5 kg,5,238,176,171,0,0
TXN-20260817-SKU-BAS-5K,2026-08-17,SKU-BAS-5K,India Gate Basmati 5 kg,0,597,33,33,0,0
TXN-20260817-SKU-BESAN-500,2026-08-17,SKU-BESAN-500,Besan 500 g,3,60,319,316,0,0
TXN-20260817-SKU-BREAD-400,2026-08-17,SKU-BREAD-400,Brown Bread 400 g,6,51,168,162,0,0
TXN-20260817-SKU-CHANA-1K,2026-08-17,SKU-CHANA-1K,Kabuli Chana 1 kg,2,151,101,99,0,0
TXN-20260817-SKU-COKE-750,2026-08-17,SKU-COKE-750,Coca-Cola 750 ml,7,35,203,196,0,0
TXN-20260817-SKU-COLGATE-200,2026-08-17,SKU-COLGATE-200,Colgate Toothpaste 200 g,3,114,61,58,0,0
TXN-20260817-SKU-DALIA-500,2026-08-17,SKU-DALIA-500,Dalia 500 g,0,32,41,41,0,0
TXN-20260817-SKU-HALDI-100,2026-08-17,SKU-HALDI-100,Turmeric Powder 100 g,2,26,95,93,0,0
TXN-20260817-SKU-HARPIC-500,2026-08-17,SKU-HARPIC-500,Harpic 500 ml,2,114,41,39,0,0
TXN-20260817-SKU-LAYS-52,2026-08-17,SKU-LAYS-52,Lays Classic 52 g,8,19,250,242,0,0
TXN-20260817-SKU-LIFEBUOY-4,2026-08-17,SKU-LIFEBUOY-4,Lifebuoy Soap 4 x 100 g,1,122,57,56,0,0
TXN-20260817-SKU-MAGGI-280,2026-08-17,SKU-MAGGI-280,Maggi Noodles 280 g,9,59,225,216,0,0
TXN-20260817-SKU-MAIDA-1K,2026-08-17,SKU-MAIDA-1K,Maida 1 kg,4,43,121,117,0,0
TXN-20260817-SKU-MIRCH-100,2026-08-17,SKU-MIRCH-100,Red Chilli Powder 100 g,1,37,61,60,0,0
TXN-20260817-SKU-MOONG-1K,2026-08-17,SKU-MOONG-1K,Moong Dal 1 kg,2,125,92,90,0,0
TXN-20260817-SKU-MUST-1L,2026-08-17,SKU-MUST-1L,Fortune Mustard Oil 1 L,4,206,126,122,0,0
TXN-20260817-SKU-OIL-1L,2026-08-17,SKU-OIL-1L,Sunpure Cooking Oil 1 L,6,124,183,177,0,0
TXN-20260817-SKU-PARLE-G,2026-08-17,SKU-PARLE-G,Parle-G Biscuit 250 g,16,23,378,362,0,0
TXN-20260817-SKU-POHA-500,2026-08-17,SKU-POHA-500,Poha 500 g,2,30,68,66,0,0
TXN-20260817-SKU-RAJMA-1K,2026-08-17,SKU-RAJMA-1K,Rajma 1 kg,4,159,95,91,0,0
TXN-20260817-SKU-RICE-1K,2026-08-17,SKU-RICE-1K,Sona Masoori Rice 1 kg,12,66,318,306,0,0
TXN-20260817-SKU-SALT-1K,2026-08-17,SKU-SALT-1K,Tata Salt 1 kg,9,26,262,253,0,0
TXN-20260817-SKU-SUG-1K,2026-08-17,SKU-SUG-1K,Sugar 1 kg,6,46,229,223,0,0
TXN-20260817-SKU-SUJI-500,2026-08-17,SKU-SUJI-500,Suji 500 g,3,31,73,70,0,0
TXN-20260817-SKU-TEA-250,2026-08-17,SKU-TEA-250,Tata Tea Gold 250 g,5,160,153,148,0,0
TXN-20260817-SKU-TOOR-1K,2026-08-17,SKU-TOOR-1K,Toor Dal 1 kg,5,167,174,169,0,0
TXN-20260817-SKU-VIM-500,2026-08-17,SKU-VIM-500,Vim Bar 500 g,3,46,88,85,0,0
TXN-20260817-SKU-WATER-1L,2026-08-17,SKU-WATER-1L,Bisleri Water 1 L,9,18,270,261,0,0
TXN-20260818-SKU-ATTA-5K,2026-08-18,SKU-ATTA-5K,Aashirvaad Atta 5 kg,5,238,171,166,0,0
TXN-20260818-SKU-BAS-5K,2026-08-18,SKU-BAS-5K,India Gate Basmati 5 kg,0,597,33,33,0,0
TXN-20260818-SKU-BESAN-500,2026-08-18,SKU-BESAN-500,Besan 500 g,3,60,316,313,0,0
TXN-20260818-SKU-BREAD-400,2026-08-18,SKU-BREAD-400,Brown Bread 400 g,6,51,162,156,0,0
TXN-20260818-SKU-CHANA-1K,2026-08-18,SKU-CHANA-1K,Kabuli Chana 1 kg,4,151,99,95,0,0
TXN-20260818-SKU-COKE-750,2026-08-18,SKU-COKE-750,Coca-Cola 750 ml,7,35,196,189,0,0
TXN-20260818-SKU-COLGATE-200,2026-08-18,SKU-COLGATE-200,Colgate Toothpaste 200 g,1,114,58,57,0,0
TXN-20260818-SKU-DALIA-500,2026-08-18,SKU-DALIA-500,Dalia 500 g,1,32,41,40,0,0
TXN-20260818-SKU-HALDI-100,2026-08-18,SKU-HALDI-100,Turmeric Powder 100 g,3,26,93,90,0,0
TXN-20260818-SKU-HARPIC-500,2026-08-18,SKU-HARPIC-500,Harpic 500 ml,1,114,39,38,0,0
TXN-20260818-SKU-LAYS-52,2026-08-18,SKU-LAYS-52,Lays Classic 52 g,12,19,242,230,0,0
TXN-20260818-SKU-LIFEBUOY-4,2026-08-18,SKU-LIFEBUOY-4,Lifebuoy Soap 4 x 100 g,3,122,56,53,0,0
TXN-20260818-SKU-MAGGI-280,2026-08-18,SKU-MAGGI-280,Maggi Noodles 280 g,13,59,216,203,0,0
TXN-20260818-SKU-MAIDA-1K,2026-08-18,SKU-MAIDA-1K,Maida 1 kg,3,43,117,114,0,0
TXN-20260818-SKU-MIRCH-100,2026-08-18,SKU-MIRCH-100,Red Chilli Powder 100 g,0,37,60,60,0,0
TXN-20260818-SKU-MOONG-1K,2026-08-18,SKU-MOONG-1K,Moong Dal 1 kg,4,125,90,86,0,0
TXN-20260818-SKU-MUST-1L,2026-08-18,SKU-MUST-1L,Fortune Mustard Oil 1 L,4,206,122,118,0,0
TXN-20260818-SKU-OIL-1L,2026-08-18,SKU-OIL-1L,Sunpure Cooking Oil 1 L,3,124,177,174,0,0
TXN-20260818-SKU-PARLE-G,2026-08-18,SKU-PARLE-G,Parle-G Biscuit 250 g,18,23,362,344,0,0
TXN-20260818-SKU-POHA-500,2026-08-18,SKU-POHA-500,Poha 500 g,3,30,66,63,0,0
TXN-20260818-SKU-RAJMA-1K,2026-08-18,SKU-RAJMA-1K,Rajma 1 kg,3,159,91,88,0,0
TXN-20260818-SKU-RICE-1K,2026-08-18,SKU-RICE-1K,Sona Masoori Rice 1 kg,11,66,306,295,0,0
TXN-20260818-SKU-SALT-1K,2026-08-18,SKU-SALT-1K,Tata Salt 1 kg,8,26,253,245,0,0
TXN-20260818-SKU-SUG-1K,2026-08-18,SKU-SUG-1K,Sugar 1 kg,8,46,223,215,0,0
TXN-20260818-SKU-SUJI-500,2026-08-18,SKU-SUJI-500,Suji 500 g,2,31,70,68,0,0
TXN-20260818-SKU-TEA-250,2026-08-18,SKU-TEA-250,Tata Tea Gold 250 g,5,160,148,143,0,0
TXN-20260818-SKU-TOOR-1K,2026-08-18,SKU-TOOR-1K,Toor Dal 1 kg,5,167,169,164,0,0
TXN-20260818-SKU-VIM-500,2026-08-18,SKU-VIM-500,Vim Bar 500 g,2,46,85,83,0,0
TXN-20260818-SKU-WATER-1L,2026-08-18,SKU-WATER-1L,Bisleri Water 1 L,7,18,261,254,0,0
TXN-20260819-SKU-ATTA-5K,2026-08-19,SKU-ATTA-5K,Aashirvaad Atta 5 kg,7,238,166,159,0,0
TXN-20260819-SKU-BAS-5K,2026-08-19,SKU-BAS-5K,India Gate Basmati 5 kg,0,597,33,33,0,0
TXN-20260819-SKU-BESAN-500,2026-08-19,SKU-BESAN-500,Besan 500 g,4,60,313,309,0,0
TXN-20260819-SKU-BREAD-400,2026-08-19,SKU-BREAD-400,Brown Bread 400 g,6,51,156,150,0,0
TXN-20260819-SKU-CHANA-1K,2026-08-19,SKU-CHANA-1K,Kabuli Chana 1 kg,2,151,95,93,0,0
TXN-20260819-SKU-COKE-750,2026-08-19,SKU-COKE-750,Coca-Cola 750 ml,9,35,189,180,0,0
TXN-20260819-SKU-COLGATE-200,2026-08-19,SKU-COLGATE-200,Colgate Toothpaste 200 g,2,114,57,55,0,0
TXN-20260819-SKU-DALIA-500,2026-08-19,SKU-DALIA-500,Dalia 500 g,1,32,40,39,0,0
TXN-20260819-SKU-HALDI-100,2026-08-19,SKU-HALDI-100,Turmeric Powder 100 g,3,26,90,87,0,0
TXN-20260819-SKU-HARPIC-500,2026-08-19,SKU-HARPIC-500,Harpic 500 ml,1,114,38,37,0,0
TXN-20260819-SKU-LAYS-52,2026-08-19,SKU-LAYS-52,Lays Classic 52 g,8,19,230,222,0,0
TXN-20260819-SKU-LIFEBUOY-4,2026-08-19,SKU-LIFEBUOY-4,Lifebuoy Soap 4 x 100 g,3,122,53,50,0,0
TXN-20260819-SKU-MAGGI-280,2026-08-19,SKU-MAGGI-280,Maggi Noodles 280 g,8,59,203,195,0,0
TXN-20260819-SKU-MAIDA-1K,2026-08-19,SKU-MAIDA-1K,Maida 1 kg,6,43,114,108,0,0
TXN-20260819-SKU-MIRCH-100,2026-08-19,SKU-MIRCH-100,Red Chilli Powder 100 g,1,37,60,59,0,0
TXN-20260819-SKU-MOONG-1K,2026-08-19,SKU-MOONG-1K,Moong Dal 1 kg,4,125,86,82,0,0
TXN-20260819-SKU-MUST-1L,2026-08-19,SKU-MUST-1L,Fortune Mustard Oil 1 L,4,206,118,114,0,0
TXN-20260819-SKU-OIL-1L,2026-08-19,SKU-OIL-1L,Sunpure Cooking Oil 1 L,6,124,174,168,0,0
TXN-20260819-SKU-PARLE-G,2026-08-19,SKU-PARLE-G,Parle-G Biscuit 250 g,12,23,344,332,0,0
TXN-20260819-SKU-POHA-500,2026-08-19,SKU-POHA-500,Poha 500 g,2,30,63,61,0,0
TXN-20260819-SKU-RAJMA-1K,2026-08-19,SKU-RAJMA-1K,Rajma 1 kg,3,159,88,85,0,0
TXN-20260819-SKU-RICE-1K,2026-08-19,SKU-RICE-1K,Sona Masoori Rice 1 kg,11,66,295,284,0,0
TXN-20260819-SKU-SALT-1K,2026-08-19,SKU-SALT-1K,Tata Salt 1 kg,12,26,245,233,0,0
TXN-20260819-SKU-SUG-1K,2026-08-19,SKU-SUG-1K,Sugar 1 kg,7,46,215,208,0,0
TXN-20260819-SKU-SUJI-500,2026-08-19,SKU-SUJI-500,Suji 500 g,2,31,68,66,0,0
TXN-20260819-SKU-TEA-250,2026-08-19,SKU-TEA-250,Tata Tea Gold 250 g,5,160,143,138,0,0
TXN-20260819-SKU-TOOR-1K,2026-08-19,SKU-TOOR-1K,Toor Dal 1 kg,7,167,164,157,0,0
TXN-20260819-SKU-VIM-500,2026-08-19,SKU-VIM-500,Vim Bar 500 g,4,46,83,79,0,0
TXN-20260819-SKU-WATER-1L,2026-08-19,SKU-WATER-1L,Bisleri Water 1 L,9,18,254,245,0,0
TXN-20260820-SKU-ATTA-5K,2026-08-20,SKU-ATTA-5K,Aashirvaad Atta 5 kg,5,238,159,154,0,0
TXN-20260820-SKU-BAS-5K,2026-08-20,SKU-BAS-5K,India Gate Basmati 5 kg,1,597,33,32,0,0
TXN-20260820-SKU-BESAN-500,2026-08-20,SKU-BESAN-500,Besan 500 g,7,60,309,302,0,0
TXN-20260820-SKU-BREAD-400,2026-08-20,SKU-BREAD-400,Brown Bread 400 g,7,51,150,143,0,0
TXN-20260820-SKU-CHANA-1K,2026-08-20,SKU-CHANA-1K,Kabuli Chana 1 kg,3,151,93,90,0,0
TXN-20260820-SKU-COKE-750,2026-08-20,SKU-COKE-750,Coca-Cola 750 ml,5,35,180,175,0,0
TXN-20260820-SKU-COLGATE-200,2026-08-20,SKU-COLGATE-200,Colgate Toothpaste 200 g,2,114,55,53,0,0
TXN-20260820-SKU-DALIA-500,2026-08-20,SKU-DALIA-500,Dalia 500 g,0,32,39,39,0,0
TXN-20260820-SKU-HALDI-100,2026-08-20,SKU-HALDI-100,Turmeric Powder 100 g,4,26,87,83,0,0
TXN-20260820-SKU-HARPIC-500,2026-08-20,SKU-HARPIC-500,Harpic 500 ml,1,114,37,36,0,0
TXN-20260820-SKU-LAYS-52,2026-08-20,SKU-LAYS-52,Lays Classic 52 g,8,19,222,214,0,0
TXN-20260820-SKU-LIFEBUOY-4,2026-08-20,SKU-LIFEBUOY-4,Lifebuoy Soap 4 x 100 g,3,122,50,47,0,0
TXN-20260820-SKU-MAGGI-280,2026-08-20,SKU-MAGGI-280,Maggi Noodles 280 g,9,59,195,186,0,0
TXN-20260820-SKU-MAIDA-1K,2026-08-20,SKU-MAIDA-1K,Maida 1 kg,5,43,108,103,0,0
TXN-20260820-SKU-MIRCH-100,2026-08-20,SKU-MIRCH-100,Red Chilli Powder 100 g,2,37,59,57,0,0
TXN-20260820-SKU-MOONG-1K,2026-08-20,SKU-MOONG-1K,Moong Dal 1 kg,4,125,82,78,0,0
TXN-20260820-SKU-MUST-1L,2026-08-20,SKU-MUST-1L,Fortune Mustard Oil 1 L,2,206,114,112,0,0
TXN-20260820-SKU-OIL-1L,2026-08-20,SKU-OIL-1L,Sunpure Cooking Oil 1 L,5,124,168,163,0,0
TXN-20260820-SKU-PARLE-G,2026-08-20,SKU-PARLE-G,Parle-G Biscuit 250 g,16,23,332,316,0,0
TXN-20260820-SKU-POHA-500,2026-08-20,SKU-POHA-500,Poha 500 g,1,30,61,60,0,0
TXN-20260820-SKU-RAJMA-1K,2026-08-20,SKU-RAJMA-1K,Rajma 1 kg,2,159,85,83,0,0
TXN-20260820-SKU-RICE-1K,2026-08-20,SKU-RICE-1K,Sona Masoori Rice 1 kg,11,66,284,273,0,0
TXN-20260820-SKU-SALT-1K,2026-08-20,SKU-SALT-1K,Tata Salt 1 kg,12,26,233,221,0,0
TXN-20260820-SKU-SUG-1K,2026-08-20,SKU-SUG-1K,Sugar 1 kg,6,46,208,202,0,0
TXN-20260820-SKU-SUJI-500,2026-08-20,SKU-SUJI-500,Suji 500 g,2,31,66,64,0,0
TXN-20260820-SKU-TEA-250,2026-08-20,SKU-TEA-250,Tata Tea Gold 250 g,6,160,138,132,0,0
TXN-20260820-SKU-TOOR-1K,2026-08-20,SKU-TOOR-1K,Toor Dal 1 kg,7,167,157,150,0,0
TXN-20260820-SKU-VIM-500,2026-08-20,SKU-VIM-500,Vim Bar 500 g,4,46,79,75,0,0
TXN-20260820-SKU-WATER-1L,2026-08-20,SKU-WATER-1L,Bisleri Water 1 L,11,18,245,234,0,0
TXN-20260821-SKU-ATTA-5K,2026-08-21,SKU-ATTA-5K,Aashirvaad Atta 5 kg,4,238,154,150,0,0
TXN-20260821-SKU-BAS-5K,2026-08-21,SKU-BAS-5K,India Gate Basmati 5 kg,1,597,32,31,0,0
TXN-20260821-SKU-BESAN-500,2026-08-21,SKU-BESAN-500,Besan 500 g,4,60,302,298,0,0
TXN-20260821-SKU-BREAD-400,2026-08-21,SKU-BREAD-400,Brown Bread 400 g,5,51,143,138,0,0
TXN-20260821-SKU-CHANA-1K,2026-08-21,SKU-CHANA-1K,Kabuli Chana 1 kg,3,151,90,87,0,0
TXN-20260821-SKU-COKE-750,2026-08-21,SKU-COKE-750,Coca-Cola 750 ml,2,35,175,173,0,0
TXN-20260821-SKU-COLGATE-200,2026-08-21,SKU-COLGATE-200,Colgate Toothpaste 200 g,3,114,53,50,0,0
TXN-20260821-SKU-DALIA-500,2026-08-21,SKU-DALIA-500,Dalia 500 g,0,32,39,39,0,0
TXN-20260821-SKU-HALDI-100,2026-08-21,SKU-HALDI-100,Turmeric Powder 100 g,3,26,83,80,0,0
TXN-20260821-SKU-HARPIC-500,2026-08-21,SKU-HARPIC-500,Harpic 500 ml,2,114,36,34,0,0
TXN-20260821-SKU-LAYS-52,2026-08-21,SKU-LAYS-52,Lays Classic 52 g,13,19,214,201,0,0
TXN-20260821-SKU-LIFEBUOY-4,2026-08-21,SKU-LIFEBUOY-4,Lifebuoy Soap 4 x 100 g,1,122,47,46,0,0
TXN-20260821-SKU-MAGGI-280,2026-08-21,SKU-MAGGI-280,Maggi Noodles 280 g,7,59,186,179,0,0
TXN-20260821-SKU-MAIDA-1K,2026-08-21,SKU-MAIDA-1K,Maida 1 kg,2,43,103,101,0,0
TXN-20260821-SKU-MIRCH-100,2026-08-21,SKU-MIRCH-100,Red Chilli Powder 100 g,3,37,57,54,0,0
TXN-20260821-SKU-MOONG-1K,2026-08-21,SKU-MOONG-1K,Moong Dal 1 kg,2,125,78,76,0,0
TXN-20260821-SKU-MUST-1L,2026-08-21,SKU-MUST-1L,Fortune Mustard Oil 1 L,2,206,112,110,0,0
TXN-20260821-SKU-OIL-1L,2026-08-21,SKU-OIL-1L,Sunpure Cooking Oil 1 L,11,124,163,152,0,0
TXN-20260821-SKU-PARLE-G,2026-08-21,SKU-PARLE-G,Parle-G Biscuit 250 g,13,23,316,303,0,0
TXN-20260821-SKU-POHA-500,2026-08-21,SKU-POHA-500,Poha 500 g,2,30,60,58,0,0
TXN-20260821-SKU-RAJMA-1K,2026-08-21,SKU-RAJMA-1K,Rajma 1 kg,3,159,83,80,0,0
TXN-20260821-SKU-RICE-1K,2026-08-21,SKU-RICE-1K,Sona Masoori Rice 1 kg,16,66,273,257,0,0
TXN-20260821-SKU-SALT-1K,2026-08-21,SKU-SALT-1K,Tata Salt 1 kg,6,26,221,215,0,0
TXN-20260821-SKU-SUG-1K,2026-08-21,SKU-SUG-1K,Sugar 1 kg,7,46,202,195,0,0
TXN-20260821-SKU-SUJI-500,2026-08-21,SKU-SUJI-500,Suji 500 g,3,31,64,61,0,0
TXN-20260821-SKU-TEA-250,2026-08-21,SKU-TEA-250,Tata Tea Gold 250 g,3,160,132,129,0,0
TXN-20260821-SKU-TOOR-1K,2026-08-21,SKU-TOOR-1K,Toor Dal 1 kg,7,167,150,143,0,0
TXN-20260821-SKU-VIM-500,2026-08-21,SKU-VIM-500,Vim Bar 500 g,3,46,75,72,0,0
TXN-20260821-SKU-WATER-1L,2026-08-21,SKU-WATER-1L,Bisleri Water 1 L,10,18,234,224,0,0
TXN-20260822-SKU-ATTA-5K,2026-08-22,SKU-ATTA-5K,Aashirvaad Atta 5 kg,7,238,150,143,0,0
TXN-20260822-SKU-BAS-5K,2026-08-22,SKU-BAS-5K,India Gate Basmati 5 kg,1,597,31,30,0,0
TXN-20260822-SKU-BESAN-500,2026-08-22,SKU-BESAN-500,Besan 500 g,4,60,298,294,0,0
TXN-20260822-SKU-BREAD-400,2026-08-22,SKU-BREAD-400,Brown Bread 400 g,5,51,138,133,0,0
TXN-20260822-SKU-CHANA-1K,2026-08-22,SKU-CHANA-1K,Kabuli Chana 1 kg,4,151,87,83,0,0
TXN-20260822-SKU-COKE-750,2026-08-22,SKU-COKE-750,Coca-Cola 750 ml,7,35,173,166,0,0
TXN-20260822-SKU-COLGATE-200,2026-08-22,SKU-COLGATE-200,Colgate Toothpaste 200 g,2,114,50,48,0,0
TXN-20260822-SKU-DALIA-500,2026-08-22,SKU-DALIA-500,Dalia 500 g,0,32,39,39,0,0
TXN-20260822-SKU-HALDI-100,2026-08-22,SKU-HALDI-100,Turmeric Powder 100 g,3,26,80,77,0,0
TXN-20260822-SKU-HARPIC-500,2026-08-22,SKU-HARPIC-500,Harpic 500 ml,2,114,34,32,0,0
TXN-20260822-SKU-LAYS-52,2026-08-22,SKU-LAYS-52,Lays Classic 52 g,11,19,201,190,0,0
TXN-20260822-SKU-LIFEBUOY-4,2026-08-22,SKU-LIFEBUOY-4,Lifebuoy Soap 4 x 100 g,1,122,46,45,0,0
TXN-20260822-SKU-MAGGI-280,2026-08-22,SKU-MAGGI-280,Maggi Noodles 280 g,7,59,179,172,0,0
TXN-20260822-SKU-MAIDA-1K,2026-08-22,SKU-MAIDA-1K,Maida 1 kg,4,43,101,97,0,0
TXN-20260822-SKU-MIRCH-100,2026-08-22,SKU-MIRCH-100,Red Chilli Powder 100 g,2,37,54,52,0,0
TXN-20260822-SKU-MOONG-1K,2026-08-22,SKU-MOONG-1K,Moong Dal 1 kg,4,125,76,72,0,0
TXN-20260822-SKU-MUST-1L,2026-08-22,SKU-MUST-1L,Fortune Mustard Oil 1 L,2,206,110,108,0,0
TXN-20260822-SKU-OIL-1L,2026-08-22,SKU-OIL-1L,Sunpure Cooking Oil 1 L,6,124,152,146,0,0
TXN-20260822-SKU-PARLE-G,2026-08-22,SKU-PARLE-G,Parle-G Biscuit 250 g,15,23,303,288,0,0
TXN-20260822-SKU-POHA-500,2026-08-22,SKU-POHA-500,Poha 500 g,2,30,58,56,0,0
TXN-20260822-SKU-RAJMA-1K,2026-08-22,SKU-RAJMA-1K,Rajma 1 kg,3,159,80,77,0,0
TXN-20260822-SKU-RICE-1K,2026-08-22,SKU-RICE-1K,Sona Masoori Rice 1 kg,10,66,257,247,0,0
TXN-20260822-SKU-SALT-1K,2026-08-22,SKU-SALT-1K,Tata Salt 1 kg,4,26,215,211,0,0
TXN-20260822-SKU-SUG-1K,2026-08-22,SKU-SUG-1K,Sugar 1 kg,8,46,195,187,0,0
TXN-20260822-SKU-SUJI-500,2026-08-22,SKU-SUJI-500,Suji 500 g,3,31,61,58,0,0
TXN-20260822-SKU-TEA-250,2026-08-22,SKU-TEA-250,Tata Tea Gold 250 g,3,160,129,126,0,0
TXN-20260822-SKU-TOOR-1K,2026-08-22,SKU-TOOR-1K,Toor Dal 1 kg,6,167,143,137,0,0
TXN-20260822-SKU-VIM-500,2026-08-22,SKU-VIM-500,Vim Bar 500 g,2,46,72,70,0,0
TXN-20260822-SKU-WATER-1L,2026-08-22,SKU-WATER-1L,Bisleri Water 1 L,8,18,224,216,0,0
TXN-20260823-SKU-ATTA-5K,2026-08-23,SKU-ATTA-5K,Aashirvaad Atta 5 kg,8,238,143,135,0,0
TXN-20260823-SKU-BAS-5K,2026-08-23,SKU-BAS-5K,India Gate Basmati 5 kg,1,597,30,29,0,0
TXN-20260823-SKU-BESAN-500,2026-08-23,SKU-BESAN-500,Besan 500 g,4,60,294,290,0,0
TXN-20260823-SKU-BREAD-400,2026-08-23,SKU-BREAD-400,Brown Bread 400 g,5,51,133,308,0,0
TXN-20260823-SKU-CHANA-1K,2026-08-23,SKU-CHANA-1K,Kabuli Chana 1 kg,4,151,83,79,0,0
TXN-20260823-SKU-COKE-750,2026-08-23,SKU-COKE-750,Coca-Cola 750 ml,5,35,166,351,0,0
TXN-20260823-SKU-COLGATE-200,2026-08-23,SKU-COLGATE-200,Colgate Toothpaste 200 g,1,114,48,107,0,0
TXN-20260823-SKU-DALIA-500,2026-08-23,SKU-DALIA-500,Dalia 500 g,1,32,39,38,0,0
TXN-20260823-SKU-HALDI-100,2026-08-23,SKU-HALDI-100,Turmeric Powder 100 g,4,26,77,73,0,0
TXN-20260823-SKU-HARPIC-500,2026-08-23,SKU-HARPIC-500,Harpic 500 ml,2,114,32,70,0,0
TXN-20260823-SKU-LAYS-52,2026-08-23,SKU-LAYS-52,Lays Classic 52 g,8,19,190,442,0,0
TXN-20260823-SKU-LIFEBUOY-4,2026-08-23,SKU-LIFEBUOY-4,Lifebuoy Soap 4 x 100 g,2,122,45,103,0,0
TXN-20260823-SKU-MAGGI-280,2026-08-23,SKU-MAGGI-280,Maggi Noodles 280 g,9,59,172,413,0,0
TXN-20260823-SKU-MAIDA-1K,2026-08-23,SKU-MAIDA-1K,Maida 1 kg,6,43,97,91,0,0
TXN-20260823-SKU-MIRCH-100,2026-08-23,SKU-MIRCH-100,Red Chilli Powder 100 g,2,37,52,50,0,0
TXN-20260823-SKU-MOONG-1K,2026-08-23,SKU-MOONG-1K,Moong Dal 1 kg,2,125,72,70,0,0
TXN-20260823-SKU-MUST-1L,2026-08-23,SKU-MUST-1L,Fortune Mustard Oil 1 L,2,206,108,106,0,0
TXN-20260823-SKU-OIL-1L,2026-08-23,SKU-OIL-1L,Sunpure Cooking Oil 1 L,9,124,146,137,0,0
TXN-20260823-SKU-PARLE-G,2026-08-23,SKU-PARLE-G,Parle-G Biscuit 250 g,13,23,288,685,0,0
TXN-20260823-SKU-POHA-500,2026-08-23,SKU-POHA-500,Poha 500 g,2,30,56,54,0,0
TXN-20260823-SKU-RAJMA-1K,2026-08-23,SKU-RAJMA-1K,Rajma 1 kg,3,159,77,74,0,0
TXN-20260823-SKU-RICE-1K,2026-08-23,SKU-RICE-1K,Sona Masoori Rice 1 kg,11,66,247,236,0,0
TXN-20260823-SKU-SALT-1K,2026-08-23,SKU-SALT-1K,Tata Salt 1 kg,8,26,211,203,0,0
TXN-20260823-SKU-SUG-1K,2026-08-23,SKU-SUG-1K,Sugar 1 kg,6,46,187,181,0,0
TXN-20260823-SKU-SUJI-500,2026-08-23,SKU-SUJI-500,Suji 500 g,2,31,58,56,0,0
TXN-20260823-SKU-TEA-250,2026-08-23,SKU-TEA-250,Tata Tea Gold 250 g,5,160,126,121,0,0
TXN-20260823-SKU-TOOR-1K,2026-08-23,SKU-TOOR-1K,Toor Dal 1 kg,5,167,137,132,0,0
TXN-20260823-SKU-VIM-500,2026-08-23,SKU-VIM-500,Vim Bar 500 g,4,46,70,156,0,0
TXN-20260823-SKU-WATER-1L,2026-08-23,SKU-WATER-1L,Bisleri Water 1 L,9,18,216,497,0,0
TXN-20260824-SKU-ATTA-5K,2026-08-24,SKU-ATTA-5K,Aashirvaad Atta 5 kg,8,238,135,127,0,0
TXN-20260824-SKU-BAS-5K,2026-08-24,SKU-BAS-5K,India Gate Basmati 5 kg,1,597,29,28,0,0
TXN-20260824-SKU-BESAN-500,2026-08-24,SKU-BESAN-500,Besan 500 g,4,60,290,286,0,0
TXN-20260824-SKU-BREAD-400,2026-08-24,SKU-BREAD-400,Brown Bread 400 g,6,51,308,302,0,0
TXN-20260824-SKU-CHANA-1K,2026-08-24,SKU-CHANA-1K,Kabuli Chana 1 kg,3,151,79,76,0,0
TXN-20260824-SKU-COKE-750,2026-08-24,SKU-COKE-750,Coca-Cola 750 ml,9,35,351,342,0,0
TXN-20260824-SKU-COLGATE-200,2026-08-24,SKU-COLGATE-200,Colgate Toothpaste 200 g,2,114,107,105,0,0
TXN-20260824-SKU-DALIA-500,2026-08-24,SKU-DALIA-500,Dalia 500 g,1,32,38,37,0,0
TXN-20260824-SKU-HALDI-100,2026-08-24,SKU-HALDI-100,Turmeric Powder 100 g,3,26,73,70,0,0
TXN-20260824-SKU-HARPIC-500,2026-08-24,SKU-HARPIC-500,Harpic 500 ml,1,114,70,69,0,0
TXN-20260824-SKU-LAYS-52,2026-08-24,SKU-LAYS-52,Lays Classic 52 g,7,19,442,435,0,0
TXN-20260824-SKU-LIFEBUOY-4,2026-08-24,SKU-LIFEBUOY-4,Lifebuoy Soap 4 x 100 g,2,122,103,101,0,0
TXN-20260824-SKU-MAGGI-280,2026-08-24,SKU-MAGGI-280,Maggi Noodles 280 g,11,59,413,402,0,0
TXN-20260824-SKU-MAIDA-1K,2026-08-24,SKU-MAIDA-1K,Maida 1 kg,4,43,91,87,0,0
TXN-20260824-SKU-MIRCH-100,2026-08-24,SKU-MIRCH-100,Red Chilli Powder 100 g,1,37,50,49,0,0
TXN-20260824-SKU-MOONG-1K,2026-08-24,SKU-MOONG-1K,Moong Dal 1 kg,3,125,70,67,0,0
TXN-20260824-SKU-MUST-1L,2026-08-24,SKU-MUST-1L,Fortune Mustard Oil 1 L,4,206,106,102,0,0
TXN-20260824-SKU-OIL-1L,2026-08-24,SKU-OIL-1L,Sunpure Cooking Oil 1 L,5,124,137,132,0,0
TXN-20260824-SKU-PARLE-G,2026-08-24,SKU-PARLE-G,Parle-G Biscuit 250 g,18,23,685,667,0,0
TXN-20260824-SKU-POHA-500,2026-08-24,SKU-POHA-500,Poha 500 g,2,30,54,52,0,0
TXN-20260824-SKU-RAJMA-1K,2026-08-24,SKU-RAJMA-1K,Rajma 1 kg,4,159,74,70,0,0
TXN-20260824-SKU-RICE-1K,2026-08-24,SKU-RICE-1K,Sona Masoori Rice 1 kg,8,66,236,228,0,0
TXN-20260824-SKU-SALT-1K,2026-08-24,SKU-SALT-1K,Tata Salt 1 kg,6,26,203,197,0,0
TXN-20260824-SKU-SUG-1K,2026-08-24,SKU-SUG-1K,Sugar 1 kg,8,46,181,173,0,0
TXN-20260824-SKU-SUJI-500,2026-08-24,SKU-SUJI-500,Suji 500 g,2,31,56,54,0,0
TXN-20260824-SKU-TEA-250,2026-08-24,SKU-TEA-250,Tata Tea Gold 250 g,4,160,121,117,0,0
TXN-20260824-SKU-TOOR-1K,2026-08-24,SKU-TOOR-1K,Toor Dal 1 kg,6,167,132,126,0,0
TXN-20260824-SKU-VIM-500,2026-08-24,SKU-VIM-500,Vim Bar 500 g,3,46,156,153,0,0
TXN-20260824-SKU-WATER-1L,2026-08-24,SKU-WATER-1L,Bisleri Water 1 L,10,18,497,487,0,0
TXN-20260825-SKU-ATTA-5K,2026-08-25,SKU-ATTA-5K,Aashirvaad Atta 5 kg,6,238,127,281,0,0
TXN-20260825-SKU-BAS-5K,2026-08-25,SKU-BAS-5K,India Gate Basmati 5 kg,1,597,28,57,0,0
TXN-20260825-SKU-BESAN-500,2026-08-25,SKU-BESAN-500,Besan 500 g,4,60,286,392,0,0
TXN-20260825-SKU-BREAD-400,2026-08-25,SKU-BREAD-400,Brown Bread 400 g,7,51,302,295,0,0
TXN-20260825-SKU-CHANA-1K,2026-08-25,SKU-CHANA-1K,Kabuli Chana 1 kg,1,151,76,155,0,0
TXN-20260825-SKU-COKE-750,2026-08-25,SKU-COKE-750,Coca-Cola 750 ml,6,35,342,336,0,0
TXN-20260825-SKU-COLGATE-200,2026-08-25,SKU-COLGATE-200,Colgate Toothpaste 200 g,2,114,105,103,0,0
TXN-20260825-SKU-DALIA-500,2026-08-25,SKU-DALIA-500,Dalia 500 g,1,32,37,66,0,0
TXN-20260825-SKU-HALDI-100,2026-08-25,SKU-HALDI-100,Turmeric Powder 100 g,2,26,70,158,0,0
TXN-20260825-SKU-HARPIC-500,2026-08-25,SKU-HARPIC-500,Harpic 500 ml,0,114,69,69,0,0
TXN-20260825-SKU-LAYS-52,2026-08-25,SKU-LAYS-52,Lays Classic 52 g,7,19,435,428,0,0
TXN-20260825-SKU-LIFEBUOY-4,2026-08-25,SKU-LIFEBUOY-4,Lifebuoy Soap 4 x 100 g,2,122,101,99,0,0
TXN-20260825-SKU-MAGGI-280,2026-08-25,SKU-MAGGI-280,Maggi Noodles 280 g,10,59,402,392,0,0
TXN-20260825-SKU-MAIDA-1K,2026-08-25,SKU-MAIDA-1K,Maida 1 kg,2,43,87,195,0,0
TXN-20260825-SKU-MIRCH-100,2026-08-25,SKU-MIRCH-100,Red Chilli Powder 100 g,2,37,49,107,0,0
TXN-20260825-SKU-MOONG-1K,2026-08-25,SKU-MOONG-1K,Moong Dal 1 kg,5,125,67,152,0,0
TXN-20260825-SKU-MUST-1L,2026-08-25,SKU-MUST-1L,Fortune Mustard Oil 1 L,3,206,102,209,0,0
TXN-20260825-SKU-OIL-1L,2026-08-25,SKU-OIL-1L,Sunpure Cooking Oil 1 L,6,124,132,286,0,0
TXN-20260825-SKU-PARLE-G,2026-08-25,SKU-PARLE-G,Parle-G Biscuit 250 g,12,23,667,655,0,0
TXN-20260825-SKU-POHA-500,2026-08-25,SKU-POHA-500,Poha 500 g,2,30,52,110,0,0
TXN-20260825-SKU-RAJMA-1K,2026-08-25,SKU-RAJMA-1K,Rajma 1 kg,4,159,70,156,0,0
TXN-20260825-SKU-RICE-1K,2026-08-25,SKU-RICE-1K,Sona Masoori Rice 1 kg,12,66,228,526,0,0
TXN-20260825-SKU-SALT-1K,2026-08-25,SKU-SALT-1K,Tata Salt 1 kg,8,26,197,419,0,0
TXN-20260825-SKU-SUG-1K,2026-08-25,SKU-SUG-1K,Sugar 1 kg,7,46,173,386,0,0
TXN-20260825-SKU-SUJI-500,2026-08-25,SKU-SUJI-500,Suji 500 g,2,31,54,112,0,0
TXN-20260825-SKU-TEA-250,2026-08-25,SKU-TEA-250,Tata Tea Gold 250 g,5,160,117,252,0,0
TXN-20260825-SKU-TOOR-1K,2026-08-25,SKU-TOOR-1K,Toor Dal 1 kg,7,167,126,289,0,0
TXN-20260825-SKU-VIM-500,2026-08-25,SKU-VIM-500,Vim Bar 500 g,4,46,153,149,0,0
TXN-20260825-SKU-WATER-1L,2026-08-25,SKU-WATER-1L,Bisleri Water 1 L,8,18,487,479,0,0
TXN-20260826-SKU-ATTA-5K,2026-08-26,SKU-ATTA-5K,Aashirvaad Atta 5 kg,6,238,281,275,0,0
TXN-20260826-SKU-BAS-5K,2026-08-26,SKU-BAS-5K,India Gate Basmati 5 kg,1,597,57,56,0,0
TXN-20260826-SKU-BESAN-500,2026-08-26,SKU-BESAN-500,Besan 500 g,4,60,392,388,0,0
TXN-20260826-SKU-BREAD-400,2026-08-26,SKU-BREAD-400,Brown Bread 400 g,3,51,295,292,0,0
TXN-20260826-SKU-CHANA-1K,2026-08-26,SKU-CHANA-1K,Kabuli Chana 1 kg,3,151,155,152,0,0
TXN-20260826-SKU-COKE-750,2026-08-26,SKU-COKE-750,Coca-Cola 750 ml,7,35,336,329,0,0
TXN-20260826-SKU-COLGATE-200,2026-08-26,SKU-COLGATE-200,Colgate Toothpaste 200 g,2,114,103,101,0,0
TXN-20260826-SKU-DALIA-500,2026-08-26,SKU-DALIA-500,Dalia 500 g,1,32,66,65,0,0
TXN-20260826-SKU-HALDI-100,2026-08-26,SKU-HALDI-100,Turmeric Powder 100 g,4,26,158,154,0,0
TXN-20260826-SKU-HARPIC-500,2026-08-26,SKU-HARPIC-500,Harpic 500 ml,1,114,69,68,0,0
TXN-20260826-SKU-LAYS-52,2026-08-26,SKU-LAYS-52,Lays Classic 52 g,7,19,428,421,0,0
TXN-20260826-SKU-LIFEBUOY-4,2026-08-26,SKU-LIFEBUOY-4,Lifebuoy Soap 4 x 100 g,2,122,99,97,0,0
TXN-20260826-SKU-MAGGI-280,2026-08-26,SKU-MAGGI-280,Maggi Noodles 280 g,12,59,392,380,0,0
TXN-20260826-SKU-MAIDA-1K,2026-08-26,SKU-MAIDA-1K,Maida 1 kg,2,43,195,193,0,0
TXN-20260826-SKU-MIRCH-100,2026-08-26,SKU-MIRCH-100,Red Chilli Powder 100 g,2,37,107,105,0,0
TXN-20260826-SKU-MOONG-1K,2026-08-26,SKU-MOONG-1K,Moong Dal 1 kg,4,125,152,148,0,0
TXN-20260826-SKU-MUST-1L,2026-08-26,SKU-MUST-1L,Fortune Mustard Oil 1 L,3,206,209,206,0,0
TXN-20260826-SKU-OIL-1L,2026-08-26,SKU-OIL-1L,Sunpure Cooking Oil 1 L,7,124,286,279,0,0
TXN-20260826-SKU-PARLE-G,2026-08-26,SKU-PARLE-G,Parle-G Biscuit 250 g,11,23,655,644,0,0
TXN-20260826-SKU-POHA-500,2026-08-26,SKU-POHA-500,Poha 500 g,2,30,110,108,0,0
TXN-20260826-SKU-RAJMA-1K,2026-08-26,SKU-RAJMA-1K,Rajma 1 kg,2,159,156,154,0,0
TXN-20260826-SKU-RICE-1K,2026-08-26,SKU-RICE-1K,Sona Masoori Rice 1 kg,9,66,526,517,0,0
TXN-20260826-SKU-SALT-1K,2026-08-26,SKU-SALT-1K,Tata Salt 1 kg,5,26,419,414,0,0
TXN-20260826-SKU-SUG-1K,2026-08-26,SKU-SUG-1K,Sugar 1 kg,8,46,386,378,0,0
TXN-20260826-SKU-SUJI-500,2026-08-26,SKU-SUJI-500,Suji 500 g,2,31,112,110,0,0
TXN-20260826-SKU-TEA-250,2026-08-26,SKU-TEA-250,Tata Tea Gold 250 g,5,160,252,247,0,0
TXN-20260826-SKU-TOOR-1K,2026-08-26,SKU-TOOR-1K,Toor Dal 1 kg,7,167,289,282,0,0
TXN-20260826-SKU-VIM-500,2026-08-26,SKU-VIM-500,Vim Bar 500 g,3,46,149,146,0,0
TXN-20260826-SKU-WATER-1L,2026-08-26,SKU-WATER-1L,Bisleri Water 1 L,10,18,479,469,0,0
TXN-20260827-SKU-ATTA-5K,2026-08-27,SKU-ATTA-5K,Aashirvaad Atta 5 kg,5,238,275,270,0,0
TXN-20260827-SKU-BAS-5K,2026-08-27,SKU-BAS-5K,India Gate Basmati 5 kg,1,597,56,55,0,0
TXN-20260827-SKU-BESAN-500,2026-08-27,SKU-BESAN-500,Besan 500 g,5,60,388,383,0,0
TXN-20260827-SKU-BREAD-400,2026-08-27,SKU-BREAD-400,Brown Bread 400 g,6,51,292,286,0,0
TXN-20260827-SKU-CHANA-1K,2026-08-27,SKU-CHANA-1K,Kabuli Chana 1 kg,4,151,152,148,0,0
TXN-20260827-SKU-COKE-750,2026-08-27,SKU-COKE-750,Coca-Cola 750 ml,5,35,329,324,0,0
TXN-20260827-SKU-COLGATE-200,2026-08-27,SKU-COLGATE-200,Colgate Toothpaste 200 g,3,114,101,98,0,0
TXN-20260827-SKU-DALIA-500,2026-08-27,SKU-DALIA-500,Dalia 500 g,2,32,65,63,0,0
TXN-20260827-SKU-HALDI-100,2026-08-27,SKU-HALDI-100,Turmeric Powder 100 g,3,26,154,151,0,0
TXN-20260827-SKU-HARPIC-500,2026-08-27,SKU-HARPIC-500,Harpic 500 ml,1,114,68,67,0,0
TXN-20260827-SKU-LAYS-52,2026-08-27,SKU-LAYS-52,Lays Classic 52 g,7,19,421,414,0,0
TXN-20260827-SKU-LIFEBUOY-4,2026-08-27,SKU-LIFEBUOY-4,Lifebuoy Soap 4 x 100 g,2,122,97,95,0,0
TXN-20260827-SKU-MAGGI-280,2026-08-27,SKU-MAGGI-280,Maggi Noodles 280 g,9,59,380,371,0,0
TXN-20260827-SKU-MAIDA-1K,2026-08-27,SKU-MAIDA-1K,Maida 1 kg,3,43,193,190,0,0
TXN-20260827-SKU-MIRCH-100,2026-08-27,SKU-MIRCH-100,Red Chilli Powder 100 g,2,37,105,103,0,0
TXN-20260827-SKU-MOONG-1K,2026-08-27,SKU-MOONG-1K,Moong Dal 1 kg,2,125,148,146,0,0
TXN-20260827-SKU-MUST-1L,2026-08-27,SKU-MUST-1L,Fortune Mustard Oil 1 L,3,206,206,203,0,0
TXN-20260827-SKU-OIL-1L,2026-08-27,SKU-OIL-1L,Sunpure Cooking Oil 1 L,5,124,279,274,0,0
TXN-20260827-SKU-PARLE-G,2026-08-27,SKU-PARLE-G,Parle-G Biscuit 250 g,12,23,644,632,0,0
TXN-20260827-SKU-POHA-500,2026-08-27,SKU-POHA-500,Poha 500 g,1,30,108,107,0,0
TXN-20260827-SKU-RAJMA-1K,2026-08-27,SKU-RAJMA-1K,Rajma 1 kg,2,159,154,152,0,0
TXN-20260827-SKU-RICE-1K,2026-08-27,SKU-RICE-1K,Sona Masoori Rice 1 kg,8,66,517,509,0,0
TXN-20260827-SKU-SALT-1K,2026-08-27,SKU-SALT-1K,Tata Salt 1 kg,2,26,414,412,0,0
TXN-20260827-SKU-SUG-1K,2026-08-27,SKU-SUG-1K,Sugar 1 kg,7,46,378,371,0,0
TXN-20260827-SKU-SUJI-500,2026-08-27,SKU-SUJI-500,Suji 500 g,3,31,110,107,0,0
TXN-20260827-SKU-TEA-250,2026-08-27,SKU-TEA-250,Tata Tea Gold 250 g,4,160,247,243,0,0
TXN-20260827-SKU-TOOR-1K,2026-08-27,SKU-TOOR-1K,Toor Dal 1 kg,8,167,282,274,0,0
TXN-20260827-SKU-VIM-500,2026-08-27,SKU-VIM-500,Vim Bar 500 g,2,46,146,144,0,0
TXN-20260827-SKU-WATER-1L,2026-08-27,SKU-WATER-1L,Bisleri Water 1 L,9,18,469,460,0,0
TXN-20260828-SKU-ATTA-5K,2026-08-28,SKU-ATTA-5K,Aashirvaad Atta 5 kg,6,238,270,264,0,0
TXN-20260828-SKU-BAS-5K,2026-08-28,SKU-BAS-5K,India Gate Basmati 5 kg,0,597,55,55,0,0
TXN-20260828-SKU-BESAN-500,2026-08-28,SKU-BESAN-500,Besan 500 g,6,60,383,377,0,0
TXN-20260828-SKU-BREAD-400,2026-08-28,SKU-BREAD-400,Brown Bread 400 g,5,51,286,281,0,0
TXN-20260828-SKU-CHANA-1K,2026-08-28,SKU-CHANA-1K,Kabuli Chana 1 kg,2,151,148,146,0,0
TXN-20260828-SKU-COKE-750,2026-08-28,SKU-COKE-750,Coca-Cola 750 ml,3,35,324,321,0,0
TXN-20260828-SKU-COLGATE-200,2026-08-28,SKU-COLGATE-200,Colgate Toothpaste 200 g,2,114,98,96,0,0
TXN-20260828-SKU-DALIA-500,2026-08-28,SKU-DALIA-500,Dalia 500 g,0,32,63,63,0,0
TXN-20260828-SKU-HALDI-100,2026-08-28,SKU-HALDI-100,Turmeric Powder 100 g,3,26,151,148,0,0
TXN-20260828-SKU-HARPIC-500,2026-08-28,SKU-HARPIC-500,Harpic 500 ml,1,114,67,66,0,0
TXN-20260828-SKU-LAYS-52,2026-08-28,SKU-LAYS-52,Lays Classic 52 g,11,19,414,403,0,0
TXN-20260828-SKU-LIFEBUOY-4,2026-08-28,SKU-LIFEBUOY-4,Lifebuoy Soap 4 x 100 g,3,122,95,92,0,0
TXN-20260828-SKU-MAGGI-280,2026-08-28,SKU-MAGGI-280,Maggi Noodles 280 g,7,59,371,364,0,0
TXN-20260828-SKU-MAIDA-1K,2026-08-28,SKU-MAIDA-1K,Maida 1 kg,4,43,190,186,0,0
TXN-20260828-SKU-MIRCH-100,2026-08-28,SKU-MIRCH-100,Red Chilli Powder 100 g,2,37,103,101,0,0
TXN-20260828-SKU-MOONG-1K,2026-08-28,SKU-MOONG-1K,Moong Dal 1 kg,5,125,146,141,0,0
TXN-20260828-SKU-MUST-1L,2026-08-28,SKU-MUST-1L,Fortune Mustard Oil 1 L,5,206,203,198,0,0
TXN-20260828-SKU-OIL-1L,2026-08-28,SKU-OIL-1L,Sunpure Cooking Oil 1 L,4,124,274,270,0,0
TXN-20260828-SKU-PARLE-G,2026-08-28,SKU-PARLE-G,Parle-G Biscuit 250 g,16,23,632,616,0,0
TXN-20260828-SKU-POHA-500,2026-08-28,SKU-POHA-500,Poha 500 g,2,30,107,105,0,0
TXN-20260828-SKU-RAJMA-1K,2026-08-28,SKU-RAJMA-1K,Rajma 1 kg,2,159,152,150,0,0
TXN-20260828-SKU-RICE-1K,2026-08-28,SKU-RICE-1K,Sona Masoori Rice 1 kg,11,66,509,498,0,0
TXN-20260828-SKU-SALT-1K,2026-08-28,SKU-SALT-1K,Tata Salt 1 kg,8,26,412,404,0,0
TXN-20260828-SKU-SUG-1K,2026-08-28,SKU-SUG-1K,Sugar 1 kg,7,46,371,364,0,0
TXN-20260828-SKU-SUJI-500,2026-08-28,SKU-SUJI-500,Suji 500 g,2,31,107,105,0,0
TXN-20260828-SKU-TEA-250,2026-08-28,SKU-TEA-250,Tata Tea Gold 250 g,5,160,243,238,0,0
TXN-20260828-SKU-TOOR-1K,2026-08-28,SKU-TOOR-1K,Toor Dal 1 kg,7,167,274,267,0,0
TXN-20260828-SKU-VIM-500,2026-08-28,SKU-VIM-500,Vim Bar 500 g,3,46,144,141,0,0
TXN-20260828-SKU-WATER-1L,2026-08-28,SKU-WATER-1L,Bisleri Water 1 L,12,18,460,448,0,0
TXN-20260829-SKU-ATTA-5K,2026-08-29,SKU-ATTA-5K,Aashirvaad Atta 5 kg,4,238,264,260,0,0
TXN-20260829-SKU-BAS-5K,2026-08-29,SKU-BAS-5K,India Gate Basmati 5 kg,1,597,55,54,0,0
TXN-20260829-SKU-BESAN-500,2026-08-29,SKU-BESAN-500,Besan 500 g,2,60,377,375,0,0
TXN-20260829-SKU-BREAD-400,2026-08-29,SKU-BREAD-400,Brown Bread 400 g,5,51,281,276,0,0
TXN-20260829-SKU-CHANA-1K,2026-08-29,SKU-CHANA-1K,Kabuli Chana 1 kg,2,154,146,144,0,0
TXN-20260829-SKU-COKE-750,2026-08-29,SKU-COKE-750,Coca-Cola 750 ml,6,35,321,315,0,0
TXN-20260829-SKU-COLGATE-200,2026-08-29,SKU-COLGATE-200,Colgate Toothpaste 200 g,2,114,96,94,0,0
TXN-20260829-SKU-DALIA-500,2026-08-29,SKU-DALIA-500,Dalia 500 g,2,32,63,61,0,0
TXN-20260829-SKU-HALDI-100,2026-08-29,SKU-HALDI-100,Turmeric Powder 100 g,3,26,148,145,0,0
TXN-20260829-SKU-HARPIC-500,2026-08-29,SKU-HARPIC-500,Harpic 500 ml,0,114,66,66,0,0
TXN-20260829-SKU-LAYS-52,2026-08-29,SKU-LAYS-52,Lays Classic 52 g,13,19,403,390,0,0
TXN-20260829-SKU-LIFEBUOY-4,2026-08-29,SKU-LIFEBUOY-4,Lifebuoy Soap 4 x 100 g,2,122,92,90,0,0
TXN-20260829-SKU-MAGGI-280,2026-08-29,SKU-MAGGI-280,Maggi Noodles 280 g,1,59,364,363,0,0
TXN-20260829-SKU-MAIDA-1K,2026-08-29,SKU-MAIDA-1K,Maida 1 kg,4,43,186,182,0,0
TXN-20260829-SKU-MIRCH-100,2026-08-29,SKU-MIRCH-100,Red Chilli Powder 100 g,2,37,101,99,0,0
TXN-20260829-SKU-MOONG-1K,2026-08-29,SKU-MOONG-1K,Moong Dal 1 kg,2,125,141,139,0,0
TXN-20260829-SKU-MUST-1L,2026-08-29,SKU-MUST-1L,Fortune Mustard Oil 1 L,5,206,198,193,0,0
TXN-20260829-SKU-OIL-1L,2026-08-29,SKU-OIL-1L,Sunpure Cooking Oil 1 L,7,124,270,263,0,0
TXN-20260829-SKU-PARLE-G,2026-08-29,SKU-PARLE-G,Parle-G Biscuit 250 g,17,23,616,599,0,0
TXN-20260829-SKU-POHA-500,2026-08-29,SKU-POHA-500,Poha 500 g,1,30,105,104,0,0
TXN-20260829-SKU-RAJMA-1K,2026-08-29,SKU-RAJMA-1K,Rajma 1 kg,3,159,150,147,0,0
TXN-20260829-SKU-RICE-1K,2026-08-29,SKU-RICE-1K,Sona Masoori Rice 1 kg,12,66,498,486,0,0
TXN-20260829-SKU-SALT-1K,2026-08-29,SKU-SALT-1K,Tata Salt 1 kg,8,26,404,396,0,0
TXN-20260829-SKU-SUG-1K,2026-08-29,SKU-SUG-1K,Sugar 1 kg,7,46,364,357,0,0
TXN-20260829-SKU-SUJI-500,2026-08-29,SKU-SUJI-500,Suji 500 g,1,31,105,104,0,0
TXN-20260829-SKU-TEA-250,2026-08-29,SKU-TEA-250,Tata Tea Gold 250 g,6,160,238,232,0,0
TXN-20260829-SKU-TOOR-1K,2026-08-29,SKU-TOOR-1K,Toor Dal 1 kg,4,167,267,263,0,0
TXN-20260829-SKU-VIM-500,2026-08-29,SKU-VIM-500,Vim Bar 500 g,3,46,141,138,0,0
TXN-20260829-SKU-WATER-1L,2026-08-29,SKU-WATER-1L,Bisleri Water 1 L,8,18,448,440,0,0
TXN-20260830-SKU-ATTA-5K,2026-08-30,SKU-ATTA-5K,Aashirvaad Atta 5 kg,5,238,260,255,0,0
TXN-20260830-SKU-BAS-5K,2026-08-30,SKU-BAS-5K,India Gate Basmati 5 kg,2,597,54,52,0,0
TXN-20260830-SKU-BESAN-500,2026-08-30,SKU-BESAN-500,Besan 500 g,3,60,375,372,0,0
TXN-20260830-SKU-BREAD-400,2026-08-30,SKU-BREAD-400,Brown Bread 400 g,6,51,276,270,0,0
TXN-20260830-SKU-CHANA-1K,2026-08-30,SKU-CHANA-1K,Kabuli Chana 1 kg,4,154,144,140,0,0
TXN-20260830-SKU-COKE-750,2026-08-30,SKU-COKE-750,Coca-Cola 750 ml,2,35,315,313,0,0
TXN-20260830-SKU-COLGATE-200,2026-08-30,SKU-COLGATE-200,Colgate Toothpaste 200 g,2,114,94,92,0,0
TXN-20260830-SKU-DALIA-500,2026-08-30,SKU-DALIA-500,Dalia 500 g,2,32,61,59,0,0
TXN-20260830-SKU-HALDI-100,2026-08-30,SKU-HALDI-100,Turmeric Powder 100 g,4,26,145,141,0,0
TXN-20260830-SKU-HARPIC-500,2026-08-30,SKU-HARPIC-500,Harpic 500 ml,0,114,66,66,0,0
TXN-20260830-SKU-LAYS-52,2026-08-30,SKU-LAYS-52,Lays Classic 52 g,11,19,390,379,0,0
TXN-20260830-SKU-LIFEBUOY-4,2026-08-30,SKU-LIFEBUOY-4,Lifebuoy Soap 4 x 100 g,1,122,90,89,0,0
TXN-20260830-SKU-MAGGI-280,2026-08-30,SKU-MAGGI-280,Maggi Noodles 280 g,11,59,363,352,0,0
TXN-20260830-SKU-MAIDA-1K,2026-08-30,SKU-MAIDA-1K,Maida 1 kg,3,43,182,179,0,0
TXN-20260830-SKU-MIRCH-100,2026-08-30,SKU-MIRCH-100,Red Chilli Powder 100 g,2,37,99,97,0,0
TXN-20260830-SKU-MOONG-1K,2026-08-30,SKU-MOONG-1K,Moong Dal 1 kg,3,125,139,136,0,0
TXN-20260830-SKU-MUST-1L,2026-08-30,SKU-MUST-1L,Fortune Mustard Oil 1 L,4,206,193,189,0,0
TXN-20260830-SKU-OIL-1L,2026-08-30,SKU-OIL-1L,Sunpure Cooking Oil 1 L,6,124,263,257,0,0
TXN-20260830-SKU-PARLE-G,2026-08-30,SKU-PARLE-G,Parle-G Biscuit 250 g,13,23,599,586,0,0
TXN-20260830-SKU-POHA-500,2026-08-30,SKU-POHA-500,Poha 500 g,3,30,104,101,0,0
TXN-20260830-SKU-RAJMA-1K,2026-08-30,SKU-RAJMA-1K,Rajma 1 kg,3,159,147,144,0,0
TXN-20260830-SKU-RICE-1K,2026-08-30,SKU-RICE-1K,Sona Masoori Rice 1 kg,10,66,486,476,0,0
TXN-20260830-SKU-SALT-1K,2026-08-30,SKU-SALT-1K,Tata Salt 1 kg,6,26,396,390,0,0
TXN-20260830-SKU-SUG-1K,2026-08-30,SKU-SUG-1K,Sugar 1 kg,9,46,357,348,0,0
TXN-20260830-SKU-SUJI-500,2026-08-30,SKU-SUJI-500,Suji 500 g,2,31,104,102,0,0
TXN-20260830-SKU-TEA-250,2026-08-30,SKU-TEA-250,Tata Tea Gold 250 g,4,160,232,228,0,0
TXN-20260830-SKU-TOOR-1K,2026-08-30,SKU-TOOR-1K,Toor Dal 1 kg,6,167,263,257,0,0
TXN-20260830-SKU-VIM-500,2026-08-30,SKU-VIM-500,Vim Bar 500 g,3,46,138,135,0,0
TXN-20260830-SKU-WATER-1L,2026-08-30,SKU-WATER-1L,Bisleri Water 1 L,11,18,440,429,0,0
TXN-20260831-SKU-ATTA-5K,2026-08-31,SKU-ATTA-5K,Aashirvaad Atta 5 kg,8,238,255,247,0,0
TXN-20260831-SKU-BAS-5K,2026-08-31,SKU-BAS-5K,India Gate Basmati 5 kg,2,597,52,50,0,0
TXN-20260831-SKU-BESAN-500,2026-08-31,SKU-BESAN-500,Besan 500 g,4,60,372,368,0,0
TXN-20260831-SKU-BREAD-400,2026-08-31,SKU-BREAD-400,Brown Bread 400 g,8,51,270,262,0,0
TXN-20260831-SKU-CHANA-1K,2026-08-31,SKU-CHANA-1K,Kabuli Chana 1 kg,1,154,140,139,0,0
TXN-20260831-SKU-COKE-750,2026-08-31,SKU-COKE-750,Coca-Cola 750 ml,7,35,313,306,0,0
TXN-20260831-SKU-COLGATE-200,2026-08-31,SKU-COLGATE-200,Colgate Toothpaste 200 g,3,114,92,89,0,0
TXN-20260831-SKU-DALIA-500,2026-08-31,SKU-DALIA-500,Dalia 500 g,1,32,59,58,0,0
TXN-20260831-SKU-HALDI-100,2026-08-31,SKU-HALDI-100,Turmeric Powder 100 g,4,26,141,137,0,0
TXN-20260831-SKU-HARPIC-500,2026-08-31,SKU-HARPIC-500,Harpic 500 ml,1,114,66,65,0,0
TXN-20260831-SKU-LAYS-52,2026-08-31,SKU-LAYS-52,Lays Classic 52 g,8,19,379,371,0,0
TXN-20260831-SKU-LIFEBUOY-4,2026-08-31,SKU-LIFEBUOY-4,Lifebuoy Soap 4 x 100 g,2,122,89,87,0,0
TXN-20260831-SKU-MAGGI-280,2026-08-31,SKU-MAGGI-280,Maggi Noodles 280 g,4,59,352,348,0,0
TXN-20260831-SKU-MAIDA-1K,2026-08-31,SKU-MAIDA-1K,Maida 1 kg,4,43,179,175,0,0
TXN-20260831-SKU-MIRCH-100,2026-08-31,SKU-MIRCH-100,Red Chilli Powder 100 g,2,37,97,95,0,0
TXN-20260831-SKU-MOONG-1K,2026-08-31,SKU-MOONG-1K,Moong Dal 1 kg,3,125,136,133,0,0
TXN-20260831-SKU-MUST-1L,2026-08-31,SKU-MUST-1L,Fortune Mustard Oil 1 L,4,206,189,185,0,0
TXN-20260831-SKU-OIL-1L,2026-08-31,SKU-OIL-1L,Sunpure Cooking Oil 1 L,7,124,257,250,0,0
TXN-20260831-SKU-PARLE-G,2026-08-31,SKU-PARLE-G,Parle-G Biscuit 250 g,13,23,586,573,0,0
TXN-20260831-SKU-POHA-500,2026-08-31,SKU-POHA-500,Poha 500 g,3,30,101,98,0,0
TXN-20260831-SKU-RAJMA-1K,2026-08-31,SKU-RAJMA-1K,Rajma 1 kg,3,159,144,141,0,0
TXN-20260831-SKU-RICE-1K,2026-08-31,SKU-RICE-1K,Sona Masoori Rice 1 kg,10,66,476,466,0,0
TXN-20260831-SKU-SALT-1K,2026-08-31,SKU-SALT-1K,Tata Salt 1 kg,10,26,390,380,0,0
TXN-20260831-SKU-SUG-1K,2026-08-31,SKU-SUG-1K,Sugar 1 kg,9,46,348,339,0,0
TXN-20260831-SKU-SUJI-500,2026-08-31,SKU-SUJI-500,Suji 500 g,2,31,102,100,0,0
TXN-20260831-SKU-TEA-250,2026-08-31,SKU-TEA-250,Tata Tea Gold 250 g,6,160,228,222,0,0
TXN-20260831-SKU-TOOR-1K,2026-08-31,SKU-TOOR-1K,Toor Dal 1 kg,4,167,257,253,0,0
TXN-20260831-SKU-VIM-500,2026-08-31,SKU-VIM-500,Vim Bar 500 g,3,46,135,132,0,0
TXN-20260831-SKU-WATER-1L,2026-08-31,SKU-WATER-1L,Bisleri Water 1 L,9,18,429,420,0,0
TXN-20260901-SKU-ATTA-5K,2026-09-01,SKU-ATTA-5K,Aashirvaad Atta 5 kg,6,238,247,241,0,0
TXN-20260901-SKU-BAS-5K,2026-09-01,SKU-BAS-5K,India Gate Basmati 5 kg,1,597,50,49,0,0
TXN-20260901-SKU-BESAN-500,2026-09-01,SKU-BESAN-500,Besan 500 g,4,60,368,364,0,0
TXN-20260901-SKU-BREAD-400,2026-09-01,SKU-BREAD-400,Brown Bread 400 g,6,51,262,256,0,0
TXN-20260901-SKU-CHANA-1K,2026-09-01,SKU-CHANA-1K,Kabuli Chana 1 kg,3,154,139,136,0,0
TXN-20260901-SKU-COKE-750,2026-09-01,SKU-COKE-750,Coca-Cola 750 ml,9,35,306,297,0,0
TXN-20260901-SKU-COLGATE-200,2026-09-01,SKU-COLGATE-200,Colgate Toothpaste 200 g,1,114,89,88,0,0
TXN-20260901-SKU-DALIA-500,2026-09-01,SKU-DALIA-500,Dalia 500 g,1,32,58,57,0,0
TXN-20260901-SKU-HALDI-100,2026-09-01,SKU-HALDI-100,Turmeric Powder 100 g,3,26,137,134,0,0
TXN-20260901-SKU-HARPIC-500,2026-09-01,SKU-HARPIC-500,Harpic 500 ml,1,114,65,64,0,0
TXN-20260901-SKU-LAYS-52,2026-09-01,SKU-LAYS-52,Lays Classic 52 g,7,19,371,364,0,0
TXN-20260901-SKU-LIFEBUOY-4,2026-09-01,SKU-LIFEBUOY-4,Lifebuoy Soap 4 x 100 g,2,122,87,85,0,0
TXN-20260901-SKU-MAGGI-280,2026-09-01,SKU-MAGGI-280,Maggi Noodles 280 g,13,59,348,335,0,0
TXN-20260901-SKU-MAIDA-1K,2026-09-01,SKU-MAIDA-1K,Maida 1 kg,2,43,175,173,0,0
TXN-20260901-SKU-MIRCH-100,2026-09-01,SKU-MIRCH-100,Red Chilli Powder 100 g,1,37,95,94,0,0
TXN-20260901-SKU-MOONG-1K,2026-09-01,SKU-MOONG-1K,Moong Dal 1 kg,4,125,133,129,0,0
TXN-20260901-SKU-MUST-1L,2026-09-01,SKU-MUST-1L,Fortune Mustard Oil 1 L,0,206,185,185,0,0
TXN-20260901-SKU-OIL-1L,2026-09-01,SKU-OIL-1L,Sunpure Cooking Oil 1 L,2,124,250,248,0,0
TXN-20260901-SKU-PARLE-G,2026-09-01,SKU-PARLE-G,Parle-G Biscuit 250 g,8,23,573,565,0,0
TXN-20260901-SKU-POHA-500,2026-09-01,SKU-POHA-500,Poha 500 g,2,30,98,96,0,0
TXN-20260901-SKU-RAJMA-1K,2026-09-01,SKU-RAJMA-1K,Rajma 1 kg,3,159,141,138,0,0
TXN-20260901-SKU-RICE-1K,2026-09-01,SKU-RICE-1K,Sona Masoori Rice 1 kg,15,66,466,451,0,0
TXN-20260901-SKU-SALT-1K,2026-09-01,SKU-SALT-1K,Tata Salt 1 kg,9,26,380,371,0,0
TXN-20260901-SKU-SUG-1K,2026-09-01,SKU-SUG-1K,Sugar 1 kg,8,46,339,331,0,0
TXN-20260901-SKU-SUJI-500,2026-09-01,SKU-SUJI-500,Suji 500 g,2,31,100,98,0,0
TXN-20260901-SKU-TEA-250,2026-09-01,SKU-TEA-250,Tata Tea Gold 250 g,4,160,222,218,0,0
TXN-20260901-SKU-TOOR-1K,2026-09-01,SKU-TOOR-1K,Toor Dal 1 kg,4,167,253,249,0,0
TXN-20260901-SKU-VIM-500,2026-09-01,SKU-VIM-500,Vim Bar 500 g,1,46,132,131,0,0
TXN-20260901-SKU-WATER-1L,2026-09-01,SKU-WATER-1L,Bisleri Water 1 L,12,18,420,408,0,0
TXN-20260902-SKU-ATTA-5K,2026-09-02,SKU-ATTA-5K,Aashirvaad Atta 5 kg,4,238,241,237,0,0
TXN-20260902-SKU-BAS-5K,2026-09-02,SKU-BAS-5K,India Gate Basmati 5 kg,1,597,49,48,0,0
TXN-20260902-SKU-BESAN-500,2026-09-02,SKU-BESAN-500,Besan 500 g,3,60,364,361,0,0
TXN-20260902-SKU-BREAD-400,2026-09-02,SKU-BREAD-400,Brown Bread 400 g,8,51,256,248,0,0
TXN-20260902-SKU-CHANA-1K,2026-09-02,SKU-CHANA-1K,Kabuli Chana 1 kg,3,154,136,133,0,0
TXN-20260902-SKU-COKE-750,2026-09-02,SKU-COKE-750,Coca-Cola 750 ml,5,35,297,292,0,0
TXN-20260902-SKU-COLGATE-200,2026-09-02,SKU-COLGATE-200,Colgate Toothpaste 200 g,3,114,88,85,0,0
TXN-20260902-SKU-DALIA-500,2026-09-02,SKU-DALIA-500,Dalia 500 g,1,32,57,56,0,0
TXN-20260902-SKU-HALDI-100,2026-09-02,SKU-HALDI-100,Turmeric Powder 100 g,3,26,134,131,0,0
TXN-20260902-SKU-HARPIC-500,2026-09-02,SKU-HARPIC-500,Harpic 500 ml,2,114,64,62,0,0
TXN-20260902-SKU-LAYS-52,2026-09-02,SKU-LAYS-52,Lays Classic 52 g,8,19,364,356,0,0
TXN-20260902-SKU-LIFEBUOY-4,2026-09-02,SKU-LIFEBUOY-4,Lifebuoy Soap 4 x 100 g,2,122,85,83,0,0
TXN-20260902-SKU-MAGGI-280,2026-09-02,SKU-MAGGI-280,Maggi Noodles 280 g,9,59,335,326,0,0
TXN-20260902-SKU-MAIDA-1K,2026-09-02,SKU-MAIDA-1K,Maida 1 kg,5,43,173,168,0,0
TXN-20260902-SKU-MIRCH-100,2026-09-02,SKU-MIRCH-100,Red Chilli Powder 100 g,2,37,94,92,0,0
TXN-20260902-SKU-MOONG-1K,2026-09-02,SKU-MOONG-1K,Moong Dal 1 kg,4,125,129,125,0,0
TXN-20260902-SKU-MUST-1L,2026-09-02,SKU-MUST-1L,Fortune Mustard Oil 1 L,4,206,185,181,0,0
TXN-20260902-SKU-OIL-1L,2026-09-02,SKU-OIL-1L,Sunpure Cooking Oil 1 L,7,124,248,241,0,0
TXN-20260902-SKU-PARLE-G,2026-09-02,SKU-PARLE-G,Parle-G Biscuit 250 g,13,23,565,552,0,0
TXN-20260902-SKU-POHA-500,2026-09-02,SKU-POHA-500,Poha 500 g,2,30,96,94,0,0
TXN-20260902-SKU-RAJMA-1K,2026-09-02,SKU-RAJMA-1K,Rajma 1 kg,3,159,138,135,0,0
TXN-20260902-SKU-RICE-1K,2026-09-02,SKU-RICE-1K,Sona Masoori Rice 1 kg,10,66,451,441,0,0
TXN-20260902-SKU-SALT-1K,2026-09-02,SKU-SALT-1K,Tata Salt 1 kg,14,26,371,357,0,0
TXN-20260902-SKU-SUG-1K,2026-09-02,SKU-SUG-1K,Sugar 1 kg,11,46,331,320,0,0
TXN-20260902-SKU-SUJI-500,2026-09-02,SKU-SUJI-500,Suji 500 g,2,31,98,96,0,0
TXN-20260902-SKU-TEA-250,2026-09-02,SKU-TEA-250,Tata Tea Gold 250 g,6,160,218,212,0,0
TXN-20260902-SKU-TOOR-1K,2026-09-02,SKU-TOOR-1K,Toor Dal 1 kg,4,167,249,245,0,0
TXN-20260902-SKU-VIM-500,2026-09-02,SKU-VIM-500,Vim Bar 500 g,3,46,131,128,0,0
TXN-20260902-SKU-WATER-1L,2026-09-02,SKU-WATER-1L,Bisleri Water 1 L,12,18,408,396,0,0
TXN-20260903-SKU-ATTA-5K,2026-09-03,SKU-ATTA-5K,Aashirvaad Atta 5 kg,6,238,237,231,0,0
TXN-20260903-SKU-BAS-5K,2026-09-03,SKU-BAS-5K,India Gate Basmati 5 kg,1,597,48,47,0,0
TXN-20260903-SKU-BESAN-500,2026-09-03,SKU-BESAN-500,Besan 500 g,5,60,361,356,0,0
TXN-20260903-SKU-BREAD-400,2026-09-03,SKU-BREAD-400,Brown Bread 400 g,6,51,248,242,0,0
TXN-20260903-SKU-CHANA-1K,2026-09-03,SKU-CHANA-1K,Kabuli Chana 1 kg,2,154,133,131,0,0
TXN-20260903-SKU-COKE-750,2026-09-03,SKU-COKE-750,Coca-Cola 750 ml,6,35,292,286,0,0
TXN-20260903-SKU-COLGATE-200,2026-09-03,SKU-COLGATE-200,Colgate Toothpaste 200 g,0,114,85,85,0,0
TXN-20260903-SKU-DALIA-500,2026-09-03,SKU-DALIA-500,Dalia 500 g,0,32,56,56,0,0
TXN-20260903-SKU-HALDI-100,2026-09-03,SKU-HALDI-100,Turmeric Powder 100 g,3,26,131,128,0,0
TXN-20260903-SKU-HARPIC-500,2026-09-03,SKU-HARPIC-500,Harpic 500 ml,2,114,62,60,0,0
TXN-20260903-SKU-LAYS-52,2026-09-03,SKU-LAYS-52,Lays Classic 52 g,13,19,356,343,0,0
TXN-20260903-SKU-LIFEBUOY-4,2026-09-03,SKU-LIFEBUOY-4,Lifebuoy Soap 4 x 100 g,3,122,83,80,0,0
TXN-20260903-SKU-MAGGI-280,2026-09-03,SKU-MAGGI-280,Maggi Noodles 280 g,8,59,326,318,0,0
TXN-20260903-SKU-MAIDA-1K,2026-09-03,SKU-MAIDA-1K,Maida 1 kg,5,43,168,163,0,0
TXN-20260903-SKU-MIRCH-100,2026-09-03,SKU-MIRCH-100,Red Chilli Powder 100 g,2,37,92,90,0,0
TXN-20260903-SKU-MOONG-1K,2026-09-03,SKU-MOONG-1K,Moong Dal 1 kg,3,125,125,122,0,0
TXN-20260903-SKU-MUST-1L,2026-09-03,SKU-MUST-1L,Fortune Mustard Oil 1 L,4,206,181,177,0,0
TXN-20260903-SKU-OIL-1L,2026-09-03,SKU-OIL-1L,Sunpure Cooking Oil 1 L,5,124,241,236,0,0
TXN-20260903-SKU-PARLE-G,2026-09-03,SKU-PARLE-G,Parle-G Biscuit 250 g,16,23,552,536,0,0
TXN-20260903-SKU-POHA-500,2026-09-03,SKU-POHA-500,Poha 500 g,2,30,94,92,0,0
TXN-20260903-SKU-RAJMA-1K,2026-09-03,SKU-RAJMA-1K,Rajma 1 kg,3,159,135,132,0,0
TXN-20260903-SKU-RICE-1K,2026-09-03,SKU-RICE-1K,Sona Masoori Rice 1 kg,12,66,441,429,0,0
TXN-20260903-SKU-SALT-1K,2026-09-03,SKU-SALT-1K,Tata Salt 1 kg,8,26,357,349,0,0
TXN-20260903-SKU-SUG-1K,2026-09-03,SKU-SUG-1K,Sugar 1 kg,7,46,320,313,0,0
TXN-20260903-SKU-SUJI-500,2026-09-03,SKU-SUJI-500,Suji 500 g,2,31,96,94,0,0
TXN-20260903-SKU-TEA-250,2026-09-03,SKU-TEA-250,Tata Tea Gold 250 g,5,160,212,207,0,0
TXN-20260903-SKU-TOOR-1K,2026-09-03,SKU-TOOR-1K,Toor Dal 1 kg,8,167,245,237,0,0
TXN-20260903-SKU-VIM-500,2026-09-03,SKU-VIM-500,Vim Bar 500 g,3,46,128,125,0,0
TXN-20260903-SKU-WATER-1L,2026-09-03,SKU-WATER-1L,Bisleri Water 1 L,10,18,396,386,0,0
TXN-20260904-SKU-ATTA-5K,2026-09-04,SKU-ATTA-5K,Aashirvaad Atta 5 kg,5,238,231,226,0,0
TXN-20260904-SKU-BAS-5K,2026-09-04,SKU-BAS-5K,India Gate Basmati 5 kg,1,597,47,46,0,0
TXN-20260904-SKU-BESAN-500,2026-09-04,SKU-BESAN-500,Besan 500 g,6,60,356,350,0,0
TXN-20260904-SKU-BREAD-400,2026-09-04,SKU-BREAD-400,Brown Bread 400 g,7,51,242,235,0,0
TXN-20260904-SKU-CHANA-1K,2026-09-04,SKU-CHANA-1K,Kabuli Chana 1 kg,3,154,131,128,0,0
TXN-20260904-SKU-COKE-750,2026-09-04,SKU-COKE-750,Coca-Cola 750 ml,7,35,286,279,0,0
TXN-20260904-SKU-COLGATE-200,2026-09-04,SKU-COLGATE-200,Colgate Toothpaste 200 g,3,114,85,82,0,0
TXN-20260904-SKU-DALIA-500,2026-09-04,SKU-DALIA-500,Dalia 500 g,1,32,56,55,0,0
TXN-20260904-SKU-HALDI-100,2026-09-04,SKU-HALDI-100,Turmeric Powder 100 g,3,26,128,125,0,0
TXN-20260904-SKU-HARPIC-500,2026-09-04,SKU-HARPIC-500,Harpic 500 ml,1,114,60,59,0,0
TXN-20260904-SKU-LAYS-52,2026-09-04,SKU-LAYS-52,Lays Classic 52 g,9,19,343,334,0,0
TXN-20260904-SKU-LIFEBUOY-4,2026-09-04,SKU-LIFEBUOY-4,Lifebuoy Soap 4 x 100 g,1,122,80,79,0,0
TXN-20260904-SKU-MAGGI-280,2026-09-04,SKU-MAGGI-280,Maggi Noodles 280 g,9,59,318,309,0,0
TXN-20260904-SKU-MAIDA-1K,2026-09-04,SKU-MAIDA-1K,Maida 1 kg,4,43,163,159,0,0
TXN-20260904-SKU-MIRCH-100,2026-09-04,SKU-MIRCH-100,Red Chilli Powder 100 g,2,37,90,88,0,0
TXN-20260904-SKU-MOONG-1K,2026-09-04,SKU-MOONG-1K,Moong Dal 1 kg,3,125,122,119,0,0
TXN-20260904-SKU-MUST-1L,2026-09-04,SKU-MUST-1L,Fortune Mustard Oil 1 L,6,206,177,171,0,0
TXN-20260904-SKU-OIL-1L,2026-09-04,SKU-OIL-1L,Sunpure Cooking Oil 1 L,4,124,236,232,0,0
TXN-20260904-SKU-PARLE-G,2026-09-04,SKU-PARLE-G,Parle-G Biscuit 250 g,11,23,536,525,0,0
TXN-20260904-SKU-POHA-500,2026-09-04,SKU-POHA-500,Poha 500 g,2,30,92,90,0,0
TXN-20260904-SKU-RAJMA-1K,2026-09-04,SKU-RAJMA-1K,Rajma 1 kg,3,159,132,129,0,0
TXN-20260904-SKU-RICE-1K,2026-09-04,SKU-RICE-1K,Sona Masoori Rice 1 kg,13,66,429,416,0,0
TXN-20260904-SKU-SALT-1K,2026-09-04,SKU-SALT-1K,Tata Salt 1 kg,6,26,349,343,0,0
TXN-20260904-SKU-SUG-1K,2026-09-04,SKU-SUG-1K,Sugar 1 kg,10,46,313,303,0,0
TXN-20260904-SKU-SUJI-500,2026-09-04,SKU-SUJI-500,Suji 500 g,2,31,94,92,0,0
TXN-20260904-SKU-TEA-250,2026-09-04,SKU-TEA-250,Tata Tea Gold 250 g,6,160,207,201,0,0
TXN-20260904-SKU-TOOR-1K,2026-09-04,SKU-TOOR-1K,Toor Dal 1 kg,5,167,237,232,0,0
TXN-20260904-SKU-VIM-500,2026-09-04,SKU-VIM-500,Vim Bar 500 g,2,46,125,123,0,0
TXN-20260904-SKU-WATER-1L,2026-09-04,SKU-WATER-1L,Bisleri Water 1 L,11,18,386,375,0,0
TXN-20260905-SKU-ATTA-5K,2026-09-05,SKU-ATTA-5K,Aashirvaad Atta 5 kg,4,238,226,222,0,0
TXN-20260905-SKU-BAS-5K,2026-09-05,SKU-BAS-5K,India Gate Basmati 5 kg,1,597,46,45,0,0
TXN-20260905-SKU-BESAN-500,2026-09-05,SKU-BESAN-500,Besan 500 g,4,60,350,346,0,0
TXN-20260905-SKU-BREAD-400,2026-09-05,SKU-BREAD-400,Brown Bread 400 g,5,51,235,230,0,0
TXN-20260905-SKU-CHANA-1K,2026-09-05,SKU-CHANA-1K,Kabuli Chana 1 kg,2,154,128,126,0,0
TXN-20260905-SKU-COKE-750,2026-09-05,SKU-COKE-750,Coca-Cola 750 ml,3,35,279,276,0,0
TXN-20260905-SKU-COLGATE-200,2026-09-05,SKU-COLGATE-200,Colgate Toothpaste 200 g,1,114,82,81,0,0
TXN-20260905-SKU-DALIA-500,2026-09-05,SKU-DALIA-500,Dalia 500 g,1,32,55,54,0,0
TXN-20260905-SKU-HALDI-100,2026-09-05,SKU-HALDI-100,Turmeric Powder 100 g,3,26,125,122,0,0
TXN-20260905-SKU-HARPIC-500,2026-09-05,SKU-HARPIC-500,Harpic 500 ml,1,114,59,58,0,0
TXN-20260905-SKU-LAYS-52,2026-09-05,SKU-LAYS-52,Lays Classic 52 g,6,19,334,328,0,0
TXN-20260905-SKU-LIFEBUOY-4,2026-09-05,SKU-LIFEBUOY-4,Lifebuoy Soap 4 x 100 g,1,122,79,78,0,0
TXN-20260905-SKU-MAGGI-280,2026-09-05,SKU-MAGGI-280,Maggi Noodles 280 g,6,59,309,303,0,0
TXN-20260905-SKU-MAIDA-1K,2026-09-05,SKU-MAIDA-1K,Maida 1 kg,5,43,159,154,0,0
TXN-20260905-SKU-MIRCH-100,2026-09-05,SKU-MIRCH-100,Red Chilli Powder 100 g,2,37,88,86,0,0
TXN-20260905-SKU-MOONG-1K,2026-09-05,SKU-MOONG-1K,Moong Dal 1 kg,3,125,119,116,0,0
TXN-20260905-SKU-MUST-1L,2026-09-05,SKU-MUST-1L,Fortune Mustard Oil 1 L,4,206,171,167,0,0
TXN-20260905-SKU-OIL-1L,2026-09-05,SKU-OIL-1L,Sunpure Cooking Oil 1 L,7,124,232,225,0,0
TXN-20260905-SKU-PARLE-G,2026-09-05,SKU-PARLE-G,Parle-G Biscuit 250 g,20,23,525,505,0,0
TXN-20260905-SKU-POHA-500,2026-09-05,SKU-POHA-500,Poha 500 g,3,30,90,87,0,0
TXN-20260905-SKU-RAJMA-1K,2026-09-05,SKU-RAJMA-1K,Rajma 1 kg,3,159,129,126,0,0
TXN-20260905-SKU-RICE-1K,2026-09-05,SKU-RICE-1K,Sona Masoori Rice 1 kg,12,66,416,404,0,0
TXN-20260905-SKU-SALT-1K,2026-09-05,SKU-SALT-1K,Tata Salt 1 kg,12,26,343,331,0,0
TXN-20260905-SKU-SUG-1K,2026-09-05,SKU-SUG-1K,Sugar 1 kg,7,46,303,296,0,0
TXN-20260905-SKU-SUJI-500,2026-09-05,SKU-SUJI-500,Suji 500 g,3,31,92,89,0,0
TXN-20260905-SKU-TEA-250,2026-09-05,SKU-TEA-250,Tata Tea Gold 250 g,4,160,201,197,0,0
TXN-20260905-SKU-TOOR-1K,2026-09-05,SKU-TOOR-1K,Toor Dal 1 kg,5,167,232,227,0,0
TXN-20260905-SKU-VIM-500,2026-09-05,SKU-VIM-500,Vim Bar 500 g,5,46,123,118,0,0
TXN-20260905-SKU-WATER-1L,2026-09-05,SKU-WATER-1L,Bisleri Water 1 L,9,18,375,366,0,0
TXN-20260906-SKU-ATTA-5K,2026-09-06,SKU-ATTA-5K,Aashirvaad Atta 5 kg,7,238,222,215,0,0
TXN-20260906-SKU-BAS-5K,2026-09-06,SKU-BAS-5K,India Gate Basmati 5 kg,0,597,45,45,0,0
TXN-20260906-SKU-BESAN-500,2026-09-06,SKU-BESAN-500,Besan 500 g,3,60,346,343,0,0
TXN-20260906-SKU-BREAD-400,2026-09-06,SKU-BREAD-400,Brown Bread 400 g,5,51,230,225,0,0
TXN-20260906-SKU-CHANA-1K,2026-09-06,SKU-CHANA-1K,Kabuli Chana 1 kg,2,154,126,124,0,0
TXN-20260906-SKU-COKE-750,2026-09-06,SKU-COKE-750,Coca-Cola 750 ml,6,35,276,270,0,0
TXN-20260906-SKU-COLGATE-200,2026-09-06,SKU-COLGATE-200,Colgate Toothpaste 200 g,3,114,81,78,0,0
TXN-20260906-SKU-DALIA-500,2026-09-06,SKU-DALIA-500,Dalia 500 g,1,32,54,53,0,0
TXN-20260906-SKU-HALDI-100,2026-09-06,SKU-HALDI-100,Turmeric Powder 100 g,2,26,122,120,0,0
TXN-20260906-SKU-HARPIC-500,2026-09-06,SKU-HARPIC-500,Harpic 500 ml,1,114,58,57,0,0
TXN-20260906-SKU-LAYS-52,2026-09-06,SKU-LAYS-52,Lays Classic 52 g,12,19,328,316,0,0
TXN-20260906-SKU-LIFEBUOY-4,2026-09-06,SKU-LIFEBUOY-4,Lifebuoy Soap 4 x 100 g,1,122,78,77,0,0
TXN-20260906-SKU-MAGGI-280,2026-09-06,SKU-MAGGI-280,Maggi Noodles 280 g,7,59,303,296,0,0
TXN-20260906-SKU-MAIDA-1K,2026-09-06,SKU-MAIDA-1K,Maida 1 kg,6,43,154,148,0,0
TXN-20260906-SKU-MIRCH-100,2026-09-06,SKU-MIRCH-100,Red Chilli Powder 100 g,3,37,86,83,0,0
TXN-20260906-SKU-MOONG-1K,2026-09-06,SKU-MOONG-1K,Moong Dal 1 kg,3,125,116,113,0,0
TXN-20260906-SKU-MUST-1L,2026-09-06,SKU-MUST-1L,Fortune Mustard Oil 1 L,3,206,167,164,0,0
TXN-20260906-SKU-OIL-1L,2026-09-06,SKU-OIL-1L,Sunpure Cooking Oil 1 L,6,124,225,219,0,0
TXN-20260906-SKU-PARLE-G,2026-09-06,SKU-PARLE-G,Parle-G Biscuit 250 g,17,23,505,488,0,0
TXN-20260906-SKU-POHA-500,2026-09-06,SKU-POHA-500,Poha 500 g,2,30,87,85,0,0
TXN-20260906-SKU-RAJMA-1K,2026-09-06,SKU-RAJMA-1K,Rajma 1 kg,4,159,126,122,0,0
TXN-20260906-SKU-RICE-1K,2026-09-06,SKU-RICE-1K,Sona Masoori Rice 1 kg,15,66,404,389,0,0
TXN-20260906-SKU-SALT-1K,2026-09-06,SKU-SALT-1K,Tata Salt 1 kg,10,26,331,321,0,0
TXN-20260906-SKU-SUG-1K,2026-09-06,SKU-SUG-1K,Sugar 1 kg,6,46,296,290,0,0
TXN-20260906-SKU-SUJI-500,2026-09-06,SKU-SUJI-500,Suji 500 g,1,31,89,88,0,0
TXN-20260906-SKU-TEA-250,2026-09-06,SKU-TEA-250,Tata Tea Gold 250 g,4,160,197,193,0,0
TXN-20260906-SKU-TOOR-1K,2026-09-06,SKU-TOOR-1K,Toor Dal 1 kg,6,167,227,221,0,0
TXN-20260906-SKU-VIM-500,2026-09-06,SKU-VIM-500,Vim Bar 500 g,3,46,118,115,0,0
TXN-20260906-SKU-WATER-1L,2026-09-06,SKU-WATER-1L,Bisleri Water 1 L,8,18,366,358,0,0
TXN-20260907-SKU-ATTA-5K,2026-09-07,SKU-ATTA-5K,Aashirvaad Atta 5 kg,7,238,215,208,0,0
TXN-20260907-SKU-BAS-5K,2026-09-07,SKU-BAS-5K,India Gate Basmati 5 kg,1,597,45,44,0,0
TXN-20260907-SKU-BESAN-500,2026-09-07,SKU-BESAN-500,Besan 500 g,3,60,343,340,0,0
TXN-20260907-SKU-BREAD-400,2026-09-07,SKU-BREAD-400,Brown Bread 400 g,7,51,225,218,0,0
TXN-20260907-SKU-CHANA-1K,2026-09-07,SKU-CHANA-1K,Kabuli Chana 1 kg,4,154,124,120,0,0
TXN-20260907-SKU-COKE-750,2026-09-07,SKU-COKE-750,Coca-Cola 750 ml,10,35,270,260,0,0
TXN-20260907-SKU-COLGATE-200,2026-09-07,SKU-COLGATE-200,Colgate Toothpaste 200 g,2,114,78,76,0,0
TXN-20260907-SKU-DALIA-500,2026-09-07,SKU-DALIA-500,Dalia 500 g,1,32,53,52,0,0
TXN-20260907-SKU-HALDI-100,2026-09-07,SKU-HALDI-100,Turmeric Powder 100 g,4,26,120,116,0,0
TXN-20260907-SKU-HARPIC-500,2026-09-07,SKU-HARPIC-500,Harpic 500 ml,1,114,57,56,0,0
TXN-20260907-SKU-LAYS-52,2026-09-07,SKU-LAYS-52,Lays Classic 52 g,8,19,316,308,0,0
TXN-20260907-SKU-LIFEBUOY-4,2026-09-07,SKU-LIFEBUOY-4,Lifebuoy Soap 4 x 100 g,2,122,77,75,0,0
TXN-20260907-SKU-MAGGI-280,2026-09-07,SKU-MAGGI-280,Maggi Noodles 280 g,8,59,296,288,0,0
TXN-20260907-SKU-MAIDA-1K,2026-09-07,SKU-MAIDA-1K,Maida 1 kg,3,43,148,145,0,0
TXN-20260907-SKU-MIRCH-100,2026-09-07,SKU-MIRCH-100,Red Chilli Powder 100 g,1,37,83,82,0,0
TXN-20260907-SKU-MOONG-1K,2026-09-07,SKU-MOONG-1K,Moong Dal 1 kg,3,125,113,110,0,0
TXN-20260907-SKU-MUST-1L,2026-09-07,SKU-MUST-1L,Fortune Mustard Oil 1 L,3,206,164,161,0,0
TXN-20260907-SKU-OIL-1L,2026-09-07,SKU-OIL-1L,Sunpure Cooking Oil 1 L,6,124,219,213,0,0
TXN-20260907-SKU-PARLE-G,2026-09-07,SKU-PARLE-G,Parle-G Biscuit 250 g,11,23,488,477,0,0
TXN-20260907-SKU-POHA-500,2026-09-07,SKU-POHA-500,Poha 500 g,2,30,85,83,0,0
TXN-20260907-SKU-RAJMA-1K,2026-09-07,SKU-RAJMA-1K,Rajma 1 kg,4,159,122,118,0,0
TXN-20260907-SKU-RICE-1K,2026-09-07,SKU-RICE-1K,Sona Masoori Rice 1 kg,11,66,389,378,0,0
TXN-20260907-SKU-SALT-1K,2026-09-07,SKU-SALT-1K,Tata Salt 1 kg,6,26,321,315,0,0
TXN-20260907-SKU-SUG-1K,2026-09-07,SKU-SUG-1K,Sugar 1 kg,9,46,290,281,0,0
TXN-20260907-SKU-SUJI-500,2026-09-07,SKU-SUJI-500,Suji 500 g,2,31,88,86,0,0
TXN-20260907-SKU-TEA-250,2026-09-07,SKU-TEA-250,Tata Tea Gold 250 g,8,160,193,185,0,0
TXN-20260907-SKU-TOOR-1K,2026-09-07,SKU-TOOR-1K,Toor Dal 1 kg,7,167,221,214,0,0
TXN-20260907-SKU-VIM-500,2026-09-07,SKU-VIM-500,Vim Bar 500 g,2,46,115,113,0,0
TXN-20260907-SKU-WATER-1L,2026-09-07,SKU-WATER-1L,Bisleri Water 1 L,8,18,358,350,0,0
TXN-20260908-SKU-ATTA-5K,2026-09-08,SKU-ATTA-5K,Aashirvaad Atta 5 kg,5,238,208,203,0,0
TXN-20260908-SKU-BAS-5K,2026-09-08,SKU-BAS-5K,India Gate Basmati 5 kg,1,597,44,43,0,0
TXN-20260908-SKU-BESAN-500,2026-09-08,SKU-BESAN-500,Besan 500 g,4,60,340,336,0,0
TXN-20260908-SKU-BREAD-400,2026-09-08,SKU-BREAD-400,Brown Bread 400 g,5,51,218,213,0,0
TXN-20260908-SKU-CHANA-1K,2026-09-08,SKU-CHANA-1K,Kabuli Chana 1 kg,1,154,120,119,0,0
TXN-20260908-SKU-COKE-750,2026-09-08,SKU-COKE-750,Coca-Cola 750 ml,5,35,260,255,0,0
TXN-20260908-SKU-COLGATE-200,2026-09-08,SKU-COLGATE-200,Colgate Toothpaste 200 g,2,114,76,74,0,0
TXN-20260908-SKU-DALIA-500,2026-09-08,SKU-DALIA-500,Dalia 500 g,1,32,52,51,0,0
TXN-20260908-SKU-HALDI-100,2026-09-08,SKU-HALDI-100,Turmeric Powder 100 g,2,26,116,114,0,0
TXN-20260908-SKU-HARPIC-500,2026-09-08,SKU-HARPIC-500,Harpic 500 ml,2,114,56,54,0,0
TXN-20260908-SKU-LAYS-52,2026-09-08,SKU-LAYS-52,Lays Classic 52 g,7,19,308,301,0,0
TXN-20260908-SKU-LIFEBUOY-4,2026-09-08,SKU-LIFEBUOY-4,Lifebuoy Soap 4 x 100 g,2,122,75,73,0,0
TXN-20260908-SKU-MAGGI-280,2026-09-08,SKU-MAGGI-280,Maggi Noodles 280 g,12,59,288,276,0,0
TXN-20260908-SKU-MAIDA-1K,2026-09-08,SKU-MAIDA-1K,Maida 1 kg,4,43,145,141,0,0
TXN-20260908-SKU-MIRCH-100,2026-09-08,SKU-MIRCH-100,Red Chilli Powder 100 g,3,37,82,79,0,0
TXN-20260908-SKU-MOONG-1K,2026-09-08,SKU-MOONG-1K,Moong Dal 1 kg,3,125,110,107,0,0
TXN-20260908-SKU-MUST-1L,2026-09-08,SKU-MUST-1L,Fortune Mustard Oil 1 L,6,206,161,155,0,0
TXN-20260908-SKU-OIL-1L,2026-09-08,SKU-OIL-1L,Sunpure Cooking Oil 1 L,7,124,213,206,0,0
TXN-20260908-SKU-PARLE-G,2026-09-08,SKU-PARLE-G,Parle-G Biscuit 250 g,14,23,477,463,0,0
TXN-20260908-SKU-POHA-500,2026-09-08,SKU-POHA-500,Poha 500 g,2,30,83,81,0,0
TXN-20260908-SKU-RAJMA-1K,2026-09-08,SKU-RAJMA-1K,Rajma 1 kg,2,159,118,116,0,0
TXN-20260908-SKU-RICE-1K,2026-09-08,SKU-RICE-1K,Sona Masoori Rice 1 kg,13,66,378,365,0,0
TXN-20260908-SKU-SALT-1K,2026-09-08,SKU-SALT-1K,Tata Salt 1 kg,9,26,315,306,0,0
TXN-20260908-SKU-SUG-1K,2026-09-08,SKU-SUG-1K,Sugar 1 kg,9,46,281,272,0,0
TXN-20260908-SKU-SUJI-500,2026-09-08,SKU-SUJI-500,Suji 500 g,2,31,86,84,0,0
TXN-20260908-SKU-TEA-250,2026-09-08,SKU-TEA-250,Tata Tea Gold 250 g,7,160,185,178,0,0
TXN-20260908-SKU-TOOR-1K,2026-09-08,SKU-TOOR-1K,Toor Dal 1 kg,7,167,214,207,0,0
TXN-20260908-SKU-VIM-500,2026-09-08,SKU-VIM-500,Vim Bar 500 g,3,46,113,110,0,0
TXN-20260908-SKU-WATER-1L,2026-09-08,SKU-WATER-1L,Bisleri Water 1 L,10,18,350,340,0,0
