transaction_id,transaction_date,product_id,product_name,quantity_sold,unit_selling_price,opening_stock,closing_stock,recorded_damage,recorded_returns
TXN-20260605-SKU-ATTA-5K,2026-06-05,SKU-ATTA-5K,Aashirvaad Atta 5 kg,5,221,60,55,0,0
TXN-20260605-SKU-BESAN-500,2026-06-05,SKU-BESAN-500,Besan 500 g,3,55,24,21,0,0
TXN-20260605-SKU-BREAD-400,2026-06-05,SKU-BREAD-400,Brown Bread 400 g,3,46,48,45,0,0
TXN-20260605-SKU-CHANA-1K,2026-06-05,SKU-CHANA-1K,Kabuli Chana 1 kg,2,161,24,22,0,0
TXN-20260605-SKU-COKE-750,2026-06-05,SKU-COKE-750,Coca-Cola 750 ml,8,48,84,76,0,0
TXN-20260605-SKU-DALIA-500,2026-06-05,SKU-DALIA-500,Dalia 500 g,1,32,12,11,0,0
TXN-20260605-SKU-DETTOL-250,2026-06-05,SKU-DETTOL-250,Dettol Liquid 250 ml,1,170,12,11,0,0
TXN-20260605-SKU-GHEE-1L,2026-06-05,SKU-GHEE-1L,Amul Ghee 1 L,1,777,12,11,0,0
TXN-20260605-SKU-HALDI-100,2026-06-05,SKU-HALDI-100,Turmeric Powder 100 g,1,32,12,11,0,0
TXN-20260605-SKU-HARPIC-500,2026-06-05,SKU-HARPIC-500,Harpic 500 ml,0,122,12,12,0,0
TXN-20260605-SKU-LAYS-52,2026-06-05,SKU-LAYS-52,Lays Classic 52 g,6,17,84,78,0,0
TXN-20260605-SKU-LIFEBUOY-4,2026-06-05,SKU-LIFEBUOY-4,Lifebuoy Soap 4 x 100 g,3,133,36,33,0,0
TXN-20260605-SKU-MAGGI-280,2026-06-05,SKU-MAGGI-280,Maggi Noodles 280 g,4,63,84,80,0,0
TXN-20260605-SKU-MAIDA-1K,2026-06-05,SKU-MAIDA-1K,Maida 1 kg,5,42,48,43,0,0
TXN-20260605-SKU-MOONG-1K,2026-06-05,SKU-MOONG-1K,Moong Dal 1 kg,1,127,36,35,0,0
TXN-20260605-SKU-MUST-1L,2026-06-05,SKU-MUST-1L,Fortune Mustard Oil 1 L,5,187,60,55,0,0
TXN-20260605-SKU-OIL-1L,2026-06-05,SKU-OIL-1L,Sunpure Cooking Oil 1 L,6,126,96,90,0,0
TXN-20260605-SKU-PARLE-G,2026-06-05,SKU-PARLE-G,Parle-G Biscuit 250 g,13,25,156,143,0,0
TXN-20260605-SKU-RAJMA-1K,2026-06-05,SKU-RAJMA-1K,Rajma 1 kg,2,169,24,22,0,0
TXN-20260605-SKU-SALT-1K,2026-06-05,SKU-SALT-1K,Tata Salt 1 kg,17,27,144,127,0,0
TXN-20260605-SKU-SUG-1K,2026-06-05,SKU-SUG-1K,Sugar 1 kg,13,51,120,107,0,0
TXN-20260605-SKU-SUJI-500,2026-06-05,SKU-SUJI-500,Suji 500 g,1,30,12,11,0,0
TXN-20260605-SKU-SURF-1K,2026-06-05,SKU-SURF-1K,Surf Excel 1 kg,3,133,36,33,0,0
TXN-20260605-SKU-TEA-250,2026-06-05,SKU-TEA-250,Tata Tea Gold 250 g,4,169,48,44,0,0
TXN-20260605-SKU-WATER-1L,2026-06-05,SKU-WATER-1L,Bisleri Water 1 L,16,19,168,152,0,0
TXN-20260606-SKU-ATTA-5K,2026-06-06,SKU-ATTA-5K,Aashirvaad Atta 5 kg,5,221,55,50,0,0
TXN-20260606-SKU-BESAN-500,2026-06-06,SKU-BESAN-500,Besan 500 g,1,55,21,110,0,0
TXN-20260606-SKU-BREAD-400,2026-06-06,SKU-BREAD-400,Brown Bread 400 g,5,46,45,200,0,0
TXN-20260606-SKU-CHANA-1K,2026-06-06,SKU-CHANA-1K,Kabuli Chana 1 kg,2,161,22,20,0,0
TXN-20260606-SKU-COKE-750,2026-06-06,SKU-COKE-750,Coca-Cola 750 ml,7,48,76,359,0,0
TXN-20260606-SKU-DALIA-500,2026-06-06,SKU-DALIA-500,Dalia 500 g,1,32,11,10,0,0
TXN-20260606-SKU-DETTOL-250,2026-06-06,SKU-DETTOL-250,Dettol Liquid 250 ml,1,170,11,60,0,0
TXN-20260606-SKU-GHEE-1L,2026-06-06,SKU-GHEE-1L,Amul Ghee 1 L,1,777,11,60,0,0
TXN-20260606-SKU-HALDI-100,2026-06-06,SKU-HALDI-100,Turmeric Powder 100 g,1,32,11,70,0,0
TXN-20260606-SKU-HARPIC-500,2026-06-06,SKU-HARPIC-500,Harpic 500 ml,0,122,12,52,0,0
TXN-20260606-SKU-LAYS-52,2026-06-06,SKU-LAYS-52,Lays Classic 52 g,9,17,78,359,0,0
TXN-20260606-SKU-LIFEBUOY-4,2026-06-06,SKU-LIFEBUOY-4,Lifebuoy Soap 4 x 100 g,4,133,33,159,0,0
TXN-20260606-SKU-MAGGI-280,2026-06-06,SKU-MAGGI-280,Maggi Noodles 280 g,6,63,80,354,0,0
TXN-20260606-SKU-MAIDA-1K,2026-06-06,SKU-MAIDA-1K,Maida 1 kg,4,42,43,39,0,0
TXN-20260606-SKU-MOONG-1K,2026-06-06,SKU-MOONG-1K,Moong Dal 1 kg,4,127,35,171,0,0
TXN-20260606-SKU-MUST-1L,2026-06-06,SKU-MUST-1L,Fortune Mustard Oil 1 L,6,187,55,269,0,0
TXN-20260606-SKU-OIL-1L,2026-06-06,SKU-OIL-1L,Sunpure Cooking Oil 1 L,10,126,90,460,0,0
TXN-20260606-SKU-PARLE-G,2026-06-06,SKU-PARLE-G,Parle-G Biscuit 250 g,8,25,143,655,0,0
TXN-20260606-SKU-RAJMA-1K,2026-06-06,SKU-RAJMA-1K,Rajma 1 kg,1,169,22,21,0,0
TXN-20260606-SKU-SALT-1K,2026-06-06,SKU-SALT-1K,Tata Salt 1 kg,13,27,127,664,0,0
TXN-20260606-SKU-SUG-1K,2026-06-06,SKU-SUG-1K,Sugar 1 kg,7,51,107,540,0,0
TXN-20260606-SKU-SUJI-500,2026-06-06,SKU-SUJI-500,Suji 500 g,1,30,11,10,0,0
TXN-20260606-SKU-SURF-1K,2026-06-06,SKU-SURF-1K,Surf Excel 1 kg,3,133,33,160,0,0
TXN-20260606-SKU-TEA-250,2026-06-06,SKU-TEA-250,Tata Tea Gold 250 g,4,169,44,220,0,0
TXN-20260606-SKU-WATER-1L,2026-06-06,SKU-WATER-1L,Bisleri Water 1 L,17,19,152,715,0,0
TXN-20260607-SKU-ATTA-5K,2026-06-07,SKU-ATTA-5K,Aashirvaad Atta 5 kg,8,221,50,42,0,0
TXN-20260607-SKU-BESAN-500,2026-06-07,SKU-BESAN-500,Besan 500 g,2,55,110,108,0,0
TXN-20260607-SKU-BREAD-400,2026-06-07,SKU-BREAD-400,Brown Bread 400 g,2,46,200,198,0,0
TXN-20260607-SKU-CHANA-1K,2026-06-07,SKU-CHANA-1K,Kabuli Chana 1 kg,1,161,20,19,0,0
TXN-20260607-SKU-COKE-750,2026-06-07,SKU-COKE-750,Coca-Cola 750 ml,6,48,359,353,0,0
TXN-20260607-SKU-DALIA-500,2026-06-07,SKU-DALIA-500,Dalia 500 g,1,32,10,9,0,0
TXN-20260607-SKU-DETTOL-250,2026-06-07,SKU-DETTOL-250,Dettol Liquid 250 ml,2,170,60,58,0,0
TXN-20260607-SKU-GHEE-1L,2026-06-07,SKU-GHEE-1L,Amul Ghee 1 L,2,777,60,58,0,0
TXN-20260607-SKU-HALDI-100,2026-06-07,SKU-HALDI-100,Turmeric Powder 100 g,1,32,70,69,0,0
TXN-20260607-SKU-HARPIC-500,2026-06-07,SKU-HARPIC-500,Harpic 500 ml,1,122,52,51,0,0
TXN-20260607-SKU-LAYS-52,2026-06-07,SKU-LAYS-52,Lays Classic 52 g,9,17,359,350,0,0
TXN-20260607-SKU-LIFEBUOY-4,2026-06-07,SKU-LIFEBUOY-4,Lifebuoy Soap 4 x 100 g,3,133,159,156,0,0
TXN-20260607-SKU-MAGGI-280,2026-06-07,SKU-MAGGI-280,Maggi Noodles 280 g,9,63,354,345,0,0
TXN-20260607-SKU-MAIDA-1K,2026-06-07,SKU-MAIDA-1K,Maida 1 kg,4,42,39,35,0,0
TXN-20260607-SKU-MOONG-1K,2026-06-07,SKU-MOONG-1K,Moong Dal 1 kg,4,127,171,167,0,0
TXN-20260607-SKU-MUST-1L,2026-06-07,SKU-MUST-1L,Fortune Mustard Oil 1 L,6,187,269,263,0,0
TXN-20260607-SKU-OIL-1L,2026-06-07,SKU-OIL-1L,Sunpure Cooking Oil 1 L,12,126,460,448,0,0
TXN-20260607-SKU-PARLE-G,2026-06-07,SKU-PARLE-G,Parle-G Biscuit 250 g,14,25,655,641,0,0
TXN-20260607-SKU-RAJMA-1K,2026-06-07,SKU-RAJMA-1K,Rajma 1 kg,2,169,21,19,0,0
TXN-20260607-SKU-SALT-1K,2026-06-07,SKU-SALT-1K,Tata Salt 1 kg,10,27,664,654,0,0
TXN-20260607-SKU-SUG-1K,2026-06-07,SKU-SUG-1K,Sugar 1 kg,7,51,540,533,0,0
TXN-20260607-SKU-SUJI-500,2026-06-07,SKU-SUJI-500,Suji 500 g,1,30,10,9,0,0
TXN-20260607-SKU-SURF-1K,2026-06-07,SKU-SURF-1K,Surf Excel 1 kg,5,133,160,155,0,0
TXN-20260607-SKU-TEA-250,2026-06-07,SKU-TEA-250,Tata Tea Gold 250 g,4,169,220,216,0,0
TXN-20260607-SKU-WATER-1L,2026-06-07,SKU-WATER-1L,Bisleri Water 1 L,18,19,715,697,0,0
TXN-20260608-SKU-ATTA-5K,2026-06-08,SKU-ATTA-5K,Aashirvaad Atta 5 kg,8,221,42,34,0,0
TXN-20260608-SKU-BESAN-500,2026-06-08,SKU-BESAN-500,Besan 500 g,1,55,108,107,0,0
TXN-20260608-SKU-BREAD-400,2026-06-08,SKU-BREAD-400,Brown Bread 400 g,3,46,198,195,0,0
TXN-20260608-SKU-CHANA-1K,2026-06-08,SKU-CHANA-1K,Kabuli Chana 1 kg,2,161,19,17,0,0
TXN-20260608-SKU-COKE-750,2026-06-08,SKU-COKE-750,Coca-Cola 750 ml,10,48,353,343,0,0
TXN-20260608-SKU-DALIA-500,2026-06-08,SKU-DALIA-500,Dalia 500 g,1,32,9,8,0,0
TXN-20260608-SKU-DETTOL-250,2026-06-08,SKU-DETTOL-250,Dettol Liquid 250 ml,1,170,58,57,0,0
TXN-20260608-SKU-GHEE-1L,2026-06-08,SKU-GHEE-1L,Amul Ghee 1 L,2,777,58,56,0,0
TXN-20260608-SKU-HALDI-100,2026-06-08,SKU-HALDI-100,Turmeric Powder 100 g,0,32,69,69,0,0
TXN-20260608-SKU-HARPIC-500,2026-06-08,SKU-HARPIC-500,Harpic 500 ml,2,122,51,49,0,0
TXN-20260608-SKU-LAYS-52,2026-06-08,SKU-LAYS-52,Lays Classic 52 g,9,17,350,341,0,0
TXN-20260608-SKU-LIFEBUOY-4,2026-06-08,SKU-LIFEBUOY-4,Lifebuoy Soap 4 x 100 g,4,133,156,152,0,0
TXN-20260608-SKU-MAGGI-280,2026-06-08,SKU-MAGGI-280,Maggi Noodles 280 g,5,63,345,340,0,0
TXN-20260608-SKU-MAIDA-1K,2026-06-08,SKU-MAIDA-1K,Maida 1 kg,4,42,35,31,0,0
TXN-20260608-SKU-MOONG-1K,2026-06-08,SKU-MOONG-1K,Moong Dal 1 kg,3,127,167,164,0,0
TXN-20260608-SKU-MUST-1L,2026-06-08,SKU-MUST-1L,Fortune Mustard Oil 1 L,6,187,263,257,0,0
TXN-20260608-SKU-OIL-1L,2026-06-08,SKU-OIL-1L,Sunpure Cooking Oil 1 L,7,126,448,441,0,0
TXN-20260608-SKU-PARLE-G,2026-06-08,SKU-PARLE-G,Parle-G Biscuit 250 g,14,25,641,627,0,0
TXN-20260608-SKU-RAJMA-1K,2026-06-08,SKU-RAJMA-1K,Rajma 1 kg,3,169,19,16,0,0
TXN-20260608-SKU-SALT-1K,2026-06-08,SKU-SALT-1K,Tata Salt 1 kg,15,27,654,639,0,0
TXN-20260608-SKU-SUG-1K,2026-06-08,SKU-SUG-1K,Sugar 1 kg,17,51,533,516,0,0
TXN-20260608-SKU-SUJI-500,2026-06-08,SKU-SUJI-500,Suji 500 g,0,30,9,9,0,0
TXN-20260608-SKU-SURF-1K,2026-06-08,SKU-SURF-1K,Surf Excel 1 kg,2,133,155,153,0,0
TXN-20260608-SKU-TEA-250,2026-06-08,SKU-TEA-250,Tata Tea Gold 250 g,4,169,216,212,0,0
TXN-20260608-SKU-WATER-1L,2026-06-08,SKU-WATER-1L,Bisleri Water 1 L,19,19,697,678,0,0
TXN-20260609-SKU-ATTA-5K,2026-06-09,SKU-ATTA-5K,Aashirvaad Atta 5 kg,4,221,34,230,0,0
TXN-20260609-SKU-BESAN-500,2026-06-09,SKU-BESAN-500,Besan 500 g,2,55,107,105,0,0
TXN-20260609-SKU-BREAD-400,2026-06-09,SKU-BREAD-400,Brown Bread 400 g,6,46,195,189,0,0
TXN-20260609-SKU-CHANA-1K,2026-06-09,SKU-CHANA-1K,Kabuli Chana 1 kg,1,161,17,96,0,0
TXN-20260609-SKU-COKE-750,2026-06-09,SKU-COKE-750,Coca-Cola 750 ml,6,48,343,337,0,0
TXN-20260609-SKU-DALIA-500,2026-06-09,SKU-DALIA-500,Dalia 500 g,1,32,8,47,0,0
TXN-20260609-SKU-DETTOL-250,2026-06-09,SKU-DETTOL-250,Dettol Liquid 250 ml,1,170,57,56,0,0
TXN-20260609-SKU-GHEE-1L,2026-06-09,SKU-GHEE-1L,Amul Ghee 1 L,1,777,56,55,0,0
TXN-20260609-SKU-HALDI-100,2026-06-09,SKU-HALDI-100,Turmeric Powder 100 g,1,32,69,68,0,0
TXN-20260609-SKU-HARPIC-500,2026-06-09,SKU-HARPIC-500,Harpic 500 ml,0,122,49,49,0,0
TXN-20260609-SKU-LAYS-52,2026-06-09,SKU-LAYS-52,Lays Classic 52 g,6,17,341,335,0,0
TXN-20260609-SKU-LIFEBUOY-4,2026-06-09,SKU-LIFEBUOY-4,Lifebuoy Soap 4 x 100 g,3,133,152,149,0,0
TXN-20260609-SKU-MAGGI-280,2026-06-09,SKU-MAGGI-280,Maggi Noodles 280 g,7,63,340,333,0,0
TXN-20260609-SKU-MAIDA-1K,2026-06-09,SKU-MAIDA-1K,Maida 1 kg,5,42,31,186,0,0
TXN-20260609-SKU-MOONG-1K,2026-06-09,SKU-MOONG-1K,Moong Dal 1 kg,4,127,164,160,0,0
TXN-20260609-SKU-MUST-1L,2026-06-09,SKU-MUST-1L,Fortune Mustard Oil 1 L,6,187,257,251,0,0
TXN-20260609-SKU-OIL-1L,2026-06-09,SKU-OIL-1L,Sunpure Cooking Oil 1 L,7,126,441,434,0,0
TXN-20260609-SKU-PARLE-G,2026-06-09,SKU-PARLE-G,Parle-G Biscuit 250 g,11,25,627,616,0,0
TXN-20260609-SKU-RAJMA-1K,2026-06-09,SKU-RAJMA-1K,Rajma 1 kg,2,169,16,94,0,0
TXN-20260609-SKU-SALT-1K,2026-06-09,SKU-SALT-1K,Tata Salt 1 kg,12,27,639,627,0,0
TXN-20260609-SKU-SUG-1K,2026-06-09,SKU-SUG-1K,Sugar 1 kg,8,51,516,508,0,0
TXN-20260609-SKU-SUJI-500,2026-06-09,SKU-SUJI-500,Suji 500 g,0,30,9,49,0,0
TXN-20260609-SKU-SURF-1K,2026-06-09,SKU-SURF-1K,Surf Excel 1 kg,3,133,153,150,0,0
TXN-20260609-SKU-TEA-250,2026-06-09,SKU-TEA-250,Tata Tea Gold 250 g,3,169,212,209,0,0
TXN-20260609-SKU-WATER-1L,2026-06-09,SKU-WATER-1L,Bisleri Water 1 L,17,19,678,661,0,0
TXN-20260610-SKU-ATTA-5K,2026-06-10,SKU-ATTA-5K,Aashirvaad Atta 5 kg,6,221,230,224,0,0
TXN-20260610-SKU-BESAN-500,2026-06-10,SKU-BESAN-500,Besan 500 g,2,55,105,103,0,0
TXN-20260610-SKU-BREAD-400,2026-06-10,SKU-BREAD-400,Brown Bread 400 g,4,46,189,185,0,0
TXN-20260610-SKU-CHANA-1K,2026-06-10,SKU-CHANA-1K,Kabuli Chana 1 kg,1,161,96,95,0,0
TXN-20260610-SKU-COKE-750,2026-06-10,SKU-COKE-750,Coca-Cola 750 ml,7,48,337,330,0,0
TXN-20260610-SKU-DALIA-500,2026-06-10,SKU-DALIA-500,Dalia 500 g,1,32,47,46,0,0
TXN-20260610-SKU-DETTOL-250,2026-06-10,SKU-DETTOL-250,Dettol Liquid 250 ml,0,170,56,56,0,0
TXN-20260610-SKU-GHEE-1L,2026-06-10,SKU-GHEE-1L,Amul Ghee 1 L,1,777,55,54,0,0
TXN-20260610-SKU-HALDI-100,2026-06-10,SKU-HALDI-100,Turmeric Powder 100 g,2,32,68,66,0,0
TXN-20260610-SKU-HARPIC-500,2026-06-10,SKU-HARPIC-500,Harpic 500 ml,0,122,49,49,0,0
TXN-20260610-SKU-LAYS-52,2026-06-10,SKU-LAYS-52,Lays Classic 52 g,7,17,335,328,0,0
TXN-20260610-SKU-LIFEBUOY-4,2026-06-10,SKU-LIFEBUOY-4,Lifebuoy Soap 4 x 100 g,3,133,149,146,0,0
TXN-20260610-SKU-MAGGI-280,2026-06-10,SKU-MAGGI-280,Maggi Noodles 280 g,6,63,333,327,0,0
TXN-20260610-SKU-MAIDA-1K,2026-06-10,SKU-MAIDA-1K,Maida 1 kg,4,42,186,182,0,0
TXN-20260610-SKU-MOONG-1K,2026-06-10,SKU-MOONG-1K,Moong Dal 1 kg,2,127,160,158,0,0
TXN-20260610-SKU-MUST-1L,2026-06-10,SKU-MUST-1L,Fortune Mustard Oil 1 L,4,187,251,247,0,0
TXN-20260610-SKU-OIL-1L,2026-06-10,SKU-OIL-1L,Sunpure Cooking Oil 1 L,6,126,434,428,0,0
TXN-20260610-SKU-PARLE-G,2026-06-10,SKU-PARLE-G,Parle-G Biscuit 250 g,10,25,616,606,0,0
TXN-20260610-SKU-RAJMA-1K,2026-06-10,SKU-RAJMA-1K,Rajma 1 kg,3,169,94,91,0,0
TXN-20260610-SKU-SALT-1K,2026-06-10,SKU-SALT-1K,Tata Salt 1 kg,15,27,627,612,0,0
TXN-20260610-SKU-SUG-1K,2026-06-10,SKU-SUG-1K,Sugar 1 kg,9,51,508,499,0,0
TXN-20260610-SKU-SUJI-500,2026-06-10,SKU-SUJI-500,Suji 500 g,1,30,49,48,0,0
TXN-20260610-SKU-SURF-1K,2026-06-10,SKU-SURF-1K,Surf Excel 1 kg,3,133,150,147,0,0
TXN-20260610-SKU-TEA-250,2026-06-10,SKU-TEA-250,Tata Tea Gold 250 g,3,169,209,206,0,0
TXN-20260610-SKU-WATER-1L,2026-06-10,SKU-WATER-1L,Bisleri Water 1 L,15,19,661,646,0,0
TXN-20260611-SKU-ATTA-5K,2026-06-11,SKU-ATTA-5K,Aashirvaad Atta 5 kg,5,221,224,219,0,0
TXN-20260611-SKU-BESAN-500,2026-06-11,SKU-BESAN-500,Besan 500 g,2,55,103,101,0,0
TXN-20260611-SKU-BREAD-400,2026-06-11,SKU-BREAD-400,Brown Bread 400 g,1,46,185,184,0,0
TXN-20260611-SKU-CHANA-1K,2026-06-11,SKU-CHANA-1K,Kabuli Chana 1 kg,2,161,95,93,0,0
TXN-20260611-SKU-COKE-750,2026-06-11,SKU-COKE-750,Coca-Cola 750 ml,7,48,330,323,0,0
TXN-20260611-SKU-DALIA-500,2026-06-11,SKU-DALIA-500,Dalia 500 g,2,32,46,44,0,0
TXN-20260611-SKU-DETTOL-250,2026-06-11,SKU-DETTOL-250,Dettol Liquid 250 ml,1,170,56,55,0,0
TXN-20260611-SKU-GHEE-1L,2026-06-11,SKU-GHEE-1L,Amul Ghee 1 L,1,777,54,53,0,0
TXN-20260611-SKU-HALDI-100,2026-06-11,SKU-HALDI-100,Turmeric Powder 100 g,1,32,66,65,0,0
TXN-20260611-SKU-HARPIC-500,2026-06-11,SKU-HARPIC-500,Harpic 500 ml,1,122,49,48,0,0
TXN-20260611-SKU-LAYS-52,2026-06-11,SKU-LAYS-52,Lays Classic 52 g,7,17,328,321,0,0
TXN-20260611-SKU-LIFEBUOY-4,2026-06-11,SKU-LIFEBUOY-4,Lifebuoy Soap 4 x 100 g,2,133,146,144,0,0
TXN-20260611-SKU-MAGGI-280,2026-06-11,SKU-MAGGI-280,Maggi Noodles 280 g,9,63,327,318,0,0
TXN-20260611-SKU-MAIDA-1K,2026-06-11,SKU-MAIDA-1K,Maida 1 kg,4,42,182,178,0,0
TXN-20260611-SKU-MOONG-1K,2026-06-11,SKU-MOONG-1K,Moong Dal 1 kg,3,127,158,155,0,0
TXN-20260611-SKU-MUST-1L,2026-06-11,SKU-MUST-1L,Fortune Mustard Oil 1 L,3,187,247,244,0,0
TXN-20260611-SKU-OIL-1L,2026-06-11,SKU-OIL-1L,Sunpure Cooking Oil 1 L,9,126,428,419,0,0
TXN-20260611-SKU-PARLE-G,2026-06-11,SKU-PARLE-G,Parle-G Biscuit 250 g,13,25,606,593,0,0
TXN-20260611-SKU-RAJMA-1K,2026-06-11,SKU-RAJMA-1K,Rajma 1 kg,2,169,91,89,0,0
TXN-20260611-SKU-SALT-1K,2026-06-11,SKU-SALT-1K,Tata Salt 1 kg,15,27,612,597,0,0
TXN-20260611-SKU-SUG-1K,2026-06-11,SKU-SUG-1K,Sugar 1 kg,15,51,499,484,0,0
TXN-20260611-SKU-SUJI-500,2026-06-11,SKU-SUJI-500,Suji 500 g,2,30,48,46,0,0
TXN-20260611-SKU-SURF-1K,2026-06-11,SKU-SURF-1K,Surf Excel 1 kg,1,133,147,146,0,0
TXN-20260611-SKU-TEA-250,2026-06-11,SKU-TEA-250,Tata Tea Gold 250 g,2,169,206,204,0,0
TXN-20260611-SKU-WATER-1L,2026-06-11,SKU-WATER-1L,Bisleri Water 1 L,10,19,646,636,0,0
TXN-20260612-SKU-ATTA-5K,2026-06-12,SKU-ATTA-5K,Aashirvaad Atta 5 kg,4,221,219,215,0,0
TXN-20260612-SKU-BESAN-500,2026-06-12,SKU-BESAN-500,Besan 500 g,2,55,101,99,0,0
TXN-20260612-SKU-BREAD-400,2026-06-12,SKU-BREAD-400,Brown Bread 400 g,5,46,184,179,0,0
TXN-20260612-SKU-CHANA-1K,2026-06-12,SKU-CHANA-1K,Kabuli Chana 1 kg,1,161,93,92,0,0
TXN-20260612-SKU-COKE-750,2026-06-12,SKU-COKE-750,Coca-Cola 750 ml,9,48,323,314,0,0
TXN-20260612-SKU-DALIA-500,2026-06-12,SKU-DALIA-500,Dalia 500 g,0,32,44,44,0,0
TXN-20260612-SKU-DETTOL-250,2026-06-12,SKU-DETTOL-250,Dettol Liquid 250 ml,3,170,55,52,0,0
TXN-20260612-SKU-GHEE-1L,2026-06-12,SKU-GHEE-1L,Amul Ghee 1 L,0,777,53,53,0,0
TXN-20260612-SKU-HALDI-100,2026-06-12,SKU-HALDI-100,Turmeric Powder 100 g,0,32,65,65,0,0
TXN-20260612-SKU-HARPIC-500,2026-06-12,SKU-HARPIC-500,Harpic 500 ml,0,122,48,48,0,0
TXN-20260612-SKU-LAYS-52,2026-06-12,SKU-LAYS-52,Lays Classic 52 g,5,17,321,316,0,0
TXN-20260612-SKU-LIFEBUOY-4,2026-06-12,SKU-LIFEBUOY-4,Lifebuoy Soap 4 x 100 g,4,133,144,140,0,0
TXN-20260612-SKU-MAGGI-280,2026-06-12,SKU-MAGGI-280,Maggi Noodles 280 g,9,63,318,309,0,0
TXN-20260612-SKU-MAIDA-1K,2026-06-12,SKU-MAIDA-1K,Maida 1 kg,3,42,178,175,0,0
TXN-20260612-SKU-MOONG-1K,2026-06-12,SKU-MOONG-1K,Moong Dal 1 kg,2,127,155,153,0,0
TXN-20260612-SKU-MUST-1L,2026-06-12,SKU-MUST-1L,Fortune Mustard Oil 1 L,5,187,244,239,0,0
TXN-20260612-SKU-OIL-1L,2026-06-12,SKU-OIL-1L,Sunpure Cooking Oil 1 L,5,126,419,414,0,0
TXN-20260612-SKU-PARLE-G,2026-06-12,SKU-PARLE-G,Parle-G Biscuit 250 g,15,25,593,578,0,0
TXN-20260612-SKU-RAJMA-1K,2026-06-12,SKU-RAJMA-1K,Rajma 1 kg,2,169,89,87,0,0
TXN-20260612-SKU-SALT-1K,2026-06-12,SKU-SALT-1K,Tata Salt 1 kg,12,27,597,585,0,0
TXN-20260612-SKU-SUG-1K,2026-06-12,SKU-SUG-1K,Sugar 1 kg,15,51,484,469,0,0
TXN-20260612-SKU-SUJI-500,2026-06-12,SKU-SUJI-500,Suji 500 g,2,30,46,44,0,0
TXN-20260612-SKU-SURF-1K,2026-06-12,SKU-SURF-1K,Surf Excel 1 kg,3,133,146,143,0,0
TXN-20260612-SKU-TEA-250,2026-06-12,SKU-TEA-250,Tata Tea Gold 250 g,4,169,204,200,0,0
TXN-20260612-SKU-WATER-1L,2026-06-12,SKU-WATER-1L,Bisleri Water 1 L,10,19,636,626,0,0
TXN-20260613-SKU-ATTA-5K,2026-06-13,SKU-ATTA-5K,Aashirvaad Atta 5 kg,4,221,215,211,0,0
TXN-20260613-SKU-BESAN-500,2026-06-13,SKU-BESAN-500,Besan 500 g,1,55,99,98,0,0
TXN-20260613-SKU-BREAD-400,2026-06-13,SKU-BREAD-400,Brown Bread 400 g,4,46,179,175,0,0
TXN-20260613-SKU-CHANA-1K,2026-06-13,SKU-CHANA-1K,Kabuli Chana 1 kg,1,161,92,91,0,0
TXN-20260613-SKU-COKE-750,2026-06-13,SKU-COKE-750,Coca-Cola 750 ml,7,48,314,307,0,0
TXN-20260613-SKU-DALIA-500,2026-06-13,SKU-DALIA-500,Dalia 500 g,1,32,44,43,0,0
TXN-20260613-SKU-DETTOL-250,2026-06-13,SKU-DETTOL-250,Dettol Liquid 250 ml,1,170,52,51,0,0
TXN-20260613-SKU-GHEE-1L,2026-06-13,SKU-GHEE-1L,Amul Ghee 1 L,1,777,53,52,0,0
TXN-20260613-SKU-HALDI-100,2026-06-13,SKU-HALDI-100,Turmeric Powder 100 g,1,32,65,64,0,0
TXN-20260613-SKU-HARPIC-500,2026-06-13,SKU-HARPIC-500,Harpic 500 ml,2,122,48,46,0,0
TXN-20260613-SKU-LAYS-52,2026-06-13,SKU-LAYS-52,Lays Classic 52 g,8,17,316,308,0,0
TXN-20260613-SKU-LIFEBUOY-4,2026-06-13,SKU-LIFEBUOY-4,Lifebuoy Soap 4 x 100 g,3,133,140,137,0,0
TXN-20260613-SKU-MAGGI-280,2026-06-13,SKU-MAGGI-280,Maggi Noodles 280 g,8,63,309,301,0,0
TXN-20260613-SKU-MAIDA-1K,2026-06-13,SKU-MAIDA-1K,Maida 1 kg,4,42,175,171,0,0
TXN-20260613-SKU-MOONG-1K,2026-06-13,SKU-MOONG-1K,Moong Dal 1 kg,2,127,153,151,0,0
TXN-20260613-SKU-MUST-1L,2026-06-13,SKU-MUST-1L,Fortune Mustard Oil 1 L,5,187,239,234,0,0
TXN-20260613-SKU-OIL-1L,2026-06-13,SKU-OIL-1L,Sunpure Cooking Oil 1 L,8,126,414,406,0,0
TXN-20260613-SKU-PARLE-G,2026-06-13,SKU-PARLE-G,Parle-G Biscuit 250 g,15,25,578,563,0,0
TXN-20260613-SKU-RAJMA-1K,2026-06-13,SKU-RAJMA-1K,Rajma 1 kg,2,169,87,85,0,0
TXN-20260613-SKU-SALT-1K,2026-06-13,SKU-SALT-1K,Tata Salt 1 kg,12,27,585,573,0,0
TXN-20260613-SKU-SUG-1K,2026-06-13,SKU-SUG-1K,Sugar 1 kg,7,51,469,462,0,0
TXN-20260613-SKU-SUJI-500,2026-06-13,SKU-SUJI-500,Suji 500 g,2,30,44,42,0,0
TXN-20260613-SKU-SURF-1K,2026-06-13,SKU-SURF-1K,Surf Excel 1 kg,1,133,143,142,0,0
TXN-20260613-SKU-TEA-250,2026-06-13,SKU-TEA-250,Tata Tea Gold 250 g,4,169,200,196,0,0
TXN-20260613-SKU-WATER-1L,2026-06-13,SKU-WATER-1L,Bisleri Water 1 L,14,19,626,612,0,0
TXN-20260614-SKU-ATTA-5K,2026-06-14,SKU-ATTA-5K,Aashirvaad Atta 5 kg,5,210,211,206,0,0
TXN-20260614-SKU-BESAN-500,2026-06-14,SKU-BESAN-500,Besan 500 g,1,55,98,97,0,0
TXN-20260614-SKU-BREAD-400,2026-06-14,SKU-BREAD-400,Brown Bread 400 g,6,46,175,169,0,0
TXN-20260614-SKU-CHANA-1K,2026-06-14,SKU-CHANA-1K,Kabuli Chana 1 kg,2,161,91,89,0,0
TXN-20260614-SKU-COKE-750,2026-06-14,SKU-COKE-750,Coca-Cola 750 ml,7,48,307,300,0,0
TXN-20260614-SKU-DALIA-500,2026-06-14,SKU-DALIA-500,Dalia 500 g,1,32,43,42,0,0
TXN-20260614-SKU-DETTOL-250,2026-06-14,SKU-DETTOL-250,Dettol Liquid 250 ml,2,170,51,49,0,0
TXN-20260614-SKU-GHEE-1L,2026-06-14,SKU-GHEE-1L,Amul Ghee 1 L,0,777,52,52,0,0
TXN-20260614-SKU-HALDI-100,2026-06-14,SKU-HALDI-100,Turmeric Powder 100 g,3,32,64,61,0,0
TXN-20260614-SKU-HARPIC-500,2026-06-14,SKU-HARPIC-500,Harpic 500 ml,1,122,46,45,0,0
TXN-20260614-SKU-LAYS-52,2026-06-14,SKU-LAYS-52,Lays Classic 52 g,6,17,308,302,0,0
TXN-20260614-SKU-LIFEBUOY-4,2026-06-14,SKU-LIFEBUOY-4,Lifebuoy Soap 4 x 100 g,4,133,137,133,0,0
TXN-20260614-SKU-MAGGI-280,2026-06-14,SKU-MAGGI-280,Maggi Noodles 280 g,7,63,301,294,0,0
TXN-20260614-SKU-MAIDA-1K,2026-06-14,SKU-MAIDA-1K,Maida 1 kg,4,42,171,167,0,0
TXN-20260614-SKU-MOONG-1K,2026-06-14,SKU-MOONG-1K,Moong Dal 1 kg,3,127,151,148,0,0
TXN-20260614-SKU-MUST-1L,2026-06-14,SKU-MUST-1L,Fortune Mustard Oil 1 L,4,187,234,230,0,0
TXN-20260614-SKU-OIL-1L,2026-06-14,SKU-OIL-1L,Sunpure Cooking Oil 1 L,10,126,406,396,0,0
TXN-20260614-SKU-PARLE-G,2026-06-14,SKU-PARLE-G,Parle-G Biscuit 250 g,14,25,563,549,0,0
TXN-20260614-SKU-RAJMA-1K,2026-06-14,SKU-RAJMA-1K,Rajma 1 kg,2,169,85,83,0,0
TXN-20260614-SKU-SALT-1K,2026-06-14,SKU-SALT-1K,Tata Salt 1 kg,13,27,573,560,0,0
TXN-20260614-SKU-SUG-1K,2026-06-14,SKU-SUG-1K,Sugar 1 kg,14,51,462,448,0,0
TXN-20260614-SKU-SUJI-500,2026-06-14,SKU-SUJI-500,Suji 500 g,0,30,42,42,0,0
TXN-20260614-SKU-SURF-1K,2026-06-14,SKU-SURF-1K,Surf Excel 1 kg,2,133,142,140,0,0
TXN-20260614-SKU-TEA-250,2026-06-14,SKU-TEA-250,Tata Tea Gold 250 g,6,169,196,190,0,0
TXN-20260614-SKU-WATER-1L,2026-06-14,SKU-WATER-1L,Bisleri Water 1 L,12,19,612,600,0,0
TXN-20260615-SKU-ATTA-5K,2026-06-15,SKU-ATTA-5K,Aashirvaad Atta 5 kg,5,210,206,201,0,0
TXN-20260615-SKU-BESAN-500,2026-06-15,SKU-BESAN-500,Besan 500 g,2,55,97,95,0,0
TXN-20260615-SKU-BREAD-400,2026-06-15,SKU-BREAD-400,Brown Bread 400 g,4,46,169,165,0,0
TXN-20260615-SKU-CHANA-1K,2026-06-15,SKU-CHANA-1K,Kabuli Chana 1 kg,2,161,89,87,0,0
TXN-20260615-SKU-COKE-750,2026-06-15,SKU-COKE-750,Coca-Cola 750 ml,7,48,300,293,0,0
TXN-20260615-SKU-DALIA-500,2026-06-15,SKU-DALIA-500,Dalia 500 g,1,32,42,41,0,0
TXN-20260615-SKU-DETTOL-250,2026-06-15,SKU-DETTOL-250,Dettol Liquid 250 ml,0,170,49,49,0,0
TXN-20260615-SKU-GHEE-1L,2026-06-15,SKU-GHEE-1L,Amul Ghee 1 L,0,777,52,52,0,0
TXN-20260615-SKU-HALDI-100,2026-06-15,SKU-HALDI-100,Turmeric Powder 100 g,2,32,61,59,0,0
TXN-20260615-SKU-HARPIC-500,2026-06-15,SKU-HARPIC-500,Harpic 500 ml,1,122,45,44,0,0
TXN-20260615-SKU-LAYS-52,2026-06-15,SKU-LAYS-52,Lays Classic 52 g,8,17,302,294,0,0
TXN-20260615-SKU-LIFEBUOY-4,2026-06-15,SKU-LIFEBUOY-4,Lifebuoy Soap 4 x 100 g,3,133,133,130,0,0
TXN-20260615-SKU-MAGGI-280,2026-06-15,SKU-MAGGI-280,Maggi Noodles 280 g,6,63,294,288,0,0
TXN-20260615-SKU-MAIDA-1K,2026-06-15,SKU-MAIDA-1K,Maida 1 kg,4,42,167,163,0,0
TXN-20260615-SKU-MOONG-1K,2026-06-15,SKU-MOONG-1K,Moong Dal 1 kg,4,127,148,144,0,0
TXN-20260615-SKU-MUST-1L,2026-06-15,SKU-MUST-1L,Fortune Mustard Oil 1 L,6,187,230,224,0,0
TXN-20260615-SKU-OIL-1L,2026-06-15,SKU-OIL-1L,Sunpure Cooking Oil 1 L,13,126,396,383,0,0
TXN-20260615-SKU-PARLE-G,2026-06-15,SKU-PARLE-G,Parle-G Biscuit 250 g,13,25,549,536,0,0
TXN-20260615-SKU-RAJMA-1K,2026-06-15,SKU-RAJMA-1K,Rajma 1 kg,2,169,83,81,0,0
TXN-20260615-SKU-SALT-1K,2026-06-15,SKU-SALT-1K,Tata Salt 1 kg,15,27,560,545,0,0
TXN-20260615-SKU-SUG-1K,2026-06-15,SKU-SUG-1K,Sugar 1 kg,16,51,448,432,0,0
TXN-20260615-SKU-SUJI-500,2026-06-15,SKU-SUJI-500,Suji 500 g,1,30,42,41,0,0
TXN-20260615-SKU-SURF-1K,2026-06-15,SKU-SURF-1K,Surf Excel 1 kg,3,133,140,137,0,0
TXN-20260615-SKU-TEA-250,2026-06-15,SKU-TEA-250,Tata Tea Gold 250 g,4,169,190,186,0,0
TXN-20260615-SKU-WATER-1L,2026-06-15,SKU-WATER-1L,Bisleri Water 1 L,4,19,600,596,0,0
TXN-20260616-SKU-ATTA-5K,2026-06-16,SKU-ATTA-5K,Aashirvaad Atta 5 kg,6,210,201,195,0,0
TXN-20260616-SKU-BESAN-500,2026-06-16,SKU-BESAN-500,Besan 500 g,1,55,95,94,0,0
TXN-20260616-SKU-BREAD-400,2026-06-16,SKU-BREAD-400,Brown Bread 400 g,5,46,165,160,0,0
TXN-20260616-SKU-CHANA-1K,2026-06-16,SKU-CHANA-1K,Kabuli Chana 1 kg,2,161,87,85,0,0
TXN-20260616-SKU-COKE-750,2026-06-16,SKU-COKE-750,Coca-Cola 750 ml,5,48,293,288,0,0
TXN-20260616-SKU-DALIA-500,2026-06-16,SKU-DALIA-500,Dalia 500 g,2,32,41,39,0,0
TXN-20260616-SKU-DETTOL-250,2026-06-16,SKU-DETTOL-250,Dettol Liquid 250 ml,1,170,49,48,0,0
TXN-20260616-SKU-GHEE-1L,2026-06-16,SKU-GHEE-1L,Amul Ghee 1 L,2,777,52,50,0,0
TXN-20260616-SKU-HALDI-100,2026-06-16,SKU-HALDI-100,Turmeric Powder 100 g,1,32,59,58,0,0
TXN-20260616-SKU-HARPIC-500,2026-06-16,SKU-HARPIC-500,Harpic 500 ml,1,122,44,43,0,0
TXN-20260616-SKU-LAYS-52,2026-06-16,SKU-LAYS-52,Lays Classic 52 g,5,17,294,289,0,0
TXN-20260616-SKU-LIFEBUOY-4,2026-06-16,SKU-LIFEBUOY-4,Lifebuoy Soap 4 x 100 g,4,133,130,126,0,0
TXN-20260616-SKU-MAGGI-280,2026-06-16,SKU-MAGGI-280,Maggi Noodles 280 g,8,63,288,280,0,0
TXN-20260616-SKU-MAIDA-1K,2026-06-16,SKU-MAIDA-1K,Maida 1 kg,3,42,163,160,0,0
TXN-20260616-SKU-MOONG-1K,2026-06-16,SKU-MOONG-1K,Moong Dal 1 kg,1,127,144,143,0,0
TXN-20260616-SKU-MUST-1L,2026-06-16,SKU-MUST-1L,Fortune Mustard Oil 1 L,3,187,224,221,0,0
TXN-20260616-SKU-OIL-1L,2026-06-16,SKU-OIL-1L,Sunpure Cooking Oil 1 L,11,126,383,372,0,0
TXN-20260616-SKU-PARLE-G,2026-06-16,SKU-PARLE-G,Parle-G Biscuit 250 g,14,25,536,522,0,0
TXN-20260616-SKU-RAJMA-1K,2026-06-16,SKU-RAJMA-1K,Rajma 1 kg,1,169,81,80,0,0
TXN-20260616-SKU-SALT-1K,2026-06-16,SKU-SALT-1K,Tata Salt 1 kg,6,27,545,539,0,0
TXN-20260616-SKU-SUG-1K,2026-06-16,SKU-SUG-1K,Sugar 1 kg,14,51,432,418,0,0
TXN-20260616-SKU-SUJI-500,2026-06-16,SKU-SUJI-500,Suji 500 g,0,30,41,41,0,0
TXN-20260616-SKU-SURF-1K,2026-06-16,SKU-SURF-1K,Surf Excel 1 kg,3,133,137,134,0,0
TXN-20260616-SKU-TEA-250,2026-06-16,SKU-TEA-250,Tata Tea Gold 250 g,5,169,186,181,0,0
TXN-20260616-SKU-WATER-1L,2026-06-16,SKU-WATER-1L,Bisleri Water 1 L,10,19,596,586,0,0
TXN-20260617-SKU-ATTA-5K,2026-06-17,SKU-ATTA-5K,Aashirvaad Atta 5 kg,5,210,195,190,0,0
TXN-20260617-SKU-BESAN-500,2026-06-17,SKU-BESAN-500,Besan 500 g,1,55,94,93,0,0
TXN-20260617-SKU-BREAD-400,2026-06-17,SKU-BREAD-400,Brown Bread 400 g,3,46,160,157,0,0
TXN-20260617-SKU-CHANA-1K,2026-06-17,SKU-CHANA-1K,Kabuli Chana 1 kg,3,161,85,82,0,0
TXN-20260617-SKU-COKE-750,2026-06-17,SKU-COKE-750,Coca-Cola 750 ml,9,48,288,279,0,0
TXN-20260617-SKU-DALIA-500,2026-06-17,SKU-DALIA-500,Dalia 500 g,1,32,39,38,0,0
TXN-20260617-SKU-DETTOL-250,2026-06-17,SKU-DETTOL-250,Dettol Liquid 250 ml,1,170,48,47,0,0
TXN-20260617-SKU-GHEE-1L,2026-06-17,SKU-GHEE-1L,Amul Ghee 1 L,1,777,50,49,0,0
TXN-20260617-SKU-HALDI-100,2026-06-17,SKU-HALDI-100,Turmeric Powder 100 g,1,32,58,57,0,0
TXN-20260617-SKU-HARPIC-500,2026-06-17,SKU-HARPIC-500,Harpic 500 ml,1,122,43,42,0,0
TXN-20260617-SKU-LAYS-52,2026-06-17,SKU-LAYS-52,Lays Classic 52 g,7,17,289,282,0,0
TXN-20260617-SKU-LIFEBUOY-4,2026-06-17,SKU-LIFEBUOY-4,Lifebuoy Soap 4 x 100 g,2,133,126,124,0,0
TXN-20260617-SKU-MAGGI-280,2026-06-17,SKU-MAGGI-280,Maggi Noodles 280 g,6,63,280,274,0,0
TXN-20260617-SKU-MAIDA-1K,2026-06-17,SKU-MAIDA-1K,Maida 1 kg,4,42,160,156,0,0
TXN-20260617-SKU-MOONG-1K,2026-06-17,SKU-MOONG-1K,Moong Dal 1 kg,4,127,143,139,0,0
TXN-20260617-SKU-MUST-1L,2026-06-17,SKU-MUST-1L,Fortune Mustard Oil 1 L,7,187,221,214,0,0
TXN-20260617-SKU-OIL-1L,2026-06-17,SKU-OIL-1L,Sunpure Cooking Oil 1 L,5,126,372,367,0,0
TXN-20260617-SKU-PARLE-G,2026-06-17,SKU-PARLE-G,Parle-G Biscuit 250 g,12,25,522,510,0,0
TXN-20260617-SKU-RAJMA-1K,2026-06-17,SKU-RAJMA-1K,Rajma 1 kg,2,169,80,78,0,0
TXN-20260617-SKU-SALT-1K,2026-06-17,SKU-SALT-1K,Tata Salt 1 kg,14,27,539,525,0,0
TXN-20260617-SKU-SUG-1K,2026-06-17,SKU-SUG-1K,Sugar 1 kg,10,51,418,408,0,0
TXN-20260617-SKU-SUJI-500,2026-06-17,SKU-SUJI-500,Suji 500 g,1,30,41,40,0,0
TXN-20260617-SKU-SURF-1K,2026-06-17,SKU-SURF-1K,Surf Excel 1 kg,3,133,134,131,0,0
TXN-20260617-SKU-TEA-250,2026-06-17,SKU-TEA-250,Tata Tea Gold 250 g,3,169,181,178,0,0
TXN-20260617-SKU-WATER-1L,2026-06-17,SKU-WATER-1L,Bisleri Water 1 L,18,19,586,568,0,0
TXN-20260618-SKU-ATTA-5K,2026-06-18,SKU-ATTA-5K,Aashirvaad Atta 5 kg,5,210,190,185,0,0
TXN-20260618-SKU-BESAN-500,2026-06-18,SKU-BESAN-500,Besan 500 g,2,55,93,91,0,0
TXN-20260618-SKU-BREAD-400,2026-06-18,SKU-BREAD-400,Brown Bread 400 g,4,46,157,153,0,0
TXN-20260618-SKU-CHANA-1K,2026-06-18,SKU-CHANA-1K,Kabuli Chana 1 kg,2,161,82,80,0,0
TXN-20260618-SKU-COKE-750,2026-06-18,SKU-COKE-750,Coca-Cola 750 ml,7,48,279,272,0,0
TXN-20260618-SKU-DALIA-500,2026-06-18,SKU-DALIA-500,Dalia 500 g,1,32,38,37,0,0
TXN-20260618-SKU-DETTOL-250,2026-06-18,SKU-DETTOL-250,Dettol Liquid 250 ml,1,170,47,46,0,0
TXN-20260618-SKU-GHEE-1L,2026-06-18,SKU-GHEE-1L,Amul Ghee 1 L,1,777,49,48,0,0
TXN-20260618-SKU-HALDI-100,2026-06-18,SKU-HALDI-100,Turmeric Powder 100 g,2,32,57,55,0,0
TXN-20260618-SKU-HARPIC-500,2026-06-18,SKU-HARPIC-500,Harpic 500 ml,2,122,42,40,0,0
TXN-20260618-SKU-LAYS-52,2026-06-18,SKU-LAYS-52,Lays Classic 52 g,8,17,282,274,0,0
TXN-20260618-SKU-LIFEBUOY-4,2026-06-18,SKU-LIFEBUOY-4,Lifebuoy Soap 4 x 100 g,3,133,124,121,0,0
TXN-20260618-SKU-MAGGI-280,2026-06-18,SKU-MAGGI-280,Maggi Noodles 280 g,4,63,274,270,0,0
TXN-20260618-SKU-MAIDA-1K,2026-06-18,SKU-MAIDA-1K,Maida 1 kg,4,42,156,152,0,0
TXN-20260618-SKU-MOONG-1K,2026-06-18,SKU-MOONG-1K,Moong Dal 1 kg,4,127,139,135,0,0
TXN-20260618-SKU-MUST-1L,2026-06-18,SKU-MUST-1L,Fortune Mustard Oil 1 L,3,187,214,211,0,0
TXN-20260618-SKU-OIL-1L,2026-06-18,SKU-OIL-1L,Sunpure Cooking Oil 1 L,7,126,367,360,0,0
TXN-20260618-SKU-PARLE-G,2026-06-18,SKU-PARLE-G,Parle-G Biscuit 250 g,15,25,510,495,0,0
TXN-20260618-SKU-RAJMA-1K,2026-06-18,SKU-RAJMA-1K,Rajma 1 kg,1,169,78,77,0,0
TXN-20260618-SKU-SALT-1K,2026-06-18,SKU-SALT-1K,Tata Salt 1 kg,15,27,525,510,0,0
TXN-20260618-SKU-SUG-1K,2026-06-18,SKU-SUG-1K,Sugar 1 kg,7,51,408,401,0,0
TXN-20260618-SKU-SUJI-500,2026-06-18,SKU-SUJI-500,Suji 500 g,1,30,40,39,0,0
TXN-20260618-SKU-SURF-1K,2026-06-18,SKU-SURF-1K,Surf Excel 1 kg,6,133,131,125,0,0
TXN-20260618-SKU-TEA-250,2026-06-18,SKU-TEA-250,Tata Tea Gold 250 g,5,169,178,173,0,0
TXN-20260618-SKU-WATER-1L,2026-06-18,SKU-WATER-1L,Bisleri Water 1 L,15,19,568,553,0,0
TXN-20260619-SKU-ATTA-5K,2026-06-19,SKU-ATTA-5K,Aashirvaad Atta 5 kg,5,221,185,180,0,0
TXN-20260619-SKU-BESAN-500,2026-06-19,SKU-BESAN-500,Besan 500 g,2,55,91,89,0,0
TXN-20260619-SKU-BREAD-400,2026-06-19,SKU-BREAD-400,Brown Bread 400 g,3,46,153,150,0,0
TXN-20260619-SKU-CHANA-1K,2026-06-19,SKU-CHANA-1K,Kabuli Chana 1 kg,3,161,80,77,0,0
TXN-20260619-SKU-COKE-750,2026-06-19,SKU-COKE-750,Coca-Cola 750 ml,9,48,272,263,0,0
TXN-20260619-SKU-DALIA-500,2026-06-19,SKU-DALIA-500,Dalia 500 g,1,32,37,36,0,0
TXN-20260619-SKU-DETTOL-250,2026-06-19,SKU-DETTOL-250,Dettol Liquid 250 ml,0,170,46,46,0,0
TXN-20260619-SKU-GHEE-1L,2026-06-19,SKU-GHEE-1L,Amul Ghee 1 L,0,777,48,48,0,0
TXN-20260619-SKU-HALDI-100,2026-06-19,SKU-HALDI-100,Turmeric Powder 100 g,0,32,55,55,0,0
TXN-20260619-SKU-HARPIC-500,2026-06-19,SKU-HARPIC-500,Harpic 500 ml,1,122,40,39,0,0
TXN-20260619-SKU-LAYS-52,2026-06-19,SKU-LAYS-52,Lays Classic 52 g,7,17,274,267,0,0
TXN-20260619-SKU-LIFEBUOY-4,2026-06-19,SKU-LIFEBUOY-4,Lifebuoy Soap 4 x 100 g,2,133,121,119,0,0
TXN-20260619-SKU-MAGGI-280,2026-06-19,SKU-MAGGI-280,Maggi Noodles 280 g,5,63,270,265,0,0
TXN-20260619-SKU-MAIDA-1K,2026-06-19,SKU-MAIDA-1K,Maida 1 kg,4,42,152,148,0,0
TXN-20260619-SKU-MOONG-1K,2026-06-19,SKU-MOONG-1K,Moong Dal 1 kg,3,127,135,132,0,0
TXN-20260619-SKU-MUST-1L,2026-06-19,SKU-MUST-1L,Fortune Mustard Oil 1 L,7,187,211,204,0,0
TXN-20260619-SKU-OIL-1L,2026-06-19,SKU-OIL-1L,Sunpure Cooking Oil 1 L,7,126,360,353,0,0
TXN-20260619-SKU-PARLE-G,2026-06-19,SKU-PARLE-G,Parle-G Biscuit 250 g,14,25,495,481,0,0
TXN-20260619-SKU-RAJMA-1K,2026-06-19,SKU-RAJMA-1K,Rajma 1 kg,1,169,77,76,0,0
TXN-20260619-SKU-SALT-1K,2026-06-19,SKU-SALT-1K,Tata Salt 1 kg,13,27,510,497,0,0
TXN-20260619-SKU-SUG-1K,2026-06-19,SKU-SUG-1K,Sugar 1 kg,7,51,401,394,0,0
TXN-20260619-SKU-SUJI-500,2026-06-19,SKU-SUJI-500,Suji 500 g,1,30,39,38,0,0
TXN-20260619-SKU-SURF-1K,2026-06-19,SKU-SURF-1K,Surf Excel 1 kg,3,133,125,122,0,0
TXN-20260619-SKU-TEA-250,2026-06-19,SKU-TEA-250,Tata Tea Gold 250 g,5,169,173,168,0,0
TXN-20260619-SKU-WATER-1L,2026-06-19,SKU-WATER-1L,Bisleri Water 1 L,14,19,553,539,0,0
TXN-20260620-SKU-ATTA-5K,2026-06-20,SKU-ATTA-5K,Aashirvaad Atta 5 kg,6,221,180,174,0,0
TXN-20260620-SKU-BESAN-500,2026-06-20,SKU-BESAN-500,Besan 500 g,2,55,89,87,0,0
TXN-20260620-SKU-BREAD-400,2026-06-20,SKU-BREAD-400,Brown Bread 400 g,3,46,150,147,0,0
TXN-20260620-SKU-CHANA-1K,2026-06-20,SKU-CHANA-1K,Kabuli Chana 1 kg,3,161,77,74,0,0
TXN-20260620-SKU-COKE-750,2026-06-20,SKU-COKE-750,Coca-Cola 750 ml,9,48,263,254,0,0
TXN-20260620-SKU-DALIA-500,2026-06-20,SKU-DALIA-500,Dalia 500 g,1,32,36,35,0,0
TXN-20260620-SKU-DETTOL-250,2026-06-20,SKU-DETTOL-250,Dettol Liquid 250 ml,1,170,46,45,0,0
TXN-20260620-SKU-GHEE-1L,2026-06-20,SKU-GHEE-1L,Amul Ghee 1 L,1,777,48,47,0,0
TXN-20260620-SKU-HALDI-100,2026-06-20,SKU-HALDI-100,Turmeric Powder 100 g,1,32,55,54,0,0
TXN-20260620-SKU-HARPIC-500,2026-06-20,SKU-HARPIC-500,Harpic 500 ml,0,122,39,39,0,0
TXN-20260620-SKU-LAYS-52,2026-06-20,SKU-LAYS-52,Lays Classic 52 g,7,17,267,260,0,0
TXN-20260620-SKU-LIFEBUOY-4,2026-06-20,SKU-LIFEBUOY-4,Lifebuoy Soap 4 x 100 g,2,133,119,117,0,0
TXN-20260620-SKU-MAGGI-280,2026-06-20,SKU-MAGGI-280,Maggi Noodles 280 g,8,63,265,257,0,0
TXN-20260620-SKU-MAIDA-1K,2026-06-20,SKU-MAIDA-1K,Maida 1 kg,4,42,148,144,0,0
TXN-20260620-SKU-MOONG-1K,2026-06-20,SKU-MOONG-1K,Moong Dal 1 kg,3,127,132,129,0,0
TXN-20260620-SKU-MUST-1L,2026-06-20,SKU-MUST-1L,Fortune Mustard Oil 1 L,6,187,204,198,0,0
TXN-20260620-SKU-OIL-1L,2026-06-20,SKU-OIL-1L,Sunpure Cooking Oil 1 L,6,126,353,347,0,0
TXN-20260620-SKU-PARLE-G,2026-06-20,SKU-PARLE-G,Parle-G Biscuit 250 g,10,25,481,471,0,0
TXN-20260620-SKU-RAJMA-1K,2026-06-20,SKU-RAJMA-1K,Rajma 1 kg,1,169,76,75,0,0
TXN-20260620-SKU-SALT-1K,2026-06-20,SKU-SALT-1K,Tata Salt 1 kg,14,27,497,483,0,0
TXN-20260620-SKU-SUG-1K,2026-06-20,SKU-SUG-1K,Sugar 1 kg,9,51,394,385,0,0
TXN-20260620-SKU-SUJI-500,2026-06-20,SKU-SUJI-500,Suji 500 g,0,30,38,38,0,0
TXN-20260620-SKU-SURF-1K,2026-06-20,SKU-SURF-1K,Surf Excel 1 kg,3,133,122,119,0,0
TXN-20260620-SKU-TEA-250,2026-06-20,SKU-TEA-250,Tata Tea Gold 250 g,4,169,168,164,0,0
TXN-20260620-SKU-WATER-1L,2026-06-20,SKU-WATER-1L,Bisleri Water 1 L,12,19,539,527,0,0
TXN-20260621-SKU-ATTA-5K,2026-06-21,SKU-ATTA-5K,Aashirvaad Atta 5 kg,6,221,174,168,0,0
TXN-20260621-SKU-BESAN-500,2026-06-21,SKU-BESAN-500,Besan 500 g,2,55,87,85,0,0
TXN-20260621-SKU-BREAD-400,2026-06-21,SKU-BREAD-400,Brown Bread 400 g,3,46,147,144,0,0
TXN-20260621-SKU-CHANA-1K,2026-06-21,SKU-CHANA-1K,Kabuli Chana 1 kg,3,161,74,71,0,0
TXN-20260621-SKU-COKE-750,2026-06-21,SKU-COKE-750,Coca-Cola 750 ml,7,48,254,247,0,0
TXN-20260621-SKU-DALIA-500,2026-06-21,SKU-DALIA-500,Dalia 500 g,1,32,35,34,0,0
TXN-20260621-SKU-DETTOL-250,2026-06-21,SKU-DETTOL-250,Dettol Liquid 250 ml,1,170,45,44,0,0
TXN-20260621-SKU-GHEE-1L,2026-06-21,SKU-GHEE-1L,Amul Ghee 1 L,1,777,47,46,0,0
TXN-20260621-SKU-HALDI-100,2026-06-21,SKU-HALDI-100,Turmeric Powder 100 g,1,32,54,53,0,0
TXN-20260621-SKU-HARPIC-500,2026-06-21,SKU-HARPIC-500,Harpic 500 ml,1,122,39,38,0,0
TXN-20260621-SKU-LAYS-52,2026-06-21,SKU-LAYS-52,Lays Classic 52 g,7,17,260,253,0,0
TXN-20260621-SKU-LIFEBUOY-4,2026-06-21,SKU-LIFEBUOY-4,Lifebuoy Soap 4 x 100 g,4,133,117,113,0,0
TXN-20260621-SKU-MAGGI-280,2026-06-21,SKU-MAGGI-280,Maggi Noodles 280 g,3,63,257,254,0,0
TXN-20260621-SKU-MAIDA-1K,2026-06-21,SKU-MAIDA-1K,Maida 1 kg,4,42,144,140,0,0
TXN-20260621-SKU-MOONG-1K,2026-06-21,SKU-MOONG-1K,Moong Dal 1 kg,3,127,129,126,0,0
TXN-20260621-SKU-MUST-1L,2026-06-21,SKU-MUST-1L,Fortune Mustard Oil 1 L,6,187,198,192,0,0
TXN-20260621-SKU-OIL-1L,2026-06-21,SKU-OIL-1L,Sunpure Cooking Oil 1 L,13,126,347,334,0,0
TXN-20260621-SKU-PARLE-G,2026-06-21,SKU-PARLE-G,Parle-G Biscuit 250 g,13,25,471,458,0,0
TXN-20260621-SKU-RAJMA-1K,2026-06-21,SKU-RAJMA-1K,Rajma 1 kg,2,169,75,73,0,0
TXN-20260621-SKU-SALT-1K,2026-06-21,SKU-SALT-1K,Tata Salt 1 kg,14,27,483,469,0,0
TXN-20260621-SKU-SUG-1K,2026-06-21,SKU-SUG-1K,Sugar 1 kg,11,51,385,374,0,0
TXN-20260621-SKU-SUJI-500,2026-06-21,SKU-SUJI-500,Suji 500 g,1,30,38,37,0,0
TXN-20260621-SKU-SURF-1K,2026-06-21,SKU-SURF-1K,Surf Excel 1 kg,3,133,119,116,0,0
TXN-20260621-SKU-TEA-250,2026-06-21,SKU-TEA-250,Tata Tea Gold 250 g,4,169,164,160,0,0
TXN-20260621-SKU-WATER-1L,2026-06-21,SKU-WATER-1L,Bisleri Water 1 L,17,19,527,510,0,0
TXN-20260622-SKU-ATTA-5K,2026-06-22,SKU-ATTA-5K,Aashirvaad Atta 5 kg,6,221,168,162,0,0
TXN-20260622-SKU-BESAN-500,2026-06-22,SKU-BESAN-500,Besan 500 g,2,55,85,83,0,0
TXN-20260622-SKU-BREAD-400,2026-06-22,SKU-BREAD-400,Brown Bread 400 g,3,46,144,141,0,0
TXN-20260622-SKU-CHANA-1K,2026-06-22,SKU-CHANA-1K,Kabuli Chana 1 kg,2,161,71,69,0,0
TXN-20260622-SKU-COKE-750,2026-06-22,SKU-COKE-750,Coca-Cola 750 ml,8,48,247,239,0,0
TXN-20260622-SKU-DALIA-500,2026-06-22,SKU-DALIA-500,Dalia 500 g,1,32,34,33,0,0
TXN-20260622-SKU-DETTOL-250,2026-06-22,SKU-DETTOL-250,Dettol Liquid 250 ml,1,170,44,43,0,0
TXN-20260622-SKU-GHEE-1L,2026-06-22,SKU-GHEE-1L,Amul Ghee 1 L,0,777,46,46,0,0
TXN-20260622-SKU-HALDI-100,2026-06-22,SKU-HALDI-100,Turmeric Powder 100 g,1,32,53,52,0,0
TXN-20260622-SKU-HARPIC-500,2026-06-22,SKU-HARPIC-500,Harpic 500 ml,0,122,38,38,0,0
TXN-20260622-SKU-LAYS-52,2026-06-22,SKU-LAYS-52,Lays Classic 52 g,5,17,253,248,0,0
TXN-20260622-SKU-LIFEBUOY-4,2026-06-22,SKU-LIFEBUOY-4,Lifebuoy Soap 4 x 100 g,2,133,113,111,0,0
TXN-20260622-SKU-MAGGI-280,2026-06-22,SKU-MAGGI-280,Maggi Noodles 280 g,6,63,254,248,0,0
TXN-20260622-SKU-MAIDA-1K,2026-06-22,SKU-MAIDA-1K,Maida 1 kg,5,42,140,135,0,0
TXN-20260622-SKU-MOONG-1K,2026-06-22,SKU-MOONG-1K,Moong Dal 1 kg,0,127,126,126,0,0
TXN-20260622-SKU-MUST-1L,2026-06-22,SKU-MUST-1L,Fortune Mustard Oil 1 L,5,187,192,187,0,0
TXN-20260622-SKU-OIL-1L,2026-06-22,SKU-OIL-1L,Sunpure Cooking Oil 1 L,6,126,334,328,0,0
TXN-20260622-SKU-PARLE-G,2026-06-22,SKU-PARLE-G,Parle-G Biscuit 250 g,15,25,458,443,0,0
TXN-20260622-SKU-RAJMA-1K,2026-06-22,SKU-RAJMA-1K,Rajma 1 kg,3,169,73,70,0,0
TXN-20260622-SKU-SALT-1K,2026-06-22,SKU-SALT-1K,Tata Salt 1 kg,11,27,469,458,0,0
TXN-20260622-SKU-SUG-1K,2026-06-22,SKU-SUG-1K,Sugar 1 kg,9,51,374,365,0,0
TXN-20260622-SKU-SUJI-500,2026-06-22,SKU-SUJI-500,Suji 500 g,0,30,37,37,0,0
TXN-20260622-SKU-SURF-1K,2026-06-22,SKU-SURF-1K,Surf Excel 1 kg,3,133,116,113,0,0
TXN-20260622-SKU-TEA-250,2026-06-22,SKU-TEA-250,Tata Tea Gold 250 g,5,169,160,155,0,0
TXN-20260622-SKU-WATER-1L,2026-06-22,SKU-WATER-1L,Bisleri Water 1 L,17,19,510,493,0,0
TXN-20260623-SKU-ATTA-5K,2026-06-23,SKU-ATTA-5K,Aashirvaad Atta 5 kg,4,221,162,158,0,0
TXN-20260623-SKU-BESAN-500,2026-06-23,SKU-BESAN-500,Besan 500 g,2,55,83,81,0,0
TXN-20260623-SKU-BREAD-400,2026-06-23,SKU-BREAD-400,Brown Bread 400 g,6,46,141,135,0,0
TXN-20260623-SKU-CHANA-1K,2026-06-23,SKU-CHANA-1K,Kabuli Chana 1 kg,2,161,69,67,0,0
TXN-20260623-SKU-COKE-750,2026-06-23,SKU-COKE-750,Coca-Cola 750 ml,8,48,239,231,0,0
TXN-20260623-SKU-DALIA-500,2026-06-23,SKU-DALIA-500,Dalia 500 g,1,32,33,32,0,0
TXN-20260623-SKU-DETTOL-250,2026-06-23,SKU-DETTOL-250,Dettol Liquid 250 ml,1,170,43,42,0,0
TXN-20260623-SKU-GHEE-1L,2026-06-23,SKU-GHEE-1L,Amul Ghee 1 L,1,777,46,45,0,0
TXN-20260623-SKU-HALDI-100,2026-06-23,SKU-HALDI-100,Turmeric Powder 100 g,1,32,52,51,0,0
TXN-20260623-SKU-HARPIC-500,2026-06-23,SKU-HARPIC-500,Harpic 500 ml,0,122,38,38,0,0
TXN-20260623-SKU-LAYS-52,2026-06-23,SKU-LAYS-52,Lays Classic 52 g,6,17,248,242,0,0
TXN-20260623-SKU-LIFEBUOY-4,2026-06-23,SKU-LIFEBUOY-4,Lifebuoy Soap 4 x 100 g,3,133,111,108,0,0
TXN-20260623-SKU-MAGGI-280,2026-06-23,SKU-MAGGI-280,Maggi Noodles 280 g,8,63,248,240,0,0
TXN-20260623-SKU-MAIDA-1K,2026-06-23,SKU-MAIDA-1K,Maida 1 kg,4,42,135,131,0,0
TXN-20260623-SKU-MOONG-1K,2026-06-23,SKU-MOONG-1K,Moong Dal 1 kg,4,127,126,122,0,0
TXN-20260623-SKU-MUST-1L,2026-06-23,SKU-MUST-1L,Fortune Mustard Oil 1 L,6,187,187,181,0,0
TXN-20260623-SKU-OIL-1L,2026-06-23,SKU-OIL-1L,Sunpure Cooking Oil 1 L,6,126,328,322,0,0
TXN-20260623-SKU-PARLE-G,2026-06-23,SKU-PARLE-G,Parle-G Biscuit 250 g,14,25,443,429,0,0
TXN-20260623-SKU-RAJMA-1K,2026-06-23,SKU-RAJMA-1K,Rajma 1 kg,2,169,70,68,0,0
TXN-20260623-SKU-SALT-1K,2026-06-23,SKU-SALT-1K,Tata Salt 1 kg,15,27,458,443,0,0
TXN-20260623-SKU-SUG-1K,2026-06-23,SKU-SUG-1K,Sugar 1 kg,4,51,365,361,0,0
TXN-20260623-SKU-SUJI-500,2026-06-23,SKU-SUJI-500,Suji 500 g,1,30,37,36,0,0
TXN-20260623-SKU-SURF-1K,2026-06-23,SKU-SURF-1K,Surf Excel 1 kg,2,133,113,111,0,0
TXN-20260623-SKU-TEA-250,2026-06-23,SKU-TEA-250,Tata Tea Gold 250 g,3,169,155,152,0,0
TXN-20260623-SKU-WATER-1L,2026-06-23,SKU-WATER-1L,Bisleri Water 1 L,9,19,493,484,0,0
TXN-20260624-SKU-ATTA-5K,2026-06-24,SKU-ATTA-5K,Aashirvaad Atta 5 kg,6,221,158,152,0,0
TXN-20260624-SKU-BESAN-500,2026-06-24,SKU-BESAN-500,Besan 500 g,1,55,81,80,0,0
TXN-20260624-SKU-BREAD-400,2026-06-24,SKU-BREAD-400,Brown Bread 400 g,5,46,135,130,0,0
TXN-20260624-SKU-CHANA-1K,2026-06-24,SKU-CHANA-1K,Kabuli Chana 1 kg,2,161,67,65,0,0
TXN-20260624-SKU-COKE-750,2026-06-24,SKU-COKE-750,Coca-Cola 750 ml,6,48,231,225,0,0
TXN-20260624-SKU-DALIA-500,2026-06-24,SKU-DALIA-500,Dalia 500 g,1,32,32,31,0,0
TXN-20260624-SKU-DETTOL-250,2026-06-24,SKU-DETTOL-250,Dettol Liquid 250 ml,1,170,42,41,0,0
TXN-20260624-SKU-GHEE-1L,2026-06-24,SKU-GHEE-1L,Amul Ghee 1 L,1,777,45,44,0,0
TXN-20260624-SKU-HALDI-100,2026-06-24,SKU-HALDI-100,Turmeric Powder 100 g,2,32,51,49,0,0
TXN-20260624-SKU-HARPIC-500,2026-06-24,SKU-HARPIC-500,Harpic 500 ml,1,122,38,37,0,0
TXN-20260624-SKU-LAYS-52,2026-06-24,SKU-LAYS-52,Lays Classic 52 g,6,17,242,236,0,0
TXN-20260624-SKU-LIFEBUOY-4,2026-06-24,SKU-LIFEBUOY-4,Lifebuoy Soap 4 x 100 g,3,133,108,105,0,0
TXN-20260624-SKU-MAGGI-280,2026-06-24,SKU-MAGGI-280,Maggi Noodles 280 g,6,63,240,234,0,0
TXN-20260624-SKU-MAIDA-1K,2026-06-24,SKU-MAIDA-1K,Maida 1 kg,3,42,131,128,0,0
TXN-20260624-SKU-MOONG-1K,2026-06-24,SKU-MOONG-1K,Moong Dal 1 kg,5,127,122,117,0,0
TXN-20260624-SKU-MUST-1L,2026-06-24,SKU-MUST-1L,Fortune Mustard Oil 1 L,4,187,181,177,0,0
TXN-20260624-SKU-OIL-1L,2026-06-24,SKU-OIL-1L,Sunpure Cooking Oil 1 L,9,126,322,313,0,0
TXN-20260624-SKU-PARLE-G,2026-06-24,SKU-PARLE-G,Parle-G Biscuit 250 g,12,25,429,417,0,0
TXN-20260624-SKU-RAJMA-1K,2026-06-24,SKU-RAJMA-1K,Rajma 1 kg,2,169,68,66,0,0
TXN-20260624-SKU-SALT-1K,2026-06-24,SKU-SALT-1K,Tata Salt 1 kg,9,27,443,434,0,0
TXN-20260624-SKU-SUG-1K,2026-06-24,SKU-SUG-1K,Sugar 1 kg,7,51,361,354,0,0
TXN-20260624-SKU-SUJI-500,2026-06-24,SKU-SUJI-500,Suji 500 g,0,30,36,36,0,0
TXN-20260624-SKU-SURF-1K,2026-06-24,SKU-SURF-1K,Surf Excel 1 kg,2,133,111,109,0,0
TXN-20260624-SKU-TEA-250,2026-06-24,SKU-TEA-250,Tata Tea Gold 250 g,3,169,152,149,0,0
TXN-20260624-SKU-WATER-1L,2026-06-24,SKU-WATER-1L,Bisleri Water 1 L,14,19,484,470,0,0
TXN-20260625-SKU-ATTA-5K,2026-06-25,SKU-ATTA-5K,Aashirvaad Atta 5 kg,5,221,152,147,0,0
TXN-20260625-SKU-BESAN-500,2026-06-25,SKU-BESAN-500,Besan 500 g,2,55,80,78,0,0
TXN-20260625-SKU-BREAD-400,2026-06-25,SKU-BREAD-400,Brown Bread 400 g,3,46,130,127,0,0
TXN-20260625-SKU-CHANA-1K,2026-06-25,SKU-CHANA-1K,Kabuli Chana 1 kg,2,161,65,63,0,0
TXN-20260625-SKU-COKE-750,2026-06-25,SKU-COKE-750,Coca-Cola 750 ml,5,48,225,220,0,0
TXN-20260625-SKU-DALIA-500,2026-06-25,SKU-DALIA-500,Dalia 500 g,1,32,31,30,0,0
TXN-20260625-SKU-DETTOL-250,2026-06-25,SKU-DETTOL-250,Dettol Liquid 250 ml,1,170,41,40,0,0
TXN-20260625-SKU-GHEE-1L,2026-06-25,SKU-GHEE-1L,Amul Ghee 1 L,2,777,44,42,0,0
TXN-20260625-SKU-HALDI-100,2026-06-25,SKU-HALDI-100,Turmeric Powder 100 g,0,32,49,49,0,0
TXN-20260625-SKU-HARPIC-500,2026-06-25,SKU-HARPIC-500,Harpic 500 ml,1,122,37,36,0,0
TXN-20260625-SKU-LAYS-52,2026-06-25,SKU-LAYS-52,Lays Classic 52 g,5,17,236,231,0,0
TXN-20260625-SKU-LIFEBUOY-4,2026-06-25,SKU-LIFEBUOY-4,Lifebuoy Soap 4 x 100 g,4,133,105,101,0,0
TXN-20260625-SKU-MAGGI-280,2026-06-25,SKU-MAGGI-280,Maggi Noodles 280 g,5,63,234,229,0,0
TXN-20260625-SKU-MAIDA-1K,2026-06-25,SKU-MAIDA-1K,Maida 1 kg,4,42,128,124,0,0
TXN-20260625-SKU-MOONG-1K,2026-06-25,SKU-MOONG-1K,Moong Dal 1 kg,5,127,117,112,0,0
TXN-20260625-SKU-MUST-1L,2026-06-25,SKU-MUST-1L,Fortune Mustard Oil 1 L,6,187,177,171,0,0
TXN-20260625-SKU-OIL-1L,2026-06-25,SKU-OIL-1L,Sunpure Cooking Oil 1 L,8,126,313,305,0,0
TXN-20260625-SKU-PARLE-G,2026-06-25,SKU-PARLE-G,Parle-G Biscuit 250 g,12,25,417,405,0,0
TXN-20260625-SKU-RAJMA-1K,2026-06-25,SKU-RAJMA-1K,Rajma 1 kg,2,169,66,64,0,0
TXN-20260625-SKU-SALT-1K,2026-06-25,SKU-SALT-1K,Tata Salt 1 kg,11,27,434,423,0,0
TXN-20260625-SKU-SUG-1K,2026-06-25,SKU-SUG-1K,Sugar 1 kg,9,51,354,345,0,0
TXN-20260625-SKU-SUJI-500,2026-06-25,SKU-SUJI-500,Suji 500 g,0,30,36,36,0,0
TXN-20260625-SKU-SURF-1K,2026-06-25,SKU-SURF-1K,Surf Excel 1 kg,3,133,109,106,0,0
TXN-20260625-SKU-TEA-250,2026-06-25,SKU-TEA-250,Tata Tea Gold 250 g,5,169,149,144,0,0
TXN-20260625-SKU-WATER-1L,2026-06-25,SKU-WATER-1L,Bisleri Water 1 L,25,19,470,445,0,0
TXN-20260626-SKU-ATTA-5K,2026-06-26,SKU-ATTA-5K,Aashirvaad Atta 5 kg,5,221,147,142,0,0
TXN-20260626-SKU-BESAN-500,2026-06-26,SKU-BESAN-500,Besan 500 g,1,55,78,77,0,0
TXN-20260626-SKU-BREAD-400,2026-06-26,SKU-BREAD-400,Brown Bread 400 g,4,46,127,123,0,0
TXN-20260626-SKU-CHANA-1K,2026-06-26,SKU-CHANA-1K,Kabuli Chana 1 kg,3,161,63,60,0,0
TXN-20260626-SKU-COKE-750,2026-06-26,SKU-COKE-750,Coca-Cola 750 ml,6,48,220,214,0,0
TXN-20260626-SKU-DALIA-500,2026-06-26,SKU-DALIA-500,Dalia 500 g,0,32,30,30,0,0
TXN-20260626-SKU-DETTOL-250,2026-06-26,SKU-DETTOL-250,Dettol Liquid 250 ml,1,170,40,39,0,0
TXN-20260626-SKU-GHEE-1L,2026-06-26,SKU-GHEE-1L,Amul Ghee 1 L,1,777,42,41,0,0
TXN-20260626-SKU-HALDI-100,2026-06-26,SKU-HALDI-100,Turmeric Powder 100 g,2,32,49,47,0,0
TXN-20260626-SKU-HARPIC-500,2026-06-26,SKU-HARPIC-500,Harpic 500 ml,1,122,36,35,0,0
TXN-20260626-SKU-LAYS-52,2026-06-26,SKU-LAYS-52,Lays Classic 52 g,7,17,231,224,0,0
TXN-20260626-SKU-LIFEBUOY-4,2026-06-26,SKU-LIFEBUOY-4,Lifebuoy Soap 4 x 100 g,3,133,101,98,0,0
TXN-20260626-SKU-MAGGI-280,2026-06-26,SKU-MAGGI-280,Maggi Noodles 280 g,7,63,229,222,0,0
TXN-20260626-SKU-MAIDA-1K,2026-06-26,SKU-MAIDA-1K,Maida 1 kg,4,42,124,120,0,0
TXN-20260626-SKU-MOONG-1K,2026-06-26,SKU-MOONG-1K,Moong Dal 1 kg,3,127,112,109,0,0
TXN-20260626-SKU-MUST-1L,2026-06-26,SKU-MUST-1L,Fortune Mustard Oil 1 L,5,187,171,166,0,0
TXN-20260626-SKU-OIL-1L,2026-06-26,SKU-OIL-1L,Sunpure Cooking Oil 1 L,5,126,305,300,0,0
TXN-20260626-SKU-PARLE-G,2026-06-26,SKU-PARLE-G,Parle-G Biscuit 250 g,9,25,405,396,0,0
TXN-20260626-SKU-RAJMA-1K,2026-06-26,SKU-RAJMA-1K,Rajma 1 kg,0,169,64,64,0,0
TXN-20260626-SKU-SALT-1K,2026-06-26,SKU-SALT-1K,Tata Salt 1 kg,15,27,423,408,0,0
TXN-20260626-SKU-SUG-1K,2026-06-26,SKU-SUG-1K,Sugar 1 kg,7,51,345,338,0,0
TXN-20260626-SKU-SUJI-500,2026-06-26,SKU-SUJI-500,Suji 500 g,0,30,36,36,0,0
TXN-20260626-SKU-SURF-1K,2026-06-26,SKU-SURF-1K,Surf Excel 1 kg,3,133,106,103,0,0
TXN-20260626-SKU-TEA-250,2026-06-26,SKU-TEA-250,Tata Tea Gold 250 g,4,169,144,140,0,0
TXN-20260626-SKU-WATER-1L,2026-06-26,SKU-WATER-1L,Bisleri Water 1 L,7,19,445,438,0,0
TXN-20260627-SKU-ATTA-5K,2026-06-27,SKU-ATTA-5K,Aashirvaad Atta 5 kg,4,221,142,138,0,0
TXN-20260627-SKU-BESAN-500,2026-06-27,SKU-BESAN-500,Besan 500 g,2,55,77,75,0,0
TXN-20260627-SKU-BREAD-400,2026-06-27,SKU-BREAD-400,Brown Bread 400 g,1,46,123,122,0,0
TXN-20260627-SKU-CHANA-1K,2026-06-27,SKU-CHANA-1K,Kabuli Chana 1 kg,2,161,60,58,0,0
TXN-20260627-SKU-COKE-750,2026-06-27,SKU-COKE-750,Coca-Cola 750 ml,6,48,214,208,0,0
TXN-20260627-SKU-DALIA-500,2026-06-27,SKU-DALIA-500,Dalia 500 g,1,32,30,29,0,0
TXN-20260627-SKU-DETTOL-250,2026-06-27,SKU-DETTOL-250,Dettol Liquid 250 ml,1,170,39,38,0,0
TXN-20260627-SKU-GHEE-1L,2026-06-27,SKU-GHEE-1L,Amul Ghee 1 L,0,777,41,41,0,0
TXN-20260627-SKU-HALDI-100,2026-06-27,SKU-HALDI-100,Turmeric Powder 100 g,1,32,47,46,0,0
TXN-20260627-SKU-HARPIC-500,2026-06-27,SKU-HARPIC-500,Harpic 500 ml,1,122,35,34,0,0
TXN-20260627-SKU-LAYS-52,2026-06-27,SKU-LAYS-52,Lays Classic 52 g,6,17,224,218,0,0
TXN-20260627-SKU-LIFEBUOY-4,2026-06-27,SKU-LIFEBUOY-4,Lifebuoy Soap 4 x 100 g,3,133,98,95,0,0
TXN-20260627-SKU-MAGGI-280,2026-06-27,SKU-MAGGI-280,Maggi Noodles 280 g,6,63,222,216,0,0
TXN-20260627-SKU-MAIDA-1K,2026-06-27,SKU-MAIDA-1K,Maida 1 kg,3,42,120,117,0,0
TXN-20260627-SKU-MOONG-1K,2026-06-27,SKU-MOONG-1K,Moong Dal 1 kg,4,127,109,105,0,0
TXN-20260627-SKU-MUST-1L,2026-06-27,SKU-MUST-1L,Fortune Mustard Oil 1 L,6,187,166,160,0,0
TXN-20260627-SKU-OIL-1L,2026-06-27,SKU-OIL-1L,Sunpure Cooking Oil 1 L,7,126,300,293,0,0
TXN-20260627-SKU-PARLE-G,2026-06-27,SKU-PARLE-G,Parle-G Biscuit 250 g,10,25,396,386,0,0
TXN-20260627-SKU-RAJMA-1K,2026-06-27,SKU-RAJMA-1K,Rajma 1 kg,2,169,64,62,0,0
TXN-20260627-SKU-SALT-1K,2026-06-27,SKU-SALT-1K,Tata Salt 1 kg,12,27,408,396,0,0
TXN-20260627-SKU-SUG-1K,2026-06-27,SKU-SUG-1K,Sugar 1 kg,13,51,338,325,0,0
TXN-20260627-SKU-SUJI-500,2026-06-27,SKU-SUJI-500,Suji 500 g,2,30,36,34,0,0
TXN-20260627-SKU-SURF-1K,2026-06-27,SKU-SURF-1K,Surf Excel 1 kg,4,133,103,99,0,0
TXN-20260627-SKU-TEA-250,2026-06-27,SKU-TEA-250,Tata Tea Gold 250 g,4,169,140,136,0,0
TXN-20260627-SKU-WATER-1L,2026-06-27,SKU-WATER-1L,Bisleri Water 1 L,8,19,438,430,0,0
TXN-20260628-SKU-ATTA-5K,2026-06-28,SKU-ATTA-5K,Aashirvaad Atta 5 kg,6,221,138,132,0,0
TXN-20260628-SKU-BESAN-500,2026-06-28,SKU-BESAN-500,Besan 500 g,4,55,75,71,0,0
TXN-20260628-SKU-BREAD-400,2026-06-28,SKU-BREAD-400,Brown Bread 400 g,5,46,122,117,0,0
TXN-20260628-SKU-CHANA-1K,2026-06-28,SKU-CHANA-1K,Kabuli Chana 1 kg,3,161,58,55,0,0
TXN-20260628-SKU-COKE-750,2026-06-28,SKU-COKE-750,Coca-Cola 750 ml,7,48,208,201,0,0
TXN-20260628-SKU-DALIA-500,2026-06-28,SKU-DALIA-500,Dalia 500 g,0,32,29,29,0,0
TXN-20260628-SKU-DETTOL-250,2026-06-28,SKU-DETTOL-250,Dettol Liquid 250 ml,1,170,38,37,0,0
TXN-20260628-SKU-GHEE-1L,2026-06-28,SKU-GHEE-1L,Amul Ghee 1 L,1,777,41,40,0,0
TXN-20260628-SKU-HALDI-100,2026-06-28,SKU-HALDI-100,Turmeric Powder 100 g,1,32,46,45,0,0
TXN-20260628-SKU-HARPIC-500,2026-06-28,SKU-HARPIC-500,Harpic 500 ml,0,122,34,34,0,0
TXN-20260628-SKU-LAYS-52,2026-06-28,SKU-LAYS-52,Lays Classic 52 g,9,17,218,209,0,0
TXN-20260628-SKU-LIFEBUOY-4,2026-06-28,SKU-LIFEBUOY-4,Lifebuoy Soap 4 x 100 g,5,133,95,90,0,0
TXN-20260628-SKU-MAGGI-280,2026-06-28,SKU-MAGGI-280,Maggi Noodles 280 g,6,63,216,210,0,0
TXN-20260628-SKU-MAIDA-1K,2026-06-28,SKU-MAIDA-1K,Maida 1 kg,4,42,117,113,0,0
TXN-20260628-SKU-MOONG-1K,2026-06-28,SKU-MOONG-1K,Moong Dal 1 kg,2,127,105,103,0,0
TXN-20260628-SKU-MUST-1L,2026-06-28,SKU-MUST-1L,Fortune Mustard Oil 1 L,4,187,160,156,0,0
TXN-20260628-SKU-OIL-1L,2026-06-28,SKU-OIL-1L,Sunpure Cooking Oil 1 L,11,126,293,282,0,0
TXN-20260628-SKU-PARLE-G,2026-06-28,SKU-PARLE-G,Parle-G Biscuit 250 g,11,25,386,375,0,0
TXN-20260628-SKU-RAJMA-1K,2026-06-28,SKU-RAJMA-1K,Rajma 1 kg,1,169,62,61,0,0
TXN-20260628-SKU-SALT-1K,2026-06-28,SKU-SALT-1K,Tata Salt 1 kg,14,27,396,382,0,0
TXN-20260628-SKU-SUG-1K,2026-06-28,SKU-SUG-1K,Sugar 1 kg,15,51,325,310,0,0
TXN-20260628-SKU-SUJI-500,2026-06-28,SKU-SUJI-500,Suji 500 g,1,30,34,33,0,0
TXN-20260628-SKU-SURF-1K,2026-06-28,SKU-SURF-1K,Surf Excel 1 kg,2,133,99,97,0,0
TXN-20260628-SKU-TEA-250,2026-06-28,SKU-TEA-250,Tata Tea Gold 250 g,2,169,136,134,0,0
TXN-20260628-SKU-WATER-1L,2026-06-28,SKU-WATER-1L,Bisleri Water 1 L,12,19,430,418,0,0
TXN-20260629-SKU-ATTA-5K,2026-06-29,SKU-ATTA-5K,Aashirvaad Atta 5 kg,4,221,132,128,0,0
TXN-20260629-SKU-BESAN-500,2026-06-29,SKU-BESAN-500,Besan 500 g,1,55,71,70,0,0
TXN-20260629-SKU-BREAD-400,2026-06-29,SKU-BREAD-400,Brown Bread 400 g,4,46,117,113,0,0
TXN-20260629-SKU-CHANA-1K,2026-06-29,SKU-CHANA-1K,Kabuli Chana 1 kg,2,161,55,53,0,0
TXN-20260629-SKU-COKE-750,2026-06-29,SKU-COKE-750,Coca-Cola 750 ml,8,48,201,193,0,0
TXN-20260629-SKU-DALIA-500,2026-06-29,SKU-DALIA-500,Dalia 500 g,1,32,29,28,0,0
TXN-20260629-SKU-DETTOL-250,2026-06-29,SKU-DETTOL-250,Dettol Liquid 250 ml,0,170,37,37,0,0
TXN-20260629-SKU-GHEE-1L,2026-06-29,SKU-GHEE-1L,Amul Ghee 1 L,0,777,40,40,0,0
TXN-20260629-SKU-HALDI-100,2026-06-29,SKU-HALDI-100,Turmeric Powder 100 g,1,32,45,44,0,0
TXN-20260629-SKU-HARPIC-500,2026-06-29,SKU-HARPIC-500,Harpic 500 ml,1,122,34,33,0,0
TXN-20260629-SKU-LAYS-52,2026-06-29,SKU-LAYS-52,Lays Classic 52 g,6,17,209,203,0,0
TXN-20260629-SKU-LIFEBUOY-4,2026-06-29,SKU-LIFEBUOY-4,Lifebuoy Soap 4 x 100 g,2,133,90,88,0,0
TXN-20260629-SKU-MAGGI-280,2026-06-29,SKU-MAGGI-280,Maggi Noodles 280 g,7,63,210,203,0,0
TXN-20260629-SKU-MAIDA-1K,2026-06-29,SKU-MAIDA-1K,Maida 1 kg,4,42,113,109,0,0
TXN-20260629-SKU-MOONG-1K,2026-06-29,SKU-MOONG-1K,Moong Dal 1 kg,2,127,103,101,0,0
TXN-20260629-SKU-MUST-1L,2026-06-29,SKU-MUST-1L,Fortune Mustard Oil 1 L,6,187,156,150,0,0
TXN-20260629-SKU-OIL-1L,2026-06-29,SKU-OIL-1L,Sunpure Cooking Oil 1 L,12,126,282,270,0,0
TXN-20260629-SKU-PARLE-G,2026-06-29,SKU-PARLE-G,Parle-G Biscuit 250 g,11,25,375,364,0,0
TXN-20260629-SKU-RAJMA-1K,2026-06-29,SKU-RAJMA-1K,Rajma 1 kg,2,169,61,59,0,0
TXN-20260629-SKU-SALT-1K,2026-06-29,SKU-SALT-1K,Tata Salt 1 kg,13,27,382,369,0,0
TXN-20260629-SKU-SUG-1K,2026-06-29,SKU-SUG-1K,Sugar 1 kg,12,51,310,298,0,0
TXN-20260629-SKU-SUJI-500,2026-06-29,SKU-SUJI-500,Suji 500 g,1,30,33,32,0,0
TXN-20260629-SKU-SURF-1K,2026-06-29,SKU-SURF-1K,Surf Excel 1 kg,3,133,97,94,0,0
TXN-20260629-SKU-TEA-250,2026-06-29,SKU-TEA-250,Tata Tea Gold 250 g,5,169,134,129,0,0
TXN-20260629-SKU-WATER-1L,2026-06-29,SKU-WATER-1L,Bisleri Water 1 L,20,19,418,398,0,0
TXN-20260630-SKU-ATTA-5K,2026-06-30,SKU-ATTA-5K,Aashirvaad Atta 5 kg,10,221,128,118,0,0
TXN-20260630-SKU-BESAN-500,2026-06-30,SKU-BESAN-500,Besan 500 g,1,55,70,69,0,0
TXN-20260630-SKU-BREAD-400,2026-06-30,SKU-BREAD-400,Brown Bread 400 g,2,46,113,111,0,0
TXN-20260630-SKU-CHANA-1K,2026-06-30,SKU-CHANA-1K,Kabuli Chana 1 kg,2,161,53,51,0,0
TXN-20260630-SKU-COKE-750,2026-06-30,SKU-COKE-750,Coca-Cola 750 ml,6,48,193,187,0,0
TXN-20260630-SKU-DALIA-500,2026-06-30,SKU-DALIA-500,Dalia 500 g,1,32,28,27,0,0
TXN-20260630-SKU-DETTOL-250,2026-06-30,SKU-DETTOL-250,Dettol Liquid 250 ml,1,170,37,36,0,0
TXN-20260630-SKU-GHEE-1L,2026-06-30,SKU-GHEE-1L,Amul Ghee 1 L,2,777,40,38,0,0
TXN-20260630-SKU-HALDI-100,2026-06-30,SKU-HALDI-100,Turmeric Powder 100 g,1,32,44,43,0,0
TXN-20260630-SKU-HARPIC-500,2026-06-30,SKU-HARPIC-500,Harpic 500 ml,0,122,33,33,0,0
TXN-20260630-SKU-LAYS-52,2026-06-30,SKU-LAYS-52,Lays Classic 52 g,5,17,203,198,0,0
TXN-20260630-SKU-LIFEBUOY-4,2026-06-30,SKU-LIFEBUOY-4,Lifebuoy Soap 4 x 100 g,3,133,88,85,0,0
TXN-20260630-SKU-MAGGI-280,2026-06-30,SKU-MAGGI-280,Maggi Noodles 280 g,9,63,203,194,0,0
TXN-20260630-SKU-MAIDA-1K,2026-06-30,SKU-MAIDA-1K,Maida 1 kg,4,42,109,105,0,0
TXN-20260630-SKU-MOONG-1K,2026-06-30,SKU-MOONG-1K,Moong Dal 1 kg,1,127,101,100,0,0
TXN-20260630-SKU-MUST-1L,2026-06-30,SKU-MUST-1L,Fortune Mustard Oil 1 L,6,187,150,144,0,0
TXN-20260630-SKU-OIL-1L,2026-06-30,SKU-OIL-1L,Sunpure Cooking Oil 1 L,10,126,270,260,0,0
TXN-20260630-SKU-PARLE-G,2026-06-30,SKU-PARLE-G,Parle-G Biscuit 250 g,9,25,364,355,0,0
TXN-20260630-SKU-RAJMA-1K,2026-06-30,SKU-RAJMA-1K,Rajma 1 kg,3,169,59,56,0,0
TXN-20260630-SKU-SALT-1K,2026-06-30,SKU-SALT-1K,Tata Salt 1 kg,14,27,369,355,0,0
TXN-20260630-SKU-SUG-1K,2026-06-30,SKU-SUG-1K,Sugar 1 kg,7,51,298,291,0,0
TXN-20260630-SKU-SUJI-500,2026-06-30,SKU-SUJI-500,Suji 500 g,1,30,32,31,0,0
TXN-20260630-SKU-SURF-1K,2026-06-30,SKU-SURF-1K,Surf Excel 1 kg,3,133,94,91,0,0
TXN-20260630-SKU-TEA-250,2026-06-30,SKU-TEA-250,Tata Tea Gold 250 g,4,169,129,125,0,0
TXN-20260630-SKU-WATER-1L,2026-06-30,SKU-WATER-1L,Bisleri Water 1 L,14,19,398,384,0,0
TXN-20260701-SKU-ATTA-5K,2026-07-01,SKU-ATTA-5K,Aashirvaad Atta 5 kg,4,221,118,114,0,0
TXN-20260701-SKU-BESAN-500,2026-07-01,SKU-BESAN-500,Besan 500 g,3,55,69,66,0,0
TXN-20260701-SKU-BREAD-400,2026-07-01,SKU-BREAD-400,Brown Bread 400 g,2,46,111,109,0,0
TXN-20260701-SKU-CHANA-1K,2026-07-01,SKU-CHANA-1K,Kabuli Chana 1 kg,2,161,51,49,0,0
TXN-20260701-SKU-COKE-750,2026-07-01,SKU-COKE-750,Coca-Cola 750 ml,8,48,187,179,0,0
TXN-20260701-SKU-DALIA-500,2026-07-01,SKU-DALIA-500,Dalia 500 g,1,32,27,26,0,0
TXN-20260701-SKU-DETTOL-250,2026-07-01,SKU-DETTOL-250,Dettol Liquid 250 ml,2,170,36,34,0,0
TXN-20260701-SKU-GHEE-1L,2026-07-01,SKU-GHEE-1L,Amul Ghee 1 L,0,777,38,38,0,0
TXN-20260701-SKU-HALDI-100,2026-07-01,SKU-HALDI-100,Turmeric Powder 100 g,1,32,43,42,0,0
TXN-20260701-SKU-HARPIC-500,2026-07-01,SKU-HARPIC-500,Harpic 500 ml,2,122,33,31,0,0
TXN-20260701-SKU-LAYS-52,2026-07-01,SKU-LAYS-52,Lays Classic 52 g,8,17,198,190,0,0
TXN-20260701-SKU-LIFEBUOY-4,2026-07-01,SKU-LIFEBUOY-4,Lifebuoy Soap 4 x 100 g,4,133,85,81,0,0
TXN-20260701-SKU-MAGGI-280,2026-07-01,SKU-MAGGI-280,Maggi Noodles 280 g,6,63,194,188,0,0
TXN-20260701-SKU-MAIDA-1K,2026-07-01,SKU-MAIDA-1K,Maida 1 kg,4,42,105,101,0,0
TXN-20260701-SKU-MOONG-1K,2026-07-01,SKU-MOONG-1K,Moong Dal 1 kg,3,127,100,97,0,0
TXN-20260701-SKU-MUST-1L,2026-07-01,SKU-MUST-1L,Fortune Mustard Oil 1 L,5,187,144,139,0,0
TXN-20260701-SKU-OIL-1L,2026-07-01,SKU-OIL-1L,Sunpure Cooking Oil 1 L,9,126,260,251,0,0
TXN-20260701-SKU-PARLE-G,2026-07-01,SKU-PARLE-G,Parle-G Biscuit 250 g,15,25,355,340,0,0
TXN-20260701-SKU-RAJMA-1K,2026-07-01,SKU-RAJMA-1K,Rajma 1 kg,2,169,56,54,0,0
TXN-20260701-SKU-SALT-1K,2026-07-01,SKU-SALT-1K,Tata Salt 1 kg,6,27,355,349,0,0
TXN-20260701-SKU-SUG-1K,2026-07-01,SKU-SUG-1K,Sugar 1 kg,8,51,291,283,0,0
TXN-20260701-SKU-SUJI-500,2026-07-01,SKU-SUJI-500,Suji 500 g,1,30,31,30,0,0
TXN-20260701-SKU-SURF-1K,2026-07-01,SKU-SURF-1K,Surf Excel 1 kg,3,133,91,88,0,0
TXN-20260701-SKU-TEA-250,2026-07-01,SKU-TEA-250,Tata Tea Gold 250 g,4,169,125,121,0,0
TXN-20260701-SKU-WATER-1L,2026-07-01,SKU-WATER-1L,Bisleri Water 1 L,13,19,384,371,0,0
TXN-20260702-SKU-ATTA-5K,2026-07-02,SKU-ATTA-5K,Aashirvaad Atta 5 kg,5,221,114,109,0,0
TXN-20260702-SKU-BESAN-500,2026-07-02,SKU-BESAN-500,Besan 500 g,1,55,66,65,0,0
TXN-20260702-SKU-BREAD-400,2026-07-02,SKU-BREAD-400,Brown Bread 400 g,4,46,109,105,0,0
TXN-20260702-SKU-CHANA-1K,2026-07-02,SKU-CHANA-1K,Kabuli Chana 1 kg,2,161,49,47,0,0
TXN-20260702-SKU-COKE-750,2026-07-02,SKU-COKE-750,Coca-Cola 750 ml,8,48,179,171,0,0
TXN-20260702-SKU-DALIA-500,2026-07-02,SKU-DALIA-500,Dalia 500 g,1,32,26,25,0,0
TXN-20260702-SKU-DETTOL-250,2026-07-02,SKU-DETTOL-250,Dettol Liquid 250 ml,1,170,34,33,0,0
TXN-20260702-SKU-GHEE-1L,2026-07-02,SKU-GHEE-1L,Amul Ghee 1 L,0,777,38,38,0,0
TXN-20260702-SKU-HALDI-100,2026-07-02,SKU-HALDI-100,Turmeric Powder 100 g,1,32,42,41,0,0
TXN-20260702-SKU-HARPIC-500,2026-07-02,SKU-HARPIC-500,Harpic 500 ml,1,122,31,30,0,0
TXN-20260702-SKU-LAYS-52,2026-07-02,SKU-LAYS-52,Lays Classic 52 g,6,17,190,184,0,0
TXN-20260702-SKU-LIFEBUOY-4,2026-07-02,SKU-LIFEBUOY-4,Lifebuoy Soap 4 x 100 g,1,133,81,80,0,0
TXN-20260702-SKU-MAGGI-280,2026-07-02,SKU-MAGGI-280,Maggi Noodles 280 g,7,63,188,181,0,0
TXN-20260702-SKU-MAIDA-1K,2026-07-02,SKU-MAIDA-1K,Maida 1 kg,4,42,101,97,0,0
TXN-20260702-SKU-MOONG-1K,2026-07-02,SKU-MOONG-1K,Moong Dal 1 kg,2,127,97,95,0,0
TXN-20260702-SKU-MUST-1L,2026-07-02,SKU-MUST-1L,Fortune Mustard Oil 1 L,3,187,139,136,0,0
TXN-20260702-SKU-OIL-1L,2026-07-02,SKU-OIL-1L,Sunpure Cooking Oil 1 L,10,126,251,241,0,0
TXN-20260702-SKU-PARLE-G,2026-07-02,SKU-PARLE-G,Parle-G Biscuit 250 g,11,25,340,329,0,0
TXN-20260702-SKU-RAJMA-1K,2026-07-02,SKU-RAJMA-1K,Rajma 1 kg,2,169,54,52,0,0
TXN-20260702-SKU-SALT-1K,2026-07-02,SKU-SALT-1K,Tata Salt 1 kg,12,27,349,337,0,0
TXN-20260702-SKU-SUG-1K,2026-07-02,SKU-SUG-1K,Sugar 1 kg,5,51,283,278,0,0
TXN-20260702-SKU-SUJI-500,2026-07-02,SKU-SUJI-500,Suji 500 g,1,30,30,29,0,0
TXN-20260702-SKU-SURF-1K,2026-07-02,SKU-SURF-1K,Surf Excel 1 kg,3,133,88,85,0,0
TXN-20260702-SKU-TEA-250,2026-07-02,SKU-TEA-250,Tata Tea Gold 250 g,4,169,121,117,0,0
TXN-20260702-SKU-WATER-1L,2026-07-02,SKU-WATER-1L,Bisleri Water 1 L,18,19,371,353,0,0
TXN-20260703-SKU-ATTA-5K,2026-07-03,SKU-ATTA-5K,Aashirvaad Atta 5 kg,4,221,109,105,0,0
TXN-20260703-SKU-BESAN-500,2026-07-03,SKU-BESAN-500,Besan 500 g,2,55,65,63,0,0
TXN-20260703-SKU-BREAD-400,2026-07-03,SKU-BREAD-400,Brown Bread 400 g,5,46,105,100,0,0
TXN-20260703-SKU-CHANA-1K,2026-07-03,SKU-CHANA-1K,Kabuli Chana 1 kg,3,161,47,44,0,0
TXN-20260703-SKU-COKE-750,2026-07-03,SKU-COKE-750,Coca-Cola 750 ml,8,48,171,163,0,0
TXN-20260703-SKU-DALIA-500,2026-07-03,SKU-DALIA-500,Dalia 500 g,1,32,25,24,0,0
TXN-20260703-SKU-DETTOL-250,2026-07-03,SKU-DETTOL-250,Dettol Liquid 250 ml,0,170,33,33,0,0
TXN-20260703-SKU-GHEE-1L,2026-07-03,SKU-GHEE-1L,Amul Ghee 1 L,2,777,38,36,0,0
TXN-20260703-SKU-HALDI-100,2026-07-03,SKU-HALDI-100,Turmeric Powder 100 g,1,32,41,40,0,0
TXN-20260703-SKU-HARPIC-500,2026-07-03,SKU-HARPIC-500,Harpic 500 ml,0,122,30,30,0,0
TXN-20260703-SKU-LAYS-52,2026-07-03,SKU-LAYS-52,Lays Classic 52 g,8,17,184,176,0,0
TXN-20260703-SKU-LIFEBUOY-4,2026-07-03,SKU-LIFEBUOY-4,Lifebuoy Soap 4 x 100 g,4,133,80,76,0,0
TXN-20260703-SKU-MAGGI-280,2026-07-03,SKU-MAGGI-280,Maggi Noodles 280 g,7,63,181,174,0,0
TXN-20260703-SKU-MAIDA-1K,2026-07-03,SKU-MAIDA-1K,Maida 1 kg,3,42,97,94,0,0
TXN-20260703-SKU-MOONG-1K,2026-07-03,SKU-MOONG-1K,Moong Dal 1 kg,4,127,95,91,0,0
TXN-20260703-SKU-MUST-1L,2026-07-03,SKU-MUST-1L,Fortune Mustard Oil 1 L,4,187,136,132,0,0
TXN-20260703-SKU-OIL-1L,2026-07-03,SKU-OIL-1L,Sunpure Cooking Oil 1 L,6,126,241,235,0,0
TXN-20260703-SKU-PARLE-G,2026-07-03,SKU-PARLE-G,Parle-G Biscuit 250 g,17,25,329,312,0,0
TXN-20260703-SKU-RAJMA-1K,2026-07-03,SKU-RAJMA-1K,Rajma 1 kg,2,169,52,50,0,0
TXN-20260703-SKU-SALT-1K,2026-07-03,SKU-SALT-1K,Tata Salt 1 kg,15,27,337,322,0,0
TXN-20260703-SKU-SUG-1K,2026-07-03,SKU-SUG-1K,Sugar 1 kg,7,51,278,271,0,0
TXN-20260703-SKU-SUJI-500,2026-07-03,SKU-SUJI-500,Suji 500 g,0,30,29,29,0,0
TXN-20260703-SKU-SURF-1K,2026-07-03,SKU-SURF-1K,Surf Excel 1 kg,3,133,85,82,0,0
TXN-20260703-SKU-TEA-250,2026-07-03,SKU-TEA-250,Tata Tea Gold 250 g,4,169,117,113,0,0
TXN-20260703-SKU-WATER-1L,2026-07-03,SKU-WATER-1L,Bisleri Water 1 L,15,19,353,338,0,0
TXN-20260704-SKU-ATTA-5K,2026-07-04,SKU-ATTA-5K,Aashirvaad Atta 5 kg,4,221,105,101,0,0
TXN-20260704-SKU-BESAN-500,2026-07-04,SKU-BESAN-500,Besan 500 g,3,55,63,60,0,0
TXN-20260704-SKU-BREAD-400,2026-07-04,SKU-BREAD-400,Brown Bread 400 g,4,46,100,96,0,0
TXN-20260704-SKU-CHANA-1K,2026-07-04,SKU-CHANA-1K,Kabuli Chana 1 kg,1,161,44,43,0,0
TXN-20260704-SKU-COKE-750,2026-07-04,SKU-COKE-750,Coca-Cola 750 ml,5,48,163,158,0,0
TXN-20260704-SKU-DALIA-500,2026-07-04,SKU-DALIA-500,Dalia 500 g,1,32,24,23,0,0
TXN-20260704-SKU-DETTOL-250,2026-07-04,SKU-DETTOL-250,Dettol Liquid 250 ml,2,170,33,31,0,0
TXN-20260704-SKU-GHEE-1L,2026-07-04,SKU-GHEE-1L,Amul Ghee 1 L,1,777,36,35,0,0
TXN-20260704-SKU-HALDI-100,2026-07-04,SKU-HALDI-100,Turmeric Powder 100 g,0,32,40,40,0,0
TXN-20260704-SKU-HARPIC-500,2026-07-04,SKU-HARPIC-500,Harpic 500 ml,0,122,30,30,0,0
TXN-20260704-SKU-LAYS-52,2026-07-04,SKU-LAYS-52,Lays Classic 52 g,8,17,176,168,0,0
TXN-20260704-SKU-LIFEBUOY-4,2026-07-04,SKU-LIFEBUOY-4,Lifebuoy Soap 4 x 100 g,4,133,76,72,0,0
TXN-20260704-SKU-MAGGI-280,2026-07-04,SKU-MAGGI-280,Maggi Noodles 280 g,5,63,174,169,0,0
TXN-20260704-SKU-MAIDA-1K,2026-07-04,SKU-MAIDA-1K,Maida 1 kg,4,42,94,90,0,0
TXN-20260704-SKU-MOONG-1K,2026-07-04,SKU-MOONG-1K,Moong Dal 1 kg,3,127,91,88,0,0
TXN-20260704-SKU-MUST-1L,2026-07-04,SKU-MUST-1L,Fortune Mustard Oil 1 L,4,187,132,128,0,0
TXN-20260704-SKU-OIL-1L,2026-07-04,SKU-OIL-1L,Sunpure Cooking Oil 1 L,16,126,235,219,0,0
TXN-20260704-SKU-PARLE-G,2026-07-04,SKU-PARLE-G,Parle-G Biscuit 250 g,18,25,312,294,0,0
TXN-20260704-SKU-RAJMA-1K,2026-07-04,SKU-RAJMA-1K,Rajma 1 kg,2,169,50,48,0,0
TXN-20260704-SKU-SALT-1K,2026-07-04,SKU-SALT-1K,Tata Salt 1 kg,9,27,322,313,0,0
TXN-20260704-SKU-SUG-1K,2026-07-04,SKU-SUG-1K,Sugar 1 kg,7,51,271,264,0,0
TXN-20260704-SKU-SUJI-500,2026-07-04,SKU-SUJI-500,Suji 500 g,1,30,29,28,0,0
TXN-20260704-SKU-SURF-1K,2026-07-04,SKU-SURF-1K,Surf Excel 1 kg,4,133,82,78,0,0
TXN-20260704-SKU-TEA-250,2026-07-04,SKU-TEA-250,Tata Tea Gold 250 g,4,169,113,109,0,0
TXN-20260704-SKU-WATER-1L,2026-07-04,SKU-WATER-1L,Bisleri Water 1 L,17,19,338,321,0,0
TXN-20260705-SKU-ATTA-5K,2026-07-05,SKU-ATTA-5K,Aashirvaad Atta 5 kg,6,221,101,95,0,0
TXN-20260705-SKU-BESAN-500,2026-07-05,SKU-BESAN-500,Besan 500 g,3,55,60,57,0,0
TXN-20260705-SKU-BREAD-400,2026-07-05,SKU-BREAD-400,Brown Bread 400 g,3,46,96,93,0,0
TXN-20260705-SKU-CHANA-1K,2026-07-05,SKU-CHANA-1K,Kabuli Chana 1 kg,2,161,43,41,0,0
TXN-20260705-SKU-COKE-750,2026-07-05,SKU-COKE-750,Coca-Cola 750 ml,5,48,158,153,0,0
TXN-20260705-SKU-DALIA-500,2026-07-05,SKU-DALIA-500,Dalia 500 g,0,32,23,23,0,0
TXN-20260705-SKU-DETTOL-250,2026-07-05,SKU-DETTOL-250,Dettol Liquid 250 ml,1,170,31,30,0,0
TXN-20260705-SKU-GHEE-1L,2026-07-05,SKU-GHEE-1L,Amul Ghee 1 L,1,777,35,34,0,0
TXN-20260705-SKU-HALDI-100,2026-07-05,SKU-HALDI-100,Turmeric Powder 100 g,1,32,40,39,0,0
TXN-20260705-SKU-HARPIC-500,2026-07-05,SKU-HARPIC-500,Harpic 500 ml,0,122,30,30,0,0
TXN-20260705-SKU-LAYS-52,2026-07-05,SKU-LAYS-52,Lays Classic 52 g,9,17,168,159,0,0
TXN-20260705-SKU-LIFEBUOY-4,2026-07-05,SKU-LIFEBUOY-4,Lifebuoy Soap 4 x 100 g,4,133,72,68,0,0
TXN-20260705-SKU-MAGGI-280,2026-07-05,SKU-MAGGI-280,Maggi Noodles 280 g,8,63,169,161,0,0
TXN-20260705-SKU-MAIDA-1K,2026-07-05,SKU-MAIDA-1K,Maida 1 kg,4,42,90,86,0,0
TXN-20260705-SKU-MOONG-1K,2026-07-05,SKU-MOONG-1K,Moong Dal 1 kg,1,127,88,87,0,0
TXN-20260705-SKU-MUST-1L,2026-07-05,SKU-MUST-1L,Fortune Mustard Oil 1 L,4,187,128,124,0,0
TXN-20260705-SKU-OIL-1L,2026-07-05,SKU-OIL-1L,Sunpure Cooking Oil 1 L,8,126,219,211,0,0
TXN-20260705-SKU-PARLE-G,2026-07-05,SKU-PARLE-G,Parle-G Biscuit 250 g,13,25,294,281,0,0
TXN-20260705-SKU-RAJMA-1K,2026-07-05,SKU-RAJMA-1K,Rajma 1 kg,2,169,48,46,0,0
TXN-20260705-SKU-SALT-1K,2026-07-05,SKU-SALT-1K,Tata Salt 1 kg,6,27,313,307,0,0
TXN-20260705-SKU-SUG-1K,2026-07-05,SKU-SUG-1K,Sugar 1 kg,5,51,264,259,0,0
TXN-20260705-SKU-SUJI-500,2026-07-05,SKU-SUJI-500,Suji 500 g,2,30,28,26,0,0
TXN-20260705-SKU-SURF-1K,2026-07-05,SKU-SURF-1K,Surf Excel 1 kg,2,133,78,76,0,0
TXN-20260705-SKU-TEA-250,2026-07-05,SKU-TEA-250,Tata Tea Gold 250 g,5,169,109,104,0,0
TXN-20260705-SKU-WATER-1L,2026-07-05,SKU-WATER-1L,Bisleri Water 1 L,12,19,321,309,0,0
TXN-20260706-SKU-ATTA-5K,2026-07-06,SKU-ATTA-5K,Aashirvaad Atta 5 kg,6,221,95,89,0,0
TXN-20260706-SKU-BESAN-500,2026-07-06,SKU-BESAN-500,Besan 500 g,3,55,57,54,0,0
TXN-20260706-SKU-BREAD-400,2026-07-06,SKU-BREAD-400,Brown Bread 400 g,2,46,93,91,0,0
TXN-20260706-SKU-CHANA-1K,2026-07-06,SKU-CHANA-1K,Kabuli Chana 1 kg,2,161,41,39,0,0
TXN-20260706-SKU-COKE-750,2026-07-06,SKU-COKE-750,Coca-Cola 750 ml,6,48,153,147,0,0
TXN-20260706-SKU-DALIA-500,2026-07-06,SKU-DALIA-500,Dalia 500 g,1,32,23,22,0,0
TXN-20260706-SKU-DETTOL-250,2026-07-06,SKU-DETTOL-250,Dettol Liquid 250 ml,1,170,30,29,0,0
TXN-20260706-SKU-GHEE-1L,2026-07-06,SKU-GHEE-1L,Amul Ghee 1 L,1,777,34,33,0,0
TXN-20260706-SKU-HALDI-100,2026-07-06,SKU-HALDI-100,Turmeric Powder 100 g,1,32,39,38,0,0
TXN-20260706-SKU-HARPIC-500,2026-07-06,SKU-HARPIC-500,Harpic 500 ml,0,122,30,30,0,0
TXN-20260706-SKU-LAYS-52,2026-07-06,SKU-LAYS-52,Lays Classic 52 g,8,17,159,151,0,0
TXN-20260706-SKU-LIFEBUOY-4,2026-07-06,SKU-LIFEBUOY-4,Lifebuoy Soap 4 x 100 g,4,133,68,64,0,0
TXN-20260706-SKU-MAGGI-280,2026-07-06,SKU-MAGGI-280,Maggi Noodles 280 g,5,63,161,156,0,0
TXN-20260706-SKU-MAIDA-1K,2026-07-06,SKU-MAIDA-1K,Maida 1 kg,4,42,86,82,0,0
TXN-20260706-SKU-MOONG-1K,2026-07-06,SKU-MOONG-1K,Moong Dal 1 kg,3,127,87,84,0,0
TXN-20260706-SKU-MUST-1L,2026-07-06,SKU-MUST-1L,Fortune Mustard Oil 1 L,5,187,124,119,0,0
TXN-20260706-SKU-OIL-1L,2026-07-06,SKU-OIL-1L,Sunpure Cooking Oil 1 L,13,126,211,198,0,0
TXN-20260706-SKU-PARLE-G,2026-07-06,SKU-PARLE-G,Parle-G Biscuit 250 g,13,25,281,268,0,0
TXN-20260706-SKU-RAJMA-1K,2026-07-06,SKU-RAJMA-1K,Rajma 1 kg,3,169,46,43,0,0
TXN-20260706-SKU-SALT-1K,2026-07-06,SKU-SALT-1K,Tata Salt 1 kg,10,27,307,297,0,0
TXN-20260706-SKU-SUG-1K,2026-07-06,SKU-SUG-1K,Sugar 1 kg,3,51,259,256,0,0
TXN-20260706-SKU-SUJI-500,2026-07-06,SKU-SUJI-500,Suji 500 g,0,30,26,26,0,0
TXN-20260706-SKU-SURF-1K,2026-07-06,SKU-SURF-1K,Surf Excel 1 kg,3,133,76,73,0,0
TXN-20260706-SKU-TEA-250,2026-07-06,SKU-TEA-250,Tata Tea Gold 250 g,4,169,104,100,0,0
TXN-20260706-SKU-WATER-1L,2026-07-06,SKU-WATER-1L,Bisleri Water 1 L,10,19,309,299,0,0
TXN-20260707-SKU-ATTA-5K,2026-07-07,SKU-ATTA-5K,Aashirvaad Atta 5 kg,3,221,89,86,0,0
TXN-20260707-SKU-BESAN-500,2026-07-07,SKU-BESAN-500,Besan 500 g,2,55,54,52,0,0
TXN-20260707-SKU-BREAD-400,2026-07-07,SKU-BREAD-400,Brown Bread 400 g,6,46,91,85,0,0
TXN-20260707-SKU-CHANA-1K,2026-07-07,SKU-CHANA-1K,Kabuli Chana 1 kg,1,161,39,38,0,0
TXN-20260707-SKU-COKE-750,2026-07-07,SKU-COKE-750,Coca-Cola 750 ml,5,48,147,142,0,0
TXN-20260707-SKU-DALIA-500,2026-07-07,SKU-DALIA-500,Dalia 500 g,1,32,22,21,0,0
TXN-20260707-SKU-DETTOL-250,2026-07-07,SKU-DETTOL-250,Dettol Liquid 250 ml,1,170,29,28,0,0
TXN-20260707-SKU-GHEE-1L,2026-07-07,SKU-GHEE-1L,Amul Ghee 1 L,0,777,33,33,0,0
TXN-20260707-SKU-HALDI-100,2026-07-07,SKU-HALDI-100,Turmeric Powder 100 g,0,32,38,38,0,0
TXN-20260707-SKU-HARPIC-500,2026-07-07,SKU-HARPIC-500,Harpic 500 ml,1,122,30,29,0,0
TXN-20260707-SKU-LAYS-52,2026-07-07,SKU-LAYS-52,Lays Classic 52 g,9,17,151,142,0,0
TXN-20260707-SKU-LIFEBUOY-4,2026-07-07,SKU-LIFEBUOY-4,Lifebuoy Soap 4 x 100 g,3,133,64,61,0,0
TXN-20260707-SKU-MAGGI-280,2026-07-07,SKU-MAGGI-280,Maggi Noodles 280 g,10,63,156,146,0,0
TXN-20260707-SKU-MAIDA-1K,2026-07-07,SKU-MAIDA-1K,Maida 1 kg,3,42,82,79,0,0
TXN-20260707-SKU-MOONG-1K,2026-07-07,SKU-MOONG-1K,Moong Dal 1 kg,2,127,84,82,0,0
TXN-20260707-SKU-MUST-1L,2026-07-07,SKU-MUST-1L,Fortune Mustard Oil 1 L,5,187,119,114,0,0
TXN-20260707-SKU-OIL-1L,2026-07-07,SKU-OIL-1L,Sunpure Cooking Oil 1 L,6,126,198,192,0,0
TXN-20260707-SKU-PARLE-G,2026-07-07,SKU-PARLE-G,Parle-G Biscuit 250 g,14,25,268,254,0,0
TXN-20260707-SKU-RAJMA-1K,2026-07-07,SKU-RAJMA-1K,Rajma 1 kg,2,169,43,41,0,0
TXN-20260707-SKU-SALT-1K,2026-07-07,SKU-SALT-1K,Tata Salt 1 kg,8,27,297,289,0,0
TXN-20260707-SKU-SUG-1K,2026-07-07,SKU-SUG-1K,Sugar 1 kg,12,51,256,244,0,0
TXN-20260707-SKU-SUJI-500,2026-07-07,SKU-SUJI-500,Suji 500 g,1,30,26,25,0,0
TXN-20260707-SKU-SURF-1K,2026-07-07,SKU-SURF-1K,Surf Excel 1 kg,3,133,73,70,0,0
TXN-20260707-SKU-TEA-250,2026-07-07,SKU-TEA-250,Tata Tea Gold 250 g,3,169,100,97,0,0
TXN-20260707-SKU-WATER-1L,2026-07-07,SKU-WATER-1L,Bisleri Water 1 L,11,19,299,288,0,0
TXN-20260708-SKU-ATTA-5K,2026-07-08,SKU-ATTA-5K,Aashirvaad Atta 5 kg,7,221,86,79,0,0
TXN-20260708-SKU-BESAN-500,2026-07-08,SKU-BESAN-500,Besan 500 g,2,55,52,50,0,0
TXN-20260708-SKU-BREAD-400,2026-07-08,SKU-BREAD-400,Brown Bread 400 g,4,46,85,81,0,0
TXN-20260708-SKU-CHANA-1K,2026-07-08,SKU-CHANA-1K,Kabuli Chana 1 kg,2,161,38,36,0,0
TXN-20260708-SKU-COKE-750,2026-07-08,SKU-COKE-750,Coca-Cola 750 ml,5,48,142,137,0,0
TXN-20260708-SKU-DALIA-500,2026-07-08,SKU-DALIA-500,Dalia 500 g,1,32,21,20,0,0
TXN-20260708-SKU-DETTOL-250,2026-07-08,SKU-DETTOL-250,Dettol Liquid 250 ml,0,170,28,28,0,0
TXN-20260708-SKU-GHEE-1L,2026-07-08,SKU-GHEE-1L,Amul Ghee 1 L,1,777,33,32,0,0
TXN-20260708-SKU-HALDI-100,2026-07-08,SKU-HALDI-100,Turmeric Powder 100 g,2,32,38,36,0,0
TXN-20260708-SKU-HARPIC-500,2026-07-08,SKU-HARPIC-500,Harpic 500 ml,2,122,29,27,0,0
TXN-20260708-SKU-LAYS-52,2026-07-08,SKU-LAYS-52,Lays Classic 52 g,6,17,142,112,0,0
TXN-20260708-SKU-LIFEBUOY-4,2026-07-08,SKU-LIFEBUOY-4,Lifebuoy Soap 4 x 100 g,2,133,61,59,0,0
TXN-20260708-SKU-MAGGI-280,2026-07-08,SKU-MAGGI-280,Maggi Noodles 280 g,5,63,146,141,0,0
TXN-20260708-SKU-MAIDA-1K,2026-07-08,SKU-MAIDA-1K,Maida 1 kg,3,42,79,76,0,0
TXN-20260708-SKU-MOONG-1K,2026-07-08,SKU-MOONG-1K,Moong Dal 1 kg,4,127,82,78,0,0
TXN-20260708-SKU-MUST-1L,2026-07-08,SKU-MUST-1L,Fortune Mustard Oil 1 L,1,187,114,113,0,0
TXN-20260708-SKU-OIL-1L,2026-07-08,SKU-OIL-1L,Sunpure Cooking Oil 1 L,3,126,192,189,0,0
TXN-20260708-SKU-PARLE-G,2026-07-08,SKU-PARLE-G,Parle-G Biscuit 250 g,11,25,254,243,0,0
TXN-20260708-SKU-RAJMA-1K,2026-07-08,SKU-RAJMA-1K,Rajma 1 kg,2,169,41,39,0,0
TXN-20260708-SKU-SALT-1K,2026-07-08,SKU-SALT-1K,Tata Salt 1 kg,10,27,289,279,0,0
TXN-20260708-SKU-SUG-1K,2026-07-08,SKU-SUG-1K,Sugar 1 kg,9,51,244,235,0,0
TXN-20260708-SKU-SUJI-500,2026-07-08,SKU-SUJI-500,Suji 500 g,1,30,25,24,0,0
TXN-20260708-SKU-SURF-1K,2026-07-08,SKU-SURF-1K,Surf Excel 1 kg,3,133,70,67,0,0
TXN-20260708-SKU-TEA-250,2026-07-08,SKU-TEA-250,Tata Tea Gold 250 g,5,169,97,92,0,0
TXN-20260708-SKU-WATER-1L,2026-07-08,SKU-WATER-1L,Bisleri Water 1 L,11,19,288,277,0,0
TXN-20260709-SKU-ATTA-5K,2026-07-09,SKU-ATTA-5K,Aashirvaad Atta 5 kg,3,221,79,76,0,0
TXN-20260709-SKU-BESAN-500,2026-07-09,SKU-BESAN-500,Besan 500 g,2,55,50,48,0,0
TXN-20260709-SKU-BREAD-400,2026-07-09,SKU-BREAD-400,Brown Bread 400 g,3,46,81,78,0,0
TXN-20260709-SKU-CHANA-1K,2026-07-09,SKU-CHANA-1K,Kabuli Chana 1 kg,2,161,36,34,0,0
TXN-20260709-SKU-COKE-750,2026-07-09,SKU-COKE-750,Coca-Cola 750 ml,7,48,137,130,0,0
TXN-20260709-SKU-DALIA-500,2026-07-09,SKU-DALIA-500,Dalia 500 g,1,32,20,19,0,0
TXN-20260709-SKU-DETTOL-250,2026-07-09,SKU-DETTOL-250,Dettol Liquid 250 ml,1,170,28,27,0,0
TXN-20260709-SKU-GHEE-1L,2026-07-09,SKU-GHEE-1L,Amul Ghee 1 L,1,777,32,31,0,0
TXN-20260709-SKU-HALDI-100,2026-07-09,SKU-HALDI-100,Turmeric Powder 100 g,2,32,36,34,0,0
TXN-20260709-SKU-HARPIC-500,2026-07-09,SKU-HARPIC-500,Harpic 500 ml,1,122,27,26,0,0
TXN-20260709-SKU-LAYS-52,2026-07-09,SKU-LAYS-52,Lays Classic 52 g,6,17,112,106,0,0
TXN-20260709-SKU-LIFEBUOY-4,2026-07-09,SKU-LIFEBUOY-4,Lifebuoy Soap 4 x 100 g,3,133,59,56,0,0
TXN-20260709-SKU-MAGGI-280,2026-07-09,SKU-MAGGI-280,Maggi Noodles 280 g,10,63,141,131,0,0
TXN-20260709-SKU-MAIDA-1K,2026-07-09,SKU-MAIDA-1K,Maida 1 kg,3,42,76,73,0,0
TXN-20260709-SKU-MOONG-1K,2026-07-09,SKU-MOONG-1K,Moong Dal 1 kg,3,127,78,75,0,0
TXN-20260709-SKU-MUST-1L,2026-07-09,SKU-MUST-1L,Fortune Mustard Oil 1 L,5,187,113,108,0,0
TXN-20260709-SKU-OIL-1L,2026-07-09,SKU-OIL-1L,Sunpure Cooking Oil 1 L,6,126,189,183,0,0
TXN-20260709-SKU-PARLE-G,2026-07-09,SKU-PARLE-G,Parle-G Biscuit 250 g,13,25,243,230,0,0
TXN-20260709-SKU-RAJMA-1K,2026-07-09,SKU-RAJMA-1K,Rajma 1 kg,3,169,39,36,0,0
TXN-20260709-SKU-SALT-1K,2026-07-09,SKU-SALT-1K,Tata Salt 1 kg,12,27,279,267,0,0
TXN-20260709-SKU-SUG-1K,2026-07-09,SKU-SUG-1K,Sugar 1 kg,13,51,235,222,0,0
TXN-20260709-SKU-SUJI-500,2026-07-09,SKU-SUJI-500,Suji 500 g,2,30,24,22,0,0
TXN-20260709-SKU-SURF-1K,2026-07-09,SKU-SURF-1K,Surf Excel 1 kg,5,133,67,62,0,0
TXN-20260709-SKU-TEA-250,2026-07-09,SKU-TEA-250,Tata Tea Gold 250 g,4,169,92,88,0,0
TXN-20260709-SKU-WATER-1L,2026-07-09,SKU-WATER-1L,Bisleri Water 1 L,18,19,277,259,0,0
TXN-20260710-SKU-ATTA-5K,2026-07-10,SKU-ATTA-5K,Aashirvaad Atta 5 kg,6,221,76,70,0,0
TXN-20260710-SKU-BESAN-500,2026-07-10,SKU-BESAN-500,Besan 500 g,2,55,48,46,0,0
TXN-20260710-SKU-BREAD-400,2026-07-10,SKU-BREAD-400,Brown Bread 400 g,4,46,78,74,0,0
TXN-20260710-SKU-CHANA-1K,2026-07-10,SKU-CHANA-1K,Kabuli Chana 1 kg,2,161,34,32,0,0
TXN-20260710-SKU-COKE-750,2026-07-10,SKU-COKE-750,Coca-Cola 750 ml,7,48,130,123,0,0
TXN-20260710-SKU-DALIA-500,2026-07-10,SKU-DALIA-500,Dalia 500 g,0,32,19,19,0,0
TXN-20260710-SKU-DETTOL-250,2026-07-10,SKU-DETTOL-250,Dettol Liquid 250 ml,1,170,27,26,0,0
TXN-20260710-SKU-GHEE-1L,2026-07-10,SKU-GHEE-1L,Amul Ghee 1 L,0,777,31,31,0,0
TXN-20260710-SKU-HALDI-100,2026-07-10,SKU-HALDI-100,Turmeric Powder 100 g,1,32,34,33,0,0
TXN-20260710-SKU-HARPIC-500,2026-07-10,SKU-HARPIC-500,Harpic 500 ml,1,122,26,25,0,0
TXN-20260710-SKU-LAYS-52,2026-07-10,SKU-LAYS-52,Lays Classic 52 g,8,17,106,98,0,0
TXN-20260710-SKU-LIFEBUOY-4,2026-07-10,SKU-LIFEBUOY-4,Lifebuoy Soap 4 x 100 g,3,133,56,53,0,0
TXN-20260710-SKU-MAGGI-280,2026-07-10,SKU-MAGGI-280,Maggi Noodles 280 g,5,63,131,126,0,0
TXN-20260710-SKU-MAIDA-1K,2026-07-10,SKU-MAIDA-1K,Maida 1 kg,4,42,73,69,0,0
TXN-20260710-SKU-MOONG-1K,2026-07-10,SKU-MOONG-1K,Moong Dal 1 kg,1,127,75,74,0,0
TXN-20260710-SKU-MUST-1L,2026-07-10,SKU-MUST-1L,Fortune Mustard Oil 1 L,4,187,108,104,0,0
TXN-20260710-SKU-OIL-1L,2026-07-10,SKU-OIL-1L,Sunpure Cooking Oil 1 L,7,126,183,176,0,0
TXN-20260710-SKU-PARLE-G,2026-07-10,SKU-PARLE-G,Parle-G Biscuit 250 g,12,25,230,218,0,0
TXN-20260710-SKU-RAJMA-1K,2026-07-10,SKU-RAJMA-1K,Rajma 1 kg,2,169,36,34,0,0
TXN-20260710-SKU-SALT-1K,2026-07-10,SKU-SALT-1K,Tata Salt 1 kg,12,27,267,255,0,0
TXN-20260710-SKU-SUG-1K,2026-07-10,SKU-SUG-1K,Sugar 1 kg,12,51,222,210,0,0
TXN-20260710-SKU-SUJI-500,2026-07-10,SKU-SUJI-500,Suji 500 g,0,30,22,22,0,0
TXN-20260710-SKU-SURF-1K,2026-07-10,SKU-SURF-1K,Surf Excel 1 kg,2,133,62,60,0,0
TXN-20260710-SKU-TEA-250,2026-07-10,SKU-TEA-250,Tata Tea Gold 250 g,4,169,88,84,0,0
TXN-20260710-SKU-WATER-1L,2026-07-10,SKU-WATER-1L,Bisleri Water 1 L,18,19,259,241,0,0
TXN-20260711-SKU-ATTA-5K,2026-07-11,SKU-ATTA-5K,Aashirvaad Atta 5 kg,4,221,70,66,0,0
TXN-20260711-SKU-BESAN-500,2026-07-11,SKU-BESAN-500,Besan 500 g,2,55,46,44,0,0
TXN-20260711-SKU-BREAD-400,2026-07-11,SKU-BREAD-400,Brown Bread 400 g,1,46,74,73,0,0
TXN-20260711-SKU-CHANA-1K,2026-07-11,SKU-CHANA-1K,Kabuli Chana 1 kg,2,161,32,30,0,0
TXN-20260711-SKU-COKE-750,2026-07-11,SKU-COKE-750,Coca-Cola 750 ml,6,48,123,117,0,0
TXN-20260711-SKU-DALIA-500,2026-07-11,SKU-DALIA-500,Dalia 500 g,2,32,19,17,0,0
TXN-20260711-SKU-DETTOL-250,2026-07-11,SKU-DETTOL-250,Dettol Liquid 250 ml,2,170,26,24,0,0
TXN-20260711-SKU-GHEE-1L,2026-07-11,SKU-GHEE-1L,Amul Ghee 1 L,1,777,31,30,0,0
TXN-20260711-SKU-HALDI-100,2026-07-11,SKU-HALDI-100,Turmeric Powder 100 g,1,32,33,32,0,0
TXN-20260711-SKU-HARPIC-500,2026-07-11,SKU-HARPIC-500,Harpic 500 ml,1,122,25,24,0,0
TXN-20260711-SKU-LAYS-52,2026-07-11,SKU-LAYS-52,Lays Classic 52 g,6,17,98,92,0,0
TXN-20260711-SKU-LIFEBUOY-4,2026-07-11,SKU-LIFEBUOY-4,Lifebuoy Soap 4 x 100 g,2,133,53,51,0,0
TXN-20260711-SKU-MAGGI-280,2026-07-11,SKU-MAGGI-280,Maggi Noodles 280 g,5,63,126,121,0,0
TXN-20260711-SKU-MAIDA-1K,2026-07-11,SKU-MAIDA-1K,Maida 1 kg,5,42,69,64,0,0
TXN-20260711-SKU-MOONG-1K,2026-07-11,SKU-MOONG-1K,Moong Dal 1 kg,3,127,74,71,0,0
TXN-20260711-SKU-MUST-1L,2026-07-11,SKU-MUST-1L,Fortune Mustard Oil 1 L,5,187,104,99,0,0
TXN-20260711-SKU-OIL-1L,2026-07-11,SKU-OIL-1L,Sunpure Cooking Oil 1 L,6,126,176,170,0,0
TXN-20260711-SKU-PARLE-G,2026-07-11,SKU-PARLE-G,Parle-G Biscuit 250 g,10,25,218,208,0,0
TXN-20260711-SKU-RAJMA-1K,2026-07-11,SKU-RAJMA-1K,Rajma 1 kg,2,169,34,32,0,0
TXN-20260711-SKU-SALT-1K,2026-07-11,SKU-SALT-1K,Tata Salt 1 kg,11,27,255,244,0,0
TXN-20260711-SKU-SUG-1K,2026-07-11,SKU-SUG-1K,Sugar 1 kg,11,51,210,199,0,0
TXN-20260711-SKU-SUJI-500,2026-07-11,SKU-SUJI-500,Suji 500 g,1,30,22,21,0,0
TXN-20260711-SKU-SURF-1K,2026-07-11,SKU-SURF-1K,Surf Excel 1 kg,3,133,60,57,0,0
TXN-20260711-SKU-TEA-250,2026-07-11,SKU-TEA-250,Tata Tea Gold 250 g,5,169,84,79,0,0
TXN-20260711-SKU-WATER-1L,2026-07-11,SKU-WATER-1L,Bisleri Water 1 L,13,19,241,228,0,0
TXN-20260712-SKU-ATTA-5K,2026-07-12,SKU-ATTA-5K,Aashirvaad Atta 5 kg,1,221,66,65,0,0
TXN-20260712-SKU-BESAN-500,2026-07-12,SKU-BESAN-500,Besan 500 g,3,55,44,41,0,0
TXN-20260712-SKU-BREAD-400,2026-07-12,SKU-BREAD-400,Brown Bread 400 g,3,46,73,180,0,0
TXN-20260712-SKU-CHANA-1K,2026-07-12,SKU-CHANA-1K,Kabuli Chana 1 kg,3,161,30,27,0,0
TXN-20260712-SKU-COKE-750,2026-07-12,SKU-COKE-750,Coca-Cola 750 ml,19,48,117,418,0,0
TXN-20260712-SKU-DALIA-500,2026-07-12,SKU-DALIA-500,Dalia 500 g,1,32,17,16,0,0
TXN-20260712-SKU-DETTOL-250,2026-07-12,SKU-DETTOL-250,Dettol Liquid 250 ml,1,170,24,53,0,0
TXN-20260712-SKU-GHEE-1L,2026-07-12,SKU-GHEE-1L,Amul Ghee 1 L,1,777,30,29,0,0
TXN-20260712-SKU-HALDI-100,2026-07-12,SKU-HALDI-100,Turmeric Powder 100 g,2,32,32,30,0,0
TXN-20260712-SKU-HARPIC-500,2026-07-12,SKU-HARPIC-500,Harpic 500 ml,0,122,24,54,0,0
TXN-20260712-SKU-LAYS-52,2026-07-12,SKU-LAYS-52,Lays Classic 52 g,9,17,92,263,0,0
TXN-20260712-SKU-LIFEBUOY-4,2026-07-12,SKU-LIFEBUOY-4,Lifebuoy Soap 4 x 100 g,2,133,51,129,0,0
TXN-20260712-SKU-MAGGI-280,2026-07-12,SKU-MAGGI-280,Maggi Noodles 280 g,4,63,121,307,0,0
TXN-20260712-SKU-MAIDA-1K,2026-07-12,SKU-MAIDA-1K,Maida 1 kg,5,42,64,59,0,0
TXN-20260712-SKU-MOONG-1K,2026-07-12,SKU-MOONG-1K,Moong Dal 1 kg,4,127,71,67,0,0
TXN-20260712-SKU-MUST-1L,2026-07-12,SKU-MUST-1L,Fortune Mustard Oil 1 L,5,187,99,94,0,0
TXN-20260712-SKU-OIL-1L,2026-07-12,SKU-OIL-1L,Sunpure Cooking Oil 1 L,10,126,170,160,0,0
TXN-20260712-SKU-PARLE-G,2026-07-12,SKU-PARLE-G,Parle-G Biscuit 250 g,16,25,208,542,0,0
TXN-20260712-SKU-RAJMA-1K,2026-07-12,SKU-RAJMA-1K,Rajma 1 kg,3,169,32,29,0,0
TXN-20260712-SKU-SALT-1K,2026-07-12,SKU-SALT-1K,Tata Salt 1 kg,14,27,244,230,0,0
TXN-20260712-SKU-SUG-1K,2026-07-12,SKU-SUG-1K,Sugar 1 kg,12,51,199,187,0,0
TXN-20260712-SKU-SUJI-500,2026-07-12,SKU-SUJI-500,Suji 500 g,1,30,21,20,0,0
TXN-20260712-SKU-SURF-1K,2026-07-12,SKU-SURF-1K,Surf Excel 1 kg,3,133,57,134,0,0
TXN-20260712-SKU-TEA-250,2026-07-12,SKU-TEA-250,Tata Tea Gold 250 g,4,169,79,75,0,0
TXN-20260712-SKU-WATER-1L,2026-07-12,SKU-WATER-1L,Bisleri Water 1 L,60,19,228,758,0,0
TXN-20260713-SKU-ATTA-5K,2026-07-13,SKU-ATTA-5K,Aashirvaad Atta 5 kg,6,221,65,209,0,0
TXN-20260713-SKU-BESAN-500,2026-07-13,SKU-BESAN-500,Besan 500 g,2,55,41,39,0,0
TXN-20260713-SKU-BREAD-400,2026-07-13,SKU-BREAD-400,Brown Bread 400 g,5,46,180,175,0,0
TXN-20260713-SKU-CHANA-1K,2026-07-13,SKU-CHANA-1K,Kabuli Chana 1 kg,3,161,27,94,0,0
TXN-20260713-SKU-COKE-750,2026-07-13,SKU-COKE-750,Coca-Cola 750 ml,17,48,418,401,0,0
TXN-20260713-SKU-DALIA-500,2026-07-13,SKU-DALIA-500,Dalia 500 g,1,32,16,45,0,0
TXN-20260713-SKU-DETTOL-250,2026-07-13,SKU-DETTOL-250,Dettol Liquid 250 ml,1,170,53,52,0,0
TXN-20260713-SKU-GHEE-1L,2026-07-13,SKU-GHEE-1L,Amul Ghee 1 L,2,777,29,27,0,0
TXN-20260713-SKU-HALDI-100,2026-07-13,SKU-HALDI-100,Turmeric Powder 100 g,2,32,30,28,0,0
TXN-20260713-SKU-HARPIC-500,2026-07-13,SKU-HARPIC-500,Harpic 500 ml,2,122,54,52,0,0
TXN-20260713-SKU-LAYS-52,2026-07-13,SKU-LAYS-52,Lays Classic 52 g,5,17,263,258,0,0
TXN-20260713-SKU-LIFEBUOY-4,2026-07-13,SKU-LIFEBUOY-4,Lifebuoy Soap 4 x 100 g,2,133,129,127,0,0
TXN-20260713-SKU-MAGGI-280,2026-07-13,SKU-MAGGI-280,Maggi Noodles 280 g,7,63,307,300,0,0
TXN-20260713-SKU-MAIDA-1K,2026-07-13,SKU-MAIDA-1K,Maida 1 kg,3,42,59,176,0,0
TXN-20260713-SKU-MOONG-1K,2026-07-13,SKU-MOONG-1K,Moong Dal 1 kg,3,127,67,64,0,0
TXN-20260713-SKU-MUST-1L,2026-07-13,SKU-MUST-1L,Fortune Mustard Oil 1 L,4,187,94,90,0,0
TXN-20260713-SKU-OIL-1L,2026-07-13,SKU-OIL-1L,Sunpure Cooking Oil 1 L,5,126,160,155,0,0
TXN-20260713-SKU-PARLE-G,2026-07-13,SKU-PARLE-G,Parle-G Biscuit 250 g,15,25,542,527,0,0
TXN-20260713-SKU-RAJMA-1K,2026-07-13,SKU-RAJMA-1K,Rajma 1 kg,2,169,29,87,0,0
TXN-20260713-SKU-SALT-1K,2026-07-13,SKU-SALT-1K,Tata Salt 1 kg,15,27,230,215,0,0
TXN-20260713-SKU-SUG-1K,2026-07-13,SKU-SUG-1K,Sugar 1 kg,8,51,187,179,0,0
TXN-20260713-SKU-SUJI-500,2026-07-13,SKU-SUJI-500,Suji 500 g,2,30,20,48,0,0
TXN-20260713-SKU-SURF-1K,2026-07-13,SKU-SURF-1K,Surf Excel 1 kg,5,133,134,129,0,0
TXN-20260713-SKU-TEA-250,2026-07-13,SKU-TEA-250,Tata Tea Gold 250 g,4,169,75,71,0,0
TXN-20260713-SKU-WATER-1L,2026-07-13,SKU-WATER-1L,Bisleri Water 1 L,5,19,758,753,0,0
TXN-20260714-SKU-ATTA-5K,2026-07-14,SKU-ATTA-5K,Aashirvaad Atta 5 kg,2,221,209,207,0,0
TXN-20260714-SKU-BESAN-500,2026-07-14,SKU-BESAN-500,Besan 500 g,3,55,39,36,0,0
TXN-20260714-SKU-BREAD-400,2026-07-14,SKU-BREAD-400,Brown Bread 400 g,3,46,175,172,0,0
TXN-20260714-SKU-CHANA-1K,2026-07-14,SKU-CHANA-1K,Kabuli Chana 1 kg,2,161,94,92,0,0
TXN-20260714-SKU-COKE-750,2026-07-14,SKU-COKE-750,Coca-Cola 750 ml,17,48,401,384,0,0
TXN-20260714-SKU-DALIA-500,2026-07-14,SKU-DALIA-500,Dalia 500 g,1,32,45,44,0,0
TXN-20260714-SKU-DETTOL-250,2026-07-14,SKU-DETTOL-250,Dettol Liquid 250 ml,1,170,52,51,0,0
TXN-20260714-SKU-GHEE-1L,2026-07-14,SKU-GHEE-1L,Amul Ghee 1 L,2,777,27,25,0,0
TXN-20260714-SKU-HALDI-100,2026-07-14,SKU-HALDI-100,Turmeric Powder 100 g,1,32,28,27,0,0
TXN-20260714-SKU-HARPIC-500,2026-07-14,SKU-HARPIC-500,Harpic 500 ml,1,122,52,51,0,0
TXN-20260714-SKU-LAYS-52,2026-07-14,SKU-LAYS-52,Lays Classic 52 g,6,17,258,252,0,0
TXN-20260714-SKU-LIFEBUOY-4,2026-07-14,SKU-LIFEBUOY-4,Lifebuoy Soap 4 x 100 g,2,133,127,125,0,0
TXN-20260714-SKU-MAGGI-280,2026-07-14,SKU-MAGGI-280,Maggi Noodles 280 g,6,63,300,294,0,0
TXN-20260714-SKU-MAIDA-1K,2026-07-14,SKU-MAIDA-1K,Maida 1 kg,4,42,176,172,0,0
TXN-20260714-SKU-MOONG-1K,2026-07-14,SKU-MOONG-1K,Moong Dal 1 kg,3,127,64,61,0,0
TXN-20260714-SKU-MUST-1L,2026-07-14,SKU-MUST-1L,Fortune Mustard Oil 1 L,5,187,90,85,0,0
TXN-20260714-SKU-OIL-1L,2026-07-14,SKU-OIL-1L,Sunpure Cooking Oil 1 L,10,126,155,145,0,0
TXN-20260714-SKU-PARLE-G,2026-07-14,SKU-PARLE-G,Parle-G Biscuit 250 g,15,25,527,512,0,0
TXN-20260714-SKU-RAJMA-1K,2026-07-14,SKU-RAJMA-1K,Rajma 1 kg,1,169,87,86,0,0
TXN-20260714-SKU-SALT-1K,2026-07-14,SKU-SALT-1K,Tata Salt 1 kg,11,27,215,204,0,0
TXN-20260714-SKU-SUG-1K,2026-07-14,SKU-SUG-1K,Sugar 1 kg,9,51,179,170,0,0
TXN-20260714-SKU-SUJI-500,2026-07-14,SKU-SUJI-500,Suji 500 g,1,30,48,47,0,0
TXN-20260714-SKU-SURF-1K,2026-07-14,SKU-SURF-1K,Surf Excel 1 kg,2,133,129,127,0,0
TXN-20260714-SKU-TEA-250,2026-07-14,SKU-TEA-250,Tata Tea Gold 250 g,3,169,71,68,0,0
TXN-20260714-SKU-WATER-1L,2026-07-14,SKU-WATER-1L,Bisleri Water 1 L,17,19,753,736,0,0
TXN-20260715-SKU-ATTA-5K,2026-07-15,SKU-ATTA-5K,Aashirvaad Atta 5 kg,5,221,207,202,0,0
TXN-20260715-SKU-BESAN-500,2026-07-15,SKU-BESAN-500,Besan 500 g,2,55,36,34,0,0
TXN-20260715-SKU-BREAD-400,2026-07-15,SKU-BREAD-400,Brown Bread 400 g,2,46,172,170,0,0
TXN-20260715-SKU-CHANA-1K,2026-07-15,SKU-CHANA-1K,Kabuli Chana 1 kg,2,161,92,90,0,0
TXN-20260715-SKU-COKE-750,2026-07-15,SKU-COKE-750,Coca-Cola 750 ml,22,48,384,362,0,0
TXN-20260715-SKU-DALIA-500,2026-07-15,SKU-DALIA-500,Dalia 500 g,1,32,44,43,0,0
TXN-20260715-SKU-DETTOL-250,2026-07-15,SKU-DETTOL-250,Dettol Liquid 250 ml,1,170,51,50,0,0
TXN-20260715-SKU-GHEE-1L,2026-07-15,SKU-GHEE-1L,Amul Ghee 1 L,1,777,25,24,0,0
TXN-20260715-SKU-HALDI-100,2026-07-15,SKU-HALDI-100,Turmeric Powder 100 g,1,32,27,26,0,0
TXN-20260715-SKU-HARPIC-500,2026-07-15,SKU-HARPIC-500,Harpic 500 ml,1,122,51,50,0,0
TXN-20260715-SKU-LAYS-52,2026-07-15,SKU-LAYS-52,Lays Classic 52 g,7,17,252,245,0,0
TXN-20260715-SKU-LIFEBUOY-4,2026-07-15,SKU-LIFEBUOY-4,Lifebuoy Soap 4 x 100 g,3,133,125,122,0,0
TXN-20260715-SKU-MAGGI-280,2026-07-15,SKU-MAGGI-280,Maggi Noodles 280 g,10,63,294,284,0,0
TXN-20260715-SKU-MAIDA-1K,2026-07-15,SKU-MAIDA-1K,Maida 1 kg,4,42,172,168,0,0
TXN-20260715-SKU-MOONG-1K,2026-07-15,SKU-MOONG-1K,Moong Dal 1 kg,4,127,61,57,0,0
TXN-20260715-SKU-MUST-1L,2026-07-15,SKU-MUST-1L,Fortune Mustard Oil 1 L,2,187,85,83,0,0
TXN-20260715-SKU-OIL-1L,2026-07-15,SKU-OIL-1L,Sunpure Cooking Oil 1 L,7,126,145,138,0,0
TXN-20260715-SKU-PARLE-G,2026-07-15,SKU-PARLE-G,Parle-G Biscuit 250 g,16,25,512,496,0,0
TXN-20260715-SKU-RAJMA-1K,2026-07-15,SKU-RAJMA-1K,Rajma 1 kg,3,169,86,83,0,0
TXN-20260715-SKU-SALT-1K,2026-07-15,SKU-SALT-1K,Tata Salt 1 kg,11,27,204,193,0,0
TXN-20260715-SKU-SUG-1K,2026-07-15,SKU-SUG-1K,Sugar 1 kg,10,51,170,160,0,0
TXN-20260715-SKU-SUJI-500,2026-07-15,SKU-SUJI-500,Suji 500 g,2,30,47,45,0,0
TXN-20260715-SKU-SURF-1K,2026-07-15,SKU-SURF-1K,Surf Excel 1 kg,3,133,127,124,0,0
TXN-20260715-SKU-TEA-250,2026-07-15,SKU-TEA-250,Tata Tea Gold 250 g,4,169,68,64,0,0
TXN-20260715-SKU-WATER-1L,2026-07-15,SKU-WATER-1L,Bisleri Water 1 L,55,19,736,681,0,0
TXN-20260716-SKU-ATTA-5K,2026-07-16,SKU-ATTA-5K,Aashirvaad Atta 5 kg,5,221,202,197,0,0
TXN-20260716-SKU-BESAN-500,2026-07-16,SKU-BESAN-500,Besan 500 g,2,55,34,82,0,0
TXN-20260716-SKU-BREAD-400,2026-07-16,SKU-BREAD-400,Brown Bread 400 g,5,46,170,165,0,0
TXN-20260716-SKU-CHANA-1K,2026-07-16,SKU-CHANA-1K,Kabuli Chana 1 kg,2,161,90,88,0,0
TXN-20260716-SKU-COKE-750,2026-07-16,SKU-COKE-750,Coca-Cola 750 ml,17,48,362,345,0,0
TXN-20260716-SKU-DALIA-500,2026-07-16,SKU-DALIA-500,Dalia 500 g,2,32,43,41,0,0
TXN-20260716-SKU-DETTOL-250,2026-07-16,SKU-DETTOL-250,Dettol Liquid 250 ml,2,170,50,48,0,0
TXN-20260716-SKU-GHEE-1L,2026-07-16,SKU-GHEE-1L,Amul Ghee 1 L,0,777,24,54,0,0
TXN-20260716-SKU-HALDI-100,2026-07-16,SKU-HALDI-100,Turmeric Powder 100 g,1,32,26,55,0,0
TXN-20260716-SKU-HARPIC-500,2026-07-16,SKU-HARPIC-500,Harpic 500 ml,1,122,50,49,0,0
TXN-20260716-SKU-LAYS-52,2026-07-16,SKU-LAYS-52,Lays Classic 52 g,6,17,245,239,0,0
TXN-20260716-SKU-LIFEBUOY-4,2026-07-16,SKU-LIFEBUOY-4,Lifebuoy Soap 4 x 100 g,4,133,122,118,0,0
TXN-20260716-SKU-MAGGI-280,2026-07-16,SKU-MAGGI-280,Maggi Noodles 280 g,14,63,284,270,0,0
TXN-20260716-SKU-MAIDA-1K,2026-07-16,SKU-MAIDA-1K,Maida 1 kg,5,42,168,163,0,0
TXN-20260716-SKU-MOONG-1K,2026-07-16,SKU-MOONG-1K,Moong Dal 1 kg,3,127,57,124,0,0
TXN-20260716-SKU-MUST-1L,2026-07-16,SKU-MUST-1L,Fortune Mustard Oil 1 L,2,187,83,201,0,0
TXN-20260716-SKU-OIL-1L,2026-07-16,SKU-OIL-1L,Sunpure Cooking Oil 1 L,11,126,138,337,0,0
TXN-20260716-SKU-PARLE-G,2026-07-16,SKU-PARLE-G,Parle-G Biscuit 250 g,13,25,496,483,0,0
TXN-20260716-SKU-RAJMA-1K,2026-07-16,SKU-RAJMA-1K,Rajma 1 kg,2,169,83,81,0,0
TXN-20260716-SKU-SALT-1K,2026-07-16,SKU-SALT-1K,Tata Salt 1 kg,12,27,193,451,0,0
TXN-20260716-SKU-SUG-1K,2026-07-16,SKU-SUG-1K,Sugar 1 kg,15,51,160,385,0,0
TXN-20260716-SKU-SUJI-500,2026-07-16,SKU-SUJI-500,Suji 500 g,1,30,45,44,0,0
TXN-20260716-SKU-SURF-1K,2026-07-16,SKU-SURF-1K,Surf Excel 1 kg,4,133,124,120,0,0
TXN-20260716-SKU-TEA-250,2026-07-16,SKU-TEA-250,Tata Tea Gold 250 g,4,169,64,150,0,0
TXN-20260716-SKU-WATER-1L,2026-07-16,SKU-WATER-1L,Bisleri Water 1 L,34,19,681,647,0,0
TXN-20260717-SKU-ATTA-5K,2026-07-17,SKU-ATTA-5K,Aashirvaad Atta 5 kg,6,221,197,191,0,0
TXN-20260717-SKU-BESAN-500,2026-07-17,SKU-BESAN-500,Besan 500 g,2,55,82,80,0,0
TXN-20260717-SKU-BREAD-400,2026-07-17,SKU-BREAD-400,Brown Bread 400 g,5,46,165,160,0,0
TXN-20260717-SKU-CHANA-1K,2026-07-17,SKU-CHANA-1K,Kabuli Chana 1 kg,2,161,88,86,0,0
TXN-20260717-SKU-COKE-750,2026-07-17,SKU-COKE-750,Coca-Cola 750 ml,14,48,345,331,0,0
TXN-20260717-SKU-DALIA-500,2026-07-17,SKU-DALIA-500,Dalia 500 g,1,32,41,40,0,0
TXN-20260717-SKU-DETTOL-250,2026-07-17,SKU-DETTOL-250,Dettol Liquid 250 ml,1,170,48,47,0,0
TXN-20260717-SKU-GHEE-1L,2026-07-17,SKU-GHEE-1L,Amul Ghee 1 L,2,777,54,52,0,0
TXN-20260717-SKU-HALDI-100,2026-07-17,SKU-HALDI-100,Turmeric Powder 100 g,1,32,55,54,0,0
TXN-20260717-SKU-HARPIC-500,2026-07-17,SKU-HARPIC-500,Harpic 500 ml,1,122,49,48,0,0
TXN-20260717-SKU-LAYS-52,2026-07-17,SKU-LAYS-52,Lays Classic 52 g,5,17,239,234,0,0
TXN-20260717-SKU-LIFEBUOY-4,2026-07-17,SKU-LIFEBUOY-4,Lifebuoy Soap 4 x 100 g,3,133,118,115,0,0
TXN-20260717-SKU-MAGGI-280,2026-07-17,SKU-MAGGI-280,Maggi Noodles 280 g,5,63,270,265,0,0
TXN-20260717-SKU-MAIDA-1K,2026-07-17,SKU-MAIDA-1K,Maida 1 kg,4,42,163,159,0,0
TXN-20260717-SKU-MOONG-1K,2026-07-17,SKU-MOONG-1K,Moong Dal 1 kg,2,127,124,122,0,0
TXN-20260717-SKU-MUST-1L,2026-07-17,SKU-MUST-1L,Fortune Mustard Oil 1 L,7,187,201,194,0,0
TXN-20260717-SKU-OIL-1L,2026-07-17,SKU-OIL-1L,Sunpure Cooking Oil 1 L,9,126,337,328,0,0
TXN-20260717-SKU-PARLE-G,2026-07-17,SKU-PARLE-G,Parle-G Biscuit 250 g,13,25,483,470,0,0
TXN-20260717-SKU-RAJMA-1K,2026-07-17,SKU-RAJMA-1K,Rajma 1 kg,2,169,81,79,0,0
TXN-20260717-SKU-SALT-1K,2026-07-17,SKU-SALT-1K,Tata Salt 1 kg,12,27,451,439,0,0
TXN-20260717-SKU-SUG-1K,2026-07-17,SKU-SUG-1K,Sugar 1 kg,7,51,385,378,0,0
TXN-20260717-SKU-SUJI-500,2026-07-17,SKU-SUJI-500,Suji 500 g,1,30,44,43,0,0
TXN-20260717-SKU-SURF-1K,2026-07-17,SKU-SURF-1K,Surf Excel 1 kg,3,133,120,117,0,0
TXN-20260717-SKU-TEA-250,2026-07-17,SKU-TEA-250,Tata Tea Gold 250 g,6,169,150,144,0,0
TXN-20260717-SKU-WATER-1L,2026-07-17,SKU-WATER-1L,Bisleri Water 1 L,58,19,647,589,0,0
TXN-20260718-SKU-ATTA-5K,2026-07-18,SKU-ATTA-5K,Aashirvaad Atta 5 kg,5,221,191,186,0,0
TXN-20260718-SKU-BESAN-500,2026-07-18,SKU-BESAN-500,Besan 500 g,2,55,80,78,0,0
TXN-20260718-SKU-BREAD-400,2026-07-18,SKU-BREAD-400,Brown Bread 400 g,4,46,160,156,0,0
TXN-20260718-SKU-CHANA-1K,2026-07-18,SKU-CHANA-1K,Kabuli Chana 1 kg,2,161,86,84,0,0
TXN-20260718-SKU-COKE-750,2026-07-18,SKU-COKE-750,Coca-Cola 750 ml,22,48,331,309,0,0
TXN-20260718-SKU-DALIA-500,2026-07-18,SKU-DALIA-500,Dalia 500 g,1,32,40,39,0,0
TXN-20260718-SKU-DETTOL-250,2026-07-18,SKU-DETTOL-250,Dettol Liquid 250 ml,0,170,47,47,0,0
TXN-20260718-SKU-GHEE-1L,2026-07-18,SKU-GHEE-1L,Amul Ghee 1 L,1,777,52,51,0,0
TXN-20260718-SKU-HALDI-100,2026-07-18,SKU-HALDI-100,Turmeric Powder 100 g,1,32,54,53,0,0
TXN-20260718-SKU-HARPIC-500,2026-07-18,SKU-HARPIC-500,Harpic 500 ml,1,122,48,47,0,0
TXN-20260718-SKU-LAYS-52,2026-07-18,SKU-LAYS-52,Lays Classic 52 g,9,17,234,225,0,0
TXN-20260718-SKU-LIFEBUOY-4,2026-07-18,SKU-LIFEBUOY-4,Lifebuoy Soap 4 x 100 g,2,133,115,113,0,0
TXN-20260718-SKU-MAGGI-280,2026-07-18,SKU-MAGGI-280,Maggi Noodles 280 g,8,63,265,257,0,0
TXN-20260718-SKU-MAIDA-1K,2026-07-18,SKU-MAIDA-1K,Maida 1 kg,4,42,159,155,0,0
TXN-20260718-SKU-MOONG-1K,2026-07-18,SKU-MOONG-1K,Moong Dal 1 kg,2,127,122,120,0,0
TXN-20260718-SKU-MUST-1L,2026-07-18,SKU-MUST-1L,Fortune Mustard Oil 1 L,6,187,194,188,0,0
TXN-20260718-SKU-OIL-1L,2026-07-18,SKU-OIL-1L,Sunpure Cooking Oil 1 L,6,126,328,322,0,0
TXN-20260718-SKU-PARLE-G,2026-07-18,SKU-PARLE-G,Parle-G Biscuit 250 g,14,25,470,456,0,0
TXN-20260718-SKU-RAJMA-1K,2026-07-18,SKU-RAJMA-1K,Rajma 1 kg,2,169,79,77,0,0
TXN-20260718-SKU-SALT-1K,2026-07-18,SKU-SALT-1K,Tata Salt 1 kg,13,27,439,426,0,0
TXN-20260718-SKU-SUG-1K,2026-07-18,SKU-SUG-1K,Sugar 1 kg,11,51,378,367,0,0
TXN-20260718-SKU-SUJI-500,2026-07-18,SKU-SUJI-500,Suji 500 g,0,30,43,43,0,0
TXN-20260718-SKU-SURF-1K,2026-07-18,SKU-SURF-1K,Surf Excel 1 kg,3,133,117,114,0,0
TXN-20260718-SKU-TEA-250,2026-07-18,SKU-TEA-250,Tata Tea Gold 250 g,2,169,144,142,0,0
TXN-20260718-SKU-WATER-1L,2026-07-18,SKU-WATER-1L,Bisleri Water 1 L,38,19,589,551,0,0
TXN-20260719-SKU-ATTA-5K,2026-07-19,SKU-ATTA-5K,Aashirvaad Atta 5 kg,10,221,186,176,0,0
TXN-20260719-SKU-BESAN-500,2026-07-19,SKU-BESAN-500,Besan 500 g,1,55,78,77,0,0
TXN-20260719-SKU-BREAD-400,2026-07-19,SKU-BREAD-400,Brown Bread 400 g,3,46,156,153,0,0
TXN-20260719-SKU-CHANA-1K,2026-07-19,SKU-CHANA-1K,Kabuli Chana 1 kg,3,161,84,81,0,0
TXN-20260719-SKU-COKE-750,2026-07-19,SKU-COKE-750,Coca-Cola 750 ml,22,48,309,287,0,0
TXN-20260719-SKU-DALIA-500,2026-07-19,SKU-DALIA-500,Dalia 500 g,1,32,39,38,0,0
TXN-20260719-SKU-DETTOL-250,2026-07-19,SKU-DETTOL-250,Dettol Liquid 250 ml,1,170,47,46,0,0
TXN-20260719-SKU-GHEE-1L,2026-07-19,SKU-GHEE-1L,Amul Ghee 1 L,3,777,51,48,0,0
TXN-20260719-SKU-HALDI-100,2026-07-19,SKU-HALDI-100,Turmeric Powder 100 g,1,32,53,52,0,0
TXN-20260719-SKU-HARPIC-500,2026-07-19,SKU-HARPIC-500,Harpic 500 ml,2,122,47,45,0,0
TXN-20260719-SKU-LAYS-52,2026-07-19,SKU-LAYS-52,Lays Classic 52 g,8,17,225,217,0,0
TXN-20260719-SKU-LIFEBUOY-4,2026-07-19,SKU-LIFEBUOY-4,Lifebuoy Soap 4 x 100 g,3,133,113,110,0,0
TXN-20260719-SKU-MAGGI-280,2026-07-19,SKU-MAGGI-280,Maggi Noodles 280 g,11,63,257,246,0,0
TXN-20260719-SKU-MAIDA-1K,2026-07-19,SKU-MAIDA-1K,Maida 1 kg,3,42,155,152,0,0
TXN-20260719-SKU-MOONG-1K,2026-07-19,SKU-MOONG-1K,Moong Dal 1 kg,5,127,120,115,0,0
TXN-20260719-SKU-MUST-1L,2026-07-19,SKU-MUST-1L,Fortune Mustard Oil 1 L,4,187,188,184,0,0
TXN-20260719-SKU-OIL-1L,2026-07-19,SKU-OIL-1L,Sunpure Cooking Oil 1 L,8,126,322,314,0,0
TXN-20260719-SKU-PARLE-G,2026-07-19,SKU-PARLE-G,Parle-G Biscuit 250 g,17,25,456,439,0,0
TXN-20260719-SKU-RAJMA-1K,2026-07-19,SKU-RAJMA-1K,Rajma 1 kg,3,169,77,74,0,0
TXN-20260719-SKU-SALT-1K,2026-07-19,SKU-SALT-1K,Tata Salt 1 kg,14,27,426,412,0,0
TXN-20260719-SKU-SUG-1K,2026-07-19,SKU-SUG-1K,Sugar 1 kg,16,51,367,351,0,0
TXN-20260719-SKU-SUJI-500,2026-07-19,SKU-SUJI-500,Suji 500 g,0,30,43,43,0,0
TXN-20260719-SKU-SURF-1K,2026-07-19,SKU-SURF-1K,Surf Excel 1 kg,1,133,114,113,0,0
TXN-20260719-SKU-TEA-250,2026-07-19,SKU-TEA-250,Tata Tea Gold 250 g,2,169,142,140,0,0
TXN-20260719-SKU-WATER-1L,2026-07-19,SKU-WATER-1L,Bisleri Water 1 L,14,19,551,537,0,0
TXN-20260720-SKU-ATTA-5K,2026-07-20,SKU-ATTA-5K,Aashirvaad Atta 5 kg,6,221,176,170,0,0
TXN-20260720-SKU-BESAN-500,2026-07-20,SKU-BESAN-500,Besan 500 g,2,55,77,75,0,0
TXN-20260720-SKU-BREAD-400,2026-07-20,SKU-BREAD-400,Brown Bread 400 g,4,46,153,149,0,0
TXN-20260720-SKU-CHANA-1K,2026-07-20,SKU-CHANA-1K,Kabuli Chana 1 kg,2,161,81,79,0,0
TXN-20260720-SKU-COKE-750,2026-07-20,SKU-COKE-750,Coca-Cola 750 ml,22,48,287,265,0,0
TXN-20260720-SKU-DALIA-500,2026-07-20,SKU-DALIA-500,Dalia 500 g,1,32,38,37,0,0
TXN-20260720-SKU-DETTOL-250,2026-07-20,SKU-DETTOL-250,Dettol Liquid 250 ml,1,170,46,45,0,0
TXN-20260720-SKU-GHEE-1L,2026-07-20,SKU-GHEE-1L,Amul Ghee 1 L,2,777,48,46,0,0
TXN-20260720-SKU-HALDI-100,2026-07-20,SKU-HALDI-100,Turmeric Powder 100 g,1,32,52,51,0,0
TXN-20260720-SKU-HARPIC-500,2026-07-20,SKU-HARPIC-500,Harpic 500 ml,1,122,45,44,0,0
TXN-20260720-SKU-LAYS-52,2026-07-20,SKU-LAYS-52,Lays Classic 52 g,5,17,217,212,0,0
TXN-20260720-SKU-LIFEBUOY-4,2026-07-20,SKU-LIFEBUOY-4,Lifebuoy Soap 4 x 100 g,5,133,110,105,0,0
TXN-20260720-SKU-MAGGI-280,2026-07-20,SKU-MAGGI-280,Maggi Noodles 280 g,8,63,246,238,0,0
TXN-20260720-SKU-MAIDA-1K,2026-07-20,SKU-MAIDA-1K,Maida 1 kg,4,42,152,148,0,0
TXN-20260720-SKU-MOONG-1K,2026-07-20,SKU-MOONG-1K,Moong Dal 1 kg,3,127,115,112,0,0
TXN-20260720-SKU-MUST-1L,2026-07-20,SKU-MUST-1L,Fortune Mustard Oil 1 L,5,187,184,179,0,0
TXN-20260720-SKU-OIL-1L,2026-07-20,SKU-OIL-1L,Sunpure Cooking Oil 1 L,9,126,314,305,0,0
TXN-20260720-SKU-PARLE-G,2026-07-20,SKU-PARLE-G,Parle-G Biscuit 250 g,14,25,439,425,0,0
TXN-20260720-SKU-RAJMA-1K,2026-07-20,SKU-RAJMA-1K,Rajma 1 kg,2,169,74,72,0,0
TXN-20260720-SKU-SALT-1K,2026-07-20,SKU-SALT-1K,Tata Salt 1 kg,11,27,412,401,0,0
TXN-20260720-SKU-SUG-1K,2026-07-20,SKU-SUG-1K,Sugar 1 kg,9,51,351,342,0,0
TXN-20260720-SKU-SUJI-500,2026-07-20,SKU-SUJI-500,Suji 500 g,0,30,43,43,0,0
TXN-20260720-SKU-SURF-1K,2026-07-20,SKU-SURF-1K,Surf Excel 1 kg,4,133,113,109,0,0
TXN-20260720-SKU-TEA-250,2026-07-20,SKU-TEA-250,Tata Tea Gold 250 g,5,169,140,135,0,0
TXN-20260720-SKU-WATER-1L,2026-07-20,SKU-WATER-1L,Bisleri Water 1 L,31,19,537,506,0,0
TXN-20260721-SKU-ATTA-5K,2026-07-21,SKU-ATTA-5K,Aashirvaad Atta 5 kg,6,221,170,164,0,0
TXN-20260721-SKU-BESAN-500,2026-07-21,SKU-BESAN-500,Besan 500 g,2,55,75,73,0,0
TXN-20260721-SKU-BREAD-400,2026-07-21,SKU-BREAD-400,Brown Bread 400 g,7,46,149,142,0,0
TXN-20260721-SKU-CHANA-1K,2026-07-21,SKU-CHANA-1K,Kabuli Chana 1 kg,2,161,79,77,0,0
TXN-20260721-SKU-COKE-750,2026-07-21,SKU-COKE-750,Coca-Cola 750 ml,14,48,265,251,0,0
TXN-20260721-SKU-DALIA-500,2026-07-21,SKU-DALIA-500,Dalia 500 g,1,32,37,36,0,0
TXN-20260721-SKU-DETTOL-250,2026-07-21,SKU-DETTOL-250,Dettol Liquid 250 ml,1,170,45,44,0,0
TXN-20260721-SKU-GHEE-1L,2026-07-21,SKU-GHEE-1L,Amul Ghee 1 L,0,777,46,46,0,0
TXN-20260721-SKU-HALDI-100,2026-07-21,SKU-HALDI-100,Turmeric Powder 100 g,0,32,51,51,0,0
TXN-20260721-SKU-HARPIC-500,2026-07-21,SKU-HARPIC-500,Harpic 500 ml,1,122,44,43,0,0
TXN-20260721-SKU-LAYS-52,2026-07-21,SKU-LAYS-52,Lays Classic 52 g,7,17,212,205,0,0
TXN-20260721-SKU-LIFEBUOY-4,2026-07-21,SKU-LIFEBUOY-4,Lifebuoy Soap 4 x 100 g,2,133,105,103,0,0
TXN-20260721-SKU-MAGGI-280,2026-07-21,SKU-MAGGI-280,Maggi Noodles 280 g,4,63,238,234,0,0
TXN-20260721-SKU-MAIDA-1K,2026-07-21,SKU-MAIDA-1K,Maida 1 kg,4,42,148,144,0,0
TXN-20260721-SKU-MOONG-1K,2026-07-21,SKU-MOONG-1K,Moong Dal 1 kg,1,127,112,111,0,0
TXN-20260721-SKU-MUST-1L,2026-07-21,SKU-MUST-1L,Fortune Mustard Oil 1 L,5,187,179,174,0,0
TXN-20260721-SKU-OIL-1L,2026-07-21,SKU-OIL-1L,Sunpure Cooking Oil 1 L,8,126,305,297,0,0
TXN-20260721-SKU-PARLE-G,2026-07-21,SKU-PARLE-G,Parle-G Biscuit 250 g,14,25,425,411,0,0
TXN-20260721-SKU-RAJMA-1K,2026-07-21,SKU-RAJMA-1K,Rajma 1 kg,0,169,72,72,0,0
TXN-20260721-SKU-SALT-1K,2026-07-21,SKU-SALT-1K,Tata Salt 1 kg,8,27,401,393,0,0
TXN-20260721-SKU-SUG-1K,2026-07-21,SKU-SUG-1K,Sugar 1 kg,11,51,342,331,0,0
TXN-20260721-SKU-SUJI-500,2026-07-21,SKU-SUJI-500,Suji 500 g,1,30,43,42,0,0
TXN-20260721-SKU-SURF-1K,2026-07-21,SKU-SURF-1K,Surf Excel 1 kg,3,133,109,106,0,0
TXN-20260721-SKU-TEA-250,2026-07-21,SKU-TEA-250,Tata Tea Gold 250 g,3,169,135,132,0,0
TXN-20260721-SKU-WATER-1L,2026-07-21,SKU-WATER-1L,Bisleri Water 1 L,41,19,506,465,0,0
TXN-20260722-SKU-ATTA-5K,2026-07-22,SKU-ATTA-5K,Aashirvaad Atta 5 kg,4,221,164,160,0,0
TXN-20260722-SKU-BESAN-500,2026-07-22,SKU-BESAN-500,Besan 500 g,3,55,73,70,0,0
TXN-20260722-SKU-BREAD-400,2026-07-22,SKU-BREAD-400,Brown Bread 400 g,2,46,142,140,0,0
TXN-20260722-SKU-CHANA-1K,2026-07-22,SKU-CHANA-1K,Kabuli Chana 1 kg,3,161,77,74,0,0
TXN-20260722-SKU-COKE-750,2026-07-22,SKU-COKE-750,Coca-Cola 750 ml,19,48,251,232,0,0
TXN-20260722-SKU-DALIA-500,2026-07-22,SKU-DALIA-500,Dalia 500 g,1,32,36,35,0,0
TXN-20260722-SKU-DETTOL-250,2026-07-22,SKU-DETTOL-250,Dettol Liquid 250 ml,1,170,44,43,0,0
TXN-20260722-SKU-GHEE-1L,2026-07-22,SKU-GHEE-1L,Amul Ghee 1 L,1,777,46,45,0,0
TXN-20260722-SKU-HALDI-100,2026-07-22,SKU-HALDI-100,Turmeric Powder 100 g,0,32,51,51,0,0
TXN-20260722-SKU-HARPIC-500,2026-07-22,SKU-HARPIC-500,Harpic 500 ml,1,122,43,42,0,0
TXN-20260722-SKU-LAYS-52,2026-07-22,SKU-LAYS-52,Lays Classic 52 g,7,17,205,198,0,0
TXN-20260722-SKU-LIFEBUOY-4,2026-07-22,SKU-LIFEBUOY-4,Lifebuoy Soap 4 x 100 g,4,133,103,99,0,0
TXN-20260722-SKU-MAGGI-280,2026-07-22,SKU-MAGGI-280,Maggi Noodles 280 g,7,63,234,227,0,0
TXN-20260722-SKU-MAIDA-1K,2026-07-22,SKU-MAIDA-1K,Maida 1 kg,3,42,144,141,0,0
TXN-20260722-SKU-MOONG-1K,2026-07-22,SKU-MOONG-1K,Moong Dal 1 kg,2,127,111,109,0,0
TXN-20260722-SKU-MUST-1L,2026-07-22,SKU-MUST-1L,Fortune Mustard Oil 1 L,3,187,174,171,0,0
TXN-20260722-SKU-OIL-1L,2026-07-22,SKU-OIL-1L,Sunpure Cooking Oil 1 L,11,126,297,286,0,0
TXN-20260722-SKU-PARLE-G,2026-07-22,SKU-PARLE-G,Parle-G Biscuit 250 g,14,25,411,397,0,0
TXN-20260722-SKU-RAJMA-1K,2026-07-22,SKU-RAJMA-1K,Rajma 1 kg,2,169,72,70,0,0
TXN-20260722-SKU-SALT-1K,2026-07-22,SKU-SALT-1K,Tata Salt 1 kg,11,27,393,382,0,0
TXN-20260722-SKU-SUG-1K,2026-07-22,SKU-SUG-1K,Sugar 1 kg,10,51,331,321,0,0
TXN-20260722-SKU-SUJI-500,2026-07-22,SKU-SUJI-500,Suji 500 g,1,30,42,41,0,0
TXN-20260722-SKU-SURF-1K,2026-07-22,SKU-SURF-1K,Surf Excel 1 kg,1,133,106,105,0,0
TXN-20260722-SKU-TEA-250,2026-07-22,SKU-TEA-250,Tata Tea Gold 250 g,4,169,132,128,0,0
TXN-20260722-SKU-WATER-1L,2026-07-22,SKU-WATER-1L,Bisleri Water 1 L,34,19,465,431,0,0
TXN-20260723-SKU-ATTA-5K,2026-07-23,SKU-ATTA-5K,Aashirvaad Atta 5 kg,7,221,160,153,0,0
TXN-20260723-SKU-BESAN-500,2026-07-23,SKU-BESAN-500,Besan 500 g,1,55,70,69,0,0
TXN-20260723-SKU-BREAD-400,2026-07-23,SKU-BREAD-400,Brown Bread 400 g,6,46,140,134,0,0
TXN-20260723-SKU-CHANA-1K,2026-07-23,SKU-CHANA-1K,Kabuli Chana 1 kg,2,161,74,72,0,0
TXN-20260723-SKU-COKE-750,2026-07-23,SKU-COKE-750,Coca-Cola 750 ml,6,48,232,226,0,0
TXN-20260723-SKU-DALIA-500,2026-07-23,SKU-DALIA-500,Dalia 500 g,1,32,35,34,0,0
TXN-20260723-SKU-DETTOL-250,2026-07-23,SKU-DETTOL-250,Dettol Liquid 250 ml,1,170,43,42,0,0
TXN-20260723-SKU-GHEE-1L,2026-07-23,SKU-GHEE-1L,Amul Ghee 1 L,1,777,45,44,0,0
TXN-20260723-SKU-HALDI-100,2026-07-23,SKU-HALDI-100,Turmeric Powder 100 g,1,32,51,50,0,0
TXN-20260723-SKU-HARPIC-500,2026-07-23,SKU-HARPIC-500,Harpic 500 ml,1,122,42,41,0,0
TXN-20260723-SKU-LAYS-52,2026-07-23,SKU-LAYS-52,Lays Classic 52 g,5,17,198,193,0,0
TXN-20260723-SKU-LIFEBUOY-4,2026-07-23,SKU-LIFEBUOY-4,Lifebuoy Soap 4 x 100 g,4,133,99,95,0,0
TXN-20260723-SKU-MAGGI-280,2026-07-23,SKU-MAGGI-280,Maggi Noodles 280 g,8,63,227,219,0,0
TXN-20260723-SKU-MAIDA-1K,2026-07-23,SKU-MAIDA-1K,Maida 1 kg,5,42,141,136,0,0
TXN-20260723-SKU-MOONG-1K,2026-07-23,SKU-MOONG-1K,Moong Dal 1 kg,4,127,109,105,0,0
TXN-20260723-SKU-MUST-1L,2026-07-23,SKU-MUST-1L,Fortune Mustard Oil 1 L,7,187,171,164,0,0
TXN-20260723-SKU-OIL-1L,2026-07-23,SKU-OIL-1L,Sunpure Cooking Oil 1 L,10,126,286,276,0,0
TXN-20260723-SKU-PARLE-G,2026-07-23,SKU-PARLE-G,Parle-G Biscuit 250 g,10,25,397,387,0,0
TXN-20260723-SKU-RAJMA-1K,2026-07-23,SKU-RAJMA-1K,Rajma 1 kg,2,169,70,68,0,0
TXN-20260723-SKU-SALT-1K,2026-07-23,SKU-SALT-1K,Tata Salt 1 kg,13,27,382,369,0,0
TXN-20260723-SKU-SUG-1K,2026-07-23,SKU-SUG-1K,Sugar 1 kg,4,51,321,317,0,0
TXN-20260723-SKU-SUJI-500,2026-07-23,SKU-SUJI-500,Suji 500 g,1,30,41,40,0,0
TXN-20260723-SKU-SURF-1K,2026-07-23,SKU-SURF-1K,Surf Excel 1 kg,3,133,105,102,0,0
TXN-20260723-SKU-TEA-250,2026-07-23,SKU-TEA-250,Tata Tea Gold 250 g,5,169,128,123,0,0
TXN-20260723-SKU-WATER-1L,2026-07-23,SKU-WATER-1L,Bisleri Water 1 L,18,19,431,413,0,0
TXN-20260724-SKU-ATTA-5K,2026-07-24,SKU-ATTA-5K,Aashirvaad Atta 5 kg,9,221,153,144,0,0
TXN-20260724-SKU-BESAN-500,2026-07-24,SKU-BESAN-500,Besan 500 g,2,55,69,67,0,0
TXN-20260724-SKU-BREAD-400,2026-07-24,SKU-BREAD-400,Brown Bread 400 g,3,46,134,131,0,0
TXN-20260724-SKU-CHANA-1K,2026-07-24,SKU-CHANA-1K,Kabuli Chana 1 kg,2,161,72,70,0,0
TXN-20260724-SKU-COKE-750,2026-07-24,SKU-COKE-750,Coca-Cola 750 ml,8,48,226,218,0,0
TXN-20260724-SKU-DALIA-500,2026-07-24,SKU-DALIA-500,Dalia 500 g,1,32,34,33,0,0
TXN-20260724-SKU-DETTOL-250,2026-07-24,SKU-DETTOL-250,Dettol Liquid 250 ml,0,170,42,42,0,0
TXN-20260724-SKU-GHEE-1L,2026-07-24,SKU-GHEE-1L,Amul Ghee 1 L,1,777,44,43,0,0
TXN-20260724-SKU-HALDI-100,2026-07-24,SKU-HALDI-100,Turmeric Powder 100 g,2,32,50,48,0,0
TXN-20260724-SKU-HARPIC-500,2026-07-24,SKU-HARPIC-500,Harpic 500 ml,0,122,41,41,0,0
TXN-20260724-SKU-LAYS-52,2026-07-24,SKU-LAYS-52,Lays Classic 52 g,8,17,193,185,0,0
TXN-20260724-SKU-LIFEBUOY-4,2026-07-24,SKU-LIFEBUOY-4,Lifebuoy Soap 4 x 100 g,5,133,95,90,0,0
TXN-20260724-SKU-MAGGI-280,2026-07-24,SKU-MAGGI-280,Maggi Noodles 280 g,8,63,219,211,0,0
TXN-20260724-SKU-MAIDA-1K,2026-07-24,SKU-MAIDA-1K,Maida 1 kg,4,42,136,132,0,0
TXN-20260724-SKU-MOONG-1K,2026-07-24,SKU-MOONG-1K,Moong Dal 1 kg,2,127,105,103,0,0
TXN-20260724-SKU-MUST-1L,2026-07-24,SKU-MUST-1L,Fortune Mustard Oil 1 L,5,187,164,159,0,0
TXN-20260724-SKU-OIL-1L,2026-07-24,SKU-OIL-1L,Sunpure Cooking Oil 1 L,12,126,276,264,0,0
TXN-20260724-SKU-PARLE-G,2026-07-24,SKU-PARLE-G,Parle-G Biscuit 250 g,11,25,387,376,0,0
TXN-20260724-SKU-RAJMA-1K,2026-07-24,SKU-RAJMA-1K,Rajma 1 kg,2,169,68,66,0,0
TXN-20260724-SKU-SALT-1K,2026-07-24,SKU-SALT-1K,Tata Salt 1 kg,10,27,369,359,0,0
TXN-20260724-SKU-SUG-1K,2026-07-24,SKU-SUG-1K,Sugar 1 kg,10,51,317,307,0,0
TXN-20260724-SKU-SUJI-500,2026-07-24,SKU-SUJI-500,Suji 500 g,1,30,40,39,0,0
TXN-20260724-SKU-SURF-1K,2026-07-24,SKU-SURF-1K,Surf Excel 1 kg,4,133,102,98,0,0
TXN-20260724-SKU-TEA-250,2026-07-24,SKU-TEA-250,Tata Tea Gold 250 g,4,169,123,119,0,0
TXN-20260724-SKU-WATER-1L,2026-07-24,SKU-WATER-1L,Bisleri Water 1 L,12,19,413,401,0,0
TXN-20260725-SKU-ATTA-5K,2026-07-25,SKU-ATTA-5K,Aashirvaad Atta 5 kg,5,221,144,139,0,0
TXN-20260725-SKU-BESAN-500,2026-07-25,SKU-BESAN-500,Besan 500 g,1,55,67,66,0,0
TXN-20260725-SKU-BREAD-400,2026-07-25,SKU-BREAD-400,Brown Bread 400 g,2,46,131,319,0,0
TXN-20260725-SKU-CHANA-1K,2026-07-25,SKU-CHANA-1K,Kabuli Chana 1 kg,3,161,70,67,0,0
TXN-20260725-SKU-COKE-750,2026-07-25,SKU-COKE-750,Coca-Cola 750 ml,7,48,218,211,0,0
TXN-20260725-SKU-DALIA-500,2026-07-25,SKU-DALIA-500,Dalia 500 g,1,32,33,32,0,0
TXN-20260725-SKU-DETTOL-250,2026-07-25,SKU-DETTOL-250,Dettol Liquid 250 ml,1,170,42,41,0,0
TXN-20260725-SKU-GHEE-1L,2026-07-25,SKU-GHEE-1L,Amul Ghee 1 L,3,777,43,40,0,0
TXN-20260725-SKU-HALDI-100,2026-07-25,SKU-HALDI-100,Turmeric Powder 100 g,1,32,48,47,0,0
TXN-20260725-SKU-HARPIC-500,2026-07-25,SKU-HARPIC-500,Harpic 500 ml,1,122,41,40,0,0
TXN-20260725-SKU-LAYS-52,2026-07-25,SKU-LAYS-52,Lays Classic 52 g,7,17,185,178,0,0
TXN-20260725-SKU-LIFEBUOY-4,2026-07-25,SKU-LIFEBUOY-4,Lifebuoy Soap 4 x 100 g,3,133,90,87,0,0
TXN-20260725-SKU-MAGGI-280,2026-07-25,SKU-MAGGI-280,Maggi Noodles 280 g,6,63,211,205,0,0
TXN-20260725-SKU-MAIDA-1K,2026-07-25,SKU-MAIDA-1K,Maida 1 kg,4,42,132,128,0,0
TXN-20260725-SKU-MOONG-1K,2026-07-25,SKU-MOONG-1K,Moong Dal 1 kg,3,127,103,100,0,0
TXN-20260725-SKU-MUST-1L,2026-07-25,SKU-MUST-1L,Fortune Mustard Oil 1 L,2,187,159,157,0,0
TXN-20260725-SKU-OIL-1L,2026-07-25,SKU-OIL-1L,Sunpure Cooking Oil 1 L,11,126,264,253,0,0
TXN-20260725-SKU-PARLE-G,2026-07-25,SKU-PARLE-G,Parle-G Biscuit 250 g,11,25,376,365,0,0
TXN-20260725-SKU-RAJMA-1K,2026-07-25,SKU-RAJMA-1K,Rajma 1 kg,2,169,66,64,0,0
TXN-20260725-SKU-SALT-1K,2026-07-25,SKU-SALT-1K,Tata Salt 1 kg,12,27,359,347,0,0
TXN-20260725-SKU-SUG-1K,2026-07-25,SKU-SUG-1K,Sugar 1 kg,19,51,307,288,0,0
TXN-20260725-SKU-SUJI-500,2026-07-25,SKU-SUJI-500,Suji 500 g,1,30,39,38,0,0
TXN-20260725-SKU-SURF-1K,2026-07-25,SKU-SURF-1K,Surf Excel 1 kg,2,133,98,96,0,0
TXN-20260725-SKU-TEA-250,2026-07-25,SKU-TEA-250,Tata Tea Gold 250 g,4,169,119,115,0,0
TXN-20260725-SKU-WATER-1L,2026-07-25,SKU-WATER-1L,Bisleri Water 1 L,15,19,401,386,0,0
TXN-20260726-SKU-ATTA-5K,2026-07-26,SKU-ATTA-5K,Aashirvaad Atta 5 kg,6,221,139,133,0,0
TXN-20260726-SKU-BESAN-500,2026-07-26,SKU-BESAN-500,Besan 500 g,2,55,66,64,0,0
TXN-20260726-SKU-BREAD-400,2026-07-26,SKU-BREAD-400,Brown Bread 400 g,2,46,319,317,0,0
TXN-20260726-SKU-CHANA-1K,2026-07-26,SKU-CHANA-1K,Kabuli Chana 1 kg,2,161,67,65,0,0
TXN-20260726-SKU-COKE-750,2026-07-26,SKU-COKE-750,Coca-Cola 750 ml,6,48,211,205,0,0
TXN-20260726-SKU-DALIA-500,2026-07-26,SKU-DALIA-500,Dalia 500 g,2,32,32,30,0,0
TXN-20260726-SKU-DETTOL-250,2026-07-26,SKU-DETTOL-250,Dettol Liquid 250 ml,1,170,41,40,0,0
TXN-20260726-SKU-GHEE-1L,2026-07-26,SKU-GHEE-1L,Amul Ghee 1 L,0,777,40,40,0,0
TXN-20260726-SKU-HALDI-100,2026-07-26,SKU-HALDI-100,Turmeric Powder 100 g,1,32,47,46,0,0
TXN-20260726-SKU-HARPIC-500,2026-07-26,SKU-HARPIC-500,Harpic 500 ml,0,122,40,40,0,0
TXN-20260726-SKU-LAYS-52,2026-07-26,SKU-LAYS-52,Lays Classic 52 g,7,17,178,171,0,0
TXN-20260726-SKU-LIFEBUOY-4,2026-07-26,SKU-LIFEBUOY-4,Lifebuoy Soap 4 x 100 g,4,133,87,83,0,0
TXN-20260726-SKU-MAGGI-280,2026-07-26,SKU-MAGGI-280,Maggi Noodles 280 g,6,63,205,199,0,0
TXN-20260726-SKU-MAIDA-1K,2026-07-26,SKU-MAIDA-1K,Maida 1 kg,4,42,128,124,0,0
TXN-20260726-SKU-MOONG-1K,2026-07-26,SKU-MOONG-1K,Moong Dal 1 kg,3,127,100,97,0,0
TXN-20260726-SKU-MUST-1L,2026-07-26,SKU-MUST-1L,Fortune Mustard Oil 1 L,4,187,157,153,0,0
TXN-20260726-SKU-OIL-1L,2026-07-26,SKU-OIL-1L,Sunpure Cooking Oil 1 L,9,126,253,244,0,0
TXN-20260726-SKU-PARLE-G,2026-07-26,SKU-PARLE-G,Parle-G Biscuit 250 g,17,25,365,348,0,0
TXN-20260726-SKU-RAJMA-1K,2026-07-26,SKU-RAJMA-1K,Rajma 1 kg,2,169,64,62,0,0
TXN-20260726-SKU-SALT-1K,2026-07-26,SKU-SALT-1K,Tata Salt 1 kg,8,27,347,339,0,0
TXN-20260726-SKU-SUG-1K,2026-07-26,SKU-SUG-1K,Sugar 1 kg,8,51,288,280,0,0
TXN-20260726-SKU-SUJI-500,2026-07-26,SKU-SUJI-500,Suji 500 g,0,30,38,38,0,0
TXN-20260726-SKU-SURF-1K,2026-07-26,SKU-SURF-1K,Surf Excel 1 kg,2,133,96,94,0,0
TXN-20260726-SKU-TEA-250,2026-07-26,SKU-TEA-250,Tata Tea Gold 250 g,3,169,115,112,0,0
TXN-20260726-SKU-WATER-1L,2026-07-26,SKU-WATER-1L,Bisleri Water 1 L,14,19,386,372,0,0
TXN-20260727-SKU-ATTA-5K,2026-07-27,SKU-ATTA-5K,Aashirvaad Atta 5 kg,3,221,133,130,0,0
TXN-20260727-SKU-BESAN-500,2026-07-27,SKU-BESAN-500,Besan 500 g,1,55,64,63,0,0
TXN-20260727-SKU-BREAD-400,2026-07-27,SKU-BREAD-400,Brown Bread 400 g,6,46,317,311,0,0
TXN-20260727-SKU-CHANA-1K,2026-07-27,SKU-CHANA-1K,Kabuli Chana 1 kg,3,161,65,62,0,0
TXN-20260727-SKU-COKE-750,2026-07-27,SKU-COKE-750,Coca-Cola 750 ml,7,48,205,198,0,0
TXN-20260727-SKU-DALIA-500,2026-07-27,SKU-DALIA-500,Dalia 500 g,1,32,30,29,0,0
TXN-20260727-SKU-DETTOL-250,2026-07-27,SKU-DETTOL-250,Dettol Liquid 250 ml,2,170,40,38,0,0
TXN-20260727-SKU-GHEE-1L,2026-07-27,SKU-GHEE-1L,Amul Ghee 1 L,1,777,40,39,0,0
TXN-20260727-SKU-HALDI-100,2026-07-27,SKU-HALDI-100,Turmeric Powder 100 g,1,32,46,45,0,0
TXN-20260727-SKU-HARPIC-500,2026-07-27,SKU-HARPIC-500,Harpic 500 ml,1,122,40,39,0,0
TXN-20260727-SKU-LAYS-52,2026-07-27,SKU-LAYS-52,Lays Classic 52 g,8,17,171,163,0,0
TXN-20260727-SKU-LIFEBUOY-4,2026-07-27,SKU-LIFEBUOY-4,Lifebuoy Soap 4 x 100 g,5,133,83,78,0,0
TXN-20260727-SKU-MAGGI-280,2026-07-27,SKU-MAGGI-280,Maggi Noodles 280 g,8,63,199,191,0,0
TXN-20260727-SKU-MAIDA-1K,2026-07-27,SKU-MAIDA-1K,Maida 1 kg,3,42,124,121,0,0
TXN-20260727-SKU-MOONG-1K,2026-07-27,SKU-MOONG-1K,Moong Dal 1 kg,1,127,97,96,0,0
TXN-20260727-SKU-MUST-1L,2026-07-27,SKU-MUST-1L,Fortune Mustard Oil 1 L,5,187,153,148,0,0
TXN-20260727-SKU-OIL-1L,2026-07-27,SKU-OIL-1L,Sunpure Cooking Oil 1 L,2,126,244,242,0,0
TXN-20260727-SKU-PARLE-G,2026-07-27,SKU-PARLE-G,Parle-G Biscuit 250 g,16,25,348,332,0,0
TXN-20260727-SKU-RAJMA-1K,2026-07-27,SKU-RAJMA-1K,Rajma 1 kg,2,169,62,60,0,0
TXN-20260727-SKU-SALT-1K,2026-07-27,SKU-SALT-1K,Tata Salt 1 kg,11,27,339,328,0,0
TXN-20260727-SKU-SUG-1K,2026-07-27,SKU-SUG-1K,Sugar 1 kg,6,51,280,274,0,0
TXN-20260727-SKU-SUJI-500,2026-07-27,SKU-SUJI-500,Suji 500 g,1,30,38,37,0,0
TXN-20260727-SKU-SURF-1K,2026-07-27,SKU-SURF-1K,Surf Excel 1 kg,3,133,94,91,0,0
TXN-20260727-SKU-TEA-250,2026-07-27,SKU-TEA-250,Tata Tea Gold 250 g,4,169,112,108,0,0
TXN-20260727-SKU-WATER-1L,2026-07-27,SKU-WATER-1L,Bisleri Water 1 L,11,19,372,361,0,0
TXN-20260728-SKU-ATTA-5K,2026-07-28,SKU-ATTA-5K,Aashirvaad Atta 5 kg,6,221,130,124,0,0
TXN-20260728-SKU-BESAN-500,2026-07-28,SKU-BESAN-500,Besan 500 g,3,55,63,60,0,0
TXN-20260728-SKU-BREAD-400,2026-07-28,SKU-BREAD-400,Brown Bread 400 g,6,46,311,305,0,0
TXN-20260728-SKU-CHANA-1K,2026-07-28,SKU-CHANA-1K,Kabuli Chana 1 kg,2,161,62,60,0,0
TXN-20260728-SKU-COKE-750,2026-07-28,SKU-COKE-750,Coca-Cola 750 ml,8,48,198,190,0,0
TXN-20260728-SKU-DALIA-500,2026-07-28,SKU-DALIA-500,Dalia 500 g,0,32,29,29,0,0
TXN-20260728-SKU-DETTOL-250,2026-07-28,SKU-DETTOL-250,Dettol Liquid 250 ml,1,170,38,37,0,0
TXN-20260728-SKU-GHEE-1L,2026-07-28,SKU-GHEE-1L,Amul Ghee 1 L,0,777,39,39,0,0
TXN-20260728-SKU-HALDI-100,2026-07-28,SKU-HALDI-100,Turmeric Powder 100 g,1,32,45,44,0,0
TXN-20260728-SKU-HARPIC-500,2026-07-28,SKU-HARPIC-500,Harpic 500 ml,1,122,39,38,0,0
TXN-20260728-SKU-LAYS-52,2026-07-28,SKU-LAYS-52,Lays Classic 52 g,8,17,163,155,0,0
TXN-20260728-SKU-LIFEBUOY-4,2026-07-28,SKU-LIFEBUOY-4,Lifebuoy Soap 4 x 100 g,3,133,78,75,0,0
TXN-20260728-SKU-MAGGI-280,2026-07-28,SKU-MAGGI-280,Maggi Noodles 280 g,10,63,191,181,0,0
TXN-20260728-SKU-MAIDA-1K,2026-07-28,SKU-MAIDA-1K,Maida 1 kg,4,42,121,117,0,0
TXN-20260728-SKU-MOONG-1K,2026-07-28,SKU-MOONG-1K,Moong Dal 1 kg,1,127,96,95,0,0
TXN-20260728-SKU-MUST-1L,2026-07-28,SKU-MUST-1L,Fortune Mustard Oil 1 L,6,187,148,142,0,0
TXN-20260728-SKU-OIL-1L,2026-07-28,SKU-OIL-1L,Sunpure Cooking Oil 1 L,9,126,242,233,0,0
TXN-20260728-SKU-PARLE-G,2026-07-28,SKU-PARLE-G,Parle-G Biscuit 250 g,16,25,332,316,0,0
TXN-20260728-SKU-RAJMA-1K,2026-07-28,SKU-RAJMA-1K,Rajma 1 kg,2,169,60,58,0,0
TXN-20260728-SKU-SALT-1K,2026-07-28,SKU-SALT-1K,Tata Salt 1 kg,11,27,328,317,0,0
TXN-20260728-SKU-SUG-1K,2026-07-28,SKU-SUG-1K,Sugar 1 kg,15,51,274,259,0,0
TXN-20260728-SKU-SUJI-500,2026-07-28,SKU-SUJI-500,Suji 500 g,1,30,37,36,0,0
TXN-20260728-SKU-SURF-1K,2026-07-28,SKU-SURF-1K,Surf Excel 1 kg,4,133,91,87,0,0
TXN-20260728-SKU-TEA-250,2026-07-28,SKU-TEA-250,Tata Tea Gold 250 g,3,169,108,105,0,0
TXN-20260728-SKU-WATER-1L,2026-07-28,SKU-WATER-1L,Bisleri Water 1 L,10,19,361,351,0,0
TXN-20260729-SKU-ATTA-5K,2026-07-29,SKU-ATTA-5K,Aashirvaad Atta 5 kg,3,221,124,121,0,0
TXN-20260729-SKU-BESAN-500,2026-07-29,SKU-BESAN-500,Besan 500 g,0,55,60,60,0,0
TXN-20260729-SKU-BREAD-400,2026-07-29,SKU-BREAD-400,Brown Bread 400 g,3,46,305,302,0,0
TXN-20260729-SKU-CHANA-1K,2026-07-29,SKU-CHANA-1K,Kabuli Chana 1 kg,2,161,60,58,0,0
TXN-20260729-SKU-COKE-750,2026-07-29,SKU-COKE-750,Coca-Cola 750 ml,8,48,190,182,0,0
TXN-20260729-SKU-DALIA-500,2026-07-29,SKU-DALIA-500,Dalia 500 g,1,32,29,28,0,0
TXN-20260729-SKU-DETTOL-250,2026-07-29,SKU-DETTOL-250,Dettol Liquid 250 ml,0,170,37,37,0,0
TXN-20260729-SKU-GHEE-1L,2026-07-29,SKU-GHEE-1L,Amul Ghee 1 L,1,777,39,38,0,0
TXN-20260729-SKU-HALDI-100,2026-07-29,SKU-HALDI-100,Turmeric Powder 100 g,1,32,44,43,0,0
TXN-20260729-SKU-HARPIC-500,2026-07-29,SKU-HARPIC-500,Harpic 500 ml,2,122,38,36,0,0
TXN-20260729-SKU-LAYS-52,2026-07-29,SKU-LAYS-52,Lays Classic 52 g,6,17,155,149,0,0
TXN-20260729-SKU-LIFEBUOY-4,2026-07-29,SKU-LIFEBUOY-4,Lifebuoy Soap 4 x 100 g,2,133,75,73,0,0
TXN-20260729-SKU-MAGGI-280,2026-07-29,SKU-MAGGI-280,Maggi Noodles 280 g,6,63,181,175,0,0
TXN-20260729-SKU-MAIDA-1K,2026-07-29,SKU-MAIDA-1K,Maida 1 kg,4,42,117,113,0,0
TXN-20260729-SKU-MOONG-1K,2026-07-29,SKU-MOONG-1K,Moong Dal 1 kg,4,127,95,91,0,0
TXN-20260729-SKU-MUST-1L,2026-07-29,SKU-MUST-1L,Fortune Mustard Oil 1 L,7,187,142,135,0,0
TXN-20260729-SKU-OIL-1L,2026-07-29,SKU-OIL-1L,Sunpure Cooking Oil 1 L,3,126,233,230,0,0
TXN-20260729-SKU-PARLE-G,2026-07-29,SKU-PARLE-G,Parle-G Biscuit 250 g,14,25,316,302,0,0
TXN-20260729-SKU-RAJMA-1K,2026-07-29,SKU-RAJMA-1K,Rajma 1 kg,2,169,58,56,0,0
TXN-20260729-SKU-SALT-1K,2026-07-29,SKU-SALT-1K,Tata Salt 1 kg,11,27,317,306,0,0
TXN-20260729-SKU-SUG-1K,2026-07-29,SKU-SUG-1K,Sugar 1 kg,9,51,259,250,0,0
TXN-20260729-SKU-SUJI-500,2026-07-29,SKU-SUJI-500,Suji 500 g,1,30,36,35,0,0
TXN-20260729-SKU-SURF-1K,2026-07-29,SKU-SURF-1K,Surf Excel 1 kg,4,133,87,83,0,0
TXN-20260729-SKU-TEA-250,2026-07-29,SKU-TEA-250,Tata Tea Gold 250 g,5,169,105,100,0,0
TXN-20260729-SKU-WATER-1L,2026-07-29,SKU-WATER-1L,Bisleri Water 1 L,10,19,351,341,0,0
TXN-20260730-SKU-ATTA-5K,2026-07-30,SKU-ATTA-5K,Aashirvaad Atta 5 kg,7,221,121,114,0,0
TXN-20260730-SKU-BESAN-500,2026-07-30,SKU-BESAN-500,Besan 500 g,3,55,60,57,0,0
TXN-20260730-SKU-BREAD-400,2026-07-30,SKU-BREAD-400,Brown Bread 400 g,6,46,302,296,0,0
TXN-20260730-SKU-CHANA-1K,2026-07-30,SKU-CHANA-1K,Kabuli Chana 1 kg,2,161,58,56,0,0
TXN-20260730-SKU-COKE-750,2026-07-30,SKU-COKE-750,Coca-Cola 750 ml,7,48,182,175,0,0
TXN-20260730-SKU-DALIA-500,2026-07-30,SKU-DALIA-500,Dalia 500 g,2,32,28,26,0,0
TXN-20260730-SKU-DETTOL-250,2026-07-30,SKU-DETTOL-250,Dettol Liquid 250 ml,1,170,37,36,0,0
TXN-20260730-SKU-GHEE-1L,2026-07-30,SKU-GHEE-1L,Amul Ghee 1 L,0,777,38,38,0,0
TXN-20260730-SKU-HALDI-100,2026-07-30,SKU-HALDI-100,Turmeric Powder 100 g,1,32,43,42,0,0
TXN-20260730-SKU-HARPIC-500,2026-07-30,SKU-HARPIC-500,Harpic 500 ml,1,122,36,35,0,0
TXN-20260730-SKU-LAYS-52,2026-07-30,SKU-LAYS-52,Lays Classic 52 g,8,17,149,141,0,0
TXN-20260730-SKU-LIFEBUOY-4,2026-07-30,SKU-LIFEBUOY-4,Lifebuoy Soap 4 x 100 g,3,133,73,70,0,0
TXN-20260730-SKU-MAGGI-280,2026-07-30,SKU-MAGGI-280,Maggi Noodles 280 g,6,63,175,169,0,0
TXN-20260730-SKU-MAIDA-1K,2026-07-30,SKU-MAIDA-1K,Maida 1 kg,4,42,113,109,0,0
TXN-20260730-SKU-MOONG-1K,2026-07-30,SKU-MOONG-1K,Moong Dal 1 kg,3,127,91,88,0,0
TXN-20260730-SKU-MUST-1L,2026-07-30,SKU-MUST-1L,Fortune Mustard Oil 1 L,5,187,135,130,0,0
TXN-20260730-SKU-OIL-1L,2026-07-30,SKU-OIL-1L,Sunpure Cooking Oil 1 L,16,126,230,214,0,0
TXN-20260730-SKU-PARLE-G,2026-07-30,SKU-PARLE-G,Parle-G Biscuit 250 g,10,25,302,292,0,0
TXN-20260730-SKU-RAJMA-1K,2026-07-30,SKU-RAJMA-1K,Rajma 1 kg,3,169,56,53,0,0
TXN-20260730-SKU-SALT-1K,2026-07-30,SKU-SALT-1K,Tata Salt 1 kg,10,27,306,296,0,0
TXN-20260730-SKU-SUG-1K,2026-07-30,SKU-SUG-1K,Sugar 1 kg,3,51,250,247,0,0
TXN-20260730-SKU-SUJI-500,2026-07-30,SKU-SUJI-500,Suji 500 g,0,30,35,35,0,0
TXN-20260730-SKU-SURF-1K,2026-07-30,SKU-SURF-1K,Surf Excel 1 kg,2,133,83,81,0,0
TXN-20260730-SKU-TEA-250,2026-07-30,SKU-TEA-250,Tata Tea Gold 250 g,3,169,100,97,0,0
TXN-20260730-SKU-WATER-1L,2026-07-30,SKU-WATER-1L,Bisleri Water 1 L,13,19,341,328,0,0
TXN-20260731-SKU-ATTA-5K,2026-07-31,SKU-ATTA-5K,Aashirvaad Atta 5 kg,3,221,114,111,0,0
TXN-20260731-SKU-BESAN-500,2026-07-31,SKU-BESAN-500,Besan 500 g,2,55,57,55,0,0
TXN-20260731-SKU-BREAD-400,2026-07-31,SKU-BREAD-400,Brown Bread 400 g,4,46,296,292,0,0
TXN-20260731-SKU-CHANA-1K,2026-07-31,SKU-CHANA-1K,Kabuli Chana 1 kg,2,161,56,54,0,0
TXN-20260731-SKU-COKE-750,2026-07-31,SKU-COKE-750,Coca-Cola 750 ml,9,48,175,166,0,0
TXN-20260731-SKU-DALIA-500,2026-07-31,SKU-DALIA-500,Dalia 500 g,1,32,26,25,0,0
TXN-20260731-SKU-DETTOL-250,2026-07-31,SKU-DETTOL-250,Dettol Liquid 250 ml,0,170,36,36,0,0
TXN-20260731-SKU-GHEE-1L,2026-07-31,SKU-GHEE-1L,Amul Ghee 1 L,3,777,38,35,0,0
TXN-20260731-SKU-HALDI-100,2026-07-31,SKU-HALDI-100,Turmeric Powder 100 g,0,32,42,42,0,0
TXN-20260731-SKU-HARPIC-500,2026-07-31,SKU-HARPIC-500,Harpic 500 ml,2,122,35,33,0,0
TXN-20260731-SKU-LAYS-52,2026-07-31,SKU-LAYS-52,Lays Classic 52 g,10,17,141,131,0,0
TXN-20260731-SKU-LIFEBUOY-4,2026-07-31,SKU-LIFEBUOY-4,Lifebuoy Soap 4 x 100 g,3,133,70,67,0,0
TXN-20260731-SKU-MAGGI-280,2026-07-31,SKU-MAGGI-280,Maggi Noodles 280 g,5,63,169,164,0,0
TXN-20260731-SKU-MAIDA-1K,2026-07-31,SKU-MAIDA-1K,Maida 1 kg,4,42,109,105,0,0
TXN-20260731-SKU-MOONG-1K,2026-07-31,SKU-MOONG-1K,Moong Dal 1 kg,3,127,88,85,0,0
TXN-20260731-SKU-MUST-1L,2026-07-31,SKU-MUST-1L,Fortune Mustard Oil 1 L,4,187,130,126,0,0
TXN-20260731-SKU-OIL-1L,2026-07-31,SKU-OIL-1L,Sunpure Cooking Oil 1 L,13,126,214,201,0,0
TXN-20260731-SKU-PARLE-G,2026-07-31,SKU-PARLE-G,Parle-G Biscuit 250 g,11,25,292,281,0,0
TXN-20260731-SKU-RAJMA-1K,2026-07-31,SKU-RAJMA-1K,Rajma 1 kg,2,169,53,51,0,0
TXN-20260731-SKU-SALT-1K,2026-07-31,SKU-SALT-1K,Tata Salt 1 kg,13,27,296,283,0,0
TXN-20260731-SKU-SUG-1K,2026-07-31,SKU-SUG-1K,Sugar 1 kg,14,51,247,233,0,0
TXN-20260731-SKU-SUJI-500,2026-07-31,SKU-SUJI-500,Suji 500 g,1,30,35,34,0,0
TXN-20260731-SKU-SURF-1K,2026-07-31,SKU-SURF-1K,Surf Excel 1 kg,4,133,81,77,0,0
TXN-20260731-SKU-TEA-250,2026-07-31,SKU-TEA-250,Tata Tea Gold 250 g,2,169,97,95,0,0
TXN-20260731-SKU-WATER-1L,2026-07-31,SKU-WATER-1L,Bisleri Water 1 L,11,19,328,317,0,0
TXN-20260801-SKU-ATTA-5K,2026-08-01,SKU-ATTA-5K,Aashirvaad Atta 5 kg,5,221,111,106,0,0
TXN-20260801-SKU-BESAN-500,2026-08-01,SKU-BESAN-500,Besan 500 g,3,55,55,52,0,0
TXN-20260801-SKU-BREAD-400,2026-08-01,SKU-BREAD-400,Brown Bread 400 g,5,46,292,287,0,0
TXN-20260801-SKU-CHANA-1K,2026-08-01,SKU-CHANA-1K,Kabuli Chana 1 kg,2,161,54,52,0,0
TXN-20260801-SKU-COKE-750,2026-08-01,SKU-COKE-750,Coca-Cola 750 ml,7,48,166,159,0,0
TXN-20260801-SKU-DALIA-500,2026-08-01,SKU-DALIA-500,Dalia 500 g,1,32,25,24,0,0
TXN-20260801-SKU-DETTOL-250,2026-08-01,SKU-DETTOL-250,Dettol Liquid 250 ml,1,170,36,35,0,0
TXN-20260801-SKU-GHEE-1L,2026-08-01,SKU-GHEE-1L,Amul Ghee 1 L,1,777,35,34,0,0
TXN-20260801-SKU-HALDI-100,2026-08-01,SKU-HALDI-100,Turmeric Powder 100 g,1,32,42,41,0,0
TXN-20260801-SKU-HARPIC-500,2026-08-01,SKU-HARPIC-500,Harpic 500 ml,1,122,33,32,0,0
TXN-20260801-SKU-LAYS-52,2026-08-01,SKU-LAYS-52,Lays Classic 52 g,8,17,131,123,0,0
TXN-20260801-SKU-LIFEBUOY-4,2026-08-01,SKU-LIFEBUOY-4,Lifebuoy Soap 4 x 100 g,3,133,67,64,0,0
TXN-20260801-SKU-MAGGI-280,2026-08-01,SKU-MAGGI-280,Maggi Noodles 280 g,6,63,164,158,0,0
TXN-20260801-SKU-MAIDA-1K,2026-08-01,SKU-MAIDA-1K,Maida 1 kg,5,42,105,100,0,0
TXN-20260801-SKU-MOONG-1K,2026-08-01,SKU-MOONG-1K,Moong Dal 1 kg,4,127,85,81,0,0
TXN-20260801-SKU-MUST-1L,2026-08-01,SKU-MUST-1L,Fortune Mustard Oil 1 L,5,187,126,121,0,0
TXN-20260801-SKU-OIL-1L,2026-08-01,SKU-OIL-1L,Sunpure Cooking Oil 1 L,9,126,201,192,0,0
TXN-20260801-SKU-PARLE-G,2026-08-01,SKU-PARLE-G,Parle-G Biscuit 250 g,15,25,281,266,0,0
TXN-20260801-SKU-RAJMA-1K,2026-08-01,SKU-RAJMA-1K,Rajma 1 kg,2,169,51,49,0,0
TXN-20260801-SKU-SALT-1K,2026-08-01,SKU-SALT-1K,Tata Salt 1 kg,11,27,283,272,0,0
TXN-20260801-SKU-SUG-1K,2026-08-01,SKU-SUG-1K,Sugar 1 kg,9,51,233,224,0,0
TXN-20260801-SKU-SUJI-500,2026-08-01,SKU-SUJI-500,Suji 500 g,1,30,34,33,0,0
TXN-20260801-SKU-SURF-1K,2026-08-01,SKU-SURF-1K,Surf Excel 1 kg,2,133,77,75,0,0
TXN-20260801-SKU-TEA-250,2026-08-01,SKU-TEA-250,Tata Tea Gold 250 g,4,169,95,91,0,0
TXN-20260801-SKU-WATER-1L,2026-08-01,SKU-WATER-1L,Bisleri Water 1 L,13,19,317,304,0,0
TXN-20260802-SKU-ATTA-5K,2026-08-02,SKU-ATTA-5K,Aashirvaad Atta 5 kg,2,221,106,104,0,0
TXN-20260802-SKU-BESAN-500,2026-08-02,SKU-BESAN-500,Besan 500 g,2,55,52,50,0,0
TXN-20260802-SKU-BREAD-400,2026-08-02,SKU-BREAD-400,Brown Bread 400 g,1,46,287,396,0,0
TXN-20260802-SKU-CHANA-1K,2026-08-02,SKU-CHANA-1K,Kabuli Chana 1 kg,2,161,52,50,0,0
TXN-20260802-SKU-COKE-750,2026-08-02,SKU-COKE-750,Coca-Cola 750 ml,8,48,159,371,0,0
TXN-20260802-SKU-DALIA-500,2026-08-02,SKU-DALIA-500,Dalia 500 g,1,32,24,23,0,0
TXN-20260802-SKU-DETTOL-250,2026-08-02,SKU-DETTOL-250,Dettol Liquid 250 ml,0,170,35,65,0,0
TXN-20260802-SKU-GHEE-1L,2026-08-02,SKU-GHEE-1L,Amul Ghee 1 L,1,777,34,33,0,0
TXN-20260802-SKU-HALDI-100,2026-08-02,SKU-HALDI-100,Turmeric Powder 100 g,1,32,41,40,0,0
TXN-20260802-SKU-HARPIC-500,2026-08-02,SKU-HARPIC-500,Harpic 500 ml,1,122,32,61,0,0
TXN-20260802-SKU-LAYS-52,2026-08-02,SKU-LAYS-52,Lays Classic 52 g,7,17,123,336,0,0
TXN-20260802-SKU-LIFEBUOY-4,2026-08-02,SKU-LIFEBUOY-4,Lifebuoy Soap 4 x 100 g,4,133,64,150,0,0
TXN-20260802-SKU-MAGGI-280,2026-08-02,SKU-MAGGI-280,Maggi Noodles 280 g,8,63,158,350,0,0
TXN-20260802-SKU-MAIDA-1K,2026-08-02,SKU-MAIDA-1K,Maida 1 kg,4,42,100,96,0,0
TXN-20260802-SKU-MOONG-1K,2026-08-02,SKU-MOONG-1K,Moong Dal 1 kg,2,127,81,79,0,0
TXN-20260802-SKU-MUST-1L,2026-08-02,SKU-MUST-1L,Fortune Mustard Oil 1 L,6,187,121,115,0,0
TXN-20260802-SKU-OIL-1L,2026-08-02,SKU-OIL-1L,Sunpure Cooking Oil 1 L,6,126,192,186,0,0
TXN-20260802-SKU-PARLE-G,2026-08-02,SKU-PARLE-G,Parle-G Biscuit 250 g,12,25,266,644,0,0
TXN-20260802-SKU-RAJMA-1K,2026-08-02,SKU-RAJMA-1K,Rajma 1 kg,3,169,49,46,0,0
TXN-20260802-SKU-SALT-1K,2026-08-02,SKU-SALT-1K,Tata Salt 1 kg,11,27,272,261,0,0
TXN-20260802-SKU-SUG-1K,2026-08-02,SKU-SUG-1K,Sugar 1 kg,13,51,224,211,0,0
TXN-20260802-SKU-SUJI-500,2026-08-02,SKU-SUJI-500,Suji 500 g,0,30,33,33,0,0
TXN-20260802-SKU-SURF-1K,2026-08-02,SKU-SURF-1K,Surf Excel 1 kg,3,133,75,162,0,0
TXN-20260802-SKU-TEA-250,2026-08-02,SKU-TEA-250,Tata Tea Gold 250 g,4,169,91,87,0,0
TXN-20260802-SKU-WATER-1L,2026-08-02,SKU-WATER-1L,Bisleri Water 1 L,4,19,304,680,0,0
TXN-20260803-SKU-ATTA-5K,2026-08-03,SKU-ATTA-5K,Aashirvaad Atta 5 kg,5,221,104,99,0,0
TXN-20260803-SKU-BESAN-500,2026-08-03,SKU-BESAN-500,Besan 500 g,2,55,50,48,0,0
TXN-20260803-SKU-BREAD-400,2026-08-03,SKU-BREAD-400,Brown Bread 400 g,4,46,396,392,0,0
TXN-20260803-SKU-CHANA-1K,2026-08-03,SKU-CHANA-1K,Kabuli Chana 1 kg,2,161,50,48,0,0
TXN-20260803-SKU-COKE-750,2026-08-03,SKU-COKE-750,Coca-Cola 750 ml,7,48,371,364,0,0
TXN-20260803-SKU-DALIA-500,2026-08-03,SKU-DALIA-500,Dalia 500 g,1,32,23,22,0,0
TXN-20260803-SKU-DETTOL-250,2026-08-03,SKU-DETTOL-250,Dettol Liquid 250 ml,1,170,65,64,0,0
TXN-20260803-SKU-GHEE-1L,2026-08-03,SKU-GHEE-1L,Amul Ghee 1 L,1,777,33,32,0,0
TXN-20260803-SKU-HALDI-100,2026-08-03,SKU-HALDI-100,Turmeric Powder 100 g,1,32,40,39,0,0
TXN-20260803-SKU-HARPIC-500,2026-08-03,SKU-HARPIC-500,Harpic 500 ml,0,122,61,61,0,0
TXN-20260803-SKU-LAYS-52,2026-08-03,SKU-LAYS-52,Lays Classic 52 g,8,17,336,328,0,0
TXN-20260803-SKU-LIFEBUOY-4,2026-08-03,SKU-LIFEBUOY-4,Lifebuoy Soap 4 x 100 g,2,133,150,148,0,0
TXN-20260803-SKU-MAGGI-280,2026-08-03,SKU-MAGGI-280,Maggi Noodles 280 g,3,63,350,347,0,0
TXN-20260803-SKU-MAIDA-1K,2026-08-03,SKU-MAIDA-1K,Maida 1 kg,4,42,96,92,0,0
TXN-20260803-SKU-MOONG-1K,2026-08-03,SKU-MOONG-1K,Moong Dal 1 kg,2,127,79,77,0,0
TXN-20260803-SKU-MUST-1L,2026-08-03,SKU-MUST-1L,Fortune Mustard Oil 1 L,7,187,115,108,0,0
TXN-20260803-SKU-OIL-1L,2026-08-03,SKU-OIL-1L,Sunpure Cooking Oil 1 L,10,126,186,176,0,0
TXN-20260803-SKU-PARLE-G,2026-08-03,SKU-PARLE-G,Parle-G Biscuit 250 g,14,25,644,630,0,0
TXN-20260803-SKU-RAJMA-1K,2026-08-03,SKU-RAJMA-1K,Rajma 1 kg,2,169,46,44,0,0
TXN-20260803-SKU-SALT-1K,2026-08-03,SKU-SALT-1K,Tata Salt 1 kg,15,27,261,246,0,0
TXN-20260803-SKU-SUG-1K,2026-08-03,SKU-SUG-1K,Sugar 1 kg,9,51,211,202,0,0
TXN-20260803-SKU-SUJI-500,2026-08-03,SKU-SUJI-500,Suji 500 g,1,30,33,32,0,0
TXN-20260803-SKU-SURF-1K,2026-08-03,SKU-SURF-1K,Surf Excel 1 kg,4,133,162,158,0,0
TXN-20260803-SKU-TEA-250,2026-08-03,SKU-TEA-250,Tata Tea Gold 250 g,6,169,87,81,0,0
TXN-20260803-SKU-WATER-1L,2026-08-03,SKU-WATER-1L,Bisleri Water 1 L,11,19,680,669,0,0
TXN-20260804-SKU-ATTA-5K,2026-08-04,SKU-ATTA-5K,Aashirvaad Atta 5 kg,5,221,99,94,0,0
TXN-20260804-SKU-BESAN-500,2026-08-04,SKU-BESAN-500,Besan 500 g,2,55,48,106,0,0
TXN-20260804-SKU-BREAD-400,2026-08-04,SKU-BREAD-400,Brown Bread 400 g,3,46,392,389,0,0
TXN-20260804-SKU-CHANA-1K,2026-08-04,SKU-CHANA-1K,Kabuli Chana 1 kg,3,161,48,45,0,0
TXN-20260804-SKU-COKE-750,2026-08-04,SKU-COKE-750,Coca-Cola 750 ml,7,48,364,357,0,0
TXN-20260804-SKU-DALIA-500,2026-08-04,SKU-DALIA-500,Dalia 500 g,0,32,22,22,0,0
TXN-20260804-SKU-DETTOL-250,2026-08-04,SKU-DETTOL-250,Dettol Liquid 250 ml,1,170,64,63,0,0
TXN-20260804-SKU-GHEE-1L,2026-08-04,SKU-GHEE-1L,Amul Ghee 1 L,1,777,32,61,0,0
TXN-20260804-SKU-HALDI-100,2026-08-04,SKU-HALDI-100,Turmeric Powder 100 g,1,32,39,68,0,0
TXN-20260804-SKU-HARPIC-500,2026-08-04,SKU-HARPIC-500,Harpic 500 ml,1,122,61,60,0,0
TXN-20260804-SKU-LAYS-52,2026-08-04,SKU-LAYS-52,Lays Classic 52 g,6,17,328,322,0,0
TXN-20260804-SKU-LIFEBUOY-4,2026-08-04,SKU-LIFEBUOY-4,Lifebuoy Soap 4 x 100 g,4,133,148,144,0,0
TXN-20260804-SKU-MAGGI-280,2026-08-04,SKU-MAGGI-280,Maggi Noodles 280 g,6,63,347,341,0,0
TXN-20260804-SKU-MAIDA-1K,2026-08-04,SKU-MAIDA-1K,Maida 1 kg,5,42,92,87,0,0
TXN-20260804-SKU-MOONG-1K,2026-08-04,SKU-MOONG-1K,Moong Dal 1 kg,3,127,77,164,0,0
TXN-20260804-SKU-MUST-1L,2026-08-04,SKU-MUST-1L,Fortune Mustard Oil 1 L,5,187,108,253,0,0
TXN-20260804-SKU-OIL-1L,2026-08-04,SKU-OIL-1L,Sunpure Cooking Oil 1 L,11,126,176,395,0,0
TXN-20260804-SKU-PARLE-G,2026-08-04,SKU-PARLE-G,Parle-G Biscuit 250 g,15,25,630,615,0,0
TXN-20260804-SKU-RAJMA-1K,2026-08-04,SKU-RAJMA-1K,Rajma 1 kg,2,169,44,42,0,0
TXN-20260804-SKU-SALT-1K,2026-08-04,SKU-SALT-1K,Tata Salt 1 kg,6,27,246,560,0,0
TXN-20260804-SKU-SUG-1K,2026-08-04,SKU-SUG-1K,Sugar 1 kg,10,51,202,462,0,0
TXN-20260804-SKU-SUJI-500,2026-08-04,SKU-SUJI-500,Suji 500 g,1,30,32,31,0,0
TXN-20260804-SKU-SURF-1K,2026-08-04,SKU-SURF-1K,Surf Excel 1 kg,2,133,158,156,0,0
TXN-20260804-SKU-TEA-250,2026-08-04,SKU-TEA-250,Tata Tea Gold 250 g,7,169,81,194,0,0
TXN-20260804-SKU-WATER-1L,2026-08-04,SKU-WATER-1L,Bisleri Water 1 L,16,19,669,653,0,0
TXN-20260805-SKU-ATTA-5K,2026-08-05,SKU-ATTA-5K,Aashirvaad Atta 5 kg,2,221,94,92,0,0
TXN-20260805-SKU-BESAN-500,2026-08-05,SKU-BESAN-500,Besan 500 g,2,55,106,104,0,0
TXN-20260805-SKU-BREAD-400,2026-08-05,SKU-BREAD-400,Brown Bread 400 g,2,46,389,387,0,0
TXN-20260805-SKU-CHANA-1K,2026-08-05,SKU-CHANA-1K,Kabuli Chana 1 kg,2,161,45,43,0,0
TXN-20260805-SKU-COKE-750,2026-08-05,SKU-COKE-750,Coca-Cola 750 ml,8,48,357,349,0,0
TXN-20260805-SKU-DALIA-500,2026-08-05,SKU-DALIA-500,Dalia 500 g,1,32,22,21,0,0
TXN-20260805-SKU-DETTOL-250,2026-08-05,SKU-DETTOL-250,Dettol Liquid 250 ml,2,170,63,61,0,0
TXN-20260805-SKU-GHEE-1L,2026-08-05,SKU-GHEE-1L,Amul Ghee 1 L,0,777,61,61,0,0
TXN-20260805-SKU-HALDI-100,2026-08-05,SKU-HALDI-100,Turmeric Powder 100 g,1,32,68,67,0,0
TXN-20260805-SKU-HARPIC-500,2026-08-05,SKU-HARPIC-500,Harpic 500 ml,2,122,60,58,0,0
TXN-20260805-SKU-LAYS-52,2026-08-05,SKU-LAYS-52,Lays Classic 52 g,8,17,322,314,0,0
TXN-20260805-SKU-LIFEBUOY-4,2026-08-05,SKU-LIFEBUOY-4,Lifebuoy Soap 4 x 100 g,5,133,144,139,0,0
TXN-20260805-SKU-MAGGI-280,2026-08-05,SKU-MAGGI-280,Maggi Noodles 280 g,6,63,341,335,0,0
TXN-20260805-SKU-MAIDA-1K,2026-08-05,SKU-MAIDA-1K,Maida 1 kg,4,42,87,83,0,0
TXN-20260805-SKU-MOONG-1K,2026-08-05,SKU-MOONG-1K,Moong Dal 1 kg,3,127,164,161,0,0
TXN-20260805-SKU-MUST-1L,2026-08-05,SKU-MUST-1L,Fortune Mustard Oil 1 L,4,187,253,249,0,0
TXN-20260805-SKU-OIL-1L,2026-08-05,SKU-OIL-1L,Sunpure Cooking Oil 1 L,4,126,395,391,0,0
TXN-20260805-SKU-PARLE-G,2026-08-05,SKU-PARLE-G,Parle-G Biscuit 250 g,10,25,615,605,0,0
TXN-20260805-SKU-RAJMA-1K,2026-08-05,SKU-RAJMA-1K,Rajma 1 kg,2,169,42,40,0,0
TXN-20260805-SKU-SALT-1K,2026-08-05,SKU-SALT-1K,Tata Salt 1 kg,13,27,560,547,0,0
TXN-20260805-SKU-SUG-1K,2026-08-05,SKU-SUG-1K,Sugar 1 kg,12,51,462,450,0,0
TXN-20260805-SKU-SUJI-500,2026-08-05,SKU-SUJI-500,Suji 500 g,1,30,31,30,0,0
TXN-20260805-SKU-SURF-1K,2026-08-05,SKU-SURF-1K,Surf Excel 1 kg,3,133,156,153,0,0
TXN-20260805-SKU-TEA-250,2026-08-05,SKU-TEA-250,Tata Tea Gold 250 g,5,169,194,189,0,0
TXN-20260805-SKU-WATER-1L,2026-08-05,SKU-WATER-1L,Bisleri Water 1 L,11,19,653,642,0,0
TXN-20260806-SKU-ATTA-5K,2026-08-06,SKU-ATTA-5K,Aashirvaad Atta 5 kg,8,221,92,204,0,0
TXN-20260806-SKU-BESAN-500,2026-08-06,SKU-BESAN-500,Besan 500 g,2,55,104,102,0,0
TXN-20260806-SKU-BREAD-400,2026-08-06,SKU-BREAD-400,Brown Bread 400 g,5,46,387,382,0,0
TXN-20260806-SKU-CHANA-1K,2026-08-06,SKU-CHANA-1K,Kabuli Chana 1 kg,3,161,43,100,0,0
TXN-20260806-SKU-COKE-750,2026-08-06,SKU-COKE-750,Coca-Cola 750 ml,6,48,349,343,0,0
TXN-20260806-SKU-DALIA-500,2026-08-06,SKU-DALIA-500,Dalia 500 g,0,32,21,51,0,0
TXN-20260806-SKU-DETTOL-250,2026-08-06,SKU-DETTOL-250,Dettol Liquid 250 ml,2,170,61,59,0,0
TXN-20260806-SKU-GHEE-1L,2026-08-06,SKU-GHEE-1L,Amul Ghee 1 L,1,777,61,60,0,0
TXN-20260806-SKU-HALDI-100,2026-08-06,SKU-HALDI-100,Turmeric Powder 100 g,1,32,67,66,0,0
TXN-20260806-SKU-HARPIC-500,2026-08-06,SKU-HARPIC-500,Harpic 500 ml,1,122,58,57,0,0
TXN-20260806-SKU-LAYS-52,2026-08-06,SKU-LAYS-52,Lays Classic 52 g,10,17,314,304,0,0
TXN-20260806-SKU-LIFEBUOY-4,2026-08-06,SKU-LIFEBUOY-4,Lifebuoy Soap 4 x 100 g,3,133,139,136,0,0
TXN-20260806-SKU-MAGGI-280,2026-08-06,SKU-MAGGI-280,Maggi Noodles 280 g,3,63,335,332,0,0
TXN-20260806-SKU-MAIDA-1K,2026-08-06,SKU-MAIDA-1K,Maida 1 kg,4,42,83,189,0,0
TXN-20260806-SKU-MOONG-1K,2026-08-06,SKU-MOONG-1K,Moong Dal 1 kg,2,127,161,159,0,0
TXN-20260806-SKU-MUST-1L,2026-08-06,SKU-MUST-1L,Fortune Mustard Oil 1 L,4,187,249,245,0,0
TXN-20260806-SKU-OIL-1L,2026-08-06,SKU-OIL-1L,Sunpure Cooking Oil 1 L,6,126,391,385,0,0
TXN-20260806-SKU-PARLE-G,2026-08-06,SKU-PARLE-G,Parle-G Biscuit 250 g,10,25,605,595,0,0
TXN-20260806-SKU-RAJMA-1K,2026-08-06,SKU-RAJMA-1K,Rajma 1 kg,2,169,40,98,0,0
TXN-20260806-SKU-SALT-1K,2026-08-06,SKU-SALT-1K,Tata Salt 1 kg,13,27,547,534,0,0
TXN-20260806-SKU-SUG-1K,2026-08-06,SKU-SUG-1K,Sugar 1 kg,10,51,450,440,0,0
TXN-20260806-SKU-SUJI-500,2026-08-06,SKU-SUJI-500,Suji 500 g,1,30,30,59,0,0
TXN-20260806-SKU-SURF-1K,2026-08-06,SKU-SURF-1K,Surf Excel 1 kg,3,133,153,150,0,0
TXN-20260806-SKU-TEA-250,2026-08-06,SKU-TEA-250,Tata Tea Gold 250 g,4,169,189,185,0,0
TXN-20260806-SKU-WATER-1L,2026-08-06,SKU-WATER-1L,Bisleri Water 1 L,15,19,642,627,0,0
TXN-20260807-SKU-ATTA-5K,2026-08-07,SKU-ATTA-5K,Aashirvaad Atta 5 kg,4,221,204,200,0,0
TXN-20260807-SKU-BESAN-500,2026-08-07,SKU-BESAN-500,Besan 500 g,2,55,102,100,0,0
TXN-20260807-SKU-BREAD-400,2026-08-07,SKU-BREAD-400,Brown Bread 400 g,5,46,382,377,0,0
TXN-20260807-SKU-CHANA-1K,2026-08-07,SKU-CHANA-1K,Kabuli Chana 1 kg,1,161,100,99,0,0
TXN-20260807-SKU-COKE-750,2026-08-07,SKU-COKE-750,Coca-Cola 750 ml,8,48,343,335,0,0
TXN-20260807-SKU-DALIA-500,2026-08-07,SKU-DALIA-500,Dalia 500 g,1,32,51,50,0,0
TXN-20260807-SKU-DETTOL-250,2026-08-07,SKU-DETTOL-250,Dettol Liquid 250 ml,1,170,59,58,0,0
TXN-20260807-SKU-GHEE-1L,2026-08-07,SKU-GHEE-1L,Amul Ghee 1 L,1,777,60,59,0,0
TXN-20260807-SKU-HALDI-100,2026-08-07,SKU-HALDI-100,Turmeric Powder 100 g,0,32,66,66,0,0
TXN-20260807-SKU-HARPIC-500,2026-08-07,SKU-HARPIC-500,Harpic 500 ml,0,122,57,57,0,0
TXN-20260807-SKU-LAYS-52,2026-08-07,SKU-LAYS-52,Lays Classic 52 g,9,17,304,295,0,0
TXN-20260807-SKU-LIFEBUOY-4,2026-08-07,SKU-LIFEBUOY-4,Lifebuoy Soap 4 x 100 g,2,133,136,134,0,0
TXN-20260807-SKU-MAGGI-280,2026-08-07,SKU-MAGGI-280,Maggi Noodles 280 g,7,63,332,325,0,0
TXN-20260807-SKU-MAIDA-1K,2026-08-07,SKU-MAIDA-1K,Maida 1 kg,4,42,189,185,0,0
TXN-20260807-SKU-MOONG-1K,2026-08-07,SKU-MOONG-1K,Moong Dal 1 kg,4,127,159,155,0,0
TXN-20260807-SKU-MUST-1L,2026-08-07,SKU-MUST-1L,Fortune Mustard Oil 1 L,6,187,245,239,0,0
TXN-20260807-SKU-OIL-1L,2026-08-07,SKU-OIL-1L,Sunpure Cooking Oil 1 L,12,126,385,373,0,0
TXN-20260807-SKU-PARLE-G,2026-08-07,SKU-PARLE-G,Parle-G Biscuit 250 g,12,25,595,583,0,0
TXN-20260807-SKU-RAJMA-1K,2026-08-07,SKU-RAJMA-1K,Rajma 1 kg,2,169,98,96,0,0
TXN-20260807-SKU-SALT-1K,2026-08-07,SKU-SALT-1K,Tata Salt 1 kg,8,27,534,526,0,0
TXN-20260807-SKU-SUG-1K,2026-08-07,SKU-SUG-1K,Sugar 1 kg,7,51,440,433,0,0
TXN-20260807-SKU-SUJI-500,2026-08-07,SKU-SUJI-500,Suji 500 g,1,30,59,58,0,0
TXN-20260807-SKU-SURF-1K,2026-08-07,SKU-SURF-1K,Surf Excel 1 kg,3,133,150,147,0,0
TXN-20260807-SKU-TEA-250,2026-08-07,SKU-TEA-250,Tata Tea Gold 250 g,4,169,185,181,0,0
TXN-20260807-SKU-WATER-1L,2026-08-07,SKU-WATER-1L,Bisleri Water 1 L,13,19,627,614,0,0
TXN-20260808-SKU-ATTA-5K,2026-08-08,SKU-ATTA-5K,Aashirvaad Atta 5 kg,5,221,200,195,0,0
TXN-20260808-SKU-BESAN-500,2026-08-08,SKU-BESAN-500,Besan 500 g,2,55,100,98,0,0
TXN-20260808-SKU-BREAD-400,2026-08-08,SKU-BREAD-400,Brown Bread 400 g,5,46,377,372,0,0
TXN-20260808-SKU-CHANA-1K,2026-08-08,SKU-CHANA-1K,Kabuli Chana 1 kg,3,161,99,96,0,0
TXN-20260808-SKU-COKE-750,2026-08-08,SKU-COKE-750,Coca-Cola 750 ml,9,48,335,326,0,0
TXN-20260808-SKU-DALIA-500,2026-08-08,SKU-DALIA-500,Dalia 500 g,1,32,50,49,0,0
TXN-20260808-SKU-DETTOL-250,2026-08-08,SKU-DETTOL-250,Dettol Liquid 250 ml,1,170,58,57,0,0
TXN-20260808-SKU-GHEE-1L,2026-08-08,SKU-GHEE-1L,Amul Ghee 1 L,1,777,59,58,0,0
TXN-20260808-SKU-HALDI-100,2026-08-08,SKU-HALDI-100,Turmeric Powder 100 g,1,32,66,65,0,0
TXN-20260808-SKU-HARPIC-500,2026-08-08,SKU-HARPIC-500,Harpic 500 ml,0,122,57,57,0,0
TXN-20260808-SKU-LAYS-52,2026-08-08,SKU-LAYS-52,Lays Classic 52 g,7,17,295,288,0,0
TXN-20260808-SKU-LIFEBUOY-4,2026-08-08,SKU-LIFEBUOY-4,Lifebuoy Soap 4 x 100 g,4,133,134,130,0,0
TXN-20260808-SKU-MAGGI-280,2026-08-08,SKU-MAGGI-280,Maggi Noodles 280 g,9,63,325,316,0,0
TXN-20260808-SKU-MAIDA-1K,2026-08-08,SKU-MAIDA-1K,Maida 1 kg,5,42,185,180,0,0
TXN-20260808-SKU-MOONG-1K,2026-08-08,SKU-MOONG-1K,Moong Dal 1 kg,4,127,155,151,0,0
TXN-20260808-SKU-MUST-1L,2026-08-08,SKU-MUST-1L,Fortune Mustard Oil 1 L,4,187,239,235,0,0
TXN-20260808-SKU-OIL-1L,2026-08-08,SKU-OIL-1L,Sunpure Cooking Oil 1 L,10,126,373,363,0,0
TXN-20260808-SKU-PARLE-G,2026-08-08,SKU-PARLE-G,Parle-G Biscuit 250 g,12,25,583,571,0,0
TXN-20260808-SKU-RAJMA-1K,2026-08-08,SKU-RAJMA-1K,Rajma 1 kg,2,169,96,94,0,0
TXN-20260808-SKU-SALT-1K,2026-08-08,SKU-SALT-1K,Tata Salt 1 kg,17,27,526,509,0,0
TXN-20260808-SKU-SUG-1K,2026-08-08,SKU-SUG-1K,Sugar 1 kg,8,51,433,425,0,0
TXN-20260808-SKU-SUJI-500,2026-08-08,SKU-SUJI-500,Suji 500 g,0,30,58,58,0,0
TXN-20260808-SKU-SURF-1K,2026-08-08,SKU-SURF-1K,Surf Excel 1 kg,3,133,147,144,0,0
TXN-20260808-SKU-TEA-250,2026-08-08,SKU-TEA-250,Tata Tea Gold 250 g,3,169,181,178,0,0
TXN-20260808-SKU-WATER-1L,2026-08-08,SKU-WATER-1L,Bisleri Water 1 L,9,19,614,605,0,0
TXN-20260809-SKU-ATTA-5K,2026-08-09,SKU-ATTA-5K,Aashirvaad Atta 5 kg,4,221,195,191,0,0
TXN-20260809-SKU-BESAN-500,2026-08-09,SKU-BESAN-500,Besan 500 g,2,55,98,96,0,0
TXN-20260809-SKU-BREAD-400,2026-08-09,SKU-BREAD-400,Brown Bread 400 g,2,46,372,370,0,0
TXN-20260809-SKU-CHANA-1K,2026-08-09,SKU-CHANA-1K,Kabuli Chana 1 kg,2,161,96,94,0,0
TXN-20260809-SKU-COKE-750,2026-08-09,SKU-COKE-750,Coca-Cola 750 ml,9,48,326,317,0,0
TXN-20260809-SKU-DALIA-500,2026-08-09,SKU-DALIA-500,Dalia 500 g,1,32,49,48,0,0
TXN-20260809-SKU-DETTOL-250,2026-08-09,SKU-DETTOL-250,Dettol Liquid 250 ml,1,170,57,56,0,0
TXN-20260809-SKU-GHEE-1L,2026-08-09,SKU-GHEE-1L,Amul Ghee 1 L,1,777,58,57,0,0
TXN-20260809-SKU-HALDI-100,2026-08-09,SKU-HALDI-100,Turmeric Powder 100 g,0,32,65,65,0,0
TXN-20260809-SKU-HARPIC-500,2026-08-09,SKU-HARPIC-500,Harpic 500 ml,0,122,57,57,0,0
TXN-20260809-SKU-LAYS-52,2026-08-09,SKU-LAYS-52,Lays Classic 52 g,6,17,288,282,0,0
TXN-20260809-SKU-LIFEBUOY-4,2026-08-09,SKU-LIFEBUOY-4,Lifebuoy Soap 4 x 100 g,3,133,130,127,0,0
TXN-20260809-SKU-MAGGI-280,2026-08-09,SKU-MAGGI-280,Maggi Noodles 280 g,7,63,316,309,0,0
TXN-20260809-SKU-MAIDA-1K,2026-08-09,SKU-MAIDA-1K,Maida 1 kg,4,42,180,176,0,0
TXN-20260809-SKU-MOONG-1K,2026-08-09,SKU-MOONG-1K,Moong Dal 1 kg,3,127,151,148,0,0
TXN-20260809-SKU-MUST-1L,2026-08-09,SKU-MUST-1L,Fortune Mustard Oil 1 L,6,187,235,229,0,0
TXN-20260809-SKU-OIL-1L,2026-08-09,SKU-OIL-1L,Sunpure Cooking Oil 1 L,13,126,363,350,0,0
TXN-20260809-SKU-PARLE-G,2026-08-09,SKU-PARLE-G,Parle-G Biscuit 250 g,14,25,571,557,0,0
TXN-20260809-SKU-RAJMA-1K,2026-08-09,SKU-RAJMA-1K,Rajma 1 kg,2,169,94,92,0,0
TXN-20260809-SKU-SALT-1K,2026-08-09,SKU-SALT-1K,Tata Salt 1 kg,11,27,509,498,0,0
TXN-20260809-SKU-SUG-1K,2026-08-09,SKU-SUG-1K,Sugar 1 kg,9,51,425,416,0,0
TXN-20260809-SKU-SUJI-500,2026-08-09,SKU-SUJI-500,Suji 500 g,1,30,58,57,0,0
TXN-20260809-SKU-SURF-1K,2026-08-09,SKU-SURF-1K,Surf Excel 1 kg,3,133,144,141,0,0
TXN-20260809-SKU-TEA-250,2026-08-09,SKU-TEA-250,Tata Tea Gold 250 g,6,169,178,172,0,0
TXN-20260809-SKU-WATER-1L,2026-08-09,SKU-WATER-1L,Bisleri Water 1 L,13,19,605,592,0,0
TXN-20260810-SKU-ATTA-5K,2026-08-10,SKU-ATTA-5K,Aashirvaad Atta 5 kg,3,221,191,188,0,0
TXN-20260810-SKU-BESAN-500,2026-08-10,SKU-BESAN-500,Besan 500 g,2,55,96,94,0,0
TXN-20260810-SKU-BREAD-400,2026-08-10,SKU-BREAD-400,Brown Bread 400 g,3,46,370,367,0,0
TXN-20260810-SKU-CHANA-1K,2026-08-10,SKU-CHANA-1K,Kabuli Chana 1 kg,2,161,94,92,0,0
TXN-20260810-SKU-COKE-750,2026-08-10,SKU-COKE-750,Coca-Cola 750 ml,7,48,317,310,0,0
TXN-20260810-SKU-DALIA-500,2026-08-10,SKU-DALIA-500,Dalia 500 g,1,32,48,47,0,0
TXN-20260810-SKU-DETTOL-250,2026-08-10,SKU-DETTOL-250,Dettol Liquid 250 ml,0,170,56,56,0,0
TXN-20260810-SKU-GHEE-1L,2026-08-10,SKU-GHEE-1L,Amul Ghee 1 L,1,777,57,56,0,0
TXN-20260810-SKU-HALDI-100,2026-08-10,SKU-HALDI-100,Turmeric Powder 100 g,1,32,65,64,0,0
TXN-20260810-SKU-HARPIC-500,2026-08-10,SKU-HARPIC-500,Harpic 500 ml,1,122,57,56,0,0
TXN-20260810-SKU-LAYS-52,2026-08-10,SKU-LAYS-52,Lays Classic 52 g,7,17,282,275,0,0
TXN-20260810-SKU-LIFEBUOY-4,2026-08-10,SKU-LIFEBUOY-4,Lifebuoy Soap 4 x 100 g,3,133,127,124,0,0
TXN-20260810-SKU-MAGGI-280,2026-08-10,SKU-MAGGI-280,Maggi Noodles 280 g,6,63,309,303,0,0
TXN-20260810-SKU-MAIDA-1K,2026-08-10,SKU-MAIDA-1K,Maida 1 kg,5,42,176,171,0,0
TXN-20260810-SKU-MOONG-1K,2026-08-10,SKU-MOONG-1K,Moong Dal 1 kg,3,127,148,145,0,0
TXN-20260810-SKU-MUST-1L,2026-08-10,SKU-MUST-1L,Fortune Mustard Oil 1 L,4,187,229,225,0,0
TXN-20260810-SKU-OIL-1L,2026-08-10,SKU-OIL-1L,Sunpure Cooking Oil 1 L,7,126,350,343,0,0
TXN-20260810-SKU-PARLE-G,2026-08-10,SKU-PARLE-G,Parle-G Biscuit 250 g,13,25,557,544,0,0
TXN-20260810-SKU-RAJMA-1K,2026-08-10,SKU-RAJMA-1K,Rajma 1 kg,1,169,92,91,0,0
TXN-20260810-SKU-SALT-1K,2026-08-10,SKU-SALT-1K,Tata Salt 1 kg,11,27,498,487,0,0
TXN-20260810-SKU-SUG-1K,2026-08-10,SKU-SUG-1K,Sugar 1 kg,15,51,416,401,0,0
TXN-20260810-SKU-SUJI-500,2026-08-10,SKU-SUJI-500,Suji 500 g,1,30,57,56,0,0
TXN-20260810-SKU-SURF-1K,2026-08-10,SKU-SURF-1K,Surf Excel 1 kg,3,133,141,138,0,0
TXN-20260810-SKU-TEA-250,2026-08-10,SKU-TEA-250,Tata Tea Gold 250 g,2,169,172,170,0,0
TXN-20260810-SKU-WATER-1L,2026-08-10,SKU-WATER-1L,Bisleri Water 1 L,13,19,592,579,0,0
TXN-20260811-SKU-ATTA-5K,2026-08-11,SKU-ATTA-5K,Aashirvaad Atta 5 kg,0,221,188,188,0,0
TXN-20260811-SKU-BESAN-500,2026-08-11,SKU-BESAN-500,Besan 500 g,1,55,94,93,0,0
TXN-20260811-SKU-BREAD-400,2026-08-11,SKU-BREAD-400,Brown Bread 400 g,5,46,367,362,0,0
TXN-20260811-SKU-CHANA-1K,2026-08-11,SKU-CHANA-1K,Kabuli Chana 1 kg,1,161,92,91,0,0
TXN-20260811-SKU-COKE-750,2026-08-11,SKU-COKE-750,Coca-Cola 750 ml,7,48,310,303,0,0
TXN-20260811-SKU-DALIA-500,2026-08-11,SKU-DALIA-500,Dalia 500 g,0,32,47,47,0,0
TXN-20260811-SKU-DETTOL-250,2026-08-11,SKU-DETTOL-250,Dettol Liquid 250 ml,1,170,56,55,0,0
TXN-20260811-SKU-GHEE-1L,2026-08-11,SKU-GHEE-1L,Amul Ghee 1 L,2,777,56,54,0,0
TXN-20260811-SKU-HALDI-100,2026-08-11,SKU-HALDI-100,Turmeric Powder 100 g,0,32,64,64,0,0
TXN-20260811-SKU-HARPIC-500,2026-08-11,SKU-HARPIC-500,Harpic 500 ml,2,122,56,54,0,0
TXN-20260811-SKU-LAYS-52,2026-08-11,SKU-LAYS-52,Lays Classic 52 g,8,17,275,267,0,0
TXN-20260811-SKU-LIFEBUOY-4,2026-08-11,SKU-LIFEBUOY-4,Lifebuoy Soap 4 x 100 g,3,133,124,121,0,0
TXN-20260811-SKU-MAGGI-280,2026-08-11,SKU-MAGGI-280,Maggi Noodles 280 g,8,63,303,295,0,0
TXN-20260811-SKU-MAIDA-1K,2026-08-11,SKU-MAIDA-1K,Maida 1 kg,4,42,171,167,0,0
TXN-20260811-SKU-MOONG-1K,2026-08-11,SKU-MOONG-1K,Moong Dal 1 kg,4,127,145,141,0,0
TXN-20260811-SKU-MUST-1L,2026-08-11,SKU-MUST-1L,Fortune Mustard Oil 1 L,5,187,225,220,0,0
TXN-20260811-SKU-OIL-1L,2026-08-11,SKU-OIL-1L,Sunpure Cooking Oil 1 L,10,126,343,333,0,0
TXN-20260811-SKU-PARLE-G,2026-08-11,SKU-PARLE-G,Parle-G Biscuit 250 g,12,25,544,532,0,0
TXN-20260811-SKU-RAJMA-1K,2026-08-11,SKU-RAJMA-1K,Rajma 1 kg,2,169,91,89,0,0
TXN-20260811-SKU-SALT-1K,2026-08-11,SKU-SALT-1K,Tata Salt 1 kg,11,27,487,476,0,0
TXN-20260811-SKU-SUG-1K,2026-08-11,SKU-SUG-1K,Sugar 1 kg,7,51,401,394,0,0
TXN-20260811-SKU-SUJI-500,2026-08-11,SKU-SUJI-500,Suji 500 g,1,30,56,55,0,0
TXN-20260811-SKU-SURF-1K,2026-08-11,SKU-SURF-1K,Surf Excel 1 kg,1,133,138,137,0,0
TXN-20260811-SKU-TEA-250,2026-08-11,SKU-TEA-250,Tata Tea Gold 250 g,3,169,170,167,0,0
TXN-20260811-SKU-WATER-1L,2026-08-11,SKU-WATER-1L,Bisleri Water 1 L,13,19,579,566,0,0
TXN-20260812-SKU-ATTA-5K,2026-08-12,SKU-ATTA-5K,Aashirvaad Atta 5 kg,8,221,188,180,0,0
TXN-20260812-SKU-BESAN-500,2026-08-12,SKU-BESAN-500,Besan 500 g,2,55,93,91,0,0
TXN-20260812-SKU-BREAD-400,2026-08-12,SKU-BREAD-400,Brown Bread 400 g,4,46,362,358,0,0
TXN-20260812-SKU-CHANA-1K,2026-08-12,SKU-CHANA-1K,Kabuli Chana 1 kg,2,161,91,89,0,0
TXN-20260812-SKU-COKE-750,2026-08-12,SKU-COKE-750,Coca-Cola 750 ml,8,48,303,295,0,0
TXN-20260812-SKU-DALIA-500,2026-08-12,SKU-DALIA-500,Dalia 500 g,0,32,47,47,0,0
TXN-20260812-SKU-DETTOL-250,2026-08-12,SKU-DETTOL-250,Dettol Liquid 250 ml,0,170,55,55,0,0
TXN-20260812-SKU-GHEE-1L,2026-08-12,SKU-GHEE-1L,Amul Ghee 1 L,0,777,54,54,0,0
TXN-20260812-SKU-HALDI-100,2026-08-12,SKU-HALDI-100,Turmeric Powder 100 g,1,32,64,63,0,0
TXN-20260812-SKU-HARPIC-500,2026-08-12,SKU-HARPIC-500,Harpic 500 ml,2,122,54,52,0,0
TXN-20260812-SKU-LAYS-52,2026-08-12,SKU-LAYS-52,Lays Classic 52 g,8,17,267,259,0,0
TXN-20260812-SKU-LIFEBUOY-4,2026-08-12,SKU-LIFEBUOY-4,Lifebuoy Soap 4 x 100 g,3,133,121,118,0,0
TXN-20260812-SKU-MAGGI-280,2026-08-12,SKU-MAGGI-280,Maggi Noodles 280 g,7,63,295,288,0,0
TXN-20260812-SKU-MAIDA-1K,2026-08-12,SKU-MAIDA-1K,Maida 1 kg,4,42,167,163,0,0
TXN-20260812-SKU-MOONG-1K,2026-08-12,SKU-MOONG-1K,Moong Dal 1 kg,3,127,141,138,0,0
TXN-20260812-SKU-MUST-1L,2026-08-12,SKU-MUST-1L,Fortune Mustard Oil 1 L,5,187,220,215,0,0
TXN-20260812-SKU-OIL-1L,2026-08-12,SKU-OIL-1L,Sunpure Cooking Oil 1 L,8,126,333,325,0,0
TXN-20260812-SKU-PARLE-G,2026-08-12,SKU-PARLE-G,Parle-G Biscuit 250 g,16,25,532,516,0,0
TXN-20260812-SKU-RAJMA-1K,2026-08-12,SKU-RAJMA-1K,Rajma 1 kg,2,169,89,87,0,0
TXN-20260812-SKU-SALT-1K,2026-08-12,SKU-SALT-1K,Tata Salt 1 kg,10,27,476,466,0,0
TXN-20260812-SKU-SUG-1K,2026-08-12,SKU-SUG-1K,Sugar 1 kg,12,51,394,382,0,0
TXN-20260812-SKU-SUJI-500,2026-08-12,SKU-SUJI-500,Suji 500 g,1,30,55,54,0,0
TXN-20260812-SKU-SURF-1K,2026-08-12,SKU-SURF-1K,Surf Excel 1 kg,4,133,137,133,0,0
TXN-20260812-SKU-TEA-250,2026-08-12,SKU-TEA-250,Tata Tea Gold 250 g,5,169,167,162,0,0
TXN-20260812-SKU-WATER-1L,2026-08-12,SKU-WATER-1L,Bisleri Water 1 L,5,19,566,561,0,0
TXN-20260813-SKU-ATTA-5K,2026-08-13,SKU-ATTA-5K,Aashirvaad Atta 5 kg,4,221,180,176,0,0
TXN-20260813-SKU-BESAN-500,2026-08-13,SKU-BESAN-500,Besan 500 g,2,55,91,89,0,0
TXN-20260813-SKU-BREAD-400,2026-08-13,SKU-BREAD-400,Brown Bread 400 g,1,46,358,357,0,0
TXN-20260813-SKU-CHANA-1K,2026-08-13,SKU-CHANA-1K,Kabuli Chana 1 kg,2,161,89,87,0,0
TXN-20260813-SKU-COKE-750,2026-08-13,SKU-COKE-750,Coca-Cola 750 ml,5,48,295,290,0,0
TXN-20260813-SKU-DALIA-500,2026-08-13,SKU-DALIA-500,Dalia 500 g,1,32,47,46,0,0
TXN-20260813-SKU-DETTOL-250,2026-08-13,SKU-DETTOL-250,Dettol Liquid 250 ml,1,170,55,54,0,0
TXN-20260813-SKU-GHEE-1L,2026-08-13,SKU-GHEE-1L,Amul Ghee 1 L,1,777,54,53,0,0
TXN-20260813-SKU-HALDI-100,2026-08-13,SKU-HALDI-100,Turmeric Powder 100 g,1,32,63,62,0,0
TXN-20260813-SKU-HARPIC-500,2026-08-13,SKU-HARPIC-500,Harpic 500 ml,0,122,52,52,0,0
TXN-20260813-SKU-LAYS-52,2026-08-13,SKU-LAYS-52,Lays Classic 52 g,9,17,259,250,0,0
TXN-20260813-SKU-LIFEBUOY-4,2026-08-13,SKU-LIFEBUOY-4,Lifebuoy Soap 4 x 100 g,2,133,118,116,0,0
TXN-20260813-SKU-MAGGI-280,2026-08-13,SKU-MAGGI-280,Maggi Noodles 280 g,9,63,288,279,0,0
TXN-20260813-SKU-MAIDA-1K,2026-08-13,SKU-MAIDA-1K,Maida 1 kg,4,42,163,159,0,0
TXN-20260813-SKU-MOONG-1K,2026-08-13,SKU-MOONG-1K,Moong Dal 1 kg,3,127,138,135,0,0
TXN-20260813-SKU-MUST-1L,2026-08-13,SKU-MUST-1L,Fortune Mustard Oil 1 L,7,187,215,208,0,0
TXN-20260813-SKU-OIL-1L,2026-08-13,SKU-OIL-1L,Sunpure Cooking Oil 1 L,3,126,325,322,0,0
TXN-20260813-SKU-PARLE-G,2026-08-13,SKU-PARLE-G,Parle-G Biscuit 250 g,16,25,516,500,0,0
TXN-20260813-SKU-RAJMA-1K,2026-08-13,SKU-RAJMA-1K,Rajma 1 kg,2,169,87,85,0,0
TXN-20260813-SKU-SALT-1K,2026-08-13,SKU-SALT-1K,Tata Salt 1 kg,14,27,466,452,0,0
TXN-20260813-SKU-SUG-1K,2026-08-13,SKU-SUG-1K,Sugar 1 kg,8,51,382,374,0,0
TXN-20260813-SKU-SUJI-500,2026-08-13,SKU-SUJI-500,Suji 500 g,2,30,54,52,0,0
TXN-20260813-SKU-SURF-1K,2026-08-13,SKU-SURF-1K,Surf Excel 1 kg,4,133,133,129,0,0
TXN-20260813-SKU-TEA-250,2026-08-13,SKU-TEA-250,Tata Tea Gold 250 g,4,169,162,158,0,0
TXN-20260813-SKU-WATER-1L,2026-08-13,SKU-WATER-1L,Bisleri Water 1 L,10,19,561,551,0,0
TXN-20260814-SKU-ATTA-5K,2026-08-14,SKU-ATTA-5K,Aashirvaad Atta 5 kg,5,221,176,171,0,0
TXN-20260814-SKU-BESAN-500,2026-08-14,SKU-BESAN-500,Besan 500 g,1,55,89,88,0,0
TXN-20260814-SKU-BREAD-400,2026-08-14,SKU-BREAD-400,Brown Bread 400 g,4,46,357,353,0,0
TXN-20260814-SKU-CHANA-1K,2026-08-14,SKU-CHANA-1K,Kabuli Chana 1 kg,2,161,87,85,0,0
TXN-20260814-SKU-COKE-750,2026-08-14,SKU-COKE-750,Coca-Cola 750 ml,7,48,290,283,0,0
TXN-20260814-SKU-DALIA-500,2026-08-14,SKU-DALIA-500,Dalia 500 g,1,32,46,45,0,0
TXN-20260814-SKU-DETTOL-250,2026-08-14,SKU-DETTOL-250,Dettol Liquid 250 ml,1,170,54,53,0,0
TXN-20260814-SKU-GHEE-1L,2026-08-14,SKU-GHEE-1L,Amul Ghee 1 L,0,777,53,53,0,0
TXN-20260814-SKU-HALDI-100,2026-08-14,SKU-HALDI-100,Turmeric Powder 100 g,2,32,62,60,0,0
TXN-20260814-SKU-HARPIC-500,2026-08-14,SKU-HARPIC-500,Harpic 500 ml,1,122,52,51,0,0
TXN-20260814-SKU-LAYS-52,2026-08-14,SKU-LAYS-52,Lays Classic 52 g,6,17,250,244,0,0
TXN-20260814-SKU-LIFEBUOY-4,2026-08-14,SKU-LIFEBUOY-4,Lifebuoy Soap 4 x 100 g,3,133,116,113,0,0
TXN-20260814-SKU-MAGGI-280,2026-08-14,SKU-MAGGI-280,Maggi Noodles 280 g,8,63,279,271,0,0
TXN-20260814-SKU-MAIDA-1K,2026-08-14,SKU-MAIDA-1K,Maida 1 kg,5,42,159,154,0,0
TXN-20260814-SKU-MOONG-1K,2026-08-14,SKU-MOONG-1K,Moong Dal 1 kg,4,127,135,131,0,0
TXN-20260814-SKU-MUST-1L,2026-08-14,SKU-MUST-1L,Fortune Mustard Oil 1 L,7,187,208,201,0,0
TXN-20260814-SKU-OIL-1L,2026-08-14,SKU-OIL-1L,Sunpure Cooking Oil 1 L,2,126,322,320,0,0
TXN-20260814-SKU-PARLE-G,2026-08-14,SKU-PARLE-G,Parle-G Biscuit 250 g,14,25,500,486,0,0
TXN-20260814-SKU-RAJMA-1K,2026-08-14,SKU-RAJMA-1K,Rajma 1 kg,3,169,85,82,0,0
TXN-20260814-SKU-SALT-1K,2026-08-14,SKU-SALT-1K,Tata Salt 1 kg,13,27,452,439,0,0
TXN-20260814-SKU-SUG-1K,2026-08-14,SKU-SUG-1K,Sugar 1 kg,9,51,374,365,0,0
TXN-20260814-SKU-SUJI-500,2026-08-14,SKU-SUJI-500,Suji 500 g,1,30,52,51,0,0
TXN-20260814-SKU-SURF-1K,2026-08-14,SKU-SURF-1K,Surf Excel 1 kg,3,133,129,126,0,0
TXN-20260814-SKU-TEA-250,2026-08-14,SKU-TEA-250,Tata Tea Gold 250 g,5,169,158,153,0,0
TXN-20260814-SKU-WATER-1L,2026-08-14,SKU-WATER-1L,Bisleri Water 1 L,21,19,551,530,0,0
TXN-20260815-SKU-ATTA-5K,2026-08-15,SKU-ATTA-5K,Aashirvaad Atta 5 kg,5,221,171,166,0,0
TXN-20260815-SKU-BESAN-500,2026-08-15,SKU-BESAN-500,Besan 500 g,2,55,88,86,0,0
TXN-20260815-SKU-BREAD-400,2026-08-15,SKU-BREAD-400,Brown Bread 400 g,3,46,353,350,0,0
TXN-20260815-SKU-CHANA-1K,2026-08-15,SKU-CHANA-1K,Kabuli Chana 1 kg,3,161,85,82,0,0
TXN-20260815-SKU-COKE-750,2026-08-15,SKU-COKE-750,Coca-Cola 750 ml,8,48,283,275,0,0
TXN-20260815-SKU-DALIA-500,2026-08-15,SKU-DALIA-500,Dalia 500 g,2,32,45,43,0,0
TXN-20260815-SKU-DETTOL-250,2026-08-15,SKU-DETTOL-250,Dettol Liquid 250 ml,0,170,53,53,0,0
TXN-20260815-SKU-GHEE-1L,2026-08-15,SKU-GHEE-1L,Amul Ghee 1 L,1,777,53,52,0,0
TXN-20260815-SKU-HALDI-100,2026-08-15,SKU-HALDI-100,Turmeric Powder 100 g,2,32,60,58,0,0
TXN-20260815-SKU-HARPIC-500,2026-08-15,SKU-HARPIC-500,Harpic 500 ml,0,122,51,51,0,0
TXN-20260815-SKU-LAYS-52,2026-08-15,SKU-LAYS-52,Lays Classic 52 g,5,17,244,239,0,0
TXN-20260815-SKU-LIFEBUOY-4,2026-08-15,SKU-LIFEBUOY-4,Lifebuoy Soap 4 x 100 g,2,133,113,111,0,0
TXN-20260815-SKU-MAGGI-280,2026-08-15,SKU-MAGGI-280,Maggi Noodles 280 g,8,63,271,263,0,0
TXN-20260815-SKU-MAIDA-1K,2026-08-15,SKU-MAIDA-1K,Maida 1 kg,3,42,154,151,0,0
TXN-20260815-SKU-MOONG-1K,2026-08-15,SKU-MOONG-1K,Moong Dal 1 kg,4,127,131,127,0,0
TXN-20260815-SKU-MUST-1L,2026-08-15,SKU-MUST-1L,Fortune Mustard Oil 1 L,7,187,201,194,0,0
TXN-20260815-SKU-OIL-1L,2026-08-15,SKU-OIL-1L,Sunpure Cooking Oil 1 L,10,126,320,310,0,0
TXN-20260815-SKU-PARLE-G,2026-08-15,SKU-PARLE-G,Parle-G Biscuit 250 g,9,25,486,477,0,0
TXN-20260815-SKU-RAJMA-1K,2026-08-15,SKU-RAJMA-1K,Rajma 1 kg,2,169,82,80,0,0
TXN-20260815-SKU-SALT-1K,2026-08-15,SKU-SALT-1K,Tata Salt 1 kg,11,27,439,428,0,0
TXN-20260815-SKU-SUG-1K,2026-08-15,SKU-SUG-1K,Sugar 1 kg,9,51,365,356,0,0
TXN-20260815-SKU-SUJI-500,2026-08-15,SKU-SUJI-500,Suji 500 g,2,30,51,49,0,0
TXN-20260815-SKU-SURF-1K,2026-08-15,SKU-SURF-1K,Surf Excel 1 kg,6,133,126,120,0,0
TXN-20260815-SKU-TEA-250,2026-08-15,SKU-TEA-250,Tata Tea Gold 250 g,4,169,153,149,0,0
TXN-20260815-SKU-WATER-1L,2026-08-15,SKU-WATER-1L,Bisleri Water 1 L,23,19,530,507,0,0
TXN-20260816-SKU-ATTA-5K,2026-08-16,SKU-ATTA-5K,Aashirvaad Atta 5 kg,6,221,166,160,0,0
TXN-20260816-SKU-BESAN-500,2026-08-16,SKU-BESAN-500,Besan 500 g,3,55,86,83,0,0
TXN-20260816-SKU-BREAD-400,2026-08-16,SKU-BREAD-400,Brown Bread 400 g,3,46,350,347,0,0
TXN-20260816-SKU-CHANA-1K,2026-08-16,SKU-CHANA-1K,Kabuli Chana 1 kg,1,161,82,81,0,0
TXN-20260816-SKU-COKE-750,2026-08-16,SKU-COKE-750,Coca-Cola 750 ml,6,48,275,269,0,0
TXN-20260816-SKU-DALIA-500,2026-08-16,SKU-DALIA-500,Dalia 500 g,1,32,43,42,0,0
TXN-20260816-SKU-DETTOL-250,2026-08-16,SKU-DETTOL-250,Dettol Liquid 250 ml,2,170,53,51,0,0
TXN-20260816-SKU-GHEE-1L,2026-08-16,SKU-GHEE-1L,Amul Ghee 1 L,1,777,52,51,0,0
TXN-20260816-SKU-HALDI-100,2026-08-16,SKU-HALDI-100,Turmeric Powder 100 g,2,32,58,56,0,0
TXN-20260816-SKU-HARPIC-500,2026-08-16,SKU-HARPIC-500,Harpic 500 ml,2,122,51,49,0,0
TXN-20260816-SKU-LAYS-52,2026-08-16,SKU-LAYS-52,Lays Classic 52 g,7,17,239,232,0,0
TXN-20260816-SKU-LIFEBUOY-4,2026-08-16,SKU-LIFEBUOY-4,Lifebuoy Soap 4 x 100 g,1,133,111,110,0,0
TXN-20260816-SKU-MAGGI-280,2026-08-16,SKU-MAGGI-280,Maggi Noodles 280 g,9,63,263,254,0,0
TXN-20260816-SKU-MAIDA-1K,2026-08-16,SKU-MAIDA-1K,Maida 1 kg,4,42,151,147,0,0
TXN-20260816-SKU-MOONG-1K,2026-08-16,SKU-MOONG-1K,Moong Dal 1 kg,5,127,127,122,0,0
TXN-20260816-SKU-MUST-1L,2026-08-16,SKU-MUST-1L,Fortune Mustard Oil 1 L,6,187,194,188,0,0
TXN-20260816-SKU-OIL-1L,2026-08-16,SKU-OIL-1L,Sunpure Cooking Oil 1 L,9,126,310,301,0,0
TXN-20260816-SKU-PARLE-G,2026-08-16,SKU-PARLE-G,Parle-G Biscuit 250 g,11,25,477,466,0,0
TXN-20260816-SKU-RAJMA-1K,2026-08-16,SKU-RAJMA-1K,Rajma 1 kg,3,169,80,77,0,0
TXN-20260816-SKU-SALT-1K,2026-08-16,SKU-SALT-1K,Tata Salt 1 kg,11,27,428,417,0,0
TXN-20260816-SKU-SUG-1K,2026-08-16,SKU-SUG-1K,Sugar 1 kg,9,51,356,347,0,0
TXN-20260816-SKU-SUJI-500,2026-08-16,SKU-SUJI-500,Suji 500 g,0,30,49,49,0,0
TXN-20260816-SKU-SURF-1K,2026-08-16,SKU-SURF-1K,Surf Excel 1 kg,2,133,120,118,0,0
TXN-20260816-SKU-TEA-250,2026-08-16,SKU-TEA-250,Tata Tea Gold 250 g,3,169,149,146,0,0
TXN-20260816-SKU-WATER-1L,2026-08-16,SKU-WATER-1L,Bisleri Water 1 L,12,19,507,495,0,0
TXN-20260817-SKU-ATTA-5K,2026-08-17,SKU-ATTA-5K,Aashirvaad Atta 5 kg,5,221,160,155,0,0
TXN-20260817-SKU-BESAN-500,2026-08-17,SKU-BESAN-500,Besan 500 g,3,55,83,80,0,0
TXN-20260817-SKU-BREAD-400,2026-08-17,SKU-BREAD-400,Brown Bread 400 g,5,46,347,342,0,0
TXN-20260817-SKU-CHANA-1K,2026-08-17,SKU-CHANA-1K,Kabuli Chana 1 kg,1,161,81,80,0,0
TXN-20260817-SKU-COKE-750,2026-08-17,SKU-COKE-750,Coca-Cola 750 ml,7,48,269,262,0,0
TXN-20260817-SKU-DALIA-500,2026-08-17,SKU-DALIA-500,Dalia 500 g,1,32,42,41,0,0
TXN-20260817-SKU-DETTOL-250,2026-08-17,SKU-DETTOL-250,Dettol Liquid 250 ml,2,170,51,49,0,0
TXN-20260817-SKU-GHEE-1L,2026-08-17,SKU-GHEE-1L,Amul Ghee 1 L,1,777,51,50,0,0
TXN-20260817-SKU-HALDI-100,2026-08-17,SKU-HALDI-100,Turmeric Powder 100 g,0,32,56,56,0,0
TXN-20260817-SKU-HARPIC-500,2026-08-17,SKU-HARPIC-500,Harpic 500 ml,0,122,49,49,0,0
TXN-20260817-SKU-LAYS-52,2026-08-17,SKU-LAYS-52,Lays Classic 52 g,7,17,232,225,0,0
TXN-20260817-SKU-LIFEBUOY-4,2026-08-17,SKU-LIFEBUOY-4,Lifebuoy Soap 4 x 100 g,3,133,110,107,0,0
TXN-20260817-SKU-MAGGI-280,2026-08-17,SKU-MAGGI-280,Maggi Noodles 280 g,2,63,254,252,0,0
TXN-20260817-SKU-MAIDA-1K,2026-08-17,SKU-MAIDA-1K,Maida 1 kg,4,42,147,143,0,0
TXN-20260817-SKU-MOONG-1K,2026-08-17,SKU-MOONG-1K,Moong Dal 1 kg,3,127,122,119,0,0
TXN-20260817-SKU-MUST-1L,2026-08-17,SKU-MUST-1L,Fortune Mustard Oil 1 L,5,187,188,183,0,0
TXN-20260817-SKU-OIL-1L,2026-08-17,SKU-OIL-1L,Sunpure Cooking Oil 1 L,8,126,301,293,0,0
TXN-20260817-SKU-PARLE-G,2026-08-17,SKU-PARLE-G,Parle-G Biscuit 250 g,15,25,466,451,0,0
TXN-20260817-SKU-RAJMA-1K,2026-08-17,SKU-RAJMA-1K,Rajma 1 kg,2,169,77,75,0,0
TXN-20260817-SKU-SALT-1K,2026-08-17,SKU-SALT-1K,Tata Salt 1 kg,12,27,417,405,0,0
TXN-20260817-SKU-SUG-1K,2026-08-17,SKU-SUG-1K,Sugar 1 kg,10,51,347,337,0,0
TXN-20260817-SKU-SUJI-500,2026-08-17,SKU-SUJI-500,Suji 500 g,0,30,49,49,0,0
TXN-20260817-SKU-SURF-1K,2026-08-17,SKU-SURF-1K,Surf Excel 1 kg,3,133,118,115,0,0
TXN-20260817-SKU-TEA-250,2026-08-17,SKU-TEA-250,Tata Tea Gold 250 g,6,169,146,140,0,0
TXN-20260817-SKU-WATER-1L,2026-08-17,SKU-WATER-1L,Bisleri Water 1 L,8,19,495,487,0,0
TXN-20260818-SKU-ATTA-5K,2026-08-18,SKU-ATTA-5K,Aashirvaad Atta 5 kg,2,221,155,153,0,0
TXN-20260818-SKU-BESAN-500,2026-08-18,SKU-BESAN-500,Besan 500 g,2,55,80,78,0,0
TXN-20260818-SKU-BREAD-400,2026-08-18,SKU-BREAD-400,Brown Bread 400 g,0,46,342,342,0,0
TXN-20260818-SKU-CHANA-1K,2026-08-18,SKU-CHANA-1K,Kabuli Chana 1 kg,3,161,80,77,0,0
TXN-20260818-SKU-COKE-750,2026-08-18,SKU-COKE-750,Coca-Cola 750 ml,9,48,262,253,0,0
TXN-20260818-SKU-DALIA-500,2026-08-18,SKU-DALIA-500,Dalia 500 g,2,32,41,39,0,0
TXN-20260818-SKU-DETTOL-250,2026-08-18,SKU-DETTOL-250,Dettol Liquid 250 ml,0,170,49,49,0,0
TXN-20260818-SKU-GHEE-1L,2026-08-18,SKU-GHEE-1L,Amul Ghee 1 L,1,777,50,49,0,0
TXN-20260818-SKU-HALDI-100,2026-08-18,SKU-HALDI-100,Turmeric Powder 100 g,0,32,56,56,0,0
TXN-20260818-SKU-HARPIC-500,2026-08-18,SKU-HARPIC-500,Harpic 500 ml,2,122,49,47,0,0
TXN-20260818-SKU-LAYS-52,2026-08-18,SKU-LAYS-52,Lays Classic 52 g,7,17,225,218,0,0
TXN-20260818-SKU-LIFEBUOY-4,2026-08-18,SKU-LIFEBUOY-4,Lifebuoy Soap 4 x 100 g,3,133,107,104,0,0
TXN-20260818-SKU-MAGGI-280,2026-08-18,SKU-MAGGI-280,Maggi Noodles 280 g,8,63,252,244,0,0
TXN-20260818-SKU-MAIDA-1K,2026-08-18,SKU-MAIDA-1K,Maida 1 kg,3,42,143,140,0,0
TXN-20260818-SKU-MOONG-1K,2026-08-18,SKU-MOONG-1K,Moong Dal 1 kg,4,127,119,115,0,0
TXN-20260818-SKU-MUST-1L,2026-08-18,SKU-MUST-1L,Fortune Mustard Oil 1 L,6,187,183,177,0,0
TXN-20260818-SKU-OIL-1L,2026-08-18,SKU-OIL-1L,Sunpure Cooking Oil 1 L,11,126,293,282,0,0
TXN-20260818-SKU-PARLE-G,2026-08-18,SKU-PARLE-G,Parle-G Biscuit 250 g,16,25,451,435,0,0
TXN-20260818-SKU-RAJMA-1K,2026-08-18,SKU-RAJMA-1K,Rajma 1 kg,2,169,75,73,0,0
TXN-20260818-SKU-SALT-1K,2026-08-18,SKU-SALT-1K,Tata Salt 1 kg,11,27,405,394,0,0
TXN-20260818-SKU-SUG-1K,2026-08-18,SKU-SUG-1K,Sugar 1 kg,9,51,337,328,0,0
TXN-20260818-SKU-SUJI-500,2026-08-18,SKU-SUJI-500,Suji 500 g,1,30,49,48,0,0
TXN-20260818-SKU-SURF-1K,2026-08-18,SKU-SURF-1K,Surf Excel 1 kg,2,133,115,113,0,0
TXN-20260818-SKU-TEA-250,2026-08-18,SKU-TEA-250,Tata Tea Gold 250 g,3,169,140,137,0,0
TXN-20260818-SKU-WATER-1L,2026-08-18,SKU-WATER-1L,Bisleri Water 1 L,10,19,487,477,0,0
